sample,scan_969,scan_1030,x_mm,y_mm,pl_value_969,laser_value_969,normalized_value_969,pl_value_1030,laser_value_1030,normalized_value_1030,ratio_969_1030,relative_ratio
YbYag10,Yb_Yag10_2026-09-22_13-49-32,Yb_Yag10_2026-09-22_15-18-40,16.2,14.4,0.00023389,0.1475,0.00158569491525,0.00119794,0.14795,0.0080969246367,0.195839159483,0.945946886379
YbYag10,Yb_Yag10_2026-09-22_13-49-32,Yb_Yag10_2026-09-22_15-18-40,16.3,14.4,0.000254782,0.1473,0.00172968092329,0.00131429,0.1479,0.00888634212306,0.194644871797,0.940178210079
YbYag10,Yb_Yag10_2026-09-22_13-49-32,Yb_Yag10_2026-09-22_15-18-40,16.4,14.4,0.000314476,0.1474,0.00213348710991,0.00157142,0.14785,0.0106284748055,0.200733138945,0.969585900387
YbYag10,Yb_Yag10_2026-09-22_13-49-32,Yb_Yag10_2026-09-22_15-18-40,16.5,14.4,0.000324013,0.14725,0.0022004278438,0.00160552,0.14745,0.0108885723974,0.202085981843,0.976120433778
YbYag10,Yb_Yag10_2026-09-22_13-49-32,Yb_Yag10_2026-09-22_15-18-40,16.6,14.4,0.000327321,0.1473,0.00222213849287,0.00160456,0.14735,0.0108894468951,0.204063485894,0.985672220072
YbYag10,Yb_Yag10_2026-09-22_13-49-32,Yb_Yag10_2026-09-22_15-18-40,16.7,14.4,0.000314506,0.1474,0.00213369063772,0.00156022,0.1473,0.0105921249151,0.201441226838,0.973006123079
YbYag10,Yb_Yag10_2026-09-22_13-49-32,Yb_Yag10_2026-09-22_15-18-40,16.8,14.4,0.000281962,0.1473,0.00191420230821,0.00139297,0.14695,0.00947921061586,0.201936889661,0.975400285235
YbYag10,Yb_Yag10_2026-09-22_13-49-32,Yb_Yag10_2026-09-22_15-18-40,16.9,14.4,0.000238807,0.1473,0.00162122878479,0.00120402,0.1469,0.00819618788291,0.19780278441,0.955431633407
YbYag10,Yb_Yag10_2026-09-22_13-49-32,Yb_Yag10_2026-09-22_15-18-40,17,14.4,0.000199527,0.14725,0.00135502207131,0.00108243,0.1468,0.0073735013624,0.183769149107,0.887646040094
YbYag10,Yb_Yag10_2026-09-22_13-49-32,Yb_Yag10_2026-09-22_15-18-40,15.9,14.5,0.000209928,0.1472,0.00142614130435,0.00111223,0.1485,0.00748976430976,0.190412040402,0.919732688919
YbYag10,Yb_Yag10_2026-09-22_13-49-32,Yb_Yag10_2026-09-22_15-18-40,16,14.5,0.000264199,0.1472,0.00179483016304,0.00135422,0.1488,0.00910094086022,0.197213693684,0.952586193607
YbYag10,Yb_Yag10_2026-09-22_13-49-32,Yb_Yag10_2026-09-22_15-18-40,16.1,14.5,0.000327917,0.1473,0.00222618465716,0.00163437,0.14865,0.010994752775,0.202477009053,0.978009182548
YbYag10,Yb_Yag10_2026-09-22_13-49-32,Yb_Yag10_2026-09-22_15-18-40,16.2,14.5,0.000346901,0.1472,0.00235666440217,0.00172807,0.1488,0.0116133736559,0.202926769774,0.980181627297
YbYag10,Yb_Yag10_2026-09-22_13-49-32,Yb_Yag10_2026-09-22_15-18-40,16.3,14.5,0.00035903,0.14715,0.00243989126741,0.00174571,0.1488,0.011731922043,0.207970293228,1.00454297219
YbYag10,Yb_Yag10_2026-09-22_13-49-32,Yb_Yag10_2026-09-22_15-18-40,16.4,14.5,0.000361266,0.1471,0.00245592114208,0.00174738,0.1486,0.0117589502019,0.208855476034,1.00881860287
YbYag10,Yb_Yag10_2026-09-22_13-49-32,Yb_Yag10_2026-09-22_15-18-40,16.5,14.5,0.000357093,0.1471,0.00242755268525,0.00174285,0.1483,0.0117521915037,0.206561702512,0.997739164383
YbYag10,Yb_Yag10_2026-09-22_13-49-32,Yb_Yag10_2026-09-22_15-18-40,16.6,14.5,0.000357242,0.1468,0.00243352861035,0.00174332,0.14795,0.0117831699899,0.20652580014,0.997565747907
YbYag10,Yb_Yag10_2026-09-22_13-49-32,Yb_Yag10_2026-09-22_15-18-40,16.7,14.5,0.000363978,0.147,0.00247604081633,0.00172056,0.1478,0.0116411366712,0.212697512817,1.02737649876
YbYag10,Yb_Yag10_2026-09-22_13-49-32,Yb_Yag10_2026-09-22_15-18-40,16.8,14.5,0.000347169,0.14695,0.00236249744811,0.00167621,0.1476,0.0113564363144,0.208031585147,1.00483902585
YbYag10,Yb_Yag10_2026-09-22_13-49-32,Yb_Yag10_2026-09-22_15-18-40,16.9,14.5,0.000341238,0.147,0.00232134693878,0.00163568,0.14735,0.0111006447234,0.209118208593,1.01008765982
YbYag10,Yb_Yag10_2026-09-22_13-49-32,Yb_Yag10_2026-09-22_15-18-40,17,14.5,0.000321092,0.14695,0.00218504253147,0.00157059,0.14715,0.0106733944954,0.204718614346,0.988836636839
YbYag10,Yb_Yag10_2026-09-22_13-49-32,Yb_Yag10_2026-09-22_15-18-40,17.1,14.5,0.000304194,0.14685,0.00207146067416,0.00150073,0.1471,0.0102021074099,0.203042429464,0.980740289436
YbYag10,Yb_Yag10_2026-09-22_13-49-32,Yb_Yag10_2026-09-22_15-18-40,17.2,14.5,0.000260415,0.1471,0.00177032630863,0.00133348,0.14695,0.00907437904049,0.195090628321,0.942331313659
YbYag10,Yb_Yag10_2026-09-22_13-49-32,Yb_Yag10_2026-09-22_15-18-40,17.3,14.5,0.000225962,0.1469,0.00153820285909,0.0011679,0.1471,0.00793949694086,0.193740594719,0.935810349794
YbYag10,Yb_Yag10_2026-09-22_13-49-32,Yb_Yag10_2026-09-22_15-18-40,15.7,14.6,0.00021875,0.1475,0.00148305084746,0.0011654,0.1485,0.00784781144781,0.188976360776,0.912798035626
YbYag10,Yb_Yag10_2026-09-22_13-49-32,Yb_Yag10_2026-09-22_15-18-40,15.8,14.6,0.000264378,0.14735,0.00179421784866,0.00141288,0.1486,0.00950794078062,0.188707301619,0.911498419796
YbYag10,Yb_Yag10_2026-09-22_13-49-32,Yb_Yag10_2026-09-22_15-18-40,15.9,14.6,0.000328125,0.1474,0.00222608548168,0.00166739,0.14875,0.0112093445378,0.198591940338,0.959243432818
YbYag10,Yb_Yag10_2026-09-22_13-49-32,Yb_Yag10_2026-09-22_15-18-40,16,14.6,0.000342431,0.1474,0.00232314111262,0.0017258,0.1489,0.0115903290799,0.200437890642,0.968159785129
YbYag10,Yb_Yag10_2026-09-22_13-49-32,Yb_Yag10_2026-09-22_15-18-40,16.1,14.6,0.000352086,0.14745,0.00238783316378,0.00175977,0.14905,0.0118065749748,0.20224605094,0.976893603271
YbYag10,Yb_Yag10_2026-09-22_13-49-32,Yb_Yag10_2026-09-22_15-18-40,16.2,14.6,0.000359507,0.1474,0.00243898914518,0.00176216,0.1491,0.0118186452046,0.206367912985,0.996803117679
YbYag10,Yb_Yag10_2026-09-22_13-49-32,Yb_Yag10_2026-09-22_15-18-40,16.3,14.6,0.000360074,0.14745,0.00244200746016,0.00176073,0.14915,0.0118050955414,0.20686045713,0.999182215925
YbYag10,Yb_Yag10_2026-09-22_13-49-32,Yb_Yag10_2026-09-22_15-18-40,16.4,14.6,0.00035459,0.14735,0.00240644723448,0.00175119,0.1489,0.0117608462055,0.204615143539,0.988336849727
YbYag10,Yb_Yag10_2026-09-22_13-49-32,Yb_Yag10_2026-09-22_15-18-40,16.5,14.6,0.000356974,0.14725,0.00242427164686,0.00175834,0.1488,0.0118168010753,0.205154646457,0.990942769335
YbYag10,Yb_Yag10_2026-09-22_13-49-32,Yb_Yag10_2026-09-22_15-18-40,16.6,14.6,0.000358524,0.14725,0.00243479796265,0.00178195,0.1487,0.0119835238736,0.203178796849,0.981398974366
YbYag10,Yb_Yag10_2026-09-22_13-49-32,Yb_Yag10_2026-09-22_15-18-40,16.7,14.6,0.000365498,0.1472,0.00248300271739,0.00175596,0.14825,0.0118445868465,0.209631855426,1.01256868876
YbYag10,Yb_Yag10_2026-09-22_13-49-32,Yb_Yag10_2026-09-22_15-18-40,16.8,14.6,0.000364335,0.14715,0.00247594291539,0.00175405,0.14805,0.0118476865924,0.208981128601,1.00942553284
YbYag10,Yb_Yag10_2026-09-22_13-49-32,Yb_Yag10_2026-09-22_15-18-40,16.9,14.6,0.000360372,0.14705,0.0024506766406,0.00174952,0.1478,0.0118370771313,0.207033933581,1.00002014593
YbYag10,Yb_Yag10_2026-09-22_13-49-32,Yb_Yag10_2026-09-22_15-18-40,17,14.6,0.000356527,0.1471,0.00242370496261,0.00171948,0.1475,0.0116574915254,0.207909648257,1.00425004343
YbYag10,Yb_Yag10_2026-09-22_13-49-32,Yb_Yag10_2026-09-22_15-18-40,17.1,14.6,0.000361564,0.14715,0.00245711179069,0.00170947,0.1473,0.0116053632043,0.211722093263,1.02266500443
YbYag10,Yb_Yag10_2026-09-22_13-49-32,Yb_Yag10_2026-09-22_15-18-40,17.2,14.6,0.00034252,0.14715,0.00232769283045,0.00166703,0.1472,0.0113249320652,0.205537023714,0.992789736901
YbYag10,Yb_Yag10_2026-09-22_13-49-32,Yb_Yag10_2026-09-22_15-18-40,17.3,14.6,0.000323566,0.1469,0.00220262763785,0.00161243,0.1471,0.0109614547927,0.200943002503,0.97059958825
YbYag10,Yb_Yag10_2026-09-22_13-49-32,Yb_Yag10_2026-09-22_15-18-40,17.4,14.6,0.00027776,0.147,0.00188952380952,0.00139738,0.1469,0.00951245745405,0.198636768537,0.959459963033
YbYag10,Yb_Yag10_2026-09-22_13-49-32,Yb_Yag10_2026-09-22_15-18-40,17.5,14.6,0.000232668,0.147,0.0015827755102,0.0011797,0.147,0.00802517006803,0.197226413494,0.952647633134
YbYag10,Yb_Yag10_2026-09-22_13-49-32,Yb_Yag10_2026-09-22_15-18-40,15.6,14.7,0.000257613,0.14785,0.00174239431857,0.00132657,0.14835,0.00894216380182,0.194851532267,0.941176426312
YbYag10,Yb_Yag10_2026-09-22_13-49-32,Yb_Yag10_2026-09-22_15-18-40,15.7,14.7,0.00032592,0.1479,0.00220365111562,0.00164176,0.14865,0.0110444668685,0.19952534983,0.963752009165
YbYag10,Yb_Yag10_2026-09-22_13-49-32,Yb_Yag10_2026-09-22_15-18-40,15.8,14.7,0.000344994,0.14785,0.00233340547853,0.00170542,0.1487,0.0114688634835,0.203455685203,0.982736406964
YbYag10,Yb_Yag10_2026-09-22_13-49-32,Yb_Yag10_2026-09-22_15-18-40,15.9,14.7,0.000352295,0.14785,0.00238278660805,0.0017295,0.1488,0.011622983871,0.205006445375,0.990226925005
YbYag10,Yb_Yag10_2026-09-22_13-49-32,Yb_Yag10_2026-09-22_15-18-40,16,14.7,0.000350537,0.1478,0.00237169824087,0.00175119,0.14895,0.011756898288,0.201728226508,0.974392395593
YbYag10,Yb_Yag10_2026-09-22_13-49-32,Yb_Yag10_2026-09-22_15-18-40,16.1,14.7,0.000349285,0.1478,0.00236322733424,0.00174928,0.14895,0.011744075193,0.201227197153,0.97197231189
YbYag10,Yb_Yag10_2026-09-22_13-49-32,Yb_Yag10_2026-09-22_15-18-40,16.2,14.7,0.000359477,0.14785,0.00243136286777,0.0017438,0.14885,0.0117151494793,0.207540063579,1.00246486688
YbYag10,Yb_Yag10_2026-09-22_13-49-32,Yb_Yag10_2026-09-22_15-18-40,16.3,14.7,0.000361683,0.14775,0.00244793908629,0.00175,0.14895,0.0117489090299,0.208354586801,1.00639919599
YbYag10,Yb_Yag10_2026-09-22_13-49-32,Yb_Yag10_2026-09-22_15-18-40,16.4,14.7,0.000362845,0.1477,0.00245663507109,0.00175143,0.1491,0.0117466800805,0.209134415363,1.01016594214
YbYag10,Yb_Yag10_2026-09-22_13-49-32,Yb_Yag10_2026-09-22_15-18-40,16.5,14.7,0.000358524,0.1478,0.00242573748309,0.00175501,0.1492,0.0117628016086,0.206221065678,0.996093812387
YbYag10,Yb_Yag10_2026-09-22_13-49-32,Yb_Yag10_2026-09-22_15-18-40,16.6,14.7,0.000363501,0.1478,0.00245941136671,0.00175501,0.1489,0.0117865010074,0.208663399355,1.00789082961
YbYag10,Yb_Yag10_2026-09-22_13-49-32,Yb_Yag10_2026-09-22_15-18-40,16.7,14.7,0.000361891,0.1474,0.00245516282225,0.00176311,0.1488,0.0118488575269,0.207206713109,1.00085470965
YbYag10,Yb_Yag10_2026-09-22_13-49-32,Yb_Yag10_2026-09-22_15-18-40,16.8,14.7,0.000370415,0.1475,0.00251128813559,0.00174857,0.1485,0.0117748821549,0.21327501223,1.03016594992
YbYag10,Yb_Yag10_2026-09-22_13-49-32,Yb_Yag10_2026-09-22_15-18-40,16.9,14.7,0.000365855,0.1477,0.00247701421801,0.00176097,0.1482,0.011882388664,0.208460965893,1.00691303077
YbYag10,Yb_Yag10_2026-09-22_13-49-32,Yb_Yag10_2026-09-22_15-18-40,17,14.7,0.000366362,0.1473,0.0024871826205,0.00175787,0.148,0.0118775,0.2094028727,1.01146265105
YbYag10,Yb_Yag10_2026-09-22_13-49-32,Yb_Yag10_2026-09-22_15-18-40,17.1,14.7,0.000365587,0.1472,0.00248360733696,0.00174857,0.1477,0.0118386594448,0.209787885912,1.01332235086
YbYag10,Yb_Yag10_2026-09-22_13-49-32,Yb_Yag10_2026-09-22_15-18-40,17.2,14.7,0.000362428,0.1474,0.00245880597015,0.00175775,0.1475,0.0119169491525,0.206328477086,0.99661263348
YbYag10,Yb_Yag10_2026-09-22_13-49-32,Yb_Yag10_2026-09-22_15-18-40,17.3,14.7,0.000362607,0.14755,0.00245751948492,0.00173665,0.1473,0.0117898845893,0.208443048471,1.00682648562
YbYag10,Yb_Yag10_2026-09-22_13-49-32,Yb_Yag10_2026-09-22_15-18-40,17.4,14.7,0.000345113,0.1474,0.00234133649932,0.00166047,0.1471,0.0112880353501,0.207417537836,1.00187304017
YbYag10,Yb_Yag10_2026-09-22_13-49-32,Yb_Yag10_2026-09-22_15-18-40,17.5,14.7,0.000323566,0.1472,0.00219813858696,0.0015998,0.1471,0.0108755948334,0.202116630918,0.976268475657
YbYag10,Yb_Yag10_2026-09-22_13-49-32,Yb_Yag10_2026-09-22_15-18-40,17.6,14.7,0.000283869,0.14725,0.00192780305603,0.00140358,0.14695,0.00955141204491,0.201834351504,0.97490500303
YbYag10,Yb_Yag10_2026-09-22_13-49-32,Yb_Yag10_2026-09-22_15-18-40,17.7,14.7,0.000218988,0.14725,0.00148718505942,0.00110651,0.14665,0.0075452437777,0.197102320778,0.952048237594
YbYag10,Yb_Yag10_2026-09-22_13-49-32,Yb_Yag10_2026-09-22_15-18-40,15.4,14.8,0.00021416,0.14745,0.0014524245507,0.00116969,0.14805,0.00790064167511,0.183836276903,0.887970282344
YbYag10,Yb_Yag10_2026-09-22_13-49-32,Yb_Yag10_2026-09-22_15-18-40,15.5,14.8,0.00029123,0.14755,0.00197377160285,0.00150908,0.1486,0.0101553162853,0.19435845693,0.938794762293
YbYag10,Yb_Yag10_2026-09-22_13-49-32,Yb_Yag10_2026-09-22_15-18-40,15.6,14.8,0.000338795,0.14755,0.00229613690274,0.00167597,0.14885,0.011259455828,0.203929651469,0.985025769907
YbYag10,Yb_Yag10_2026-09-22_13-49-32,Yb_Yag10_2026-09-22_15-18-40,15.7,14.8,0.000339838,0.1475,0.00230398644068,0.00174392,0.14885,0.0117159556601,0.196653735088,0.949881468506
YbYag10,Yb_Yag10_2026-09-22_13-49-32,Yb_Yag10_2026-09-22_15-18-40,15.8,14.8,0.000355395,0.14765,0.00240700982052,0.00173701,0.1487,0.0116813046402,0.206056591679,0.995299366228
YbYag10,Yb_Yag10_2026-09-22_13-49-32,Yb_Yag10_2026-09-22_15-18-40,15.9,14.8,0.000351788,0.1476,0.00238338753388,0.00173808,0.1488,0.0116806451613,0.204045881111,0.985587185038
YbYag10,Yb_Yag10_2026-09-22_13-49-32,Yb_Yag10_2026-09-22_15-18-40,16,14.8,0.000351937,0.14745,0.00238682265175,0.00173283,0.1488,0.0116453629032,0.204959061524,0.989998050419
YbYag10,Yb_Yag10_2026-09-22_13-49-32,Yb_Yag10_2026-09-22_15-18-40,16.1,14.8,0.000352236,0.1474,0.00238966078697,0.00174857,0.14905,0.0117314324052,0.203697272799,0.983903329022
YbYag10,Yb_Yag10_2026-09-22_13-49-32,Yb_Yag10_2026-09-22_15-18-40,16.2,14.8,0.000353487,0.14745,0.00239733468973,0.00174285,0.1488,0.0117127016129,0.204678200552,0.988641429184
YbYag10,Yb_Yag10_2026-09-22_13-49-32,Yb_Yag10_2026-09-22_15-18-40,16.3,14.8,0.00035605,0.14735,0.00241635561588,0.00174785,0.14885,0.0117423580786,0.20578112162,0.993968784312
YbYag10,Yb_Yag10_2026-09-22_13-49-32,Yb_Yag10_2026-09-22_15-18-40,16.4,14.8,0.000356289,0.1472,0.00242044157609,0.00175834,0.149,0.0118009395973,0.205105835525,0.990707001631
YbYag10,Yb_Yag10_2026-09-22_13-49-32,Yb_Yag10_2026-09-22_15-18-40,16.5,14.8,0.000355901,0.1472,0.00241780570652,0.00175024,0.1489,0.0117544660846,0.205692516284,0.993540800747
YbYag10,Yb_Yag10_2026-09-22_13-49-32,Yb_Yag10_2026-09-22_15-18-40,16.6,14.8,0.000353875,0.1471,0.00240567641061,0.00175882,0.1491,0.0117962441315,0.203935793783,0.985055438651
YbYag10,Yb_Yag10_2026-09-22_13-49-32,Yb_Yag10_2026-09-22_15-18-40,16.7,14.8,0.000357123,0.14725,0.00242528353141,0.00176121,0.149,0.0118202013423,0.205181236865,0.991071206945
YbYag10,Yb_Yag10_2026-09-22_13-49-32,Yb_Yag10_2026-09-22_15-18-40,16.8,14.8,0.000360044,0.14725,0.00244512054329,0.00175334,0.1488,0.0117831989247,0.207509060902,1.00231511703
YbYag10,Yb_Yag10_2026-09-22_13-49-32,Yb_Yag10_2026-09-22_15-18-40,16.9,14.8,0.000366243,0.14705,0.00249060183611,0.00175215,0.14855,0.0117950185123,0.211157094286,1.01993593316
YbYag10,Yb_Yag10_2026-09-22_13-49-32,Yb_Yag10_2026-09-22_15-18-40,17,14.8,0.000367971,0.14695,0.00250405580129,0.00176264,0.1483,0.0118856372218,0.210679137732,1.01762729624
YbYag10,Yb_Yag10_2026-09-22_13-49-32,Yb_Yag10_2026-09-22_15-18-40,17.1,14.8,0.000367941,0.1469,0.00250470388019,0.00177408,0.14805,0.0119829787234,0.209021808184,1.00962202431
YbYag10,Yb_Yag10_2026-09-22_13-49-32,Yb_Yag10_2026-09-22_15-18-40,17.2,14.8,0.000361444,0.14695,0.00245963933311,0.00176192,0.1478,0.0119209742896,0.206328717214,0.996613793349
YbYag10,Yb_Yag10_2026-09-22_13-49-32,Yb_Yag10_2026-09-22_15-18-40,17.3,14.8,0.00037119,0.14695,0.0025259612113,0.00175787,0.1476,0.0119096883469,0.212092973193,1.02445643734
YbYag10,Yb_Yag10_2026-09-22_13-49-32,Yb_Yag10_2026-09-22_15-18-40,17.4,14.8,0.000365557,0.147,0.00248678231293,0.00173617,0.14735,0.0117826263997,0.211055008329,1.01944283518
YbYag10,Yb_Yag10_2026-09-22_13-49-32,Yb_Yag10_2026-09-22_15-18-40,17.5,14.8,0.000361415,0.1471,0.00245693405846,0.00170279,0.14715,0.0115717974856,0.21232086558,1.02555720847
YbYag10,Yb_Yag10_2026-09-22_13-49-32,Yb_Yag10_2026-09-22_15-18-40,17.6,14.8,0.0003455,0.1472,0.00234714673913,0.00166584,0.14725,0.0113130050934,0.207473321169,1.00214248613
YbYag10,Yb_Yag10_2026-09-22_13-49-32,Yb_Yag10_2026-09-22_15-18-40,17.7,14.8,0.000317754,0.14695,0.00216232732222,0.00155569,0.14705,0.0105793267596,0.204391770039,0.987257905827
YbYag10,Yb_Yag10_2026-09-22_13-49-32,Yb_Yag10_2026-09-22_15-18-40,17.8,14.8,0.000245931,0.14695,0.00167356924124,0.00123406,0.1467,0.008412133606,0.198947059049,0.960958735516
YbYag10,Yb_Yag10_2026-09-22_13-49-32,Yb_Yag10_2026-09-22_15-18-40,15.3,14.9,0.00023985,0.14725,0.00162886247878,0.00125623,0.1484,0.00846516172507,0.192419534521,0.929429333942
YbYag10,Yb_Yag10_2026-09-22_13-49-32,Yb_Yag10_2026-09-22_15-18-40,15.4,14.9,0.000310989,0.1473,0.00211126272912,0.00159765,0.14865,0.0107477295661,0.196438021271,0.948839522586
YbYag10,Yb_Yag10_2026-09-22_13-49-32,Yb_Yag10_2026-09-22_15-18-40,15.5,14.9,0.000329735,0.14725,0.00223928692699,0.0017016,0.1487,0.0114431741762,0.195687568197,0.945214666602
YbYag10,Yb_Yag10_2026-09-22_13-49-32,Yb_Yag10_2026-09-22_15-18-40,15.6,14.9,0.000344874,0.14735,0.0023405089922,0.00171567,0.1488,0.0115300403226,0.202992264269,0.980497980339
YbYag10,Yb_Yag10_2026-09-22_13-49-32,Yb_Yag10_2026-09-22_15-18-40,15.7,14.9,0.000349643,0.14735,0.00237287410926,0.00173641,0.14885,0.0116655021834,0.203409512249,0.982513381283
YbYag10,Yb_Yag10_2026-09-22_13-49-32,Yb_Yag10_2026-09-22_15-18-40,15.8,14.9,0.000345858,0.14725,0.00234878098472,0.0017407,0.14905,0.0116786313318,0.201117829478,0.971444041588
YbYag10,Yb_Yag10_2026-09-22_13-49-32,Yb_Yag10_2026-09-22_15-18-40,15.9,14.9,0.000350596,0.14725,0.00238095755518,0.00173927,0.1489,0.0116807924782,0.203835275699,0.984569913856
YbYag10,Yb_Yag10_2026-09-22_13-49-32,Yb_Yag10_2026-09-22_15-18-40,16,14.9,0.00034246,0.1474,0.00232333785617,0.00173784,0.1488,0.0116790322581,0.19893239481,0.960887903968
YbYag10,Yb_Yag10_2026-09-22_13-49-32,Yb_Yag10_2026-09-22_15-18-40,16.1,14.9,0.000350686,0.1474,0.00237914518318,0.00173355,0.1489,0.0116423774345,0.204352177772,0.98706666633
YbYag10,Yb_Yag10_2026-09-22_13-49-32,Yb_Yag10_2026-09-22_15-18-40,16.2,14.9,0.000354888,0.1475,0.00240602033898,0.00174499,0.1489,0.0117192075218,0.205305720076,0.991672488658
YbYag10,Yb_Yag10_2026-09-22_13-49-32,Yb_Yag10_2026-09-22_15-18-40,16.3,14.9,0.000349374,0.14725,0.00237265874363,0.00174118,0.1489,0.0116936198791,0.202901989988,0.980061935394
YbYag10,Yb_Yag10_2026-09-22_13-49-32,Yb_Yag10_2026-09-22_15-18-40,16.4,14.9,0.000359239,0.1473,0.00243882552614,0.00174714,0.14895,0.0117297079557,0.207918691186,1.0042937228
YbYag10,Yb_Yag10_2026-09-22_13-49-32,Yb_Yag10_2026-09-22_15-18-40,16.5,14.9,0.00035611,0.1472,0.00241922554348,0.00175739,0.1492,0.0117787533512,0.205388929656,0.992074409516
YbYag10,Yb_Yag10_2026-09-22_13-49-32,Yb_Yag10_2026-09-22_15-18-40,16.6,14.9,0.00035602,0.1473,0.00241697216565,0.00174785,0.14905,0.0117266018115,0.20611019326,0.995558273839
YbYag10,Yb_Yag10_2026-09-22_13-49-32,Yb_Yag10_2026-09-22_15-18-40,16.7,14.9,0.000359418,0.14725,0.00244086926995,0.0017469,0.14915,0.0117123700972,0.208400968352,1.00662322924
YbYag10,Yb_Yag10_2026-09-22_13-49-32,Yb_Yag10_2026-09-22_15-18-40,16.8,14.9,0.000354351,0.14715,0.00240809378186,0.00175691,0.14915,0.0117794837412,0.204431181771,0.987448273292
YbYag10,Yb_Yag10_2026-09-22_13-49-32,Yb_Yag10_2026-09-22_15-18-40,16.9,14.9,0.000360878,0.14705,0.00245411764706,0.00174785,0.149,0.0117305369128,0.209207614733,1.01051951145
YbYag10,Yb_Yag10_2026-09-22_13-49-32,Yb_Yag10_2026-09-22_15-18-40,17,14.9,0.000365885,0.14715,0.00248647638464,0.00175238,0.14865,0.0117886310124,0.210921555016,1.01879822587
YbYag10,Yb_Yag10_2026-09-22_13-49-32,Yb_Yag10_2026-09-22_15-18-40,17.1,14.9,0.0003652,0.1471,0.00248266485384,0.00176097,0.14845,0.011862377905,0.20928897003,1.0109124757
YbYag10,Yb_Yag10_2026-09-22_13-49-32,Yb_Yag10_2026-09-22_15-18-40,17.2,14.9,0.000362607,0.14695,0.00246755358966,0.00175644,0.1482,0.0118518218623,0.208200360951,1.00565425068
YbYag10,Yb_Yag10_2026-09-22_13-49-32,Yb_Yag10_2026-09-22_15-18-40,17.3,14.9,0.000370027,0.14715,0.00251462453279,0.00175238,0.1479,0.0118484110886,0.212233059267,1.02513308437
YbYag10,Yb_Yag10_2026-09-22_13-49-32,Yb_Yag10_2026-09-22_15-18-40,17.4,14.9,0.000362577,0.1468,0.00246987057221,0.00176216,0.14795,0.0119105103075,0.207368996663,1.00163857546
YbYag10,Yb_Yag10_2026-09-22_13-49-32,Yb_Yag10_2026-09-22_15-18-40,17.5,14.9,0.00036517,0.147,0.00248414965986,0.00174285,0.1475,0.0118159322034,0.210237298006,1.01549311166
YbYag10,Yb_Yag10_2026-09-22_13-49-32,Yb_Yag10_2026-09-22_15-18-40,17.6,14.9,0.000357511,0.147,0.00243204761905,0.00172807,0.14735,0.0117276552426,0.207377141359,1.00167791616
YbYag10,Yb_Yag10_2026-09-22_13-49-32,Yb_Yag10_2026-09-22_15-18-40,17.7,14.9,0.00035152,0.14715,0.00238885490996,0.00168789,0.14715,0.011470540265,0.208260016945,1.00594240246
YbYag10,Yb_Yag10_2026-09-22_13-49-32,Yb_Yag10_2026-09-22_15-18-40,17.8,14.9,0.000329645,0.1469,0.00224400953029,0.00158275,0.147,0.0107670068027,0.208415353627,1.00669271333
YbYag10,Yb_Yag10_2026-09-22_13-49-32,Yb_Yag10_2026-09-22_15-18-40,17.9,14.9,0.000267508,0.14695,0.00182040149711,0.00132263,0.14705,0.00899442366542,0.202392233769,0.97759969899
YbYag10,Yb_Yag10_2026-09-22_13-49-32,Yb_Yag10_2026-09-22_15-18-40,15.2,15,0.000243963,0.14725,0.00165679456706,0.00130666,0.14845,0.00880202088245,0.188228883933,0.909187555507
YbYag10,Yb_Yag10_2026-09-22_13-49-32,Yb_Yag10_2026-09-22_15-18-40,15.3,15,0.00030637,0.147,0.00208414965986,0.00161255,0.14855,0.0108552675867,0.191994314577,0.927375426631
YbYag10,Yb_Yag10_2026-09-22_13-49-32,Yb_Yag10_2026-09-22_15-18-40,15.4,15,0.000334563,0.14725,0.00227207470289,0.00168885,0.14865,0.0113612512614,0.199984548411,0.965970040885
YbYag10,Yb_Yag10_2026-09-22_13-49-32,Yb_Yag10_2026-09-22_15-18-40,15.5,15,0.000342729,0.1472,0.00232832201087,0.00172592,0.1489,0.0115911349899,0.200870925315,0.970251439329
YbYag10,Yb_Yag10_2026-09-22_13-49-32,Yb_Yag10_2026-09-22_15-18-40,15.6,15,0.000341894,0.14725,0.00232186078098,0.00172568,0.149,0.0115817449664,0.200475903045,0.968343393529
YbYag10,Yb_Yag10_2026-09-22_13-49-32,Yb_Yag10_2026-09-22_15-18-40,15.7,15,0.000350537,0.14725,0.00238055687606,0.00172568,0.1489,0.0115895231699,0.20540593786,0.992156562941
YbYag10,Yb_Yag10_2026-09-22_13-49-32,Yb_Yag10_2026-09-22_15-18-40,15.8,15,0.000350477,0.1473,0.00237934147997,0.00174332,0.14905,0.0116962093257,0.203428428281,0.982604749944
YbYag10,Yb_Yag10_2026-09-22_13-49-32,Yb_Yag10_2026-09-22_15-18-40,15.9,15,0.000344845,0.1473,0.0023411065852,0.00173069,0.149,0.0116153691275,0.201552491316,0.97354355536
YbYag10,Yb_Yag10_2026-09-22_13-49-32,Yb_Yag10_2026-09-22_15-18-40,16,15,0.000347706,0.14725,0.00236133106961,0.00173856,0.14895,0.0116721047331,0.202305507328,0.977180790904
YbYag10,Yb_Yag10_2026-09-22_13-49-32,Yb_Yag10_2026-09-22_15-18-40,16.1,15,0.0003545,0.1473,0.00240665308893,0.00172902,0.14895,0.0116080563948,0.207326102414,1.00143138666
YbYag10,Yb_Yag10_2026-09-22_13-49-32,Yb_Yag10_2026-09-22_15-18-40,16.2,15,0.000353517,0.14725,0.00240079456706,0.00173283,0.1489,0.0116375419745,0.206297392724,0.996462489069
YbYag10,Yb_Yag10_2026-09-22_13-49-32,Yb_Yag10_2026-09-22_15-18-40,16.3,15,0.0003545,0.1473,0.00240665308893,0.0017438,0.14905,0.0116994297216,0.205706871719,0.993610140705
YbYag10,Yb_Yag10_2026-09-22_13-49-32,Yb_Yag10_2026-09-22_15-18-40,16.4,15,0.000354918,0.14705,0.00241358721523,0.00174452,0.1491,0.0117003353454,0.206283593075,0.996395833679
YbYag10,Yb_Yag10_2026-09-22_13-49-32,Yb_Yag10_2026-09-22_15-18-40,16.5,15,0.000353547,0.1473,0.00240018329939,0.00174666,0.14905,0.0117186179135,0.204817950129,0.989316450859
YbYag10,Yb_Yag10_2026-09-22_13-49-32,Yb_Yag10_2026-09-22_15-18-40,16.6,15,0.000355305,0.14715,0.00241457696228,0.00174237,0.1491,0.011685915493,0.206622832736,0.998034437022
YbYag10,Yb_Yag10_2026-09-22_13-49-32,Yb_Yag10_2026-09-22_15-18-40,16.7,15,0.000359001,0.1472,0.00243886548913,0.00175787,0.1493,0.0117740790355,0.207138535573,1.00052539692
YbYag10,Yb_Yag10_2026-09-22_13-49-32,Yb_Yag10_2026-09-22_15-18-40,16.8,15,0.00036061,0.14715,0.00245062861026,0.00174952,0.1493,0.0117181513731,0.209130991078,1.01014940208
YbYag10,Yb_Yag10_2026-09-22_13-49-32,Yb_Yag10_2026-09-22_15-18-40,16.9,15,0.00035763,0.1471,0.00243120326309,0.00175525,0.14925,0.0117604690117,0.206726726687,0.99853626801
YbYag10,Yb_Yag10_2026-09-22_13-49-32,Yb_Yag10_2026-09-22_15-18-40,17,15,0.000361206,0.1471,0.00245551325629,0.00176216,0.1491,0.0118186452046,0.207766052181,1.00355644231
YbYag10,Yb_Yag10_2026-09-22_13-49-32,Yb_Yag10_2026-09-22_15-18-40,17.1,15,0.000358703,0.14705,0.00243932675961,0.00175572,0.14885,0.0117952300974,0.206806203819,0.99892016031
YbYag10,Yb_Yag10_2026-09-22_13-49-32,Yb_Yag10_2026-09-22_15-18-40,17.2,15,0.000363858,0.14715,0.00247270132518,0.00176454,0.1486,0.0118744279946,0.208237510582,1.0058336917
YbYag10,Yb_Yag10_2026-09-22_13-49-32,Yb_Yag10_2026-09-22_15-18-40,17.3,15,0.00036204,0.14705,0.00246201972118,0.00176454,0.14835,0.0118944388271,0.206989144841,0.999803806312
YbYag10,Yb_Yag10_2026-09-22_13-49-32,Yb_Yag10_2026-09-22_15-18-40,17.4,15,0.000358226,0.14705,0.00243608296498,0.00176597,0.1481,0.0119241728562,0.204297857332,0.986804286473
YbYag10,Yb_Yag10_2026-09-22_13-49-32,Yb_Yag10_2026-09-22_15-18-40,17.5,15,0.000364276,0.147,0.00247806802721,0.00175191,0.14775,0.0118572588832,0.20899164399,1.00947632451
YbYag10,Yb_Yag10_2026-09-22_13-49-32,Yb_Yag10_2026-09-22_15-18-40,17.6,15,0.000366511,0.14725,0.00248903904924,0.00175334,0.14785,0.0118589110585,0.209887656376,1.01380426449
YbYag10,Yb_Yag10_2026-09-22_13-49-32,Yb_Yag10_2026-09-22_15-18-40,17.7,15,0.000360968,0.1472,0.00245222826087,0.00170518,0.14755,0.0115566248729,0.21219242537,1.02493681356
YbYag10,Yb_Yag10_2026-09-22_13-49-32,Yb_Yag10_2026-09-22_15-18-40,17.8,15,0.000350686,0.1472,0.00238237771739,0.00169254,0.1474,0.0114826322931,0.207476618303,1.00215841203
YbYag10,Yb_Yag10_2026-09-22_13-49-32,Yb_Yag10_2026-09-22_15-18-40,17.9,15,0.000330659,0.14715,0.00224708800544,0.00161005,0.14715,0.0109415562351,0.205371882862,0.991992069694
YbYag10,Yb_Yag10_2026-09-22_13-49-32,Yb_Yag10_2026-09-22_15-18-40,18,15,0.000282438,0.14705,0.00192069364162,0.00138307,0.1469,0.00941504424779,0.20400261444,0.985378197354
YbYag10,Yb_Yag10_2026-09-22_13-49-32,Yb_Yag10_2026-09-22_15-18-40,15.1,15.1,0.00023985,0.14755,0.00162555066079,0.0012672,0.14845,0.00853620747727,0.190430078594,0.919819817416
YbYag10,Yb_Yag10_2026-09-22_13-49-32,Yb_Yag10_2026-09-22_15-18-40,15.2,15.1,0.00032437,0.1475,0.00219911864407,0.00160576,0.1486,0.0108059219381,0.203510506245,0.983001204847
YbYag10,Yb_Yag10_2026-09-22_13-49-32,Yb_Yag10_2026-09-22_15-18-40,15.3,15.1,0.000336828,0.1475,0.00228357966102,0.00168706,0.14875,0.0113415798319,0.201345817326,0.972545273823
YbYag10,Yb_Yag10_2026-09-22_13-49-32,Yb_Yag10_2026-09-22_15-18-40,15.4,15.1,0.000347616,0.1476,0.00235512195122,0.00170899,0.14895,0.0114735817388,0.205264755578,0.991474620984
YbYag10,Yb_Yag10_2026-09-22_13-49-32,Yb_Yag10_2026-09-22_15-18-40,15.5,15.1,0.0003545,0.1474,0.00240502035278,0.00171448,0.149,0.0115065771812,0.209012664227,1.00957785696
YbYag10,Yb_Yag10_2026-09-22_13-49-32,Yb_Yag10_2026-09-22_15-18-40,15.6,15.1,0.000344785,0.1474,0.00233911126187,0.0017252,0.149,0.0115785234899,0.202021549977,0.975809213469
YbYag10,Yb_Yag10_2026-09-22_13-49-32,Yb_Yag10_2026-09-22_15-18-40,15.7,15.1,0.000352385,0.1475,0.00238905084746,0.00172067,0.14895,0.0115519973145,0.206808466313,0.998931088662
YbYag10,Yb_Yag10_2026-09-22_13-49-32,Yb_Yag10_2026-09-22_15-18-40,15.8,15.1,0.000354649,0.14755,0.00240358522535,0.00173593,0.14905,0.0116466286481,0.206376050785,0.99684242507
YbYag10,Yb_Yag10_2026-09-22_13-49-32,Yb_Yag10_2026-09-22_15-18-40,15.9,15.1,0.000346782,0.14755,0.00235026770586,0.00173045,0.1491,0.0116059691482,0.202505079571,0.978144769422
YbYag10,Yb_Yag10_2026-09-22_13-49-32,Yb_Yag10_2026-09-22_15-18-40,16,15.1,0.000357093,0.14755,0.002420149102,0.00173045,0.149,0.0116137583893,0.208386382847,1.00655277799
YbYag10,Yb_Yag10_2026-09-22_13-49-32,Yb_Yag10_2026-09-22_15-18-40,16.1,15.1,0.000352742,0.14745,0.00239228212954,0.0017407,0.14905,0.0116786313318,0.204842679041,0.989435897028
YbYag10,Yb_Yag10_2026-09-22_13-49-32,Yb_Yag10_2026-09-22_15-18-40,16.2,15.1,0.000356378,0.14745,0.00241694133605,0.00173689,0.14915,0.0116452564532,0.207547282944,1.00249973803
YbYag10,Yb_Yag10_2026-09-22_13-49-32,Yb_Yag10_2026-09-22_15-18-40,16.3,15.1,0.000359686,0.1476,0.00243689701897,0.0017326,0.149,0.0116281879195,0.209568080241,1.01226064037
YbYag10,Yb_Yag10_2026-09-22_13-49-32,Yb_Yag10_2026-09-22_15-18-40,16.4,15.1,0.000356289,0.14745,0.00241633774161,0.0017438,0.1491,0.0116955063716,0.206603943843,0.997943199447
YbYag10,Yb_Yag10_2026-09-22_13-49-32,Yb_Yag10_2026-09-22_15-18-40,16.5,15.1,0.00035915,0.14745,0.00243574092913,0.00174213,0.14915,0.0116803888703,0.208532520293,1.0072586545
YbYag10,Yb_Yag10_2026-09-22_13-49-32,Yb_Yag10_2026-09-22_15-18-40,16.6,15.1,0.00036809,0.1475,0.00249552542373,0.00174905,0.14915,0.0117267851157,0.212805589862,1.02789853503
YbYag10,Yb_Yag10_2026-09-22_13-49-32,Yb_Yag10_2026-09-22_15-18-40,16.7,15.1,0.000354471,0.14735,0.00240563963353,0.0017438,0.1491,0.0116955063716,0.205689224314,0.993524899794
YbYag10,Yb_Yag10_2026-09-22_13-49-32,Yb_Yag10_2026-09-22_15-18-40,16.8,15.1,0.000354799,0.1472,0.00241031929348,0.00174404,0.1493,0.0116814467515,0.206337395081,0.996655709386
YbYag10,Yb_Yag10_2026-09-22_13-49-32,Yb_Yag10_2026-09-22_15-18-40,16.9,15.1,0.000362428,0.14755,0.00245630633683,0.00172592,0.14915,0.0115717063359,0.212268291774,1.02530326524
YbYag10,Yb_Yag10_2026-09-22_13-49-32,Yb_Yag10_2026-09-22_15-18-40,17,15.1,0.000362815,0.14735,0.00246226671191,0.00174905,0.1492,0.0117228552279,0.21003984644,1.0145393765
YbYag10,Yb_Yag10_2026-09-22_13-49-32,Yb_Yag10_2026-09-22_15-18-40,17.1,15.1,0.000363739,0.1473,0.0024693754243,0.00175,0.14905,0.0117410265012,0.210320232566,1.01589370412
YbYag10,Yb_Yag10_2026-09-22_13-49-32,Yb_Yag10_2026-09-22_15-18-40,17.2,15.1,0.000367017,0.1473,0.0024916293279,0.00175095,0.1488,0.0117671370968,0.211744735138,1.02277436974
YbYag10,Yb_Yag10_2026-09-22_13-49-32,Yb_Yag10_2026-09-22_15-18-40,17.3,15.1,0.000369908,0.1473,0.00251125594026,0.00175668,0.14855,0.0118255132952,0.212359149034,1.0257421261
YbYag10,Yb_Yag10_2026-09-22_13-49-32,Yb_Yag10_2026-09-22_15-18-40,17.4,15.1,0.000373634,0.1473,0.00253655125594,0.00174952,0.1482,0.0118051282051,0.214868590317,1.03786328805
YbYag10,Yb_Yag10_2026-09-22_13-49-32,Yb_Yag10_2026-09-22_15-18-40,17.5,15.1,0.000373038,0.14725,0.00253336502547,0.00175763,0.14785,0.011887926953,0.213104020195,1.0293400202
YbYag10,Yb_Yag10_2026-09-22_13-49-32,Yb_Yag10_2026-09-22_15-18-40,17.6,15.1,0.000363799,0.14735,0.00246894468951,0.00174881,0.14785,0.0118282718972,0.208732493721,1.00822457083
YbYag10,Yb_Yag10_2026-09-22_13-49-32,Yb_Yag10_2026-09-22_15-18-40,17.7,15.1,0.000366749,0.14725,0.00249065534805,0.00171114,0.1474,0.0116088195387,0.21454854559,1.03631740053
YbYag10,Yb_Yag10_2026-09-22_13-49-32,Yb_Yag10_2026-09-22_15-18-40,17.8,15.1,0.000362666,0.14725,0.00246292699491,0.001714,0.14725,0.0116400679117,0.211590431739,1.02202904986
YbYag10,Yb_Yag10_2026-09-22_13-49-32,Yb_Yag10_2026-09-22_15-18-40,17.9,15.1,0.000356438,0.14725,0.00242063157895,0.00169183,0.14715,0.0114973156643,0.210538846599,1.01694965873
YbYag10,Yb_Yag10_2026-09-22_13-49-32,Yb_Yag10_2026-09-22_15-18-40,18,15.1,0.000335308,0.1473,0.00227636116768,0.00161219,0.147,0.0109672789116,0.207559339562,1.00255797418
YbYag10,Yb_Yag10_2026-09-22_13-49-32,Yb_Yag10_2026-09-22_15-18-40,18.1,15.1,0.000289293,0.1472,0.00196530570652,0.00138295,0.14695,0.00941102415788,0.208830162748,1.00869633405
YbYag10,Yb_Yag10_2026-09-22_13-49-32,Yb_Yag10_2026-09-22_15-18-40,15,15.2,0.000222773,0.1474,0.00151135006784,0.00121547,0.1485,0.00818498316498,0.184649135786,0.891896572323
YbYag10,Yb_Yag10_2026-09-22_13-49-32,Yb_Yag10_2026-09-22_15-18-40,15.1,15.2,0.000306489,0.14755,0.0020771873941,0.00154544,0.1487,0.0103930060525,0.199863964632,0.9653875943
YbYag10,Yb_Yag10_2026-09-22_13-49-32,Yb_Yag10_2026-09-22_15-18-40,15.2,15.2,0.000336261,0.14765,0.00227741957332,0.00168372,0.14895,0.0113039274924,0.201471530568,0.973152496862
YbYag10,Yb_Yag10_2026-09-22_13-49-32,Yb_Yag10_2026-09-22_15-18-40,15.3,15.2,0.000344606,0.1474,0.00233789687924,0.00170851,0.14895,0.0114703591809,0.203820721075,0.984499611769
YbYag10,Yb_Yag10_2026-09-22_13-49-32,Yb_Yag10_2026-09-22_15-18-40,15.4,15.2,0.000352683,0.1476,0.00238945121951,0.00170458,0.14885,0.0114516627477,0.208655395479,1.0078521691
YbYag10,Yb_Yag10_2026-09-22_13-49-32,Yb_Yag10_2026-09-22_15-18-40,15.5,15.2,0.000342937,0.14745,0.00232578501187,0.00172663,0.14925,0.0115687102178,0.201040994898,0.971072913404
YbYag10,Yb_Yag10_2026-09-22_13-49-32,Yb_Yag10_2026-09-22_15-18-40,15.6,15.2,0.000351937,0.1477,0.00238278266757,0.00172592,0.1492,0.0115678284182,0.205983576297,0.994946685624
YbYag10,Yb_Yag10_2026-09-22_13-49-32,Yb_Yag10_2026-09-22_15-18-40,15.7,15.2,0.00035304,0.1476,0.0023918699187,0.00173403,0.14925,0.0116182914573,0.205871054922,0.994403182246
YbYag10,Yb_Yag10_2026-09-22_13-49-32,Yb_Yag10_2026-09-22_15-18-40,15.8,15.2,0.000359179,0.14775,0.00243099153976,0.00173283,0.14915,0.0116180355347,0.209242907934,1.01068998549
YbYag10,Yb_Yag10_2026-09-22_13-49-32,Yb_Yag10_2026-09-22_15-18-40,15.9,15.2,0.000356169,0.14755,0.00241388681803,0.00172282,0.14905,0.0115586715867,0.208837737098,1.00873291985
YbYag10,Yb_Yag10_2026-09-22_13-49-32,Yb_Yag10_2026-09-22_15-18-40,16,15.2,0.000352951,0.14755,0.00239207726195,0.00172973,0.14915,0.0115972510895,0.206262436114,0.996293640834
YbYag10,Yb_Yag10_2026-09-22_13-49-32,Yb_Yag10_2026-09-22_15-18-40,16.1,15.2,0.000352236,0.1476,0.00238642276423,0.00173116,0.14905,0.0116146259644,0.205467035404,0.992451677727
YbYag10,Yb_Yag10_2026-09-22_13-49-32,Yb_Yag10_2026-09-22_15-18-40,16.2,15.2,0.000358464,0.14755,0.0024294408675,0.00174785,0.14915,0.011718739524,0.207312472687,1.00136555204
YbYag10,Yb_Yag10_2026-09-22_13-49-32,Yb_Yag10_2026-09-22_15-18-40,16.3,15.2,0.000364901,0.1478,0.00246888362652,0.00174499,0.1492,0.0116956434316,0.21109429686,1.01963260756
YbYag10,Yb_Yag10_2026-09-22_13-49-32,Yb_Yag10_2026-09-22_15-18-40,16.4,15.2,0.000360938,0.1477,0.00244372376439,0.00174428,0.14905,0.0117026501174,0.208817980532,1.00863749122
YbYag10,Yb_Yag10_2026-09-22_13-49-32,Yb_Yag10_2026-09-22_15-18-40,16.5,15.2,0.000358673,0.14775,0.00242756683587,0.0017314,0.149,0.0116201342282,0.20891039537,1.00908387553
YbYag10,Yb_Yag10_2026-09-22_13-49-32,Yb_Yag10_2026-09-22_15-18-40,16.6,15.2,0.000357421,0.14755,0.00242237207726,0.00173856,0.1491,0.011660362173,0.207744154197,1.00345067016
YbYag10,Yb_Yag10_2026-09-22_13-49-32,Yb_Yag10_2026-09-22_15-18-40,16.7,15.2,0.000356676,0.1475,0.00241814237288,0.00174475,0.1492,0.0116940348525,0.206784262522,0.998814178946
YbYag10,Yb_Yag10_2026-09-22_13-49-32,Yb_Yag10_2026-09-22_15-18-40,16.8,15.2,0.000356169,0.14745,0.00241552390641,0.00173832,0.14935,0.0116392366923,0.207532845174,1.00243000037
YbYag10,Yb_Yag10_2026-09-22_13-49-32,Yb_Yag10_2026-09-22_15-18-40,16.9,15.2,0.000361683,0.14765,0.00244959701998,0.00172568,0.14915,0.0115700972176,0.211717928891,1.02264488958
YbYag10,Yb_Yag10_2026-09-22_13-49-32,Yb_Yag10_2026-09-22_15-18-40,17,15.2,0.000368299,0.14785,0.00249103145079,0.00175715,0.1494,0.0117613788487,0.211797569217,1.02302957014
YbYag10,Yb_Yag10_2026-09-22_13-49-32,Yb_Yag10_2026-09-22_15-18-40,17.1,15.2,0.00036365,0.1475,0.00246542372881,0.00175429,0.14935,0.0117461667225,0.209891770401,1.01382413615
YbYag10,Yb_Yag10_2026-09-22_13-49-32,Yb_Yag10_2026-09-22_15-18-40,17.2,15.2,0.000373634,0.14755,0.0025322534734,0.00176001,0.14915,0.0118002681864,0.214592874789,1.03653152046
YbYag10,Yb_Yag10_2026-09-22_13-49-32,Yb_Yag10_2026-09-22_15-18-40,17.3,15.2,0.000371696,0.1475,0.00251997288136,0.00176121,0.14885,0.0118321128653,0.212977420859,1.02872851713
YbYag10,Yb_Yag10_2026-09-22_13-49-32,Yb_Yag10_2026-09-22_15-18-40,17.4,15.2,0.000369223,0.14745,0.00250405561207,0.00175381,0.14845,0.0118141461772,0.211954006198,1.02378519571
YbYag10,Yb_Yag10_2026-09-22_13-49-32,Yb_Yag10_2026-09-22_15-18-40,17.5,15.2,0.000370266,0.14755,0.00250942731278,0.00175882,0.14835,0.0118558813616,0.211660966928,1.02236975057
YbYag10,Yb_Yag10_2026-09-22_13-49-32,Yb_Yag10_2026-09-22_15-18-40,17.6,15.2,0.000371965,0.14755,0.00252094205354,0.00175548,0.14795,0.0118653599189,0.212462333277,1.02624052905
YbYag10,Yb_Yag10_2026-09-22_13-49-32,Yb_Yag10_2026-09-22_15-18-40,17.7,15.2,0.000378551,0.1476,0.00256470867209,0.00177837,0.1479,0.012024137931,0.213296677634,1.03027059866
YbYag10,Yb_Yag10_2026-09-22_13-49-32,Yb_Yag10_2026-09-22_15-18-40,17.8,15.2,0.000375034,0.1475,0.00254260338983,0.00174285,0.1475,0.0118159322034,0.215184324526,1.03938835481
YbYag10,Yb_Yag10_2026-09-22_13-49-32,Yb_Yag10_2026-09-22_15-18-40,17.9,15.2,0.000372471,0.1477,0.00252180771835,0.00174142,0.14745,0.0118102407596,0.213527206573,1.03138410493
YbYag10,Yb_Yag10_2026-09-22_13-49-32,Yb_Yag10_2026-09-22_15-18-40,18,15.2,0.000355007,0.14765,0.00240438198442,0.00169421,0.14735,0.0114978622328,0.209115567376,1.01007490215
YbYag10,Yb_Yag10_2026-09-22_13-49-32,Yb_Yag10_2026-09-22_15-18-40,18.1,15.2,0.000337036,0.1475,0.00228498983051,0.00159241,0.1472,0.0108180027174,0.211221044235,1.0202448257
YbYag10,Yb_Yag10_2026-09-22_13-49-32,Yb_Yag10_2026-09-22_15-18-40,18.2,15.2,0.000275495,0.1474,0.00186902985075,0.00130153,0.1472,0.00884191576087,0.211382906295,1.02102665561
YbYag10,Yb_Yag10_2026-09-22_13-49-32,Yb_Yag10_2026-09-22_15-18-40,14.9,15.3,0.000208677,0.14755,0.00141427990512,0.00115467,0.14845,0.00777817446952,0.181826714053,0.878263644883
YbYag10,Yb_Yag10_2026-09-22_13-49-32,Yb_Yag10_2026-09-22_15-18-40,15,15.3,0.000302376,0.14755,0.00204931209759,0.00156689,0.14875,0.0105337142857,0.194547909883,0.939709862375
YbYag10,Yb_Yag10_2026-09-22_13-49-32,Yb_Yag10_2026-09-22_15-18-40,15.1,15.3,0.000341715,0.1477,0.00231357481381,0.00167156,0.1489,0.0112260577569,0.206089694522,0.995459260358
YbYag10,Yb_Yag10_2026-09-22_13-49-32,Yb_Yag10_2026-09-22_15-18-40,15.2,15.3,0.000343593,0.1476,0.00232786585366,0.00169636,0.1489,0.0113926124916,0.20433117122,0.986965199991
YbYag10,Yb_Yag10_2026-09-22_13-49-32,Yb_Yag10_2026-09-22_15-18-40,15.3,15.3,0.000347795,0.14765,0.0023555367423,0.00171901,0.1491,0.0115292421194,0.204309764502,0.986861800762
YbYag10,Yb_Yag10_2026-09-22_13-49-32,Yb_Yag10_2026-09-22_15-18-40,15.4,15.3,0.000346722,0.1477,0.0023474746107,0.00171853,0.14915,0.0115221589004,0.203735656746,0.984088732057
YbYag10,Yb_Yag10_2026-09-22_13-49-32,Yb_Yag10_2026-09-22_15-18-40,15.5,15.3,0.000354977,0.1476,0.00240499322493,0.00172139,0.14925,0.01153360134,0.208520578615,1.00720097353
YbYag10,Yb_Yag10_2026-09-22_13-49-32,Yb_Yag10_2026-09-22_15-18-40,15.6,15.3,0.000349971,0.14765,0.00237027429732,0.00172902,0.1492,0.0115886058981,0.204534895583,0.987949234173
YbYag10,Yb_Yag10_2026-09-22_13-49-32,Yb_Yag10_2026-09-22_15-18-40,15.7,15.3,0.000347348,0.1473,0.00235809911745,0.00172473,0.1491,0.0115676056338,0.203853692121,0.984658869286
YbYag10,Yb_Yag10_2026-09-22_13-49-32,Yb_Yag10_2026-09-22_15-18-40,15.8,15.3,0.00035304,0.14775,0.00238944162437,0.0017295,0.14915,0.0115957090178,0.206062572,0.995328252515
YbYag10,Yb_Yag10_2026-09-22_13-49-32,Yb_Yag10_2026-09-22_15-18-40,15.9,15.3,0.000351848,0.1476,0.00238379403794,0.00172616,0.14905,0.0115810801744,0.205835207255,0.994230030012
YbYag10,Yb_Yag10_2026-09-22_13-49-32,Yb_Yag10_2026-09-22_15-18-40,16,15.3,0.000358077,0.14765,0.00242517439892,0.00171352,0.14895,0.0115039946291,0.210811503057,1.01826665033
YbYag10,Yb_Yag10_2026-09-22_13-49-32,Yb_Yag10_2026-09-22_15-18-40,16.1,15.3,0.000357749,0.1477,0.00242213270142,0.00172735,0.14895,0.0115968445787,0.2088613575,1.00884701167
YbYag10,Yb_Yag10_2026-09-22_13-49-32,Yb_Yag10_2026-09-22_15-18-40,16.2,15.3,0.000356825,0.14775,0.00241505922166,0.00172592,0.14895,0.0115872440416,0.20842395422,1.00673425612
YbYag10,Yb_Yag10_2026-09-22_13-49-32,Yb_Yag10_2026-09-22_15-18-40,16.3,15.3,0.000360491,0.1477,0.00244069735951,0.00173283,0.1491,0.0116219315895,0.210007892467,1.01438503167
YbYag10,Yb_Yag10_2026-09-22_13-49-32,Yb_Yag10_2026-09-22_15-18-40,16.4,15.3,0.0003576,0.1476,0.00242276422764,0.00172544,0.14905,0.0115762495807,0.209287490802,1.0109053307
YbYag10,Yb_Yag10_2026-09-22_13-49-32,Yb_Yag10_2026-09-22_15-18-40,16.5,15.3,0.000361683,0.1477,0.00244876777251,0.00172854,0.14905,0.0115970479705,0.211154405737,1.01992294687
YbYag10,Yb_Yag10_2026-09-22_13-49-32,Yb_Yag10_2026-09-22_15-18-40,16.6,15.3,0.000359775,0.14765,0.00243667456824,0.00172425,0.149,0.011572147651,0.210563729545,1.01706984892
YbYag10,Yb_Yag10_2026-09-22_13-49-32,Yb_Yag10_2026-09-22_15-18-40,16.7,15.3,0.000357838,0.1476,0.00242437669377,0.00172783,0.149,0.0115961744966,0.209066937936,1.00984001109
YbYag10,Yb_Yag10_2026-09-22_13-49-32,Yb_Yag10_2026-09-22_15-18-40,16.8,15.3,0.000363233,0.1476,0.00246092818428,0.00172568,0.1491,0.0115739771965,0.212625974848,1.02703095439
YbYag10,Yb_Yag10_2026-09-22_13-49-32,Yb_Yag10_2026-09-22_15-18-40,16.9,15.3,0.000361146,0.1475,0.00244844745763,0.00173116,0.1492,0.0116029490617,0.211019409342,1.01927088413
YbYag10,Yb_Yag10_2026-09-22_13-49-32,Yb_Yag10_2026-09-22_15-18-40,17,15.3,0.000364067,0.14745,0.00246908782638,0.00173307,0.14925,0.0116118592965,0.212635010754,1.02707459983
YbYag10,Yb_Yag10_2026-09-22_13-49-32,Yb_Yag10_2026-09-22_15-18-40,17.1,15.3,0.000365349,0.14735,0.00247946386155,0.00175286,0.1494,0.0117326639893,0.211329998354,1.02077109843
YbYag10,Yb_Yag10_2026-09-22_13-49-32,Yb_Yag10_2026-09-22_15-18-40,17.2,15.3,0.000369282,0.14755,0.00250275838699,0.00176144,0.14945,0.0117861492138,0.212347420823,1.02568547623
YbYag10,Yb_Yag10_2026-09-22_13-49-32,Yb_Yag10_2026-09-22_15-18-40,17.3,15.3,0.000367256,0.1474,0.00249156037992,0.00174738,0.14905,0.0117234485072,0.21252794162,1.026557432
YbYag10,Yb_Yag10_2026-09-22_13-49-32,Yb_Yag10_2026-09-22_15-18-40,17.4,15.3,0.000367315,0.14755,0.00248942731278,0.00175286,0.1488,0.0117799731183,0.211327079254,1.02075699853
YbYag10,Yb_Yag10_2026-09-22_13-49-32,Yb_Yag10_2026-09-22_15-18-40,17.5,15.3,0.000365885,0.14735,0.00248310145911,0.00175429,0.1484,0.011821361186,0.210052076071,1.01459844835
YbYag10,Yb_Yag10_2026-09-22_13-49-32,Yb_Yag10_2026-09-22_15-18-40,17.6,15.3,0.000369998,0.1474,0.00251016282225,0.00175381,0.14815,0.0118380695241,0.212041567854,1.02420813806
YbYag10,Yb_Yag10_2026-09-22_13-49-32,Yb_Yag10_2026-09-22_15-18-40,17.7,15.3,0.000378611,0.14765,0.00256424652895,0.00175572,0.1479,0.0118709939148,0.216009421566,1.04337375782
YbYag10,Yb_Yag10_2026-09-22_13-49-32,Yb_Yag10_2026-09-22_15-18-40,17.8,15.3,0.000374647,0.1476,0.00253825880759,0.00175787,0.14785,0.0118895502198,0.213486528983,1.03118762309
YbYag10,Yb_Yag10_2026-09-22_13-49-32,Yb_Yag10_2026-09-22_15-18-40,17.9,15.3,0.000371309,0.1474,0.00251905698779,0.00175846,0.14755,0.0119177228058,0.211370664416,1.0209675246
YbYag10,Yb_Yag10_2026-09-22_13-49-32,Yb_Yag10_2026-09-22_15-18-40,18,15.3,0.000365021,0.1475,0.00247471864407,0.0017171,0.1473,0.0116571622539,0.212291687305,1.02541627088
YbYag10,Yb_Yag10_2026-09-22_13-49-32,Yb_Yag10_2026-09-22_15-18-40,18.1,15.3,0.000355514,0.14755,0.00240944764487,0.00166882,0.1473,0.0113293957909,0.212672210358,1.02725428223
YbYag10,Yb_Yag10_2026-09-22_13-49-32,Yb_Yag10_2026-09-22_15-18-40,18.2,15.3,0.000334473,0.1476,0.00226607723577,0.00155557,0.1471,0.0105749150238,0.214287985357,1.0350588364
YbYag10,Yb_Yag10_2026-09-22_13-49-32,Yb_Yag10_2026-09-22_15-18-40,18.3,15.3,0.000257792,0.1476,0.00174655826558,0.00123418,0.14715,0.00838722392117,0.208240328623,1.00584730347
YbYag10,Yb_Yag10_2026-09-22_13-49-32,Yb_Yag10_2026-09-22_15-18-40,14.9,15.4,0.000282379,0.1475,0.00191443389831,0.00150324,0.14885,0.010099025865,0.189566194196,0.9156470628
YbYag10,Yb_Yag10_2026-09-22_13-49-32,Yb_Yag10_2026-09-22_15-18-40,15,15.4,0.000332149,0.1475,0.00225185762712,0.00167323,0.149,0.0112297315436,0.200526398906,0.968587299815
YbYag10,Yb_Yag10_2026-09-22_13-49-32,Yb_Yag10_2026-09-22_15-18-40,15.1,15.4,0.000339599,0.1475,0.00230236610169,0.00168253,0.14885,0.0113035270406,0.203685636653,0.983847123836
YbYag10,Yb_Yag10_2026-09-22_13-49-32,Yb_Yag10_2026-09-22_15-18-40,15.2,15.4,0.000343563,0.1474,0.00233082089552,0.00171388,0.14915,0.0114909822327,0.202839134925,0.979758331401
YbYag10,Yb_Yag10_2026-09-22_13-49-32,Yb_Yag10_2026-09-22_15-18-40,15.3,15.4,0.000345858,0.1475,0.0023448,0.0017233,0.14935,0.0115386675594,0.203212371613,0.981561147976
YbYag10,Yb_Yag10_2026-09-22_13-49-32,Yb_Yag10_2026-09-22_15-18-40,15.4,15.4,0.000348004,0.1476,0.00235775067751,0.001714,0.14915,0.0114917867918,0.205168327626,0.991008852436
YbYag10,Yb_Yag10_2026-09-22_13-49-32,Yb_Yag10_2026-09-22_15-18-40,15.5,15.4,0.000347378,0.14735,0.00235750254496,0.00172163,0.14925,0.0115352093802,0.20437449094,0.987174443915
YbYag10,Yb_Yag10_2026-09-22_13-49-32,Yb_Yag10_2026-09-22_15-18-40,15.6,15.4,0.000357719,0.1477,0.002421929587,0.00171901,0.14925,0.0115176549414,0.210279748727,1.01569815813
YbYag10,Yb_Yag10_2026-09-22_13-49-32,Yb_Yag10_2026-09-22_15-18-40,15.7,15.4,0.000355186,0.1477,0.00240477995938,0.00172306,0.1491,0.0115564050973,0.208090659607,1.00512436869
YbYag10,Yb_Yag10_2026-09-22_13-49-32,Yb_Yag10_2026-09-22_15-18-40,15.8,15.4,0.000350209,0.14765,0.00237188621741,0.00172234,0.149,0.0115593288591,0.205192381523,0.991125038133
YbYag10,Yb_Yag10_2026-09-22_13-49-32,Yb_Yag10_2026-09-22_15-18-40,15.9,15.4,0.000351252,0.14765,0.00237895022012,0.00171138,0.14885,0.0114973463218,0.20691298266,0.999435925967
YbYag10,Yb_Yag10_2026-09-22_13-49-32,Yb_Yag10_2026-09-22_15-18-40,16,15.4,0.000352504,0.1475,0.00238985762712,0.00172354,0.1491,0.0115596244131,0.206741805937,0.998609104158
YbYag10,Yb_Yag10_2026-09-22_13-49-32,Yb_Yag10_2026-09-22_15-18-40,16.1,15.4,0.000354411,0.14755,0.00240197221281,0.00171424,0.14885,0.0115165602956,0.208566807376,1.00742426877
YbYag10,Yb_Yag10_2026-09-22_13-49-32,Yb_Yag10_2026-09-22_15-18-40,16.2,15.4,0.000355842,0.14775,0.00240840609137,0.0016985,0.149,0.0113993288591,0.211276130476,1.02051090455
YbYag10,Yb_Yag10_2026-09-22_13-49-32,Yb_Yag10_2026-09-22_15-18-40,16.3,15.4,0.000361742,0.1479,0.00244585530764,0.001714,0.149,0.0115033557047,0.212621027327,1.02700705676
YbYag10,Yb_Yag10_2026-09-22_13-49-32,Yb_Yag10_2026-09-22_15-18-40,16.4,15.4,0.000342818,0.1475,0.00232418983051,0.00163985,0.149,0.011005704698,0.211180464521,1.02004881662
YbYag10,Yb_Yag10_2026-09-22_13-49-32,Yb_Yag10_2026-09-22_15-18-40,16.5,15.4,0.000355275,0.14755,0.00240782785496,0.00168682,0.14915,0.0113095541401,0.212902102517,1.02836471271
YbYag10,Yb_Yag10_2026-09-22_13-49-32,Yb_Yag10_2026-09-22_15-18-40,16.6,15.4,0.000354262,0.1474,0.00240340569878,0.00172187,0.1491,0.0115484238766,0.208115473112,1.00524422346
YbYag10,Yb_Yag10_2026-09-22_13-49-32,Yb_Yag10_2026-09-22_15-18-40,16.7,15.4,0.000365557,0.1476,0.00247667344173,0.00173856,0.1491,0.011660362173,0.212401073396,1.02594463014
YbYag10,Yb_Yag10_2026-09-22_13-49-32,Yb_Yag10_2026-09-22_15-18-40,16.8,15.4,0.000362309,0.1476,0.00245466802168,0.0017345,0.1491,0.0116331321261,0.211006631324,1.01920916344
YbYag10,Yb_Yag10_2026-09-22_13-49-32,Yb_Yag10_2026-09-22_15-18-40,16.9,15.4,0.000364305,0.14755,0.00246902744832,0.00173283,0.14925,0.0116102512563,0.212659260667,1.02719173233
YbYag10,Yb_Yag10_2026-09-22_13-49-32,Yb_Yag10_2026-09-22_15-18-40,17,15.4,0.00036204,0.14755,0.00245367671976,0.00172234,0.1492,0.0115438337802,0.212553018909,1.0266785609
YbYag10,Yb_Yag10_2026-09-22_13-49-32,Yb_Yag10_2026-09-22_15-18-40,17.1,15.4,0.000368835,0.1476,0.00249888211382,0.00173116,0.14925,0.0115990619765,0.215438293104,1.04061507977
YbYag10,Yb_Yag10_2026-09-22_13-49-32,Yb_Yag10_2026-09-22_15-18-40,17.2,15.4,0.00036815,0.14755,0.00249508641139,0.00174046,0.1494,0.011649665328,0.214176660113,1.03452111061
YbYag10,Yb_Yag10_2026-09-22_13-49-32,Yb_Yag10_2026-09-22_15-18-40,17.3,15.4,0.000366213,0.1475,0.0024828,0.00175334,0.1493,0.0117437374414,0.211414808309,1.02118074946
YbYag10,Yb_Yag10_2026-09-22_13-49-32,Yb_Yag10_2026-09-22_15-18-40,17.4,15.4,0.000364425,0.1475,0.0024706779661,0.00176502,0.14915,0.0118338585317,0.208780420983,1.00845607021
YbYag10,Yb_Yag10_2026-09-22_13-49-32,Yb_Yag10_2026-09-22_15-18-40,17.5,15.4,0.000374766,0.14755,0.002539925449,0.00175405,0.1487,0.0117958977808,0.215322775443,1.04005710367
YbYag10,Yb_Yag10_2026-09-22_13-49-32,Yb_Yag10_2026-09-22_15-18-40,17.6,15.4,0.00037259,0.14745,0.00252689047135,0.00176717,0.14845,0.011904142809,0.212269838483,1.0253107362
YbYag10,Yb_Yag10_2026-09-22_13-49-32,Yb_Yag10_2026-09-22_15-18-40,17.7,15.4,0.000385465,0.1477,0.00260978334462,0.0017717,0.1482,0.0119547908232,0.218304392207,1.05445897866
YbYag10,Yb_Yag10_2026-09-22_13-49-32,Yb_Yag10_2026-09-22_15-18-40,17.8,15.4,0.000379534,0.14775,0.00256875803723,0.00176955,0.14805,0.0119523809524,0.214916011083,1.03809234094
YbYag10,Yb_Yag10_2026-09-22_13-49-32,Yb_Yag10_2026-09-22_15-18-40,17.9,15.4,0.000377836,0.1476,0.00255986449864,0.0017593,0.148,0.0118871621622,0.215346982207,1.04017402775
YbYag10,Yb_Yag10_2026-09-22_13-49-32,Yb_Yag10_2026-09-22_15-18-40,18,15.4,0.000378015,0.14765,0.00256020995598,0.00173784,0.14775,0.0117620304569,0.217667346243,1.05138190435
YbYag10,Yb_Yag10_2026-09-22_13-49-32,Yb_Yag10_2026-09-22_15-18-40,18.1,15.4,0.000366183,0.14745,0.00248343845371,0.00172711,0.14755,0.0117052524568,0.21216445035,1.02480168797
YbYag10,Yb_Yag10_2026-09-22_13-49-32,Yb_Yag10_2026-09-22_15-18-40,18.2,15.4,0.000354649,0.1474,0.0024060312076,0.00168372,0.1477,0.0113995937712,0.211062890125,1.01948090602
YbYag10,Yb_Yag10_2026-09-22_13-49-32,Yb_Yag10_2026-09-22_15-18-40,18.3,15.4,0.000325711,0.1476,0.00220671409214,0.00152851,0.14725,0.0103803735144,0.212585230106,1.02683414818
YbYag10,Yb_Yag10_2026-09-22_13-49-32,Yb_Yag10_2026-09-22_15-18-40,18.4,15.4,0.00023225,0.14755,0.00157404269739,0.00107837,0.14725,0.00732339558574,0.214933452517,1.03817658697
YbYag10,Yb_Yag10_2026-09-22_13-49-32,Yb_Yag10_2026-09-22_15-18-40,14.8,15.5,0.000251176,0.1475,0.00170288813559,0.00134755,0.1488,0.0090561155914,0.188037367501,0.908262488359
YbYag10,Yb_Yag10_2026-09-22_13-49-32,Yb_Yag10_2026-09-22_15-18-40,14.9,15.5,0.00031841,0.1473,0.00216164290563,0.00163008,0.14895,0.0109438066465,0.197522030081,0.954075527282
YbYag10,Yb_Yag10_2026-09-22_13-49-32,Yb_Yag10_2026-09-22_15-18-40,15,15.5,0.000336768,0.14735,0.00228549711571,0.00169469,0.1492,0.0113585120643,0.201214481507,0.971910892481
YbYag10,Yb_Yag10_2026-09-22_13-49-32,Yb_Yag10_2026-09-22_15-18-40,15.1,15.5,0.000346126,0.1474,0.00234820895522,0.00170136,0.14925,0.0113993969849,0.205994137965,0.994997700838
YbYag10,Yb_Yag10_2026-09-22_13-49-32,Yb_Yag10_2026-09-22_15-18-40,15.2,15.5,0.000348361,0.1475,0.00236176949153,0.00171853,0.14945,0.0114990297758,0.205388588218,0.992072760297
YbYag10,Yb_Yag10_2026-09-22_13-49-32,Yb_Yag10_2026-09-22_15-18-40,15.3,15.5,0.000348272,0.14735,0.00236356973193,0.00171686,0.14935,0.0114955473719,0.205607410893,0.993129722695
YbYag10,Yb_Yag10_2026-09-22_13-49-32,Yb_Yag10_2026-09-22_15-18-40,15.4,15.5,0.00034857,0.14755,0.00236238563199,0.00171471,0.1493,0.011484996651,0.205693192935,0.99354406912
YbYag10,Yb_Yag10_2026-09-22_13-49-32,Yb_Yag10_2026-09-22_15-18-40,15.5,15.5,0.000350507,0.14755,0.00237551338529,0.00172544,0.14945,0.0115452659752,0.205756488451,0.993849800602
YbYag10,Yb_Yag10_2026-09-22_13-49-32,Yb_Yag10_2026-09-22_15-18-40,15.6,15.5,0.000343056,0.14755,0.00232501524907,0.00171495,0.1491,0.0115020120724,0.202139872088,0.976380735698
YbYag10,Yb_Yag10_2026-09-22_13-49-32,Yb_Yag10_2026-09-22_15-18-40,15.7,15.5,0.000351192,0.14745,0.00238177009156,0.00172735,0.14925,0.0115735343384,0.205794532761,0.994033563116
YbYag10,Yb_Yag10_2026-09-22_13-49-32,Yb_Yag10_2026-09-22_15-18-40,15.8,15.5,0.000346394,0.1475,0.00234843389831,0.00172091,0.1491,0.0115419852448,0.203468800947,0.982799758941
YbYag10,Yb_Yag10_2026-09-22_13-49-32,Yb_Yag10_2026-09-22_15-18-40,15.9,15.5,0.00035,0.14755,0.00237207726195,0.00170518,0.149,0.0114441610738,0.207274019184,1.00117981302
YbYag10,Yb_Yag10_2026-09-22_13-49-32,Yb_Yag10_2026-09-22_15-18-40,16,15.5,0.000351312,0.14755,0.002380969163,0.00171161,0.1492,0.0114719168901,0.207547630079,1.00250141476
YbYag10,Yb_Yag10_2026-09-22_13-49-32,Yb_Yag10_2026-09-22_15-18-40,16.1,15.5,0.000339391,0.1475,0.0023009559322,0.00169278,0.1493,0.0113381111855,0.202939968973,0.980245382377
YbYag10,Yb_Yag10_2026-09-22_13-49-32,Yb_Yag10_2026-09-22_15-18-40,16.2,15.5,0.00034404,0.14755,0.00233168417486,0.00166918,0.1491,0.011195036888,0.208278382482,1.00603111211
YbYag10,Yb_Yag10_2026-09-22_13-49-32,Yb_Yag10_2026-09-22_15-18-40,16.3,15.5,0.000346037,0.1476,0.00234442411924,0.00168253,0.1493,0.0112694574682,0.208033450222,1.00484803458
YbYag10,Yb_Yag10_2026-09-22_13-49-32,Yb_Yag10_2026-09-22_15-18-40,16.4,15.5,0.00032595,0.14755,0.00220908166723,0.00155307,0.1492,0.0104093163539,0.21222158998,1.02507768515
YbYag10,Yb_Yag10_2026-09-22_13-49-32,Yb_Yag10_2026-09-22_15-18-40,16.5,15.5,0.000347706,0.1474,0.00235892808684,0.00163723,0.14915,0.0109770700637,0.214895967061,1.03799552385
YbYag10,Yb_Yag10_2026-09-22_13-49-32,Yb_Yag10_2026-09-22_15-18-40,16.6,15.5,0.000357123,0.1474,0.00242281546811,0.0017376,0.14955,0.0116188565697,0.208524432123,1.00721958683
YbYag10,Yb_Yag10_2026-09-22_13-49-32,Yb_Yag10_2026-09-22_15-18-40,16.7,15.5,0.000353308,0.14745,0.00239612071889,0.00172902,0.14915,0.0115924907811,0.20669593482,0.998387536415
YbYag10,Yb_Yag10_2026-09-22_13-49-32,Yb_Yag10_2026-09-22_15-18-40,16.8,15.5,0.000364693,0.14755,0.0024716570654,0.00174428,0.1494,0.0116752342704,0.211700853975,1.02256241392
YbYag10,Yb_Yag10_2026-09-22_13-49-32,Yb_Yag10_2026-09-22_15-18-40,16.9,15.5,0.000369253,0.14755,0.00250256184344,0.00174499,0.1493,0.011687809779,0.214117263265,1.03423421056
YbYag10,Yb_Yag10_2026-09-22_13-49-32,Yb_Yag10_2026-09-22_15-18-40,17,15.5,0.000363799,0.1476,0.00246476287263,0.00173617,0.1493,0.0116287340924,0.211954530308,1.02378772727
YbYag10,Yb_Yag10_2026-09-22_13-49-32,Yb_Yag10_2026-09-22_15-18-40,17.1,15.5,0.000362011,0.14755,0.00245348017621,0.00174332,0.1495,0.0116610033445,0.210400434999,1.01628109978
YbYag10,Yb_Yag10_2026-09-22_13-49-32,Yb_Yag10_2026-09-22_15-18-40,17.2,15.5,0.000369074,0.1476,0.00250050135501,0.00175072,0.14945,0.0117144195383,0.213454994235,1.03103530321
YbYag10,Yb_Yag10_2026-09-22_13-49-32,Yb_Yag10_2026-09-22_15-18-40,17.3,15.5,0.000364335,0.1476,0.00246839430894,0.00174785,0.14925,0.0117108877722,0.21077772727,1.01810350573
YbYag10,Yb_Yag10_2026-09-22_13-49-32,Yb_Yag10_2026-09-22_15-18-40,17.4,15.5,0.000363441,0.1477,0.00246067027759,0.0017531,0.14925,0.0117460636516,0.209488927574,1.01187831531
YbYag10,Yb_Yag10_2026-09-22_13-49-32,Yb_Yag10_2026-09-22_15-18-40,17.5,15.5,0.000364633,0.14775,0.00246790524535,0.00175739,0.1489,0.0118024848892,0.209100479138,1.01000202259
YbYag10,Yb_Yag10_2026-09-22_13-49-32,Yb_Yag10_2026-09-22_15-18-40,17.6,15.5,0.00037569,0.14775,0.00254274111675,0.00174523,0.1486,0.0117444818304,0.216505176939,1.04576836702
YbYag10,Yb_Yag10_2026-09-22_13-49-32,Yb_Yag10_2026-09-22_15-18-40,17.7,15.5,0.000370206,0.14755,0.00250902067096,0.00174642,0.1484,0.011768328841,0.213201101436,1.02980894428
YbYag10,Yb_Yag10_2026-09-22_13-49-32,Yb_Yag10_2026-09-22_15-18-40,17.8,15.5,0.000376465,0.1478,0.00254712449256,0.00176955,0.1484,0.0119241913747,0.21360983001,1.03178319459
YbYag10,Yb_Yag10_2026-09-22_13-49-32,Yb_Yag10_2026-09-22_15-18-40,17.9,15.5,0.000359239,0.14775,0.00243139763113,0.00167228,0.1478,0.0113144790257,0.214892583707,1.03797918149
YbYag10,Yb_Yag10_2026-09-22_13-49-32,Yb_Yag10_2026-09-22_15-18-40,18,15.5,0.00036064,0.14765,0.00244253301727,0.00167371,0.14775,0.0113279864636,0.215619344631,1.04148959909
YbYag10,Yb_Yag10_2026-09-22_13-49-32,Yb_Yag10_2026-09-22_15-18-40,18.1,15.5,0.000378938,0.14745,0.00256994235334,0.00174607,0.1478,0.0118137347767,0.217538517828,1.05075963434
YbYag10,Yb_Yag10_2026-09-22_13-49-32,Yb_Yag10_2026-09-22_15-18-40,18.2,15.5,0.000366719,0.14755,0.00248538800407,0.00171102,0.1474,0.0116080054274,0.214109824432,1.03419827934
YbYag10,Yb_Yag10_2026-09-22_13-49-32,Yb_Yag10_2026-09-22_15-18-40,18.3,15.5,0.000349911,0.14755,0.00237147407658,0.00164653,0.1475,0.0111629152542,0.212442182224,1.02614319496
YbYag10,Yb_Yag10_2026-09-22_13-49-32,Yb_Yag10_2026-09-22_15-18-40,18.4,15.5,0.000305118,0.14755,0.0020678956286,0.00139678,0.1471,0.00949544527532,0.217777636397,1.05191463044
YbYag10,Yb_Yag10_2026-09-22_13-49-32,Yb_Yag10_2026-09-22_15-18-40,14.8,15.6,0.000297787,0.147,0.00202576190476,0.00156213,0.14885,0.0104946590527,0.1930278911,0.932367832116
YbYag10,Yb_Yag10_2026-09-22_13-49-32,Yb_Yag10_2026-09-22_15-18-40,14.9,15.6,0.000332596,0.1471,0.00226101971448,0.00167168,0.1491,0.0112118041583,0.20166421769,0.974083218706
YbYag10,Yb_Yag10_2026-09-22_13-49-32,Yb_Yag10_2026-09-22_15-18-40,15,15.6,0.000337692,0.1472,0.00229410326087,0.00170029,0.1492,0.0113960455764,0.201306957356,0.972357571486
YbYag10,Yb_Yag10_2026-09-22_13-49-32,Yb_Yag10_2026-09-22_15-18-40,15.1,15.6,0.000338675,0.14715,0.00230156303092,0.00171674,0.14945,0.0114870525259,0.200361496192,0.967790782869
YbYag10,Yb_Yag10_2026-09-22_13-49-32,Yb_Yag10_2026-09-22_15-18-40,15.2,15.6,0.000353159,0.1473,0.00239754921928,0.00171018,0.1493,0.0114546550569,0.209307849723,1.01100366884
YbYag10,Yb_Yag10_2026-09-22_13-49-32,Yb_Yag10_2026-09-22_15-18-40,15.3,15.6,0.000346066,0.14705,0.0023533900034,0.00172139,0.14945,0.0115181666109,0.204319843852,0.986910486275
YbYag10,Yb_Yag10_2026-09-22_13-49-32,Yb_Yag10_2026-09-22_15-18-40,15.4,15.6,0.000348212,0.1472,0.00236557065217,0.00171376,0.14935,0.01147479076,0.206153706995,0.995768454901
YbYag10,Yb_Yag10_2026-09-22_13-49-32,Yb_Yag10_2026-09-22_15-18-40,15.5,15.6,0.000349106,0.1473,0.00237003394433,0.00171853,0.1494,0.0115028781794,0.206038341654,0.995211214532
YbYag10,Yb_Yag10_2026-09-22_13-49-32,Yb_Yag10_2026-09-22_15-18-40,15.6,15.6,0.000346335,0.14735,0.00235042416016,0.00171901,0.1493,0.0115137977227,0.204139782265,0.98604074859
YbYag10,Yb_Yag10_2026-09-22_13-49-32,Yb_Yag10_2026-09-22_15-18-40,15.7,15.6,0.000351908,0.14725,0.00238986757216,0.00171805,0.14925,0.0115112227806,0.207611964229,1.00281216308
YbYag10,Yb_Yag10_2026-09-22_13-49-32,Yb_Yag10_2026-09-22_15-18-40,15.8,15.6,0.00034252,0.1471,0.00232848402447,0.00171448,0.14925,0.0114873031826,0.202700667638,0.979089503472
YbYag10,Yb_Yag10_2026-09-22_13-49-32,Yb_Yag10_2026-09-22_15-18-40,15.9,15.6,0.000343921,0.1472,0.00233641983696,0.0016985,0.14905,0.0113955048641,0.205029953901,0.990340476432
YbYag10,Yb_Yag10_2026-09-22_13-49-32,Yb_Yag10_2026-09-22_15-18-40,16,15.6,0.00034559,0.14715,0.00234855589534,0.00169206,0.14895,0.0113599194361,0.206740541476,0.998602996527
YbYag10,Yb_Yag10_2026-09-22_13-49-32,Yb_Yag10_2026-09-22_15-18-40,16.1,15.6,0.000341805,0.14725,0.00232125636672,0.00167323,0.14895,0.0112335011749,0.206636945203,0.998102603391
YbYag10,Yb_Yag10_2026-09-22_13-49-32,Yb_Yag10_2026-09-22_15-18-40,16.2,15.6,0.000346811,0.14725,0.00235525297114,0.00168634,0.14915,0.0113063359035,0.208312665681,1.00619670761
YbYag10,Yb_Yag10_2026-09-22_13-49-32,Yb_Yag10_2026-09-22_15-18-40,16.3,15.6,0.000325443,0.14715,0.00221164118247,0.00158573,0.14905,0.0106389131164,0.20788224871,1.0041176975
YbYag10,Yb_Yag10_2026-09-22_13-49-32,Yb_Yag10_2026-09-22_15-18-40,16.4,15.6,0.000336977,0.1474,0.00228613975577,0.00158978,0.149,0.0106696644295,0.214265384903,1.03494967116
YbYag10,Yb_Yag10_2026-09-22_13-49-32,Yb_Yag10_2026-09-22_15-18-40,16.5,15.6,0.00035307,0.1472,0.00239857336957,0.00170041,0.14935,0.0113854034148,0.210670916276,1.01758758477
YbYag10,Yb_Yag10_2026-09-22_13-49-32,Yb_Yag10_2026-09-22_15-18-40,16.6,15.6,0.00036362,0.14725,0.0024694057725,0.00172067,0.14915,0.0115365068723,0.214051428204,1.03391621251
YbYag10,Yb_Yag10_2026-09-22_13-49-32,Yb_Yag10_2026-09-22_15-18-40,16.7,15.6,0.000366392,0.14735,0.00248654224635,0.00174309,0.1494,0.0116672690763,0.213121188008,1.02942294457
YbYag10,Yb_Yag10_2026-09-22_13-49-32,Yb_Yag10_2026-09-22_15-18-40,16.8,15.6,0.000362637,0.14715,0.00246440366972,0.00174571,0.14945,0.0116808966209,0.2109772691,1.01906733734
YbYag10,Yb_Yag10_2026-09-22_13-49-32,Yb_Yag10_2026-09-22_15-18-40,16.9,15.6,0.00035903,0.14715,0.00243989126741,0.00172544,0.1492,0.0115646112601,0.2109790993,1.01907617762
YbYag10,Yb_Yag10_2026-09-22_13-49-32,Yb_Yag10_2026-09-22_15-18-40,17,15.6,0.000355752,0.147,0.00242008163265,0.00173951,0.1495,0.0116355183946,0.207990873339,1.00464237872
YbYag10,Yb_Yag10_2026-09-22_13-49-32,Yb_Yag10_2026-09-22_15-18-40,17.1,15.6,0.000362517,0.14715,0.00246358817533,0.00173546,0.1494,0.0116161981258,0.212082141562,1.02440411814
YbYag10,Yb_Yag10_2026-09-22_13-49-32,Yb_Yag10_2026-09-22_15-18-40,17.2,15.6,0.000367673,0.147,0.00250117687075,0.00174094,0.1495,0.011645083612,0.214783934069,1.03745437947
YbYag10,Yb_Yag10_2026-09-22_13-49-32,Yb_Yag10_2026-09-22_15-18-40,17.3,15.6,0.000372829,0.14725,0.00253194567063,0.00175119,0.1495,0.0117136454849,0.216153517186,1.04406977185
YbYag10,Yb_Yag10_2026-09-22_13-49-32,Yb_Yag10_2026-09-22_15-18-40,17.4,15.6,0.000370534,0.1474,0.00251379918589,0.00175954,0.1495,0.0117694983278,0.213585924895,1.03166772755
YbYag10,Yb_Yag10_2026-09-22_13-49-32,Yb_Yag10_2026-09-22_15-18-40,17.5,15.6,0.000368567,0.14735,0.00250130302002,0.00175691,0.1495,0.0117519063545,0.212842320605,1.02807595272
YbYag10,Yb_Yag10_2026-09-22_13-49-32,Yb_Yag10_2026-09-22_15-18-40,17.6,15.6,0.000370266,0.14725,0.00251453989813,0.00173999,0.14875,0.0116974117647,0.214965493967,1.03833135433
YbYag10,Yb_Yag10_2026-09-22_13-49-32,Yb_Yag10_2026-09-22_15-18-40,17.7,15.6,0.000368508,0.14735,0.00250090261283,0.00175882,0.14865,0.011831954255,0.211368516048,1.0209571475
YbYag10,Yb_Yag10_2026-09-22_13-49-32,Yb_Yag10_2026-09-22_15-18-40,17.8,15.6,0.000375153,0.14725,0.00254772835314,0.00174833,0.14825,0.0117931197302,0.216035146884,1.04349801686
YbYag10,Yb_Yag10_2026-09-22_13-49-32,Yb_Yag10_2026-09-22_15-18-40,17.9,15.6,0.000364127,0.1472,0.0024736888587,0.00174046,0.14805,0.0117558932793,0.210421173443,1.0163812711
YbYag10,Yb_Yag10_2026-09-22_13-49-32,Yb_Yag10_2026-09-22_15-18-40,18,15.6,0.000364216,0.1472,0.00247429347826,0.00172354,0.14785,0.0116573554278,0.21225169753,1.02522311134
YbYag10,Yb_Yag10_2026-09-22_13-49-32,Yb_Yag10_2026-09-22_15-18-40,18.1,15.6,0.000379236,0.14715,0.0025772069317,0.00175143,0.1477,0.0118580230196,0.217338668296,1.04979431645
YbYag10,Yb_Yag10_2026-09-22_13-49-32,Yb_Yag10_2026-09-22_15-18-40,18.2,15.6,0.00037566,0.14715,0.00255290519878,0.00173951,0.1476,0.011785298103,0.216617787388,1.04631230064
YbYag10,Yb_Yag10_2026-09-22_13-49-32,Yb_Yag10_2026-09-22_15-18-40,18.3,15.6,0.000358226,0.1472,0.00243360054348,0.00169469,0.1475,0.0114894237288,0.211812237143,1.0231004195
YbYag10,Yb_Yag10_2026-09-22_13-49-32,Yb_Yag10_2026-09-22_15-18-40,18.4,15.6,0.000332447,0.1472,0.00225847146739,0.00158621,0.14735,0.0107649134713,0.209799314543,1.0133775537
YbYag10,Yb_Yag10_2026-09-22_13-49-32,Yb_Yag10_2026-09-22_15-18-40,18.5,15.6,0.000262382,0.14705,0.00178430465828,0.00121046,0.1471,0.0082288239293,0.216835926204,1.04736595985
YbYag10,Yb_Yag10_2026-09-22_13-49-32,Yb_Yag10_2026-09-22_15-18-40,14.7,15.7,0.000257464,0.14715,0.00174967040435,0.00138164,0.14865,0.00929458459469,0.188246218701,0.90927128631
YbYag10,Yb_Yag10_2026-09-22_13-49-32,Yb_Yag10_2026-09-22_15-18-40,14.8,15.7,0.000313373,0.1469,0.00213324029952,0.00166155,0.149,0.0111513422819,0.191298970617,0.924016759977
YbYag10,Yb_Yag10_2026-09-22_13-49-32,Yb_Yag10_2026-09-22_15-18-40,14.9,15.7,0.000338735,0.147,0.00230431972789,0.00169636,0.149,0.011384966443,0.202400221329,0.97763828069
YbYag10,Yb_Yag10_2026-09-22_13-49-32,Yb_Yag10_2026-09-22_15-18-40,15,15.7,0.000341149,0.147,0.0023207414966,0.00171734,0.14915,0.0115141803553,0.201555076001,0.973556039967
YbYag10,Yb_Yag10_2026-09-22_13-49-32,Yb_Yag10_2026-09-22_15-18-40,15.1,15.7,0.000342729,0.14705,0.00233069704182,0.00171304,0.14925,0.0114776549414,0.203063870949,0.980843856598
YbYag10,Yb_Yag10_2026-09-22_13-49-32,Yb_Yag10_2026-09-22_15-18-40,15.2,15.7,0.000338884,0.1471,0.00230376614548,0.00171901,0.1492,0.0115215147453,0.199953408593,0.965819628611
YbYag10,Yb_Yag10_2026-09-22_13-49-32,Yb_Yag10_2026-09-22_15-18-40,15.3,15.7,0.000352712,0.14705,0.00239858551513,0.00171567,0.1492,0.0114991286863,0.208588457488,1.00752884365
YbYag10,Yb_Yag10_2026-09-22_13-49-32,Yb_Yag10_2026-09-22_15-18-40,15.4,15.7,0.000345143,0.14715,0.00234551817873,0.00171734,0.1492,0.0115103217158,0.203775205997,0.984279763776
YbYag10,Yb_Yag10_2026-09-22_13-49-32,Yb_Yag10_2026-09-22_15-18-40,15.5,15.7,0.000341566,0.14705,0.00232278816729,0.00172735,0.1493,0.0115696584059,0.200765492446,0.96974217502
YbYag10,Yb_Yag10_2026-09-22_13-49-32,Yb_Yag10_2026-09-22_15-18-40,15.6,15.7,0.000346513,0.1471,0.00235562882393,0.00170756,0.14905,0.0114562898356,0.205618822301,0.993184842344
YbYag10,Yb_Yag10_2026-09-22_13-49-32,Yb_Yag10_2026-09-22_15-18-40,15.7,15.7,0.000342729,0.147,0.00233148979592,0.00170971,0.1491,0.0114668678739,0.203324030726,0.982100486432
YbYag10,Yb_Yag10_2026-09-22_13-49-32,Yb_Yag10_2026-09-22_15-18-40,15.8,15.7,0.000345172,0.1471,0.00234651257648,0.0016904,0.14885,0.0113563990595,0.206624702442,0.998043468117
YbYag10,Yb_Yag10_2026-09-22_13-49-32,Yb_Yag10_2026-09-22_15-18-40,15.9,15.7,0.000341477,0.1471,0.00232139360979,0.00169922,0.14915,0.0113926919209,0.203761641753,0.984214245447
YbYag10,Yb_Yag10_2026-09-22_13-49-32,Yb_Yag10_2026-09-22_15-18-40,16,15.7,0.000343176,0.14715,0.00233215086646,0.00170136,0.1491,0.0114108651911,0.204379845647,0.98720030835
YbYag10,Yb_Yag10_2026-09-22_13-49-32,Yb_Yag10_2026-09-22_15-18-40,16.1,15.7,0.000347944,0.14715,0.00236455317703,0.00168682,0.149,0.0113209395973,0.208865452969,1.0088667937
YbYag10,Yb_Yag10_2026-09-22_13-49-32,Yb_Yag10_2026-09-22_15-18-40,16.2,15.7,0.000335069,0.14715,0.0022770574244,0.00164414,0.1491,0.0110270959088,0.206496564756,0.997424534471
YbYag10,Yb_Yag10_2026-09-22_13-49-32,Yb_Yag10_2026-09-22_15-18-40,16.3,15.7,0.000322761,0.1472,0.00219266983696,0.0015483,0.14925,0.0103738693467,0.211364705269,1.02093874058
YbYag10,Yb_Yag10_2026-09-22_13-49-32,Yb_Yag10_2026-09-22_15-18-40,16.4,15.7,0.00034851,0.1471,0.00236920462271,0.00166298,0.14915,0.011149715052,0.212490149897,1.02637488954
YbYag10,Yb_Yag10_2026-09-22_13-49-32,Yb_Yag10_2026-09-22_15-18-40,16.5,15.7,0.000352027,0.1472,0.00239148777174,0.00170518,0.149,0.0114441610738,0.208970125142,1.00937238368
YbYag10,Yb_Yag10_2026-09-22_13-49-32,Yb_Yag10_2026-09-22_15-18-40,16.6,15.7,0.000358345,0.14715,0.00243523615358,0.00173164,0.1492,0.0116061662198,0.209822615622,1.01349010312
YbYag10,Yb_Yag10_2026-09-22_13-49-32,Yb_Yag10_2026-09-22_15-18-40,16.7,15.7,0.000362219,0.14715,0.00246156303092,0.00173808,0.14925,0.0116454271357,0.211375933423,1.02099297508
YbYag10,Yb_Yag10_2026-09-22_13-49-32,Yb_Yag10_2026-09-22_15-18-40,16.8,15.7,0.000359954,0.14715,0.00244617057424,0.00174332,0.1492,0.0116844504021,0.209352643048,1.0112200306
YbYag10,Yb_Yag10_2026-09-22_13-49-32,Yb_Yag10_2026-09-22_15-18-40,16.9,15.7,0.000364037,0.14705,0.00247560013601,0.00172878,0.14915,0.0115908816628,0.213581693613,1.03164728951
YbYag10,Yb_Yag10_2026-09-22_13-49-32,Yb_Yag10_2026-09-22_15-18-40,17,15.7,0.000364454,0.14715,0.002476751614,0.00174118,0.1493,0.0116622906899,0.212372653011,1.02580735333
YbYag10,Yb_Yag10_2026-09-22_13-49-32,Yb_Yag10_2026-09-22_15-18-40,17.1,15.7,0.000359656,0.147,0.00244663945578,0.0017345,0.1493,0.0116175485599,0.210598599452,1.01723827836
YbYag10,Yb_Yag10_2026-09-22_13-49-32,Yb_Yag10_2026-09-22_15-18-40,17.2,15.7,0.000361921,0.14715,0.00245953788651,0.00171901,0.1493,0.0115137977227,0.213616562124,1.03181571221
YbYag10,Yb_Yag10_2026-09-22_13-49-32,Yb_Yag10_2026-09-22_15-18-40,17.3,15.7,0.000366511,0.1472,0.00248988451087,0.00174189,0.1494,0.0116592369478,0.213554671032,1.03151676441
YbYag10,Yb_Yag10_2026-09-22_13-49-32,Yb_Yag10_2026-09-22_15-18-40,17.4,15.7,0.000368627,0.1472,0.00250425951087,0.00173736,0.14925,0.0116406030151,0.215131424688,1.03913283678
YbYag10,Yb_Yag10_2026-09-22_13-49-32,Yb_Yag10_2026-09-22_15-18-40,17.5,15.7,0.000374706,0.1472,0.00254555706522,0.00174666,0.1491,0.0117146881288,0.217296187251,1.04958912351
YbYag10,Yb_Yag10_2026-09-22_13-49-32,Yb_Yag10_2026-09-22_15-18-40,17.6,15.7,0.000373604,0.14735,0.00253548693587,0.00176597,0.14895,0.0118561262169,0.213854583654,1.03296540937
YbYag10,Yb_Yag10_2026-09-22_13-49-32,Yb_Yag10_2026-09-22_15-18-40,17.7,15.7,0.000375392,0.1471,0.0025519510537,0.00176812,0.14875,0.0118865210084,0.214692848471,1.03701441568
YbYag10,Yb_Yag10_2026-09-22_13-49-32,Yb_Yag10_2026-09-22_15-18-40,17.8,15.7,0.000374647,0.1472,0.00254515625,0.00177098,0.1484,0.0119338274933,0.213272418378,1.03015342104
YbYag10,Yb_Yag10_2026-09-22_13-49-32,Yb_Yag10_2026-09-22_15-18-40,17.9,15.7,0.000377776,0.14725,0.00256554159593,0.00177909,0.14805,0.0120168186424,0.213495907051,1.03123292125
YbYag10,Yb_Yag10_2026-09-22_13-49-32,Yb_Yag10_2026-09-22_15-18-40,18,15.7,0.000377806,0.1472,0.00256661684783,0.00177217,0.14795,0.0119781683001,0.214274568826,1.03499403156
YbYag10,Yb_Yag10_2026-09-22_13-49-32,Yb_Yag10_2026-09-22_15-18-40,18.1,15.7,0.000379952,0.1472,0.00258119565217,0.0017705,0.1477,0.0119871360867,0.215330470389,1.04009427198
YbYag10,Yb_Yag10_2026-09-22_13-49-32,Yb_Yag10_2026-09-22_15-18-40,18.2,15.7,0.000377985,0.14725,0.00256696095076,0.00176478,0.1476,0.011956504065,0.214691596875,1.03700837019
YbYag10,Yb_Yag10_2026-09-22_13-49-32,Yb_Yag10_2026-09-22_15-18-40,18.3,15.7,0.000361891,0.1472,0.0024584986413,0.00171281,0.14745,0.0116162088844,0.211643804426,1.02228685186
YbYag10,Yb_Yag10_2026-09-22_13-49-32,Yb_Yag10_2026-09-22_15-18-40,18.4,15.7,0.0003545,0.1472,0.00240828804348,0.0016569,0.1473,0.0112484725051,0.214099118115,1.03414656543
YbYag10,Yb_Yag10_2026-09-22_13-49-32,Yb_Yag10_2026-09-22_15-18-40,18.5,15.7,0.000316979,0.14715,0.00215412164458,0.00147427,0.1472,0.0100154211957,0.215080484634,1.03888678494
YbYag10,Yb_Yag10_2026-09-22_13-49-32,Yb_Yag10_2026-09-22_15-18-40,14.7,15.8,0.000294002,0.147,0.00200001360544,0.00158001,0.14875,0.0106219159664,0.188291228416,0.909488693284
YbYag10,Yb_Yag10_2026-09-22_13-49-32,Yb_Yag10_2026-09-22_15-18-40,14.8,15.8,0.000326963,0.1472,0.00222121603261,0.00167383,0.1489,0.0112413028878,0.197594180566,0.954424030242
YbYag10,Yb_Yag10_2026-09-22_13-49-32,Yb_Yag10_2026-09-22_15-18-40,14.9,15.8,0.000339689,0.14705,0.00231002380143,0.00170232,0.149,0.011424966443,0.20219086095,0.976627023289
YbYag10,Yb_Yag10_2026-09-22_13-49-32,Yb_Yag10_2026-09-22_15-18-40,15,15.8,0.000338646,0.147,0.00230371428571,0.00171483,0.14925,0.0114896482412,0.20050346515,0.968476524649
YbYag10,Yb_Yag10_2026-09-22_13-49-32,Yb_Yag10_2026-09-22_15-18-40,15.1,15.8,0.000339599,0.147,0.00231019727891,0.0017295,0.1493,0.0115840589417,0.199428998984,0.963286613055
YbYag10,Yb_Yag10_2026-09-22_13-49-32,Yb_Yag10_2026-09-22_15-18-40,15.2,15.8,0.000342818,0.14705,0.00233130227814,0.00172187,0.14925,0.0115368174204,0.202074991151,0.97606734628
YbYag10,Yb_Yag10_2026-09-22_13-49-32,Yb_Yag10_2026-09-22_15-18-40,15.3,15.8,0.000342609,0.1472,0.00232750679348,0.00172568,0.1493,0.0115584728734,0.201368019718,0.972652516336
YbYag10,Yb_Yag10_2026-09-22_13-49-32,Yb_Yag10_2026-09-22_15-18-40,15.4,15.8,0.000348659,0.14735,0.00236619613166,0.00172139,0.14925,0.01153360134,0.205156746961,0.990952915237
YbYag10,Yb_Yag10_2026-09-22_13-49-32,Yb_Yag10_2026-09-22_15-18-40,15.5,15.8,0.000346603,0.14715,0.00235544002718,0.00172473,0.14915,0.0115637277908,0.203692102563,0.983878355628
YbYag10,Yb_Yag10_2026-09-22_13-49-32,Yb_Yag10_2026-09-22_15-18-40,15.6,15.8,0.000343712,0.1472,0.002335,0.0017252,0.1492,0.011563002681,0.201937166705,0.975401623417
YbYag10,Yb_Yag10_2026-09-22_13-49-32,Yb_Yag10_2026-09-22_15-18-40,15.7,15.8,0.000350537,0.14725,0.00238055687606,0.00172401,0.1492,0.0115550268097,0.206019156447,0.995118545698
YbYag10,Yb_Yag10_2026-09-22_13-49-32,Yb_Yag10_2026-09-22_15-18-40,15.8,15.8,0.000350805,0.147,0.00238642857143,0.00172234,0.14935,0.0115322397054,0.206935394372,0.999544179542
YbYag10,Yb_Yag10_2026-09-22_13-49-32,Yb_Yag10_2026-09-22_15-18-40,15.9,15.8,0.000348123,0.1471,0.00236657375935,0.00172497,0.1493,0.0115537173476,0.20483223608,0.989385455195
YbYag10,Yb_Yag10_2026-09-22_13-49-32,Yb_Yag10_2026-09-22_15-18-40,16,15.8,0.000338586,0.147,0.00230330612245,0.00171567,0.14925,0.0114952763819,0.20036979068,0.967830847101
YbYag10,Yb_Yag10_2026-09-22_13-49-32,Yb_Yag10_2026-09-22_15-18-40,16.1,15.8,0.000356289,0.1472,0.00242044157609,0.00173116,0.14935,0.0115912956143,0.208815447093,1.00862525415
YbYag10,Yb_Yag10_2026-09-22_13-49-32,Yb_Yag10_2026-09-22_15-18-40,16.2,15.8,0.00033492,0.1473,0.00227372708758,0.0016923,0.1494,0.0113273092369,0.200729673749,0.969569162715
YbYag10,Yb_Yag10_2026-09-22_13-49-32,Yb_Yag10_2026-09-22_15-18-40,16.3,15.8,0.000341089,0.14715,0.0023179680598,0.00167537,0.1494,0.0112139892905,0.206703252496,0.998422882425
YbYag10,Yb_Yag10_2026-09-22_13-49-32,Yb_Yag10_2026-09-22_15-18-40,16.4,15.8,0.000355365,0.1472,0.00241416440217,0.00172592,0.1493,0.0115600803751,0.208836299043,1.00872597372
YbYag10,Yb_Yag10_2026-09-22_13-49-32,Yb_Yag10_2026-09-22_15-18-40,16.5,15.8,0.000350418,0.1473,0.00237894093686,0.00174785,0.1493,0.0117069658406,0.203207301469,0.981536658049
YbYag10,Yb_Yag10_2026-09-22_13-49-32,Yb_Yag10_2026-09-22_15-18-40,16.6,15.8,0.000358613,0.14695,0.00244037427696,0.00174237,0.14915,0.0116819979886,0.208900419204,1.00903568842
YbYag10,Yb_Yag10_2026-09-22_13-49-32,Yb_Yag10_2026-09-22_15-18-40,16.7,15.8,0.00036067,0.14695,0.00245437223545,0.00173617,0.14915,0.0116404290982,0.2108489485,1.01844752018
YbYag10,Yb_Yag10_2026-09-22_13-49-32,Yb_Yag10_2026-09-22_15-18-40,16.8,15.8,0.000361534,0.1472,0.00245607336957,0.00175381,0.1491,0.0117626425218,0.208802857438,1.0085644433
YbYag10,Yb_Yag10_2026-09-22_13-49-32,Yb_Yag10_2026-09-22_15-18-40,16.9,15.8,0.000360997,0.14715,0.00245325857968,0.00174905,0.1493,0.011715003349,0.209411684026,1.01150521172
YbYag10,Yb_Yag10_2026-09-22_13-49-32,Yb_Yag10_2026-09-22_15-18-40,17,15.8,0.000362815,0.14725,0.00246393887946,0.00174666,0.14935,0.0116950786743,0.210681684842,1.01763959935
YbYag10,Yb_Yag10_2026-09-22_13-49-32,Yb_Yag10_2026-09-22_15-18-40,17.1,15.8,0.000370206,0.14715,0.00251584097859,0.00175119,0.1492,0.0117371983914,0.214347657311,1.03534706527
YbYag10,Yb_Yag10_2026-09-22_13-49-32,Yb_Yag10_2026-09-22_15-18-40,17.2,15.8,0.000362428,0.1471,0.00246382053025,0.00173665,0.1493,0.0116319490958,0.21181493402,1.02311344602
YbYag10,Yb_Yag10_2026-09-22_13-49-32,Yb_Yag10_2026-09-22_15-18-40,17.3,15.8,0.000368955,0.1473,0.00250478615071,0.00173832,0.14945,0.011631448645,0.215346018124,1.04016937101
YbYag10,Yb_Yag10_2026-09-22_13-49-32,Yb_Yag10_2026-09-22_15-18-40,17.4,15.8,0.000368627,0.1472,0.00250425951087,0.00175834,0.14935,0.0117732842317,0.212706961081,1.02742213599
YbYag10,Yb_Yag10_2026-09-22_13-49-32,Yb_Yag10_2026-09-22_15-18-40,17.5,15.8,0.00036809,0.14715,0.00250146109412,0.0017593,0.14915,0.011795507878,0.212068960488,1.02434045061
YbYag10,Yb_Yag10_2026-09-22_13-49-32,Yb_Yag10_2026-09-22_15-18-40,17.6,15.8,0.000373634,0.14735,0.00253569053275,0.00174785,0.1487,0.0117542030935,0.215726282129,1.0420061311
YbYag10,Yb_Yag10_2026-09-22_13-49-32,Yb_Yag10_2026-09-22_15-18-40,17.7,15.8,0.000375332,0.1474,0.00254635006784,0.00176407,0.14865,0.0118672721157,0.214569114369,1.03641675233
YbYag10,Yb_Yag10_2026-09-22_13-49-32,Yb_Yag10_2026-09-22_15-18-40,17.8,15.8,0.00037259,0.14725,0.00253032258065,0.00176836,0.14855,0.0119041400202,0.212558200454,1.02670358893
YbYag10,Yb_Yag10_2026-09-22_13-49-32,Yb_Yag10_2026-09-22_15-18-40,17.9,15.8,0.000378551,0.1472,0.00257167798913,0.00175739,0.148,0.0118742567568,0.216575912228,1.04611003426
YbYag10,Yb_Yag10_2026-09-22_13-49-32,Yb_Yag10_2026-09-22_15-18-40,18,15.8,0.000379087,0.1473,0.00257357094365,0.00176812,0.148,0.0119467567568,0.215420050482,1.04052696384
YbYag10,Yb_Yag10_2026-09-22_13-49-32,Yb_Yag10_2026-09-22_15-18-40,18.1,15.8,0.000381591,0.1472,0.00259233016304,0.00176311,0.1476,0.0119451897019,0.217018752128,1.0482490499
YbYag10,Yb_Yag10_2026-09-22_13-49-32,Yb_Yag10_2026-09-22_15-18-40,18.2,15.8,0.00038323,0.14725,0.00260258064516,0.0017686,0.1475,0.0119905084746,0.217053401086,1.04841641211
YbYag10,Yb_Yag10_2026-09-22_13-49-32,Yb_Yag10_2026-09-22_15-18-40,18.3,15.8,0.000374975,0.1473,0.00254565512559,0.00173689,0.1473,0.0117915139172,0.215888743673,1.04279085664
YbYag10,Yb_Yag10_2026-09-22_13-49-32,Yb_Yag10_2026-09-22_15-18-40,18.4,15.8,0.000361534,0.14715,0.00245690791709,0.00169063,0.1473,0.011477460964,0.214063713638,1.0339755539
YbYag10,Yb_Yag10_2026-09-22_13-49-32,Yb_Yag10_2026-09-22_15-18-40,18.5,15.8,0.000342043,0.14715,0.00232445124023,0.00158335,0.14705,0.0107674260456,0.215878078046,1.04273933928
YbYag10,Yb_Yag10_2026-09-22_13-49-32,Yb_Yag10_2026-09-22_15-18-40,18.6,15.8,0.000259819,0.14715,0.00176567448182,0.00117088,0.14705,0.0079624617477,0.221749822827,1.07110117819
YbYag10,Yb_Yag10_2026-09-22_13-49-32,Yb_Yag10_2026-09-22_15-18-40,14.6,15.9,0.000227929,0.1469,0.00155159292035,0.00127769,0.14835,0.0086126727334,0.180152313733,0.870175917318
YbYag10,Yb_Yag10_2026-09-22_13-49-32,Yb_Yag10_2026-09-22_15-18-40,14.7,15.9,0.00031239,0.14695,0.00212582511058,0.00160504,0.14835,0.0108192787327,0.196484919476,0.949066051391
YbYag10,Yb_Yag10_2026-09-22_13-49-32,Yb_Yag10_2026-09-22_15-18-40,14.8,15.9,0.000334146,0.147,0.00227310204082,0.00168372,0.1487,0.011322932078,0.200752068913,0.969677336359
YbYag10,Yb_Yag10_2026-09-22_13-49-32,Yb_Yag10_2026-09-22_15-18-40,14.9,15.9,0.000343265,0.14705,0.00233434206052,0.00169636,0.1488,0.0114002688172,0.204762019032,0.989046291167
YbYag10,Yb_Yag10_2026-09-22_13-49-32,Yb_Yag10_2026-09-22_15-18-40,15,15.9,0.000344278,0.14695,0.00234282408983,0.00169802,0.1489,0.0114037609134,0.205443108429,0.992336105094
YbYag10,Yb_Yag10_2026-09-22_13-49-32,Yb_Yag10_2026-09-22_15-18-40,15.1,15.9,0.000341328,0.14715,0.0023195922528,0.00171185,0.14895,0.011492782813,0.201830339139,0.974885622412
YbYag10,Yb_Yag10_2026-09-22_13-49-32,Yb_Yag10_2026-09-22_15-18-40,15.2,15.9,0.000344934,0.14695,0.00234728819326,0.00171114,0.149,0.0114841610738,0.204393527588,0.987266395178
YbYag10,Yb_Yag10_2026-09-22_13-49-32,Yb_Yag10_2026-09-22_15-18-40,15.3,15.9,0.000347825,0.14695,0.00236696155155,0.00170351,0.149,0.0114329530201,0.207029762773,1
YbYag10,Yb_Yag10_2026-09-22_13-49-32,Yb_Yag10_2026-09-22_15-18-40,15.4,15.9,0.000343563,0.1469,0.00233875425459,0.00170971,0.14895,0.0114784155757,0.203752359301,0.984169409132
YbYag10,Yb_Yag10_2026-09-22_13-49-32,Yb_Yag10_2026-09-22_15-18-40,15.5,15.9,0.00035,0.1471,0.00237933378654,0.00171734,0.14895,0.0115296408191,0.206366687729,0.996797199419
YbYag10,Yb_Yag10_2026-09-22_13-49-32,Yb_Yag10_2026-09-22_15-18-40,15.6,15.9,0.000348868,0.14715,0.00237083248386,0.00170899,0.1489,0.0114774345198,0.206564670857,0.997753502151
YbYag10,Yb_Yag10_2026-09-22_13-49-32,Yb_Yag10_2026-09-22_15-18-40,15.7,15.9,0.000345858,0.147,0.0023527755102,0.0017221,0.14895,0.0115615978516,0.203499165115,0.982946424656
YbYag10,Yb_Yag10_2026-09-22_13-49-32,Yb_Yag10_2026-09-22_15-18-40,15.8,15.9,0.000346275,0.1469,0.00235721579306,0.00171853,0.14885,0.0115453812563,0.204169593081,0.986184741487
YbYag10,Yb_Yag10_2026-09-22_13-49-32,Yb_Yag10_2026-09-22_15-18-40,15.9,15.9,0.000350537,0.147,0.00238460544218,0.00170851,0.1489,0.0114742108798,0.20782304484,1.00383172958
YbYag10,Yb_Yag10_2026-09-22_13-49-32,Yb_Yag10_2026-09-22_15-18-40,16,15.9,0.000345619,0.147,0.00235114965986,0.00172425,0.14905,0.0115682656827,0.203241326258,0.981701005381
YbYag10,Yb_Yag10_2026-09-22_13-49-32,Yb_Yag10_2026-09-22_15-18-40,16.1,15.9,0.000343354,0.14705,0.00233494729684,0.00170637,0.149,0.011452147651,0.203887285424,0.984821132445
YbYag10,Yb_Yag10_2026-09-22_13-49-32,Yb_Yag10_2026-09-22_15-18-40,16.2,15.9,0.000352861,0.1471,0.00239878314072,0.00167061,0.1491,0.0112046277666,0.214088606127,1.03409579018
YbYag10,Yb_Yag10_2026-09-22_13-49-32,Yb_Yag10_2026-09-22_15-18-40,16.3,15.9,0.00035304,0.14705,0.00240081604896,0.00169683,0.1492,0.0113728552279,0.211100554861,1.01966283511
YbYag10,Yb_Yag10_2026-09-22_13-49-32,Yb_Yag10_2026-09-22_15-18-40,16.4,15.9,0.000356795,0.14705,0.00242635158109,0.00173784,0.1491,0.0116555331992,0.20817165029,1.00551557178
YbYag10,Yb_Yag10_2026-09-22_13-49-32,Yb_Yag10_2026-09-22_15-18-40,16.5,15.9,0.000364305,0.1471,0.00247658055744,0.00172878,0.14905,0.0115986581684,0.213523023222,1.03136389842
YbYag10,Yb_Yag10_2026-09-22_13-49-32,Yb_Yag10_2026-09-22_15-18-40,16.6,15.9,0.000356706,0.147,0.00242657142857,0.00172425,0.1489,0.011579919409,0.209549940968,1.01217302363
YbYag10,Yb_Yag10_2026-09-22_13-49-32,Yb_Yag10_2026-09-22_15-18-40,16.7,15.9,0.000361355,0.147,0.00245819727891,0.00173164,0.149,0.0116217449664,0.211517055831,1.02167462783
YbYag10,Yb_Yag10_2026-09-22_13-49-32,Yb_Yag10_2026-09-22_15-18-40,16.8,15.9,0.0003666,0.14715,0.00249133537207,0.00173569,0.1491,0.0116411133467,0.214011778588,1.03372469601
YbYag10,Yb_Yag10_2026-09-22_13-49-32,Yb_Yag10_2026-09-22_15-18-40,16.9,15.9,0.000358107,0.147,0.00243610204082,0.0017326,0.1492,0.0116126005362,0.209780921442,1.01328871092
YbYag10,Yb_Yag10_2026-09-22_13-49-32,Yb_Yag10_2026-09-22_15-18-40,17,15.9,0.000361206,0.147,0.00245718367347,0.00173736,0.1491,0.0116523138833,0.210875170209,1.01857417689
YbYag10,Yb_Yag10_2026-09-22_13-49-32,Yb_Yag10_2026-09-22_15-18-40,17.1,15.9,0.000367852,0.1471,0.00250069340585,0.00173474,0.1491,0.011634741784,0.214933296525,1.03817583349
YbYag10,Yb_Yag10_2026-09-22_13-49-32,Yb_Yag10_2026-09-22_15-18-40,17.2,15.9,0.000364544,0.14715,0.00247736323479,0.00172687,0.1491,0.0115819584172,0.213898474295,1.03317741097
YbYag10,Yb_Yag10_2026-09-22_13-49-32,Yb_Yag10_2026-09-22_15-18-40,17.3,15.9,0.000361206,0.1471,0.00245551325629,0.00173617,0.1493,0.0116287340924,0.211159119882,1.01994571724
YbYag10,Yb_Yag10_2026-09-22_13-49-32,Yb_Yag10_2026-09-22_15-18-40,17.4,15.9,0.000365825,0.1471,0.00248691366417,0.00173212,0.14925,0.0116054941374,0.214287615394,1.0350570494
YbYag10,Yb_Yag10_2026-09-22_13-49-32,Yb_Yag10_2026-09-22_15-18-40,17.5,15.9,0.000364574,0.147,0.0024800952381,0.00174905,0.1492,0.0117228552279,0.211560681241,1.0218853483
YbYag10,Yb_Yag10_2026-09-22_13-49-32,Yb_Yag10_2026-09-22_15-18-40,17.6,15.9,0.000374677,0.1472,0.00254536005435,0.00172759,0.14855,0.0116296869741,0.218867460493,1.05717872426
YbYag10,Yb_Yag10_2026-09-22_13-49-32,Yb_Yag10_2026-09-22_15-18-40,17.7,15.9,0.000370355,0.1472,0.0025159986413,0.00173903,0.14865,0.011698822738,0.215064258827,1.03880841067
YbYag10,Yb_Yag10_2026-09-22_13-49-32,Yb_Yag10_2026-09-22_15-18-40,17.8,15.9,0.000370832,0.1471,0.00252095173351,0.00173951,0.1483,0.0117296695887,0.214920950198,1.03811619797
YbYag10,Yb_Yag10_2026-09-22_13-49-32,Yb_Yag10_2026-09-22_15-18-40,17.9,15.9,0.000363769,0.14715,0.00247209650017,0.00173069,0.1482,0.0116780701754,0.211687073552,1.0224958514
YbYag10,Yb_Yag10_2026-09-22_13-49-32,Yb_Yag10_2026-09-22_15-18-40,18,15.9,0.00036964,0.147,0.00251455782313,0.00172449,0.1479,0.0116598377282,0.21565976146,1.04168482141
YbYag10,Yb_Yag10_2026-09-22_13-49-32,Yb_Yag10_2026-09-22_15-18-40,18.1,15.9,0.000373604,0.147,0.00254152380952,0.00175,0.14775,0.0118443316413,0.214577224489,1.03645592602
YbYag10,Yb_Yag10_2026-09-22_13-49-32,Yb_Yag10_2026-09-22_15-18-40,18.2,15.9,0.000377359,0.147,0.00256706802721,0.00176264,0.14745,0.0119541539505,0.214742761206,1.03725550534
YbYag10,Yb_Yag10_2026-09-22_13-49-32,Yb_Yag10_2026-09-22_15-18-40,18.3,15.9,0.000374438,0.1472,0.00254373641304,0.00174917,0.1474,0.0118668249661,0.2143569506,1.03539195393
YbYag10,Yb_Yag10_2026-09-22_13-49-32,Yb_Yag10_2026-09-22_15-18-40,18.4,15.9,0.000369104,0.1471,0.00250920462271,0.00170851,0.1472,0.0116067255435,0.216185401585,1.04422378063
YbYag10,Yb_Yag10_2026-09-22_13-49-32,Yb_Yag10_2026-09-22_15-18-40,18.5,15.9,0.000350239,0.1471,0.00238095853161,0.00165153,0.1471,0.0112272603671,0.212069414422,1.02434264321
YbYag10,Yb_Yag10_2026-09-22_13-49-32,Yb_Yag10_2026-09-22_15-18-40,18.6,15.9,0.000306221,0.147,0.00208313605442,0.00143302,0.14695,0.0097517522967,0.213616588182,1.03181583807
YbYag10,Yb_Yag10_2026-09-22_13-49-32,Yb_Yag10_2026-09-22_15-18-40,14.6,16,0.000268461,0.14685,0.00182813074566,0.001472,0.1485,0.00991245791246,0.184427592208,0.890826467352
YbYag10,Yb_Yag10_2026-09-22_13-49-32,Yb_Yag10_2026-09-22_15-18-40,14.7,16,0.000319721,0.1469,0.00217645336964,0.00163937,0.14855,0.0110358128576,0.197217314005,0.952603680569
YbYag10,Yb_Yag10_2026-09-22_13-49-32,Yb_Yag10_2026-09-22_15-18-40,14.8,16,0.000334563,0.14685,0.00227826353422,0.0016712,0.14865,0.0112425159771,0.202647124439,0.978830877863
YbYag10,Yb_Yag10_2026-09-22_13-49-32,Yb_Yag10_2026-09-22_15-18-40,14.9,16,0.000341954,0.14695,0.0023270091868,0.00169898,0.1489,0.0114102081934,0.203940992781,0.985080550975
YbYag10,Yb_Yag10_2026-09-22_13-49-32,Yb_Yag10_2026-09-22_15-18-40,15,16,0.000344457,0.147,0.00234324489796,0.00169636,0.14895,0.011388788184,0.205750151825,0.993819193283
YbYag10,Yb_Yag10_2026-09-22_13-49-32,Yb_Yag10_2026-09-22_15-18-40,15.1,16,0.000340523,0.147,0.0023164829932,0.0017109,0.14895,0.0114864048338,0.201671717715,0.9741194455
YbYag10,Yb_Yag10_2026-09-22_13-49-32,Yb_Yag10_2026-09-22_15-18-40,15.2,16,0.00034553,0.14725,0.00234655348048,0.00171805,0.149,0.0115305369128,0.203507737604,0.982987831689
YbYag10,Yb_Yag10_2026-09-22_13-49-32,Yb_Yag10_2026-09-22_15-18-40,15.3,16,0.000345768,0.14705,0.00235136348181,0.00170685,0.1491,0.0114476861167,0.205400764647,0.992131575169
YbYag10,Yb_Yag10_2026-09-22_13-49-32,Yb_Yag10_2026-09-22_15-18-40,15.4,16,0.000345888,0.147,0.00235297959184,0.00170899,0.14895,0.0114735817388,0.205078034515,0.99057271654
YbYag10,Yb_Yag10_2026-09-22_13-49-32,Yb_Yag10_2026-09-22_15-18-40,15.5,16,0.000349494,0.147,0.00237751020408,0.00170804,0.1488,0.0114787634409,0.207122502029,1.00044795132
YbYag10,Yb_Yag10_2026-09-22_13-49-32,Yb_Yag10_2026-09-22_15-18-40,15.6,16,0.000350954,0.1471,0.00238581917063,0.00172187,0.1489,0.0115639355272,0.206315502626,0.996549963939
YbYag10,Yb_Yag10_2026-09-22_13-49-32,Yb_Yag10_2026-09-22_15-18-40,15.7,16,0.000346722,0.14705,0.00235785107106,0.00170542,0.1487,0.0114688634835,0.205587159918,0.993031905964
YbYag10,Yb_Yag10_2026-09-22_13-49-32,Yb_Yag10_2026-09-22_15-18-40,15.8,16,0.000352534,0.14705,0.0023973750425,0.00169946,0.14865,0.0114326269761,0.209695903445,1.012878055
YbYag10,Yb_Yag10_2026-09-22_13-49-32,Yb_Yag10_2026-09-22_15-18-40,15.9,16,0.000348272,0.1471,0.00236758667573,0.00170112,0.14885,0.0114284178703,0.207166617689,1.00066103981
YbYag10,Yb_Yag10_2026-09-22_13-49-32,Yb_Yag10_2026-09-22_15-18-40,16,16,0.000344219,0.14695,0.00234242259272,0.00169802,0.1488,0.0114114247312,0.205269950764,0.991499714892
YbYag10,Yb_Yag10_2026-09-22_13-49-32,Yb_Yag10_2026-09-22_15-18-40,16.1,16,0.000341358,0.14715,0.0023197961264,0.00167037,0.1488,0.0112256048387,0.206652216939,0.998176369286
YbYag10,Yb_Yag10_2026-09-22_13-49-32,Yb_Yag10_2026-09-22_15-18-40,16.2,16,0.000331553,0.147,0.00225546258503,0.00154138,0.14875,0.0103622184874,0.217662133623,1.05135672623
YbYag10,Yb_Yag10_2026-09-22_13-49-32,Yb_Yag10_2026-09-22_15-18-40,16.3,16,0.000343444,0.147,0.0023363537415,0.00161267,0.14885,0.0108341954988,0.215646260192,1.04161960726
YbYag10,Yb_Yag10_2026-09-22_13-49-32,Yb_Yag10_2026-09-22_15-18-40,16.4,16,0.000357928,0.1471,0.00243322909585,0.00171996,0.149,0.0115433557047,0.210790445872,1.01816493942
YbYag10,Yb_Yag10_2026-09-22_13-49-32,Yb_Yag10_2026-09-22_15-18-40,16.5,16,0.000363978,0.14705,0.00247519891193,0.00173116,0.1489,0.0116263263936,0.212896045417,1.02833545557
YbYag10,Yb_Yag10_2026-09-22_13-49-32,Yb_Yag10_2026-09-22_15-18-40,16.6,16,0.000356676,0.147,0.00242636734694,0.0017376,0.14895,0.0116656596173,0.20799229761,1.00464925827
YbYag10,Yb_Yag10_2026-09-22_13-49-32,Yb_Yag10_2026-09-22_15-18-40,16.7,16,0.000365974,0.1471,0.00248792658056,0.00173474,0.14905,0.0116386447501,0.213764285617,1.03252924968
YbYag10,Yb_Yag10_2026-09-22_13-49-32,Yb_Yag10_2026-09-22_15-18-40,16.8,16,0.000368776,0.14705,0.00250782726964,0.00174428,0.14905,0.0117026501174,0.214295671876,1.03509596401
YbYag10,Yb_Yag10_2026-09-22_13-49-32,Yb_Yag10_2026-09-22_15-18-40,16.9,16,0.000360372,0.1471,0.00244984364378,0.00173784,0.14895,0.0116672708963,0.209975723162,1.01422964674
YbYag10,Yb_Yag10_2026-09-22_13-49-32,Yb_Yag10_2026-09-22_15-18-40,17,16,0.000371011,0.14715,0.00252131158682,0.00173355,0.149,0.0116345637584,0.216708734352,1.04675159479
YbYag10,Yb_Yag10_2026-09-22_13-49-32,Yb_Yag10_2026-09-22_15-18-40,17.1,16,0.000367614,0.1473,0.00249568228106,0.00173832,0.14895,0.0116704934542,0.213845480558,1.03292143938
YbYag10,Yb_Yag10_2026-09-22_13-49-32,Yb_Yag10_2026-09-22_15-18-40,17.2,16,0.000369253,0.1472,0.00250851222826,0.00174452,0.1491,0.0117003353454,0.214396609517,1.03558351536
YbYag10,Yb_Yag10_2026-09-22_13-49-32,Yb_Yag10_2026-09-22_15-18-40,17.3,16,0.000365855,0.14695,0.0024896563457,0.00174189,0.14925,0.0116709547739,0.213320708882,1.03038667496
YbYag10,Yb_Yag10_2026-09-22_13-49-32,Yb_Yag10_2026-09-22_15-18-40,17.4,16,0.000367166,0.14705,0.00249687861272,0.0017326,0.14935,0.0116009373954,0.215230763482,1.03961266534
YbYag10,Yb_Yag10_2026-09-22_13-49-32,Yb_Yag10_2026-09-22_15-18-40,17.5,16,0.000372143,0.1473,0.00252642905635,0.00175095,0.14935,0.011723803147,0.215495690662,1.0408923228
YbYag10,Yb_Yag10_2026-09-22_13-49-32,Yb_Yag10_2026-09-22_15-18-40,17.6,16,0.000377031,0.1474,0.00255787652646,0.00175167,0.149,0.0117561744966,0.217577284788,1.05094688741
YbYag10,Yb_Yag10_2026-09-22_13-49-32,Yb_Yag10_2026-09-22_15-18-40,17.7,16,0.000372859,0.1472,0.00253300951087,0.00176597,0.1488,0.011868077957,0.213430474593,1.03091686786
YbYag10,Yb_Yag10_2026-09-22_13-49-32,Yb_Yag10_2026-09-22_15-18-40,17.8,16,0.000374677,0.14715,0.00254622494054,0.00176311,0.14845,0.0118767935332,0.214386562621,1.03553498661
YbYag10,Yb_Yag10_2026-09-22_13-49-32,Yb_Yag10_2026-09-22_15-18-40,17.9,16,0.000373932,0.1472,0.00254029891304,0.00175405,0.14815,0.0118396895039,0.214557899699,1.03636258297
YbYag10,Yb_Yag10_2026-09-22_13-49-32,Yb_Yag10_2026-09-22_15-18-40,18,16,0.000374557,0.14725,0.00254368081494,0.00176168,0.148,0.0119032432432,0.213696449192,1.03220158459
YbYag10,Yb_Yag10_2026-09-22_13-49-32,Yb_Yag10_2026-09-22_15-18-40,18.1,16,0.000378521,0.14705,0.00257409724583,0.00178076,0.14785,0.0120443692932,0.213717894492,1.03230517018
YbYag10,Yb_Yag10_2026-09-22_13-49-32,Yb_Yag10_2026-09-22_15-18-40,18.2,16,0.000379505,0.1471,0.00257991162475,0.00176621,0.14745,0.0119783655476,0.215380939453,1.04033804883
YbYag10,Yb_Yag10_2026-09-22_13-49-32,Yb_Yag10_2026-09-22_15-18-40,18.3,16,0.000381382,0.1471,0.00259267165194,0.00177384,0.1474,0.012034192673,0.215442092577,1.04063343208
YbYag10,Yb_Yag10_2026-09-22_13-49-32,Yb_Yag10_2026-09-22_15-18-40,18.4,16,0.000374796,0.1471,0.00254789938817,0.00174452,0.14725,0.0118473344652,0.215060982338,1.03879258449
YbYag10,Yb_Yag10_2026-09-22_13-49-32,Yb_Yag10_2026-09-22_15-18-40,18.5,16,0.000364067,0.14715,0.00247412164458,0.00168038,0.14705,0.0114272696362,0.216510305904,1.04579314106
YbYag10,Yb_Yag10_2026-09-22_13-49-32,Yb_Yag10_2026-09-22_15-18-40,18.6,16,0.000333669,0.14715,0.00226754332314,0.00155283,0.1469,0.0105706603131,0.214512930695,1.03614537263
YbYag10,Yb_Yag10_2026-09-22_13-49-32,Yb_Yag10_2026-09-22_15-18-40,18.7,16,0.000228227,0.1469,0.00155362151123,0.00103093,0.1468,0.00702268392371,0.221229024132,1.06858560416
YbYag10,Yb_Yag10_2026-09-22_13-49-32,Yb_Yag10_2026-09-22_15-18-40,14.6,16.1,0.000299038,0.1469,0.00203565690946,0.00155211,0.14835,0.010462487361,0.194567203689,0.939803055766
YbYag10,Yb_Yag10_2026-09-22_13-49-32,Yb_Yag10_2026-09-22_15-18-40,14.7,16.1,0.000327976,0.1469,0.0022326480599,0.00165606,0.14855,0.0111481656008,0.200270442676,0.96735097405
YbYag10,Yb_Yag10_2026-09-22_13-49-32,Yb_Yag10_2026-09-22_15-18-40,14.8,16.1,0.000339987,0.1468,0.00231598773842,0.00169993,0.14885,0.0114204232449,0.202793512005,0.979537962507
YbYag10,Yb_Yag10_2026-09-22_13-49-32,Yb_Yag10_2026-09-22_15-18-40,14.9,16.1,0.000341775,0.1469,0.00232658270933,0.00169707,0.1489,0.0113973807925,0.204133103183,0.986008487129
YbYag10,Yb_Yag10_2026-09-22_13-49-32,Yb_Yag10_2026-09-22_15-18-40,15,16.1,0.000337036,0.14685,0.00229510384746,0.00169874,0.14895,0.0114047667002,0.201240753782,0.972037793439
YbYag10,Yb_Yag10_2026-09-22_13-49-32,Yb_Yag10_2026-09-22_15-18-40,15.1,16.1,0.000342401,0.14685,0.00233163772557,0.00169969,0.1488,0.0114226478495,0.204124101197,0.985965005527
YbYag10,Yb_Yag10_2026-09-22_13-49-32,Yb_Yag10_2026-09-22_15-18-40,15.2,16.1,0.000345679,0.14705,0.00235075824549,0.00170184,0.14905,0.0114179134519,0.205883347723,0.994462559224
YbYag10,Yb_Yag10_2026-09-22_13-49-32,Yb_Yag10_2026-09-22_15-18-40,15.3,16.1,0.000338318,0.147,0.0023014829932,0.00169898,0.14915,0.0113910828025,0.202042512824,0.975910468704
YbYag10,Yb_Yag10_2026-09-22_13-49-32,Yb_Yag10_2026-09-22_15-18-40,15.4,16.1,0.000349643,0.14695,0.0023793331065,0.0017078,0.14905,0.0114579000335,0.207658741963,1.00303810999
YbYag10,Yb_Yag10_2026-09-22_13-49-32,Yb_Yag10_2026-09-22_15-18-40,15.5,16.1,0.000353189,0.147,0.0024026462585,0.0017202,0.1491,0.01153722334,0.208251690003,1.00590218147
YbYag10,Yb_Yag10_2026-09-22_13-49-32,Yb_Yag10_2026-09-22_15-18-40,15.6,16.1,0.000347884,0.14695,0.00236736304866,0.00170279,0.14885,0.0114396372187,0.206943891961,0.999585224795
YbYag10,Yb_Yag10_2026-09-22_13-49-32,Yb_Yag10_2026-09-22_15-18-40,15.7,16.1,0.000344874,0.14705,0.00234528391704,0.00170637,0.14885,0.0114636882768,0.20458371341,0.988185035182
YbYag10,Yb_Yag10_2026-09-22_13-49-32,Yb_Yag10_2026-09-22_15-18-40,15.8,16.1,0.000343146,0.14695,0.00233512078938,0.00171066,0.14885,0.0114925092375,0.203186331298,0.981435367439
YbYag10,Yb_Yag10_2026-09-22_13-49-32,Yb_Yag10_2026-09-22_15-18-40,15.9,16.1,0.000345888,0.14695,0.00235378019735,0.00170375,0.14875,0.0114537815126,0.205502453034,0.99262275279
YbYag10,Yb_Yag10_2026-09-22_13-49-32,Yb_Yag10_2026-09-22_15-18-40,16,16.1,0.000346811,0.147,0.0023592585034,0.00169016,0.14895,0.0113471634777,0.207916146448,1.00428143115
YbYag10,Yb_Yag10_2026-09-22_13-49-32,Yb_Yag10_2026-09-22_15-18-40,16.1,16.1,0.000348212,0.14705,0.00236798367902,0.00168825,0.14885,0.0113419549882,0.208780909595,1.00845843031
YbYag10,Yb_Yag10_2026-09-22_13-49-32,Yb_Yag10_2026-09-22_15-18-40,16.2,16.1,0.000305058,0.14715,0.00207310907238,0.00145937,0.14885,0.0098042996305,0.211448971422,1.02134576492
YbYag10,Yb_Yag10_2026-09-22_13-49-32,Yb_Yag10_2026-09-22_15-18-40,16.3,16.1,0.000331612,0.147,0.00225586394558,0.0015657,0.14905,0.0105045286817,0.214751562296,1.03729801657
YbYag10,Yb_Yag10_2026-09-22_13-49-32,Yb_Yag10_2026-09-22_15-18-40,16.4,16.1,0.000357719,0.14705,0.00243263515811,0.00172854,0.1491,0.0115931589537,0.209833675862,1.01354352655
YbYag10,Yb_Yag10_2026-09-22_13-49-32,Yb_Yag10_2026-09-22_15-18-40,16.5,16.1,0.000357004,0.1469,0.00243025187202,0.00173355,0.14895,0.011638469285,0.20881198485,1.00860853074
YbYag10,Yb_Yag10_2026-09-22_13-49-32,Yb_Yag10_2026-09-22_15-18-40,16.6,16.1,0.000357123,0.14685,0.00243188968335,0.00172783,0.1489,0.0116039623909,0.209574074909,1.01228959596
YbYag10,Yb_Yag10_2026-09-22_13-49-32,Yb_Yag10_2026-09-22_15-18-40,16.7,16.1,0.00036669,0.147,0.00249448979592,0.00173784,0.14905,0.0116594431399,0.213945877688,1.03340637994
YbYag10,Yb_Yag10_2026-09-22_13-49-32,Yb_Yag10_2026-09-22_15-18-40,16.8,16.1,0.000361355,0.147,0.00245819727891,0.00174356,0.14915,0.0116899765337,0.210282481904,1.01571135999
YbYag10,Yb_Yag10_2026-09-22_13-49-32,Yb_Yag10_2026-09-22_15-18-40,16.9,16.1,0.000363531,0.14695,0.00247384144267,0.00174022,0.14905,0.0116754109359,0.211884742751,1.02345063779
YbYag10,Yb_Yag10_2026-09-22_13-49-32,Yb_Yag10_2026-09-22_15-18-40,17,16.1,0.000366541,0.147,0.00249347619048,0.00174309,0.149,0.011698590604,0.213143298615,1.02952974374
YbYag10,Yb_Yag10_2026-09-22_13-49-32,Yb_Yag10_2026-09-22_15-18-40,17.1,16.1,0.000366451,0.1469,0.0024945609258,0.00173999,0.149,0.0116777852349,0.213615927646,1.03181264753
YbYag10,Yb_Yag10_2026-09-22_13-49-32,Yb_Yag10_2026-09-22_15-18-40,17.2,16.1,0.000366958,0.147,0.00249631292517,0.00173188,0.14895,0.0116272574689,0.214694903923,1.03702434397
YbYag10,Yb_Yag10_2026-09-22_13-49-32,Yb_Yag10_2026-09-22_15-18-40,17.3,16.1,0.000363888,0.14695,0.00247627084042,0.00173856,0.14915,0.011656453235,0.212437762199,1.02612184525
YbYag10,Yb_Yag10_2026-09-22_13-49-32,Yb_Yag10_2026-09-22_15-18-40,17.4,16.1,0.00037259,0.14715,0.00253204213388,0.00171901,0.1492,0.0115215147453,0.219766427406,1.06152093526
YbYag10,Yb_Yag10_2026-09-22_13-49-32,Yb_Yag10_2026-09-22_15-18-40,17.5,16.1,0.000370296,0.14705,0.00251816388983,0.0017264,0.1491,0.0115788061704,0.217480442523,1.05047911764
YbYag10,Yb_Yag10_2026-09-22_13-49-32,Yb_Yag10_2026-09-22_15-18-40,17.6,16.1,0.000364633,0.14715,0.0024779680598,0.00174452,0.14915,0.011696413007,0.211857093138,1.02331708398
YbYag10,Yb_Yag10_2026-09-22_13-49-32,Yb_Yag10_2026-09-22_15-18-40,17.7,16.1,0.000374766,0.1471,0.00254769544528,0.00175501,0.1488,0.011794422043,0.216008502663,1.04336931931
YbYag10,Yb_Yag10_2026-09-22_13-49-32,Yb_Yag10_2026-09-22_15-18-40,17.8,16.1,0.00037566,0.14715,0.00255290519878,0.00176264,0.14865,0.0118576522032,0.21529600928,1.03992781712
YbYag10,Yb_Yag10_2026-09-22_13-49-32,Yb_Yag10_2026-09-22_15-18-40,17.9,16.1,0.00038025,0.1471,0.00258497620666,0.00175977,0.1482,0.011874291498,0.217695195296,1.0515164215
YbYag10,Yb_Yag10_2026-09-22_13-49-32,Yb_Yag10_2026-09-22_15-18-40,18,16.1,0.000377418,0.14715,0.00256485219164,0.00176144,0.14795,0.0119056437986,0.215431625121,1.04058287193
YbYag10,Yb_Yag10_2026-09-22_13-49-32,Yb_Yag10_2026-09-22_15-18-40,18.1,16.1,0.000376882,0.1473,0.00255860149355,0.00176287,0.14775,0.0119314382403,0.214442001209,1.03580276737
YbYag10,Yb_Yag10_2026-09-22_13-49-32,Yb_Yag10_2026-09-22_15-18-40,18.2,16.1,0.000381799,0.1472,0.00259374320652,0.00176621,0.14745,0.0119783655476,0.216535653067,1.04591557352
YbYag10,Yb_Yag10_2026-09-22_13-49-32,Yb_Yag10_2026-09-22_15-18-40,18.3,16.1,0.000381859,0.1472,0.00259415081522,0.0017736,0.1474,0.0120325644505,0.21559417578,1.04136802792
YbYag10,Yb_Yag10_2026-09-22_13-49-32,Yb_Yag10_2026-09-22_15-18-40,18.4,16.1,0.000371816,0.1471,0.0025276410605,0.00173832,0.14715,0.0118132517839,0.213966578106,1.03350636758
YbYag10,Yb_Yag10_2026-09-22_13-49-32,Yb_Yag10_2026-09-22_15-18-40,18.5,16.1,0.000372918,0.1472,0.00253341032609,0.00171293,0.14715,0.0116407067618,0.217633720867,1.05121948628
YbYag10,Yb_Yag10_2026-09-22_13-49-32,Yb_Yag10_2026-09-22_15-18-40,18.6,16.1,0.000349404,0.147,0.00237689795918,0.00163568,0.14715,0.011115732246,0.213831883188,1.03285576105
YbYag10,Yb_Yag10_2026-09-22_13-49-32,Yb_Yag10_2026-09-22_15-18-40,18.7,16.1,0.000282289,0.1469,0.00192164057182,0.00125075,0.1468,0.00852009536785,0.225542143468,1.08941893401
YbYag10,Yb_Yag10_2026-09-22_13-49-32,Yb_Yag10_2026-09-22_15-18-40,14.5,16.2,0.000210286,0.1468,0.00143246594005,0.00124789,0.14835,0.00841179642737,0.170292511525,0.822550870191
YbYag10,Yb_Yag10_2026-09-22_13-49-32,Yb_Yag10_2026-09-22_15-18-40,14.6,16.2,0.000313612,0.14675,0.00213704940375,0.0016023,0.14855,0.0107862672501,0.198126873199,0.95699705465
YbYag10,Yb_Yag10_2026-09-22_13-49-32,Yb_Yag10_2026-09-22_15-18-40,14.7,16.2,0.000327768,0.1469,0.0022312321307,0.00167168,0.1487,0.0112419636853,0.198473522345,0.958671447461
YbYag10,Yb_Yag10_2026-09-22_13-49-32,Yb_Yag10_2026-09-22_15-18-40,14.8,16.2,0.000333162,0.1469,0.00226795098707,0.00167967,0.1487,0.0112956960323,0.20078010072,0.969812736249
YbYag10,Yb_Yag10_2026-09-22_13-49-32,Yb_Yag10_2026-09-22_15-18-40,14.9,16.2,0.000338556,0.1469,0.00230466984343,0.00168563,0.14875,0.0113319663866,0.203377751469,0.982359969623
YbYag10,Yb_Yag10_2026-09-22_13-49-32,Yb_Yag10_2026-09-22_15-18-40,15,16.2,0.000339212,0.14705,0.0023067800068,0.00170089,0.14905,0.0114115397518,0.202144500827,0.976403093543
YbYag10,Yb_Yag10_2026-09-22_13-49-32,Yb_Yag10_2026-09-22_15-18-40,15.1,16.2,0.000335874,0.14695,0.00228563456958,0.00170518,0.14905,0.0114403220396,0.199787607523,0.965018772404
YbYag10,Yb_Yag10_2026-09-22_13-49-32,Yb_Yag10_2026-09-22_15-18-40,15.2,16.2,0.000339391,0.1469,0.0023103539823,0.0016811,0.1489,0.0112901276024,0.204634886661,0.988432213414
YbYag10,Yb_Yag10_2026-09-22_13-49-32,Yb_Yag10_2026-09-22_15-18-40,15.3,16.2,0.000338675,0.14705,0.00230312818769,0.00170589,0.149,0.0114489261745,0.201165432687,0.971673975721
YbYag10,Yb_Yag10_2026-09-22_13-49-32,Yb_Yag10_2026-09-22_15-18-40,15.4,16.2,0.00034255,0.1469,0.00233185840708,0.00171901,0.14915,0.0115253771371,0.202323826747,0.977269277792
YbYag10,Yb_Yag10_2026-09-22_13-49-32,Yb_Yag10_2026-09-22_15-18-40,15.5,16.2,0.000348123,0.147,0.00236818367347,0.00172091,0.14905,0.0115458570949,0.205111119426,0.990732524052
YbYag10,Yb_Yag10_2026-09-22_13-49-32,Yb_Yag10_2026-09-22_15-18-40,15.6,16.2,0.000343384,0.147,0.00233594557823,0.00171519,0.1489,0.0115190732035,0.202789368291,0.979517947439
YbYag10,Yb_Yag10_2026-09-22_13-49-32,Yb_Yag10_2026-09-22_15-18-40,15.7,16.2,0.000345828,0.14695,0.0023533718952,0.00171161,0.1489,0.0114950302216,0.204729509173,0.988889261287
YbYag10,Yb_Yag10_2026-09-22_13-49-32,Yb_Yag10_2026-09-22_15-18-40,15.8,16.2,0.000352623,0.14705,0.00239798027882,0.00171042,0.14885,0.011490896876,0.208685214453,1.0079962014
YbYag10,Yb_Yag10_2026-09-22_13-49-32,Yb_Yag10_2026-09-22_15-18-40,15.9,16.2,0.0003486,0.14695,0.00237223545424,0.00170279,0.1488,0.0114434811828,0.207300157736,1.00130606807
YbYag10,Yb_Yag10_2026-09-22_13-49-32,Yb_Yag10_2026-09-22_15-18-40,16,16.2,0.000342639,0.14705,0.0023300850051,0.00168634,0.14885,0.0113291232785,0.205672137889,0.993442368547
YbYag10,Yb_Yag10_2026-09-22_13-49-32,Yb_Yag10_2026-09-22_15-18-40,16.1,16.2,0.000339868,0.147,0.00231202721088,0.00168587,0.1489,0.0113221625252,0.204203676262,0.986349370865
YbYag10,Yb_Yag10_2026-09-22_13-49-32,Yb_Yag10_2026-09-22_15-18-40,16.2,16.2,0.00029886,0.147,0.00203306122449,0.00147105,0.149,0.00987281879195,0.205925102783,0.99466424549
YbYag10,Yb_Yag10_2026-09-22_13-49-32,Yb_Yag10_2026-09-22_15-18-40,16.3,16.2,0.000331076,0.14705,0.00225145188711,0.00158168,0.1491,0.0106081824279,0.212237289697,1.02515351829
YbYag10,Yb_Yag10_2026-09-22_13-49-32,Yb_Yag10_2026-09-22_15-18-40,16.4,16.2,0.00035766,0.1471,0.00243140720598,0.00170446,0.14885,0.011450856567,0.212334089747,1.02562108415
YbYag10,Yb_Yag10_2026-09-22_13-49-32,Yb_Yag10_2026-09-22_15-18-40,16.5,16.2,0.000361325,0.14685,0.00246050391556,0.00173689,0.149,0.0116569798658,0.211075591095,1.01954225454
YbYag10,Yb_Yag10_2026-09-22_13-49-32,Yb_Yag10_2026-09-22_15-18-40,16.6,16.2,0.000361504,0.14695,0.00246004763525,0.0017314,0.14895,0.011624034911,0.211634570447,1.02224224967
YbYag10,Yb_Yag10_2026-09-22_13-49-32,Yb_Yag10_2026-09-22_15-18-40,16.7,16.2,0.000361027,0.14705,0.00245513090785,0.00172568,0.1489,0.0115895231699,0.21184054528,1.02323715413
YbYag10,Yb_Yag10_2026-09-22_13-49-32,Yb_Yag10_2026-09-22_15-18-40,16.8,16.2,0.000360074,0.147,0.0024494829932,0.00172687,0.1489,0.0115975151108,0.211207570742,1.02017974572
YbYag10,Yb_Yag10_2026-09-22_13-49-32,Yb_Yag10_2026-09-22_15-18-40,16.9,16.2,0.000361206,0.14705,0.00245634818089,0.00173569,0.14895,0.0116528365223,0.210794013645,1.01818217256
YbYag10,Yb_Yag10_2026-09-22_13-49-32,Yb_Yag10_2026-09-22_15-18-40,17,16.2,0.00036514,0.1471,0.00248225696805,0.00172926,0.14895,0.0116096676737,0.213809476534,1.0327475319
YbYag10,Yb_Yag10_2026-09-22_13-49-32,Yb_Yag10_2026-09-22_15-18-40,17.1,16.2,0.000369163,0.147,0.00251131292517,0.00174261,0.1489,0.01170322364,0.214583007419,1.03648385886
YbYag10,Yb_Yag10_2026-09-22_13-49-32,Yb_Yag10_2026-09-22_15-18-40,17.2,16.2,0.000365825,0.14685,0.00249114742935,0.00175739,0.14915,0.0117827019779,0.211424122754,1.02122574031
YbYag10,Yb_Yag10_2026-09-22_13-49-32,Yb_Yag10_2026-09-22_15-18-40,17.3,16.2,0.000367554,0.14705,0.00249951717103,0.0017326,0.1491,0.0116203890007,0.215097547154,1.03896920072
YbYag10,Yb_Yag10_2026-09-22_13-49-32,Yb_Yag10_2026-09-22_15-18-40,17.4,16.2,0.000363471,0.14705,0.00247175110507,0.00174499,0.14925,0.0116917252931,0.211410296009,1.02115895404
YbYag10,Yb_Yag10_2026-09-22_13-49-32,Yb_Yag10_2026-09-22_15-18-40,17.5,16.2,0.000371071,0.1471,0.00252257647859,0.00175453,0.1493,0.0117517079705,0.214656157634,1.03683719074
YbYag10,Yb_Yag10_2026-09-22_13-49-32,Yb_Yag10_2026-09-22_15-18-40,17.6,16.2,0.000371339,0.1473,0.00252097080788,0.00173426,0.14905,0.0116354243542,0.216663417778,1.04653270562
YbYag10,Yb_Yag10_2026-09-22_13-49-32,Yb_Yag10_2026-09-22_15-18-40,17.7,16.2,0.000372471,0.1471,0.00253209381373,0.00176907,0.1489,0.0118809267965,0.213122583541,1.02942968531
YbYag10,Yb_Yag10_2026-09-22_13-49-32,Yb_Yag10_2026-09-22_15-18-40,17.8,16.2,0.000374885,0.14715,0.00254763846415,0.00176645,0.14865,0.0118832828792,0.214388438788,1.03554404891
YbYag10,Yb_Yag10_2026-09-22_13-49-32,Yb_Yag10_2026-09-22_15-18-40,17.9,16.2,0.000377389,0.14715,0.00256465511383,0.00175882,0.1483,0.0118598786244,0.216246320477,1.04451803248
YbYag10,Yb_Yag10_2026-09-22_13-49-32,Yb_Yag10_2026-09-22_15-18-40,18,16.2,0.000378402,0.14715,0.00257153924567,0.00176144,0.14805,0.0118976021614,0.216139286789,1.04400103586
YbYag10,Yb_Yag10_2026-09-22_13-49-32,Yb_Yag10_2026-09-22_15-18-40,18.1,16.2,0.000380637,0.14705,0.00258848690921,0.00176836,0.14775,0.0119685956007,0.216273236691,1.04464804381
YbYag10,Yb_Yag10_2026-09-22_13-49-32,Yb_Yag10_2026-09-22_15-18-40,18.2,16.2,0.000379385,0.1471,0.00257909585316,0.00176597,0.1476,0.0119645663957,0.215561163511,1.04120857129
YbYag10,Yb_Yag10_2026-09-22_13-49-32,Yb_Yag10_2026-09-22_15-18-40,18.3,16.2,0.000373991,0.1471,0.00254242692046,0.00176693,0.1473,0.0119954514596,0.211949248348,1.02376221423
YbYag10,Yb_Yag10_2026-09-22_13-49-32,Yb_Yag10_2026-09-22_15-18-40,18.4,16.2,0.000377627,0.1472,0.00256540081522,0.00176788,0.14735,0.0119978283,0.213822097722,1.03280849506
YbYag10,Yb_Yag10_2026-09-22_13-49-32,Yb_Yag10_2026-09-22_15-18-40,18.5,16.2,0.000372441,0.14715,0.00253102956167,0.00171161,0.1469,0.0116515316542,0.217227196972,1.04925588506
YbYag10,Yb_Yag10_2026-09-22_13-49-32,Yb_Yag10_2026-09-22_15-18-40,18.6,16.2,0.000358166,0.1471,0.00243484704283,0.00166226,0.1471,0.0113002039429,0.215469300831,1.04076485402
YbYag10,Yb_Yag10_2026-09-22_13-49-32,Yb_Yag10_2026-09-22_15-18-40,18.7,16.2,0.000310035,0.147,0.00210908163265,0.00141574,0.1469,0.00963744043567,0.218842507689,1.05705819665
YbYag10,Yb_Yag10_2026-09-22_13-49-32,Yb_Yag10_2026-09-22_15-18-40,14.5,16.3,0.000243754,0.14675,0.0016610153322,0.00140692,0.14855,0.00947101985863,0.175378719187,0.847118389344
YbYag10,Yb_Yag10_2026-09-22_13-49-32,Yb_Yag10_2026-09-22_15-18-40,14.6,16.3,0.000316711,0.14695,0.00215522966996,0.00163508,0.1487,0.0109958305313,0.196004263964,0.946744377902
YbYag10,Yb_Yag10_2026-09-22_13-49-32,Yb_Yag10_2026-09-22_15-18-40,14.7,16.3,0.000331404,0.147,0.00225444897959,0.0016482,0.1485,0.011098989899,0.203121995795,0.981124612586
YbYag10,Yb_Yag10_2026-09-22_13-49-32,Yb_Yag10_2026-09-22_15-18-40,14.8,16.3,0.000334384,0.1469,0.00227626957114,0.00168849,0.14895,0.0113359516616,0.200800924271,0.969913318651
YbYag10,Yb_Yag10_2026-09-22_13-49-32,Yb_Yag10_2026-09-22_15-18-40,14.9,16.3,0.000339242,0.147,0.00230776870748,0.00168992,0.14885,0.0113531743366,0.203270789214,0.981843318036
YbYag10,Yb_Yag10_2026-09-22_13-49-32,Yb_Yag10_2026-09-22_15-18-40,15,16.3,0.000340255,0.1469,0.00231623553438,0.00170184,0.149,0.0114217449664,0.202791739896,0.979529402821
YbYag10,Yb_Yag10_2026-09-22_13-49-32,Yb_Yag10_2026-09-22_15-18-40,15.1,16.3,0.000339212,0.14705,0.0023067800068,0.00169588,0.14905,0.0113779268702,0.202741679843,0.979287601587
YbYag10,Yb_Yag10_2026-09-22_13-49-32,Yb_Yag10_2026-09-22_15-18-40,15.2,16.3,0.000341805,0.14695,0.00232599523647,0.00169469,0.149,0.0113737583893,0.204505420008,0.98780686056
YbYag10,Yb_Yag10_2026-09-22_13-49-32,Yb_Yag10_2026-09-22_15-18-40,15.3,16.3,0.000338288,0.1468,0.00230441416894,0.0016904,0.1488,0.0113602150538,0.20284951984,0.979808492858
YbYag10,Yb_Yag10_2026-09-22_13-49-32,Yb_Yag10_2026-09-22_15-18-40,15.4,16.3,0.00035006,0.14695,0.0023821708064,0.00170971,0.14905,0.0114707145253,0.207674142805,1.00311249949
YbYag10,Yb_Yag10_2026-09-22_13-49-32,Yb_Yag10_2026-09-22_15-18-40,15.5,16.3,0.000348093,0.14695,0.00236878530112,0.00170971,0.14895,0.0114784155757,0.206368665213,0.99680675111
YbYag10,Yb_Yag10_2026-09-22_13-49-32,Yb_Yag10_2026-09-22_15-18-40,15.6,16.3,0.000343414,0.1469,0.00233773995916,0.00170017,0.1489,0.0114182001343,0.204738043795,0.988930485418
YbYag10,Yb_Yag10_2026-09-22_13-49-32,Yb_Yag10_2026-09-22_15-18-40,15.7,16.3,0.000343325,0.1468,0.00233872615804,0.00170112,0.1489,0.0114245802552,0.204710029235,0.988795168834
YbYag10,Yb_Yag10_2026-09-22_13-49-32,Yb_Yag10_2026-09-22_15-18-40,15.8,16.3,0.00035158,0.1471,0.00239007477906,0.00171352,0.1489,0.0115078576226,0.207690680354,1.00319237955
YbYag10,Yb_Yag10_2026-09-22_13-49-32,Yb_Yag10_2026-09-22_15-18-40,15.9,16.3,0.000343146,0.1469,0.00233591558884,0.00171352,0.14895,0.0115039946291,0.203052562536,0.980789234437
YbYag10,Yb_Yag10_2026-09-22_13-49-32,Yb_Yag10_2026-09-22_15-18-40,16,16.3,0.000345381,0.14705,0.0023487317239,0.00171018,0.149,0.0114777181208,0.20463403084,0.988428079607
YbYag10,Yb_Yag10_2026-09-22_13-49-32,Yb_Yag10_2026-09-22_15-18-40,16.1,16.3,0.000350894,0.14705,0.00238622237334,0.00171233,0.149,0.011492147651,0.207639376538,1.00294457066
YbYag10,Yb_Yag10_2026-09-22_13-49-32,Yb_Yag10_2026-09-22_15-18-40,16.2,16.3,0.000331135,0.147,0.00225261904762,0.00168587,0.149,0.0113145637584,0.199090225281,0.961650260399
YbYag10,Yb_Yag10_2026-09-22_13-49-32,Yb_Yag10_2026-09-22_15-18-40,16.3,16.3,0.000343027,0.147,0.0023335170068,0.00167847,0.14905,0.0112611204294,0.207218901656,1.00091358305
YbYag10,Yb_Yag10_2026-09-22_13-49-32,Yb_Yag10_2026-09-22_15-18-40,16.4,16.3,0.000358166,0.1469,0.00243816201498,0.00172735,0.149,0.0115929530201,0.210314146081,1.01586430503
YbYag10,Yb_Yag10_2026-09-22_13-49-32,Yb_Yag10_2026-09-22_15-18-40,16.5,16.3,0.000349583,0.147,0.00237811564626,0.00173164,0.149,0.0116217449664,0.204626383829,0.988391142839
YbYag10,Yb_Yag10_2026-09-22_13-49-32,Yb_Yag10_2026-09-22_15-18-40,16.6,16.3,0.000353726,0.14695,0.00240711806737,0.00172807,0.149,0.0115977852349,0.207549805296,1.00251192155
YbYag10,Yb_Yag10_2026-09-22_13-49-32,Yb_Yag10_2026-09-22_15-18-40,16.7,16.3,0.000356885,0.147,0.00242778911565,0.00173713,0.14905,0.0116546796377,0.208310240274,1.00618499236
YbYag10,Yb_Yag10_2026-09-22_13-49-32,Yb_Yag10_2026-09-22_15-18-40,16.8,16.3,0.000353487,0.14695,0.00240549166383,0.0017345,0.149,0.0116409395973,0.206640679107,0.998120638979
YbYag10,Yb_Yag10_2026-09-22_13-49-32,Yb_Yag10_2026-09-22_15-18-40,16.9,16.3,0.000355395,0.147,0.00241765306122,0.00172449,0.14895,0.0115776435045,0.2088208244,1.00865122774
YbYag10,Yb_Yag10_2026-09-22_13-49-32,Yb_Yag10_2026-09-22_15-18-40,17,16.3,0.000357928,0.14705,0.00243405644339,0.00173569,0.149,0.0116489261745,0.208951143387,1.00928069756
YbYag10,Yb_Yag10_2026-09-22_13-49-32,Yb_Yag10_2026-09-22_15-18-40,17.1,16.3,0.000360282,0.147,0.00245089795918,0.00173283,0.14895,0.0116336354481,0.210673436529,1.01759975816
YbYag10,Yb_Yag10_2026-09-22_13-49-32,Yb_Yag10_2026-09-22_15-18-40,17.2,16.3,0.000365468,0.14705,0.00248533151989,0.00172854,0.1489,0.0116087306917,0.214091582094,1.03411016477
YbYag10,Yb_Yag10_2026-09-22_13-49-32,Yb_Yag10_2026-09-22_15-18-40,17.3,16.3,0.000361385,0.147,0.00245840136054,0.00173116,0.14915,0.0116068387529,0.211806281872,1.02307165421
YbYag10,Yb_Yag10_2026-09-22_13-49-32,Yb_Yag10_2026-09-22_15-18-40,17.4,16.3,0.000365319,0.14705,0.0024843182591,0.00173331,0.14925,0.0116134673367,0.213917014366,1.03326696365
YbYag10,Yb_Yag10_2026-09-22_13-49-32,Yb_Yag10_2026-09-22_15-18-40,17.5,16.3,0.000361027,0.14705,0.00245513090785,0.00170232,0.1491,0.0114173038229,0.215035961724,1.03867172934
YbYag10,Yb_Yag10_2026-09-22_13-49-32,Yb_Yag10_2026-09-22_15-18-40,17.6,16.3,0.000372441,0.14725,0.0025293106961,0.0017345,0.14905,0.0116370345522,0.217350106228,1.04984956422
YbYag10,Yb_Yag10_2026-09-22_13-49-32,Yb_Yag10_2026-09-22_15-18-40,17.7,16.3,0.000371398,0.14705,0.00252565793948,0.00174785,0.14895,0.0117344746559,0.215234001823,1.03962830725
YbYag10,Yb_Yag10_2026-09-22_13-49-32,Yb_Yag10_2026-09-22_15-18-40,17.8,16.3,0.000367107,0.1471,0.00249562882393,0.00174499,0.1487,0.0117349697377,0.21266597867,1.02722418178
YbYag10,Yb_Yag10_2026-09-22_13-49-32,Yb_Yag10_2026-09-22_15-18-40,17.9,16.3,0.000372203,0.1471,0.00253027192386,0.00174499,0.1487,0.0117349697377,0.215618103874,1.04148360596
YbYag10,Yb_Yag10_2026-09-22_13-49-32,Yb_Yag10_2026-09-22_15-18-40,18,16.3,0.000374021,0.14695,0.00254522626744,0.00174475,0.148,0.0117888513514,0.215901124849,1.04285066049
YbYag10,Yb_Yag10_2026-09-22_13-49-32,Yb_Yag10_2026-09-22_15-18-40,18.1,16.3,0.000378909,0.14735,0.00257148965049,0.00176621,0.1479,0.0119419202164,0.215333012103,1.04010654902
YbYag10,Yb_Yag10_2026-09-22_13-49-32,Yb_Yag10_2026-09-22_15-18-40,18.2,16.3,0.000382127,0.14735,0.00259332880896,0.00177027,0.14765,0.0119896376566,0.216297513172,1.04476530463
YbYag10,Yb_Yag10_2026-09-22_13-49-32,Yb_Yag10_2026-09-22_15-18-40,18.3,16.3,0.000388326,0.14715,0.00263898063201,0.00178099,0.1476,0.0120663279133,0.218706192221,1.05639976249
YbYag10,Yb_Yag10_2026-09-22_13-49-32,Yb_Yag10_2026-09-22_15-18-40,18.4,16.3,0.000383856,0.1472,0.0026077173913,0.00176228,0.14735,0.0119598235494,0.218039788006,1.05318088127
YbYag10,Yb_Yag10_2026-09-22_13-49-32,Yb_Yag10_2026-09-22_15-18-40,18.5,16.3,0.000372352,0.1472,0.00252956521739,0.00173713,0.1473,0.0117931432451,0.214494572381,1.03605669788
YbYag10,Yb_Yag10_2026-09-22_13-49-32,Yb_Yag10_2026-09-22_15-18-40,18.6,16.3,0.000358792,0.14715,0.0024382738702,0.00165869,0.14695,0.0112874447091,0.216016461922,1.04340776432
YbYag10,Yb_Yag10_2026-09-22_13-49-32,Yb_Yag10_2026-09-22_15-18-40,18.7,16.3,0.000318052,0.14715,0.00216141352362,0.00146521,0.14685,0.00997759618658,0.216626678731,1.04635524781
YbYag10,Yb_Yag10_2026-09-22_13-49-32,Yb_Yag10_2026-09-22_15-18-40,14.5,16.4,0.000274064,0.1467,0.00186819359237,0.00150991,0.14845,0.0101711687437,0.183675410314,0.887193260782
YbYag10,Yb_Yag10_2026-09-22_13-49-32,Yb_Yag10_2026-09-22_15-18-40,14.6,16.4,0.000320675,0.1467,0.00218592365372,0.001642,0.14855,0.0110535173342,0.197758196566,0.955216264158
YbYag10,Yb_Yag10_2026-09-22_13-49-32,Yb_Yag10_2026-09-22_15-18-40,14.7,16.4,0.000329586,0.14685,0.00224437180797,0.00167824,0.1487,0.0112860793544,0.19886195529,0.960547665349
YbYag10,Yb_Yag10_2026-09-22_13-49-32,Yb_Yag10_2026-09-22_15-18-40,14.8,16.4,0.000335576,0.1469,0.00228438393465,0.00168908,0.1488,0.011351344086,0.201243475428,0.972050939597
YbYag10,Yb_Yag10_2026-09-22_13-49-32,Yb_Yag10_2026-09-22_15-18-40,14.9,16.4,0.000337662,0.14685,0.00229936670072,0.0016873,0.14885,0.0113355727242,0.202845216264,0.979787705628
YbYag10,Yb_Yag10_2026-09-22_13-49-32,Yb_Yag10_2026-09-22_15-18-40,15,16.4,0.00034106,0.14695,0.00232092548486,0.00170422,0.14905,0.0114338812479,0.202986670452,0.980470960954
YbYag10,Yb_Yag10_2026-09-22_13-49-32,Yb_Yag10_2026-09-22_15-18-40,15.1,16.4,0.000344189,0.147,0.00234142176871,0.00170375,0.1489,0.0114422431162,0.20462961195,0.988406735385
YbYag10,Yb_Yag10_2026-09-22_13-49-32,Yb_Yag10_2026-09-22_15-18-40,15.2,16.4,0.000337543,0.1469,0.00229777399592,0.00169969,0.1489,0.0114149764943,0.201294676083,0.972298250198
YbYag10,Yb_Yag10_2026-09-22_13-49-32,Yb_Yag10_2026-09-22_15-18-40,15.3,16.4,0.000342609,0.1469,0.00233226004084,0.00170971,0.14895,0.0114784155757,0.203186583153,0.981436583955
YbYag10,Yb_Yag10_2026-09-22_13-49-32,Yb_Yag10_2026-09-22_15-18-40,15.4,16.4,0.000338556,0.14695,0.0023038856754,0.00170232,0.14895,0.0114288016113,0.201585936457,0.973705102865
YbYag10,Yb_Yag10_2026-09-22_13-49-32,Yb_Yag10_2026-09-22_15-18-40,15.5,16.4,0.000341447,0.1469,0.00232434989789,0.00170851,0.14885,0.0114780651663,0.202503633166,0.97813778296
YbYag10,Yb_Yag10_2026-09-22_13-49-32,Yb_Yag10_2026-09-22_15-18-40,15.6,16.4,0.00035003,0.147,0.00238115646259,0.00172663,0.14915,0.0115764666443,0.205689398653,0.99352574189
YbYag10,Yb_Yag10_2026-09-22_13-49-32,Yb_Yag10_2026-09-22_15-18-40,15.7,16.4,0.000343623,0.14695,0.00233836679143,0.00172473,0.1491,0.0115676056338,0.202147865812,0.976419347172
YbYag10,Yb_Yag10_2026-09-22_13-49-32,Yb_Yag10_2026-09-22_15-18-40,15.8,16.4,0.000344099,0.1469,0.00234240299523,0.00171757,0.1489,0.0115350570853,0.203068175381,0.980864647966
YbYag10,Yb_Yag10_2026-09-22_13-49-32,Yb_Yag10_2026-09-22_15-18-40,15.9,16.4,0.000348123,0.14695,0.00236898945219,0.00170971,0.14885,0.0114861269735,0.206247889968,0.996223379698
YbYag10,Yb_Yag10_2026-09-22_13-49-32,Yb_Yag10_2026-09-22_15-18-40,16,16.4,0.000347259,0.14695,0.00236310990133,0.00172425,0.1491,0.0115643863179,0.204343735705,0.987025889259
YbYag10,Yb_Yag10_2026-09-22_13-49-32,Yb_Yag10_2026-09-22_15-18-40,16.1,16.4,0.000354173,0.14685,0.00241180115764,0.00171304,0.1489,0.0115046339825,0.20963736537,1.01259530302
YbYag10,Yb_Yag10_2026-09-22_13-49-32,Yb_Yag10_2026-09-22_15-18-40,16.2,16.4,0.000357272,0.147,0.00243042176871,0.00175453,0.1491,0.0117674714956,0.206537298146,0.997621285844
YbYag10,Yb_Yag10_2026-09-22_13-49-32,Yb_Yag10_2026-09-22_15-18-40,16.3,16.4,0.000354173,0.14705,0.00240852091125,0.00172115,0.1489,0.0115591000672,0.208365780835,1.00645326567
YbYag10,Yb_Yag10_2026-09-22_13-49-32,Yb_Yag10_2026-09-22_15-18-40,16.4,16.4,0.000351967,0.1469,0.0023959632403,0.00172807,0.1491,0.0115900067069,0.206726648301,0.998535889388
YbYag10,Yb_Yag10_2026-09-22_13-49-32,Yb_Yag10_2026-09-22_15-18-40,16.5,16.4,0.000363799,0.147,0.00247482312925,0.0017345,0.14915,0.0116292323165,0.212810533137,1.02792241215
YbYag10,Yb_Yag10_2026-09-22_13-49-32,Yb_Yag10_2026-09-22_15-18-40,16.6,16.4,0.000352921,0.14695,0.00240164001361,0.00172306,0.14905,0.0115602817846,0.207749262376,1.0034753438
YbYag10,Yb_Yag10_2026-09-22_13-49-32,Yb_Yag10_2026-09-22_15-18-40,16.7,16.4,0.000355752,0.147,0.00242008163265,0.00173164,0.1491,0.0116139503689,0.208377128865,1.00650807919
YbYag10,Yb_Yag10_2026-09-22_13-49-32,Yb_Yag10_2026-09-22_15-18-40,16.8,16.4,0.000359686,0.147,0.00244684353741,0.00174762,0.1492,0.0117132707775,0.208894986199,1.00900944579
YbYag10,Yb_Yag10_2026-09-22_13-49-32,Yb_Yag10_2026-09-22_15-18-40,16.9,16.4,0.000364961,0.14705,0.00248188371302,0.00173808,0.1491,0.0116571428571,0.212906691069,1.02838687644
YbYag10,Yb_Yag10_2026-09-22_13-49-32,Yb_Yag10_2026-09-22_15-18-40,17,16.4,0.000372024,0.1472,0.00252733695652,0.00173021,0.14885,0.0116238495129,0.217426847596,1.05022024217
YbYag10,Yb_Yag10_2026-09-22_13-49-32,Yb_Yag10_2026-09-22_15-18-40,17.1,16.4,0.00036362,0.1471,0.00247192386132,0.00172807,0.1489,0.0116055742109,0.212994533179,1.02881117345
YbYag10,Yb_Yag10_2026-09-22_13-49-32,Yb_Yag10_2026-09-22_15-18-40,17.2,16.4,0.000363978,0.1471,0.00247435757988,0.00174619,0.14905,0.0117154646092,0.211204392008,1.02016439172
YbYag10,Yb_Yag10_2026-09-22_13-49-32,Yb_Yag10_2026-09-22_15-18-40,17.3,16.4,0.000364663,0.147,0.00248070068027,0.00172902,0.149,0.0116041610738,0.213776822339,1.03258980485
YbYag10,Yb_Yag10_2026-09-22_13-49-32,Yb_Yag10_2026-09-22_15-18-40,17.4,16.4,0.000366362,0.14705,0.00249141108467,0.00173927,0.14915,0.0116612135434,0.213649383522,1.03197424689
YbYag10,Yb_Yag10_2026-09-22_13-49-32,Yb_Yag10_2026-09-22_15-18-40,17.5,16.4,0.000363173,0.1469,0.00247224642614,0.00172663,0.1493,0.0115648359009,0.213772719935,1.03256998932
YbYag10,Yb_Yag10_2026-09-22_13-49-32,Yb_Yag10_2026-09-22_15-18-40,17.6,16.4,0.000361832,0.14685,0.00246395641811,0.00172163,0.14925,0.0115352093802,0.213603094395,1.03175066007
YbYag10,Yb_Yag10_2026-09-22_13-49-32,Yb_Yag10_2026-09-22_15-18-40,17.7,16.4,0.000368627,0.14715,0.00250511043153,0.00174928,0.1491,0.011732260228,0.213523258336,1.03136503407
YbYag10,Yb_Yag10_2026-09-22_13-49-32,Yb_Yag10_2026-09-22_15-18-40,17.8,16.4,0.000365885,0.1472,0.00248563179348,0.00176049,0.14885,0.011827275781,0.210160973626,1.01512444786
YbYag10,Yb_Yag10_2026-09-22_13-49-32,Yb_Yag10_2026-09-22_15-18-40,17.9,16.4,0.00036514,0.147,0.00248394557823,0.00174738,0.14845,0.0117708319299,0.211025490214,1.01930025609
YbYag10,Yb_Yag10_2026-09-22_13-49-32,Yb_Yag10_2026-09-22_15-18-40,18,16.4,0.000372561,0.14715,0.00253184505607,0.00177456,0.14835,0.0119619817998,0.211657658275,1.02235376904
YbYag10,Yb_Yag10_2026-09-22_13-49-32,Yb_Yag10_2026-09-22_15-18-40,18.1,16.4,0.000381829,0.14715,0.00259482840639,0.00177933,0.14805,0.0120184397163,0.215903933259,1.04286422574
YbYag10,Yb_Yag10_2026-09-22_13-49-32,Yb_Yag10_2026-09-22_15-18-40,18.2,16.4,0.000378521,0.1472,0.00257147418478,0.00176883,0.1477,0.0119758293839,0.214722012342,1.03715528369
YbYag10,Yb_Yag10_2026-09-22_13-49-32,Yb_Yag10_2026-09-22_15-18-40,18.3,16.4,0.00038165,0.14715,0.00259361196058,0.00178266,0.1476,0.0120776422764,0.214744889874,1.03726578728
YbYag10,Yb_Yag10_2026-09-22_13-49-32,Yb_Yag10_2026-09-22_15-18-40,18.4,16.4,0.000377269,0.1471,0.0025647110809,0.00177384,0.1475,0.0120260338983,0.213263250594,1.03010913859
YbYag10,Yb_Yag10_2026-09-22_13-49-32,Yb_Yag10_2026-09-22_15-18-40,18.5,16.4,0.000371905,0.1472,0.00252652853261,0.00173403,0.1474,0.0117641112619,0.214765780123,1.03736669185
YbYag10,Yb_Yag10_2026-09-22_13-49-32,Yb_Yag10_2026-09-22_15-18-40,18.6,16.4,0.000356616,0.14715,0.00242348623853,0.00166488,0.1471,0.0113180149558,0.214126438955,1.0342785312
YbYag10,Yb_Yag10_2026-09-22_13-49-32,Yb_Yag10_2026-09-22_15-18-40,18.7,16.4,0.000324341,0.147,0.00220640136054,0.0015092,0.14705,0.0102631757905,0.214982321806,1.03841263655
YbYag10,Yb_Yag10_2026-09-22_13-49-32,Yb_Yag10_2026-09-22_15-18-40,14.5,16.5,0.000286402,0.14695,0.00194897584212,0.00154758,0.14845,0.0104249242169,0.186953478181,0.903027060826
YbYag10,Yb_Yag10_2026-09-22_13-49-32,Yb_Yag10_2026-09-22_15-18-40,14.6,16.5,0.000317307,0.14685,0.00216075587334,0.00165177,0.1486,0.0111155450875,0.194390455558,0.938949322815
YbYag10,Yb_Yag10_2026-09-22_13-49-32,Yb_Yag10_2026-09-22_15-18-40,14.7,16.5,0.000330897,0.1467,0.00225560327198,0.00168515,0.14875,0.0113287394958,0.199104522866,0.961719320925
YbYag10,Yb_Yag10_2026-09-22_13-49-32,Yb_Yag10_2026-09-22_15-18-40,14.8,16.5,0.000338288,0.14695,0.00230206192583,0.00169755,0.14895,0.0113967774421,0.201992355955,0.975668199826
YbYag10,Yb_Yag10_2026-09-22_13-49-32,Yb_Yag10_2026-09-22_15-18-40,14.9,16.5,0.000334175,0.14685,0.00227562138236,0.00169683,0.14895,0.0113919436052,0.199757079321,0.964871314369
YbYag10,Yb_Yag10_2026-09-22_13-49-32,Yb_Yag10_2026-09-22_15-18-40,15,16.5,0.00033495,0.14685,0.0022808988764,0.00169254,0.14885,0.0113707759489,0.200593071805,0.968909344812
YbYag10,Yb_Yag10_2026-09-22_13-49-32,Yb_Yag10_2026-09-22_15-18-40,15.1,16.5,0.000338526,0.14705,0.0023021149269,0.00170255,0.14895,0.0114303457536,0.201403787473,0.972825282582
YbYag10,Yb_Yag10_2026-09-22_13-49-32,Yb_Yag10_2026-09-22_15-18-40,15.2,16.5,0.00034398,0.14695,0.00234079618918,0.00171066,0.149,0.0114809395973,0.203885419773,0.984812120931
YbYag10,Yb_Yag10_2026-09-22_13-49-32,Yb_Yag10_2026-09-22_15-18-40,15.3,16.5,0.000341358,0.147,0.00232216326531,0.00170303,0.1489,0.0114374076561,0.203032307244,0.980691396852
YbYag10,Yb_Yag10_2026-09-22_13-49-32,Yb_Yag10_2026-09-22_15-18-40,15.4,16.5,0.000340881,0.14695,0.00231970738346,0.00171901,0.14915,0.0115253771371,0.201269542494,0.972176849349
YbYag10,Yb_Yag10_2026-09-22_13-49-32,Yb_Yag10_2026-09-22_15-18-40,15.5,16.5,0.000346126,0.1469,0.00235620149762,0.00171209,0.14905,0.0114866823214,0.205124633179,0.990797798496
YbYag10,Yb_Yag10_2026-09-22_13-49-32,Yb_Yag10_2026-09-22_15-18-40,15.6,16.5,0.000340255,0.1469,0.00231623553438,0.00170589,0.149,0.0114489261745,0.202310286491,0.977203875332
YbYag10,Yb_Yag10_2026-09-22_13-49-32,Yb_Yag10_2026-09-22_15-18-40,15.7,16.5,0.000337901,0.14695,0.002299428377,0.00171805,0.14905,0.0115266689031,0.199487674742,0.963570030075
YbYag10,Yb_Yag10_2026-09-22_13-49-32,Yb_Yag10_2026-09-22_15-18-40,15.8,16.5,0.000345888,0.14705,0.00235217953077,0.00170756,0.14895,0.0114639812017,0.205179988469,0.99106517691
YbYag10,Yb_Yag10_2026-09-22_13-49-32,Yb_Yag10_2026-09-22_15-18-40,15.9,16.5,0.000348272,0.14685,0.00237161729656,0.00170184,0.1488,0.0114370967742,0.207361828214,1.00160395025
YbYag10,Yb_Yag10_2026-09-22_13-49-32,Yb_Yag10_2026-09-22_15-18-40,16,16.5,0.00034255,0.14695,0.00233106498809,0.00170494,0.1489,0.0114502350571,0.2035822825,0.983347900192
YbYag10,Yb_Yag10_2026-09-22_13-49-32,Yb_Yag10_2026-09-22_15-18-40,16.1,16.5,0.000344606,0.14705,0.00234346140768,0.00171138,0.14895,0.0114896273917,0.20396322072,0.985187916884
YbYag10,Yb_Yag10_2026-09-22_13-49-32,Yb_Yag10_2026-09-22_15-18-40,16.2,16.5,0.00035766,0.1471,0.00243140720598,0.00173999,0.14895,0.0116817052702,0.208138037191,1.005353213
YbYag10,Yb_Yag10_2026-09-22_13-49-32,Yb_Yag10_2026-09-22_15-18-40,16.3,16.5,0.000351997,0.147,0.00239453741497,0.00172258,0.1489,0.0115687038281,0.206984071038,0.999779298711
YbYag10,Yb_Yag10_2026-09-22_13-49-32,Yb_Yag10_2026-09-22_15-18-40,16.4,16.5,0.000352802,0.147,0.00240001360544,0.00171233,0.14885,0.0115037285858,0.208629192487,1.00772560279
YbYag10,Yb_Yag10_2026-09-22_13-49-32,Yb_Yag10_2026-09-22_15-18-40,16.5,16.5,0.000353159,0.14705,0.00240162529752,0.00172544,0.14905,0.0115762495807,0.207461430473,1.00208505141
YbYag10,Yb_Yag10_2026-09-22_13-49-32,Yb_Yag10_2026-09-22_15-18-40,16.6,16.5,0.000354053,0.147,0.00240852380952,0.00172497,0.149,0.0115769798658,0.208044225475,1.00490008146
YbYag10,Yb_Yag10_2026-09-22_13-49-32,Yb_Yag10_2026-09-22_15-18-40,16.7,16.5,0.000353755,0.14705,0.0024056783407,0.00173236,0.14895,0.0116304800269,0.206842566699,0.999095801143
YbYag10,Yb_Yag10_2026-09-22_13-49-32,Yb_Yag10_2026-09-22_15-18-40,16.8,16.5,0.000357034,0.14705,0.00242797687861,0.00171543,0.149,0.0115129530201,0.210890887366,1.01865009427
YbYag10,Yb_Yag10_2026-09-22_13-49-32,Yb_Yag10_2026-09-22_15-18-40,16.9,16.5,0.000353934,0.14695,0.0024085335148,0.00172854,0.1491,0.0115931589537,0.207754721937,1.0035017147
YbYag10,Yb_Yag10_2026-09-22_13-49-32,Yb_Yag10_2026-09-22_15-18-40,17,16.5,0.000361921,0.14715,0.00245953788651,0.00172067,0.1489,0.0115558764271,0.212838714746,1.02805853562
YbYag10,Yb_Yag10_2026-09-22_13-49-32,Yb_Yag10_2026-09-22_15-18-40,17.1,16.5,0.000361534,0.14695,0.00246025178632,0.00172807,0.14885,0.0116094726234,0.211917618149,1.0236094333
YbYag10,Yb_Yag10_2026-09-22_13-49-32,Yb_Yag10_2026-09-22_15-18-40,17.2,16.5,0.000360044,0.14705,0.00244844610677,0.00173426,0.149,0.0116393288591,0.210359732628,1.01608449824
YbYag10,Yb_Yag10_2026-09-22_13-49-32,Yb_Yag10_2026-09-22_15-18-40,17.3,16.5,0.000364574,0.147,0.0024800952381,0.00173784,0.149,0.0116633557047,0.212639938358,1.02709840126
YbYag10,Yb_Yag10_2026-09-22_13-49-32,Yb_Yag10_2026-09-22_15-18-40,17.4,16.5,0.000365706,0.14695,0.00248864239537,0.00172735,0.14905,0.0115890640725,0.214740584727,1.03724499246
YbYag10,Yb_Yag10_2026-09-22_13-49-32,Yb_Yag10_2026-09-22_15-18-40,17.5,16.5,0.000360848,0.1469,0.00245641933288,0.00174261,0.1494,0.0116640562249,0.210597350143,1.01723224391
YbYag10,Yb_Yag10_2026-09-22_13-49-32,Yb_Yag10_2026-09-22_15-18-40,17.6,16.5,0.000361623,0.14725,0.00245584380306,0.00174309,0.14925,0.0116789949749,0.210278693358,1.01569306046
YbYag10,Yb_Yag10_2026-09-22_13-49-32,Yb_Yag10_2026-09-22_15-18-40,17.7,16.5,0.000375392,0.1472,0.0025502173913,0.00174738,0.14935,0.0116998995648,0.217969169494,1.05283977808
YbYag10,Yb_Yag10_2026-09-22_13-49-32,Yb_Yag10_2026-09-22_15-18-40,17.8,16.5,0.000376495,0.14725,0.00255684210526,0.00175715,0.1489,0.0118008730692,0.216665503498,1.04654278011
YbYag10,Yb_Yag10_2026-09-22_13-49-32,Yb_Yag10_2026-09-22_15-18-40,17.9,16.5,0.000377329,0.1473,0.00256163611677,0.00176144,0.1486,0.0118535666218,0.216106780221,1.04384402187
YbYag10,Yb_Yag10_2026-09-22_13-49-32,Yb_Yag10_2026-09-22_15-18-40,18,16.5,0.00037569,0.1472,0.00255224184783,0.00176645,0.1483,0.0119113283884,0.21427012711,1.03497257708
YbYag10,Yb_Yag10_2026-09-22_13-49-32,Yb_Yag10_2026-09-22_15-18-40,18.1,16.5,0.000380965,0.1472,0.00258807744565,0.00178505,0.14815,0.0120489368883,0.214797161745,1.0375182721
YbYag10,Yb_Yag10_2026-09-22_13-49-32,Yb_Yag10_2026-09-22_15-18-40,18.2,16.5,0.000382217,0.1473,0.00259482009504,0.00178171,0.14785,0.0120507947244,0.215323566153,1.04006092298
YbYag10,Yb_Yag10_2026-09-22_13-49-32,Yb_Yag10_2026-09-22_15-18-40,18.3,16.5,0.000381591,0.1472,0.00259233016304,0.00177336,0.1476,0.0120146341463,0.215764386287,1.04219018269
YbYag10,Yb_Yag10_2026-09-22_13-49-32,Yb_Yag10_2026-09-22_15-18-40,18.4,16.5,0.000382217,0.147,0.00260011564626,0.00177527,0.14775,0.0120153637902,0.216399244472,1.04525668954
YbYag10,Yb_Yag10_2026-09-22_13-49-32,Yb_Yag10_2026-09-22_15-18-40,18.5,16.5,0.000367017,0.14715,0.00249416921509,0.00175203,0.1474,0.0118862279512,0.209836899084,1.01355909543
YbYag10,Yb_Yag10_2026-09-22_13-49-32,Yb_Yag10_2026-09-22_15-18-40,18.6,16.5,0.000349404,0.14715,0.00237447502548,0.00166274,0.1471,0.0113034670292,0.210066081437,1.01466609739
YbYag10,Yb_Yag10_2026-09-22_13-49-32,Yb_Yag10_2026-09-22_15-18-40,18.7,16.5,0.000320436,0.14715,0.0021776146789,0.00151253,0.147,0.0102893197279,0.211638352825,1.0222605194
YbYag10,Yb_Yag10_2026-09-22_13-49-32,Yb_Yag10_2026-09-22_15-18-40,14.5,16.6,0.000298472,0.14685,0.00203249574396,0.00156928,0.1484,0.0105746630728,0.192204302867,0.928389716977
YbYag10,Yb_Yag10_2026-09-22_13-49-32,Yb_Yag10_2026-09-22_15-18-40,14.6,16.6,0.00032586,0.147,0.00221673469388,0.0016414,0.1485,0.0110531986532,0.200551420763,0.968708160976
YbYag10,Yb_Yag10_2026-09-22_13-49-32,Yb_Yag10_2026-09-22_15-18-40,14.7,16.6,0.000330361,0.1469,0.00224888359428,0.00168658,0.14885,0.0113307356399,0.198476397804,0.95868533657
YbYag10,Yb_Yag10_2026-09-22_13-49-32,Yb_Yag10_2026-09-22_15-18-40,14.8,16.6,0.000338109,0.1469,0.00230162695711,0.00169528,0.1489,0.0113853593015,0.202156725682,0.976462142324
YbYag10,Yb_Yag10_2026-09-22_13-49-32,Yb_Yag10_2026-09-22_15-18-40,14.9,16.6,0.000339599,0.147,0.00231019727891,0.0016873,0.1488,0.0113393817204,0.203732208323,0.984072075403
YbYag10,Yb_Yag10_2026-09-22_13-49-32,Yb_Yag10_2026-09-22_15-18-40,15,16.6,0.000336738,0.14695,0.00229151412045,0.00170255,0.149,0.0114265100671,0.200543657424,0.968670662313
YbYag10,Yb_Yag10_2026-09-22_13-49-32,Yb_Yag10_2026-09-22_15-18-40,15.1,16.6,0.00033653,0.1468,0.0022924386921,0.00170685,0.14905,0.0114515263334,0.20018630053,0.966944548687
YbYag10,Yb_Yag10_2026-09-22_13-49-32,Yb_Yag10_2026-09-22_15-18-40,15.2,16.6,0.000343891,0.1471,0.00233780421482,0.00169969,0.14885,0.0114188108834,0.204732720306,0.988904771776
YbYag10,Yb_Yag10_2026-09-22_13-49-32,Yb_Yag10_2026-09-22_15-18-40,15.3,16.6,0.000338795,0.147,0.00230472789116,0.00172187,0.1491,0.0115484238766,0.199570773968,0.963971417898
YbYag10,Yb_Yag10_2026-09-22_13-49-32,Yb_Yag10_2026-09-22_15-18-40,15.4,16.6,0.00033945,0.147,0.00230918367347,0.00170995,0.149,0.0114761744966,0.201215455042,0.97191559487
YbYag10,Yb_Yag10_2026-09-22_13-49-32,Yb_Yag10_2026-09-22_15-18-40,15.5,16.6,0.000344219,0.14705,0.00234082964978,0.00170637,0.14885,0.0114636882768,0.204195158945,0.986308230323
YbYag10,Yb_Yag10_2026-09-22_13-49-32,Yb_Yag10_2026-09-22_15-18-40,15.6,16.6,0.000343176,0.1471,0.0023329435758,0.0017252,0.149,0.0115785234899,0.201488866679,0.973236234154
YbYag10,Yb_Yag10_2026-09-22_13-49-32,Yb_Yag10_2026-09-22_15-18-40,15.7,16.6,0.000352802,0.1471,0.00239838205303,0.00171972,0.14895,0.0115456193353,0.207730913637,1.00338671529
YbYag10,Yb_Yag10_2026-09-22_13-49-32,Yb_Yag10_2026-09-22_15-18-40,15.8,16.6,0.000348659,0.147,0.00237182993197,0.00170685,0.14895,0.0114592145015,0.206980149613,0.999760357354
YbYag10,Yb_Yag10_2026-09-22_13-49-32,Yb_Yag10_2026-09-22_15-18-40,15.9,16.6,0.000347944,0.147,0.00236696598639,0.001714,0.14895,0.011507217187,0.205694039482,0.993548158132
YbYag10,Yb_Yag10_2026-09-22_13-49-32,Yb_Yag10_2026-09-22_15-18-40,16,16.6,0.000345143,0.14695,0.00234871044573,0.00171233,0.14895,0.0114960053709,0.2043066587,0.986846799047
YbYag10,Yb_Yag10_2026-09-22_13-49-32,Yb_Yag10_2026-09-22_15-18-40,16.1,16.6,0.000346871,0.1471,0.00235806254249,0.00171114,0.14895,0.0114880161128,0.205262816429,0.991465254459
YbYag10,Yb_Yag10_2026-09-22_13-49-32,Yb_Yag10_2026-09-22_15-18-40,16.2,16.6,0.000357272,0.14695,0.00243124872406,0.0017326,0.149,0.0116281879195,0.209082338615,1.00991439981
YbYag10,Yb_Yag10_2026-09-22_13-49-32,Yb_Yag10_2026-09-22_15-18-40,16.3,16.6,0.00035006,0.1469,0.00238298162015,0.00172735,0.1491,0.0115851777331,0.205692279829,0.993539658617
YbYag10,Yb_Yag10_2026-09-22_13-49-32,Yb_Yag10_2026-09-22_15-18-40,16.4,16.6,0.000353547,0.14705,0.00240426385583,0.00171734,0.14895,0.0115296408191,0.208528946699,1.00724139325
YbYag10,Yb_Yag10_2026-09-22_13-49-32,Yb_Yag10_2026-09-22_15-18-40,16.5,16.6,0.000357153,0.14695,0.0024304389248,0.00173283,0.14905,0.0116258302583,0.209055084308,1.00978275542
YbYag10,Yb_Yag10_2026-09-22_13-49-32,Yb_Yag10_2026-09-22_15-18-40,16.6,16.6,0.000352653,0.14695,0.00239981626404,0.00172711,0.14905,0.0115874538745,0.207104709113,1.00036200756
YbYag10,Yb_Yag10_2026-09-22_13-49-32,Yb_Yag10_2026-09-22_15-18-40,16.7,16.6,0.0003621,0.1471,0.00246159075459,0.00173951,0.14915,0.0116628226617,0.211063035595,1.01948160867
YbYag10,Yb_Yag10_2026-09-22_13-49-32,Yb_Yag10_2026-09-22_15-18-40,16.8,16.6,0.000355454,0.1471,0.00241641060503,0.00172354,0.14895,0.0115712655253,0.208828550321,1.00868854566
YbYag10,Yb_Yag10_2026-09-22_13-49-32,Yb_Yag10_2026-09-22_15-18-40,16.9,16.6,0.000354858,0.14705,0.00241317919075,0.00173689,0.149,0.0116569798658,0.207015815291,0.999932630545
YbYag10,Yb_Yag10_2026-09-22_13-49-32,Yb_Yag10_2026-09-22_15-18-40,17,16.6,0.000362607,0.14705,0.00246587555253,0.00172902,0.14895,0.0116080563948,0.212427943892,1.02607442064
YbYag10,Yb_Yag10_2026-09-22_13-49-32,Yb_Yag10_2026-09-22_15-18-40,17.1,16.6,0.000357153,0.14705,0.00242878612717,0.00174118,0.149,0.0116857718121,0.207841310461,1.00391995661
YbYag10,Yb_Yag10_2026-09-22_13-49-32,Yb_Yag10_2026-09-22_15-18-40,17.2,16.6,0.000360789,0.147,0.00245434693878,0.00174619,0.1491,0.011711535882,0.209566615644,1.01225356604
YbYag10,Yb_Yag10_2026-09-22_13-49-32,Yb_Yag10_2026-09-22_15-18-40,17.3,16.6,0.000364276,0.14705,0.00247722543353,0.00173379,0.14905,0.01163227105,0.212961460654,1.02865142577
YbYag10,Yb_Yag10_2026-09-22_13-49-32,Yb_Yag10_2026-09-22_15-18-40,17.4,16.6,0.000361683,0.14695,0.00246126573665,0.00172687,0.1491,0.0115819584172,0.21250859725,1.02646399437
YbYag10,Yb_Yag10_2026-09-22_13-49-32,Yb_Yag10_2026-09-22_15-18-40,17.5,16.6,0.00036359,0.1469,0.0024750850919,0.00173403,0.1492,0.0116221849866,0.212962114676,1.02865458484
YbYag10,Yb_Yag10_2026-09-22_13-49-32,Yb_Yag10_2026-09-22_15-18-40,17.6,16.6,0.000365051,0.14715,0.00248080869861,0.00174499,0.14915,0.0116995641971,0.2120428297,1.02421423306
YbYag10,Yb_Yag10_2026-09-22_13-49-32,Yb_Yag10_2026-09-22_15-18-40,17.7,16.6,0.00037122,0.1473,0.00252016293279,0.00175143,0.14905,0.0117506205971,0.21447062408,1.03594102223
YbYag10,Yb_Yag10_2026-09-22_13-49-32,Yb_Yag10_2026-09-22_15-18-40,17.8,16.6,0.000366302,0.14725,0.0024876196944,0.00175882,0.14885,0.0118160564327,0.210528758776,1.01690093229
YbYag10,Yb_Yag10_2026-09-22_13-49-32,Yb_Yag10_2026-09-22_15-18-40,17.9,16.6,0.000369282,0.1472,0.00250870923913,0.00175954,0.14845,0.011852745032,0.211656391187,1.02234764872
YbYag10,Yb_Yag10_2026-09-22_13-49-32,Yb_Yag10_2026-09-22_15-18-40,18,16.6,0.000377448,0.1473,0.00256244399185,0.00175834,0.1481,0.0118726536124,0.21582740266,1.04249456585
YbYag10,Yb_Yag10_2026-09-22_13-49-32,Yb_Yag10_2026-09-22_15-18-40,18.1,16.6,0.000379952,0.14715,0.00258207271492,0.00178099,0.148,0.0120337162162,0.214569852615,1.03642031822
YbYag10,Yb_Yag10_2026-09-22_13-49-32,Yb_Yag10_2026-09-22_15-18-40,18.2,16.6,0.000378909,0.1472,0.00257411005435,0.00179029,0.14765,0.0121252285811,0.212293734269,1.02542615818
YbYag10,Yb_Yag10_2026-09-22_13-49-32,Yb_Yag10_2026-09-22_15-18-40,18.3,16.6,0.000380548,0.1472,0.00258524456522,0.00178529,0.1475,0.0121036610169,0.213591950535,1.03169683274
YbYag10,Yb_Yag10_2026-09-22_13-49-32,Yb_Yag10_2026-09-22_15-18-40,18.4,16.6,0.000379683,0.14725,0.00257849235993,0.00178505,0.1474,0.0121102442334,0.212918278957,1.02844284853
YbYag10,Yb_Yag10_2026-09-22_13-49-32,Yb_Yag10_2026-09-22_15-18-40,18.5,16.6,0.000372143,0.14725,0.00252728692699,0.00175954,0.14725,0.0119493378608,0.211500164815,1.02159304045
YbYag10,Yb_Yag10_2026-09-22_13-49-32,Yb_Yag10_2026-09-22_15-18-40,18.6,16.6,0.000357362,0.14715,0.00242855589534,0.001678,0.147,0.0114149659864,0.212751916934,1.0276392828
YbYag10,Yb_Yag10_2026-09-22_13-49-32,Yb_Yag10_2026-09-22_15-18-40,18.7,16.6,0.000326069,0.1469,0.00221966643975,0.0015483,0.14695,0.0105362368152,0.21066975607,1.01758198071
YbYag10,Yb_Yag10_2026-09-22_13-49-32,Yb_Yag10_2026-09-22_15-18-40,18.8,16.6,0.000208975,0.14705,0.00142111526692,0.000967506,0.14695,0.00658391289554,0.21584660816,1.0425873327
YbYag10,Yb_Yag10_2026-09-22_13-49-32,Yb_Yag10_2026-09-22_15-18-40,14.4,16.7,0.000198455,0.1468,0.001351873297,0.00122286,0.1484,0.00824029649596,0.164056390163,0.792429011005
YbYag10,Yb_Yag10_2026-09-22_13-49-32,Yb_Yag10_2026-09-22_15-18-40,14.5,16.7,0.000305178,0.14675,0.00207957751278,0.00159884,0.14855,0.0107629754291,0.193215856199,0.933275745528
YbYag10,Yb_Yag10_2026-09-22_13-49-32,Yb_Yag10_2026-09-22_15-18-40,14.6,16.7,0.00032896,0.14705,0.00223706222373,0.00164605,0.1486,0.0110770524899,0.201954646849,0.97548605642
YbYag10,Yb_Yag10_2026-09-22_13-49-32,Yb_Yag10_2026-09-22_15-18-40,14.7,16.7,0.000329705,0.1468,0.00224594686649,0.001683,0.14885,0.0113066845818,0.198638853878,0.959470035695
YbYag10,Yb_Yag10_2026-09-22_13-49-32,Yb_Yag10_2026-09-22_15-18-40,14.8,16.7,0.00033045,0.14685,0.00225025536261,0.00169922,0.1491,0.0113965124078,0.197451227366,0.953733534352
YbYag10,Yb_Yag10_2026-09-22_13-49-32,Yb_Yag10_2026-09-22_15-18-40,14.9,16.7,0.000337603,0.147,0.00229661904762,0.00168396,0.14885,0.0113131340275,0.203004670681,0.980557906078
YbYag10,Yb_Yag10_2026-09-22_13-49-32,Yb_Yag10_2026-09-22_15-18-40,15,16.7,0.000339122,0.147,0.00230695238095,0.00169493,0.14895,0.0113791876469,0.202734364924,0.979252268894
YbYag10,Yb_Yag10_2026-09-22_13-49-32,Yb_Yag10_2026-09-22_15-18-40,15.1,16.7,0.000337752,0.147,0.00229763265306,0.00168372,0.14885,0.0113115216661,0.203123215504,0.981130504053
YbYag10,Yb_Yag10_2026-09-22_13-49-32,Yb_Yag10_2026-09-22_15-18-40,15.2,16.7,0.000339868,0.1471,0.00231045547247,0.00169564,0.14895,0.0113839543471,0.202957197651,0.980328600738
YbYag10,Yb_Yag10_2026-09-22_13-49-32,Yb_Yag10_2026-09-22_15-18-40,15.3,16.7,0.000342192,0.1469,0.00232942137509,0.00170017,0.1489,0.0114182001343,0.20400950655,0.985411487785
YbYag10,Yb_Yag10_2026-09-22_13-49-32,Yb_Yag10_2026-09-22_15-18-40,15.4,16.7,0.000347408,0.1471,0.00236171312033,0.00169802,0.149,0.0113961073826,0.207238580775,1.00100863759
YbYag10,Yb_Yag10_2026-09-22_13-49-32,Yb_Yag10_2026-09-22_15-18-40,15.5,16.7,0.000346215,0.14705,0.0023544032642,0.00169993,0.14895,0.0114127559584,0.206295768768,0.996454644997
YbYag10,Yb_Yag10_2026-09-22_13-49-32,Yb_Yag10_2026-09-22_15-18-40,15.6,16.7,0.000338675,0.14705,0.00230312818769,0.00171281,0.14895,0.0114992279288,0.200285462811,0.967423524657
YbYag10,Yb_Yag10_2026-09-22_13-49-32,Yb_Yag10_2026-09-22_15-18-40,15.7,16.7,0.00034404,0.147,0.00234040816327,0.00170565,0.14885,0.0114588511925,0.20424457251,0.98654690888
YbYag10,Yb_Yag10_2026-09-22_13-49-32,Yb_Yag10_2026-09-22_15-18-40,15.8,16.7,0.000346752,0.1471,0.002357253569,0.00170923,0.1491,0.011463648558,0.205628562065,0.993231887582
YbYag10,Yb_Yag10_2026-09-22_13-49-32,Yb_Yag10_2026-09-22_15-18-40,15.9,16.7,0.000345441,0.1469,0.00235153846154,0.00170613,0.14895,0.0114543806647,0.205295993767,0.991625508412
YbYag10,Yb_Yag10_2026-09-22_13-49-32,Yb_Yag10_2026-09-22_15-18-40,16,16.7,0.000347706,0.14695,0.0023661517523,0.00170208,0.14885,0.0114348673161,0.206924285774,0.99949052253
YbYag10,Yb_Yag10_2026-09-22_13-49-32,Yb_Yag10_2026-09-22_15-18-40,16.1,16.7,0.000341685,0.14705,0.00232359741584,0.0017109,0.14905,0.0114786984233,0.202426906793,0.977767177441
YbYag10,Yb_Yag10_2026-09-22_13-49-32,Yb_Yag10_2026-09-22_15-18-40,16.2,16.7,0.000348868,0.1469,0.00237486725664,0.00172091,0.1491,0.0115419852448,0.205758992606,0.993861896229
YbYag10,Yb_Yag10_2026-09-22_13-49-32,Yb_Yag10_2026-09-22_15-18-40,16.3,16.7,0.000352414,0.147,0.00239737414966,0.00171161,0.14905,0.0114834619255,0.208767544597,1.00839387439
YbYag10,Yb_Yag10_2026-09-22_13-49-32,Yb_Yag10_2026-09-22_15-18-40,16.4,16.7,0.000354173,0.14705,0.00240852091125,0.00171948,0.1491,0.0115323943662,0.208848295919,1.00878392131
YbYag10,Yb_Yag10_2026-09-22_13-49-32,Yb_Yag10_2026-09-22_15-18-40,16.5,16.7,0.000359209,0.14695,0.00244443007826,0.0017171,0.14895,0.0115280295401,0.212042315624,1.02421174996
YbYag10,Yb_Yag10_2026-09-22_13-49-32,Yb_Yag10_2026-09-22_15-18-40,16.6,16.7,0.000348302,0.14695,0.00237020755359,0.00172663,0.14895,0.0115920107419,0.20446906118,0.987631239303
YbYag10,Yb_Yag10_2026-09-22_13-49-32,Yb_Yag10_2026-09-22_15-18-40,16.7,16.7,0.000355573,0.14705,0.00241804148249,0.00172044,0.14895,0.0115504531722,0.209346027073,1.01118807397
YbYag10,Yb_Yag10_2026-09-22_13-49-32,Yb_Yag10_2026-09-22_15-18-40,16.8,16.7,0.000361236,0.14705,0.00245655219313,0.00173307,0.14905,0.0116274404562,0.211271965002,1.02049078438
YbYag10,Yb_Yag10_2026-09-22_13-49-32,Yb_Yag10_2026-09-22_15-18-40,16.9,16.7,0.000350596,0.147,0.00238500680272,0.00172663,0.14895,0.0115920107419,0.205745737804,0.993797872574
YbYag10,Yb_Yag10_2026-09-22_13-49-32,Yb_Yag10_2026-09-22_15-18-40,17,16.7,0.000359448,0.14705,0.00244439306358,0.00172568,0.1489,0.0115895231699,0.210914032247,1.01876188921
YbYag10,Yb_Yag10_2026-09-22_13-49-32,Yb_Yag10_2026-09-22_15-18-40,17.1,16.7,0.000359477,0.14705,0.00244459027542,0.00173736,0.149,0.0116601342282,0.209653699312,1.01267419961
YbYag10,Yb_Yag10_2026-09-22_13-49-32,Yb_Yag10_2026-09-22_15-18-40,17.2,16.7,0.000358494,0.14695,0.00243956447771,0.00174285,0.14905,0.0116930560215,0.208633608975,1.00774693542
YbYag10,Yb_Yag10_2026-09-22_13-49-32,Yb_Yag10_2026-09-22_15-18-40,17.3,16.7,0.000365229,0.14705,0.00248370622237,0.00173474,0.1491,0.011634741784,0.213473256947,1.03112351619
YbYag10,Yb_Yag10_2026-09-22_13-49-32,Yb_Yag10_2026-09-22_15-18-40,17.4,16.7,0.000359716,0.14695,0.00244788023137,0.00173784,0.14925,0.0116438190955,0.210230012275,1.01545791995
YbYag10,Yb_Yag10_2026-09-22_13-49-32,Yb_Yag10_2026-09-22_15-18-40,17.5,16.7,0.000365676,0.1469,0.00248928522805,0.00173784,0.14925,0.0116438190955,0.213785975858,1.03263401839
YbYag10,Yb_Yag10_2026-09-22_13-49-32,Yb_Yag10_2026-09-22_15-18-40,17.6,16.7,0.000360401,0.14705,0.00245087385243,0.00173856,0.14925,0.0116486432161,0.210399941604,1.01627871657
YbYag10,Yb_Yag10_2026-09-22_13-49-32,Yb_Yag10_2026-09-22_15-18-40,17.7,16.7,0.000362547,0.14715,0.00246379204893,0.00176049,0.1492,0.0117995308311,0.208804238422,1.00857111376
YbYag10,Yb_Yag10_2026-09-22_13-49-32,Yb_Yag10_2026-09-22_15-18-40,17.8,16.7,0.000368865,0.14725,0.00250502546689,0.00175834,0.14885,0.0118128317098,0.212059693089,1.024295687
YbYag10,Yb_Yag10_2026-09-22_13-49-32,Yb_Yag10_2026-09-22_15-18-40,17.9,16.7,0.000371667,0.1473,0.00252319755601,0.00175381,0.1486,0.0118022207268,0.213790066668,1.03265377791
YbYag10,Yb_Yag10_2026-09-22_13-49-32,Yb_Yag10_2026-09-22_15-18-40,18,16.7,0.000370266,0.1471,0.00251710401088,0.00176979,0.14835,0.0119298281092,0.210992479342,1.01914080621
YbYag10,Yb_Yag10_2026-09-22_13-49-32,Yb_Yag10_2026-09-22_15-18-40,18.1,16.7,0.000372918,0.147,0.00253685714286,0.0017922,0.148,0.0121094594595,0.209493838379,1.01190203559
YbYag10,Yb_Yag10_2026-09-22_13-49-32,Yb_Yag10_2026-09-22_15-18-40,18.2,16.7,0.000377031,0.14705,0.00256396463788,0.00179649,0.1477,0.0121631008802,0.210798600056,1.01820432595
YbYag10,Yb_Yag10_2026-09-22_13-49-32,Yb_Yag10_2026-09-22_15-18-40,18.3,16.7,0.000378491,0.14715,0.00257214407068,0.00180269,0.14765,0.0122092109719,0.210672424008,1.01759486745
YbYag10,Yb_Yag10_2026-09-22_13-49-32,Yb_Yag10_2026-09-22_15-18-40,18.4,16.7,0.000379117,0.14715,0.0025763982331,0.00181461,0.14755,0.0122982717723,0.209492706032,1.01189656611
YbYag10,Yb_Yag10_2026-09-22_13-49-32,Yb_Yag10_2026-09-22_15-18-40,18.5,16.7,0.000373067,0.14725,0.00253356196944,0.00176287,0.1473,0.0119678886626,0.211696652673,1.0225421207
YbYag10,Yb_Yag10_2026-09-22_13-49-32,Yb_Yag10_2026-09-22_15-18-40,18.6,16.7,0.000356765,0.14715,0.00242449881074,0.00172413,0.14715,0.0117168195719,0.206924651853,0.999492290775
YbYag10,Yb_Yag10_2026-09-22_13-49-32,Yb_Yag10_2026-09-22_15-18-40,18.7,16.7,0.000341179,0.1471,0.00231936777702,0.00160409,0.14705,0.010908466508,0.212620882625,1.02700635782
YbYag10,Yb_Yag10_2026-09-22_13-49-32,Yb_Yag10_2026-09-22_15-18-40,18.8,16.7,0.000220091,0.14715,0.00149569147129,0.00100959,0.1468,0.00687731607629,0.217481856977,1.05048594977
YbYag10,Yb_Yag10_2026-09-22_13-49-32,Yb_Yag10_2026-09-22_15-18-40,14.4,16.8,0.000207127,0.14685,0.00141046646238,0.00127114,0.14845,0.00856274840013,0.164721231603,0.795640343673
YbYag10,Yb_Yag10_2026-09-22_13-49-32,Yb_Yag10_2026-09-22_15-18-40,14.5,16.8,0.000302793,0.1469,0.002061218516,0.00160695,0.14845,0.0108248568542,0.190415313917,0.919748500729
YbYag10,Yb_Yag10_2026-09-22_13-49-32,Yb_Yag10_2026-09-22_15-18-40,14.6,16.8,0.000323446,0.14695,0.00220106158557,0.00167502,0.14875,0.0112606386555,0.195465075553,0.944139977433
YbYag10,Yb_Yag10_2026-09-22_13-49-32,Yb_Yag10_2026-09-22_15-18-40,14.7,16.8,0.00033498,0.1469,0.00228032675289,0.00167633,0.14865,0.0112770265725,0.202209929916,0.976719130658
YbYag10,Yb_Yag10_2026-09-22_13-49-32,Yb_Yag10_2026-09-22_15-18-40,14.8,16.8,0.000332298,0.14695,0.00226129976182,0.00168682,0.1488,0.011336155914,0.199476769636,0.96351735598
YbYag10,Yb_Yag10_2026-09-22_13-49-32,Yb_Yag10_2026-09-22_15-18-40,14.9,16.8,0.000336351,0.14685,0.0022904392237,0.00169659,0.14905,0.0113826903724,0.201221253391,0.971943602194
YbYag10,Yb_Yag10_2026-09-22_13-49-32,Yb_Yag10_2026-09-22_15-18-40,15,16.8,0.000339421,0.1471,0.00230741672332,0.0016861,0.14895,0.0113199060087,0.20383709207,0.984578687332
YbYag10,Yb_Yag10_2026-09-22_13-49-32,Yb_Yag10_2026-09-22_15-18-40,15.1,16.8,0.000339122,0.147,0.00230695238095,0.00171304,0.14915,0.0114853503185,0.200860428021,0.970200735057
YbYag10,Yb_Yag10_2026-09-22_13-49-32,Yb_Yag10_2026-09-22_15-18-40,15.2,16.8,0.000339063,0.14695,0.00230733582851,0.00170756,0.14905,0.0114562898356,0.201403409098,0.972823454949
YbYag10,Yb_Yag10_2026-09-22_13-49-32,Yb_Yag10_2026-09-22_15-18-40,15.3,16.8,0.000344368,0.147,0.00234263945578,0.0017016,0.14895,0.0114239677744,0.205063556029,0.990502782219
YbYag10,Yb_Yag10_2026-09-22_13-49-32,Yb_Yag10_2026-09-22_15-18-40,15.4,16.8,0.000338795,0.147,0.00230472789116,0.00171066,0.14885,0.0114925092375,0.20054174798,0.968661439269
YbYag10,Yb_Yag10_2026-09-22_13-49-32,Yb_Yag10_2026-09-22_15-18-40,15.5,16.8,0.000337662,0.1469,0.0022985840708,0.00170923,0.1491,0.011463648558,0.200510688998,0.968511417452
YbYag10,Yb_Yag10_2026-09-22_13-49-32,Yb_Yag10_2026-09-22_15-18-40,15.6,16.8,0.000339629,0.147,0.00231040136054,0.00171042,0.149,0.0114793288591,0.201266240291,0.972160898971
YbYag10,Yb_Yag10_2026-09-22_13-49-32,Yb_Yag10_2026-09-22_15-18-40,15.7,16.8,0.000344934,0.147,0.00234648979592,0.0017171,0.14905,0.011520295203,0.203683130907,0.983835020523
YbYag10,Yb_Yag10_2026-09-22_13-49-32,Yb_Yag10_2026-09-22_15-18-40,15.8,16.8,0.000348421,0.147,0.00237021088435,0.00172067,0.14905,0.011544246897,0.205315332,0.9917189164
YbYag10,Yb_Yag10_2026-09-22_13-49-32,Yb_Yag10_2026-09-22_15-18-40,15.9,16.8,0.000348391,0.14695,0.00237081320177,0.00169659,0.14885,0.0113979845482,0.208002843989,1.00470019964
YbYag10,Yb_Yag10_2026-09-22_13-49-32,Yb_Yag10_2026-09-22_15-18-40,16,16.8,0.000345739,0.14695,0.00235276624702,0.00172234,0.149,0.0115593288591,0.203538308815,0.98313549747
YbYag10,Yb_Yag10_2026-09-22_13-49-32,Yb_Yag10_2026-09-22_15-18-40,16.1,16.8,0.000352742,0.14705,0.00239878952737,0.0017252,0.149,0.0115785234899,0.207175770681,1.00070525081
YbYag10,Yb_Yag10_2026-09-22_13-49-32,Yb_Yag10_2026-09-22_15-18-40,16.2,16.8,0.000350805,0.147,0.00238642857143,0.00171519,0.1489,0.0115190732035,0.207171925143,1.000686676
YbYag10,Yb_Yag10_2026-09-22_13-49-32,Yb_Yag10_2026-09-22_15-18-40,16.3,16.8,0.00035006,0.147,0.00238136054422,0.00172234,0.14905,0.0115554511909,0.206081139099,0.99541793575
YbYag10,Yb_Yag10_2026-09-22_13-49-32,Yb_Yag10_2026-09-22_15-18-40,16.4,16.8,0.000348451,0.14695,0.00237122150391,0.00171448,0.1491,0.0114988598256,0.206213619426,0.996057845325
YbYag10,Yb_Yag10_2026-09-22_13-49-32,Yb_Yag10_2026-09-22_15-18-40,16.5,16.8,0.000356825,0.1472,0.00242408288043,0.0017264,0.1491,0.0115788061704,0.209355165356,1.01123221392
YbYag10,Yb_Yag10_2026-09-22_13-49-32,Yb_Yag10_2026-09-22_15-18-40,16.6,16.8,0.000352474,0.14685,0.00240023152877,0.00172783,0.14905,0.0115922844683,0.207054229504,1.00011817977
YbYag10,Yb_Yag10_2026-09-22_13-49-32,Yb_Yag10_2026-09-22_15-18-40,16.7,16.8,0.000352772,0.14695,0.00240062606329,0.00174118,0.1492,0.0116701072386,0.205707283936,0.993612131802
YbYag10,Yb_Yag10_2026-09-22_13-49-32,Yb_Yag10_2026-09-22_15-18-40,16.8,16.8,0.000354888,0.147,0.00241420408163,0.00172663,0.14895,0.0115920107419,0.208264479337,1.00596395681
YbYag10,Yb_Yag10_2026-09-22_13-49-32,Yb_Yag10_2026-09-22_15-18-40,16.9,16.8,0.000356587,0.14715,0.00242328916072,0.00173951,0.1491,0.0116667337357,0.207709305416,1.00328234276
YbYag10,Yb_Yag10_2026-09-22_13-49-32,Yb_Yag10_2026-09-22_15-18-40,17,16.8,0.000357928,0.14695,0.00243571282749,0.00173689,0.14905,0.0116530694398,0.209018991955,1.0096084213
YbYag10,Yb_Yag10_2026-09-22_13-49-32,Yb_Yag10_2026-09-22_15-18-40,17.1,16.8,0.000362011,0.1471,0.002460985724,0.00173903,0.14905,0.0116674270379,0.210927886329,1.01882880753
YbYag10,Yb_Yag10_2026-09-22_13-49-32,Yb_Yag10_2026-09-22_15-18-40,17.2,16.8,0.000365885,0.1471,0.00248732154997,0.00175834,0.1492,0.0117851206434,0.211056095668,1.01944808727
YbYag10,Yb_Yag10_2026-09-22_13-49-32,Yb_Yag10_2026-09-22_15-18-40,17.3,16.8,0.0003621,0.14715,0.00246075433231,0.00173689,0.14905,0.0116530694398,0.211167911169,1.01998818112
YbYag10,Yb_Yag10_2026-09-22_13-49-32,Yb_Yag10_2026-09-22_15-18-40,17.4,16.8,0.000369074,0.147,0.00251070748299,0.00174142,0.14925,0.0116678056951,0.215182490058,1.03937949392
YbYag10,Yb_Yag10_2026-09-22_13-49-32,Yb_Yag10_2026-09-22_15-18-40,17.5,16.8,0.000361742,0.1471,0.00245915703603,0.00173856,0.1492,0.0116525469169,0.21104030334,1.0193718068
YbYag10,Yb_Yag10_2026-09-22_13-49-32,Yb_Yag10_2026-09-22_15-18-40,17.6,16.8,0.000364365,0.1471,0.00247698844324,0.00174499,0.14915,0.0116995641971,0.211716299984,1.0226370216
YbYag10,Yb_Yag10_2026-09-22_13-49-32,Yb_Yag10_2026-09-22_15-18-40,17.7,16.8,0.000371577,0.14725,0.00252344312394,0.00175167,0.14915,0.0117443513242,0.214864410497,1.03784309859
YbYag10,Yb_Yag10_2026-09-22_13-49-32,Yb_Yag10_2026-09-22_15-18-40,17.8,16.8,0.000366928,0.1472,0.0024927173913,0.00176049,0.14895,0.0118193353474,0.210901655468,1.01870210661
YbYag10,Yb_Yag10_2026-09-22_13-49-32,Yb_Yag10_2026-09-22_15-18-40,17.9,16.8,0.000372084,0.14715,0.00252860346585,0.00177384,0.14865,0.0119329969728,0.211900117935,1.02352490336
YbYag10,Yb_Yag10_2026-09-22_13-49-32,Yb_Yag10_2026-09-22_15-18-40,18,16.8,0.000374736,0.1472,0.00254576086957,0.00176717,0.1483,0.011916183412,0.213638946427,1.03192383339
YbYag10,Yb_Yag10_2026-09-22_13-49-32,Yb_Yag10_2026-09-22_15-18-40,18.1,16.8,0.000381472,0.1472,0.00259152173913,0.00181938,0.1481,0.0122848075625,0.210953384979,1.0189519717
YbYag10,Yb_Yag10_2026-09-22_13-49-32,Yb_Yag10_2026-09-22_15-18-40,18.2,16.8,0.000386687,0.1473,0.00262516632722,0.0018592,0.14785,0.0125749070003,0.20876228565,1.0083684725
YbYag10,Yb_Yag10_2026-09-22_13-49-32,Yb_Yag10_2026-09-22_15-18-40,18.3,16.8,0.000384064,0.1473,0.00260735913103,0.00184227,0.14765,0.0124772773451,0.208968596186,1.00936499848
YbYag10,Yb_Yag10_2026-09-22_13-49-32,Yb_Yag10_2026-09-22_15-18-40,18.4,16.8,0.000388773,0.14725,0.00264022410866,0.00186015,0.14755,0.0126069129109,0.209426695284,1.01157771945
YbYag10,Yb_Yag10_2026-09-22_13-49-32,Yb_Yag10_2026-09-22_15-18-40,18.5,16.8,0.000379564,0.14735,0.002575934849,0.00181103,0.14725,0.0122990152801,0.209442365127,1.01165340829
YbYag10,Yb_Yag10_2026-09-22_13-49-32,Yb_Yag10_2026-09-22_15-18-40,18.6,16.8,0.000368806,0.1472,0.00250547554348,0.00177718,0.14715,0.0120773360516,0.20745266446,1.00204270961
YbYag10,Yb_Yag10_2026-09-22_13-49-32,Yb_Yag10_2026-09-22_15-18-40,18.7,16.8,0.000340732,0.1472,0.00231475543478,0.00163365,0.14695,0.0111170466145,0.208216760714,1.0057334652
YbYag10,Yb_Yag10_2026-09-22_13-49-32,Yb_Yag10_2026-09-22_15-18-40,18.8,16.8,0.000224263,0.1472,0.00152352581522,0.00105358,0.14705,0.00716477388643,0.212641157889,1.02710429187
YbYag10,Yb_Yag10_2026-09-22_13-49-32,Yb_Yag10_2026-09-22_15-18-40,14.4,16.9,0.000207216,0.147,0.00140963265306,0.0012827,0.14835,0.00864644421975,0.163030329837,0.787472910429
YbYag10,Yb_Yag10_2026-09-22_13-49-32,Yb_Yag10_2026-09-22_15-18-40,14.5,16.9,0.000307711,0.147,0.00209327210884,0.0016141,0.14855,0.0108657017839,0.192649508561,0.930540159929
YbYag10,Yb_Yag10_2026-09-22_13-49-32,Yb_Yag10_2026-09-22_15-18-40,14.6,16.9,0.000324579,0.14695,0.00220877169105,0.00166631,0.1487,0.0112058507061,0.197108791557,0.952079492904
YbYag10,Yb_Yag10_2026-09-22_13-49-32,Yb_Yag10_2026-09-22_15-18-40,14.7,16.9,0.000333222,0.14705,0.00226604556273,0.00169588,0.149,0.0113817449664,0.199094740694,0.961672070851
YbYag10,Yb_Yag10_2026-09-22_13-49-32,Yb_Yag10_2026-09-22_15-18-40,14.8,16.9,0.000332447,0.1471,0.0022600067981,0.0017078,0.14905,0.0114579000335,0.197244415774,0.952734588164
YbYag10,Yb_Yag10_2026-09-22_13-49-32,Yb_Yag10_2026-09-22_15-18-40,14.9,16.9,0.000334861,0.147,0.00227796598639,0.00168706,0.1489,0.0113301544661,0.20105339192,0.971132793793
YbYag10,Yb_Yag10_2026-09-22_13-49-32,Yb_Yag10_2026-09-22_15-18-40,15,16.9,0.000334026,0.14715,0.00226996941896,0.0016954,0.149,0.0113785234899,0.199495955778,0.963610029329
YbYag10,Yb_Yag10_2026-09-22_13-49-32,Yb_Yag10_2026-09-22_15-18-40,15.1,16.9,0.00033641,0.14715,0.00228617057424,0.00169636,0.149,0.011384966443,0.200806088071,0.969938260959
YbYag10,Yb_Yag10_2026-09-22_13-49-32,Yb_Yag10_2026-09-22_15-18-40,15.2,16.9,0.000335725,0.1472,0.00228074048913,0.00169755,0.149,0.0113929530201,0.200188703061,0.966956153451
YbYag10,Yb_Yag10_2026-09-22_13-49-32,Yb_Yag10_2026-09-22_15-18-40,15.3,16.9,0.00033805,0.1471,0.00229809653297,0.00170589,0.14905,0.0114450855418,0.200793303342,0.969876507862
YbYag10,Yb_Yag10_2026-09-22_13-49-32,Yb_Yag10_2026-09-22_15-18-40,15.4,16.9,0.000337066,0.14715,0.00229062861026,0.00169302,0.14915,0.0113511230305,0.20179753176,0.974727155443
YbYag10,Yb_Yag10_2026-09-22_13-49-32,Yb_Yag10_2026-09-22_15-18-40,15.5,16.9,0.00033501,0.14705,0.00227820469228,0.00167728,0.149,0.0112569127517,0.202382726288,0.977553775734
YbYag10,Yb_Yag10_2026-09-22_13-49-32,Yb_Yag10_2026-09-22_15-18-40,15.6,16.9,0.000349792,0.14725,0.00237549745331,0.00171543,0.1491,0.0115052313883,0.206471071562,0.99730139665
YbYag10,Yb_Yag10_2026-09-22_13-49-32,Yb_Yag10_2026-09-22_15-18-40,15.7,16.9,0.000343325,0.14715,0.00233316343867,0.00171901,0.14915,0.0115253771371,0.202437057887,0.977816209491
YbYag10,Yb_Yag10_2026-09-22_13-49-32,Yb_Yag10_2026-09-22_15-18-40,15.8,16.9,0.000345351,0.14715,0.00234693170234,0.00170661,0.149,0.0114537583893,0.20490494234,0.989736642672
YbYag10,Yb_Yag10_2026-09-22_13-49-32,Yb_Yag10_2026-09-22_15-18-40,15.9,16.9,0.000347169,0.1472,0.00235848505435,0.00170184,0.1491,0.011414084507,0.206629366806,0.998065998038
YbYag10,Yb_Yag10_2026-09-22_13-49-32,Yb_Yag10_2026-09-22_15-18-40,16,16.9,0.000343801,0.147,0.00233878231293,0.00171352,0.1491,0.0114924211938,0.203506491234,0.982981811444
YbYag10,Yb_Yag10_2026-09-22_13-49-32,Yb_Yag10_2026-09-22_15-18-40,16.1,16.9,0.000344696,0.14695,0.00234566859476,0.00171114,0.14895,0.0114880161128,0.204183957589,0.986254125272
YbYag10,Yb_Yag10_2026-09-22_13-49-32,Yb_Yag10_2026-09-22_15-18-40,16.2,16.9,0.000346871,0.14705,0.00235886433186,0.00170446,0.1489,0.0114470114171,0.206068138303,0.995355139005
YbYag10,Yb_Yag10_2026-09-22_13-49-32,Yb_Yag10_2026-09-22_15-18-40,16.3,16.9,0.000352593,0.1471,0.00239696125085,0.0017295,0.14925,0.0115879396985,0.206849648274,0.999130006733
YbYag10,Yb_Yag10_2026-09-22_13-49-32,Yb_Yag10_2026-09-22_15-18-40,16.4,16.9,0.000346811,0.14705,0.00235845630738,0.0017047,0.149,0.0114409395973,0.206141837156,0.995711120926
YbYag10,Yb_Yag10_2026-09-22_13-49-32,Yb_Yag10_2026-09-22_15-18-40,16.5,16.9,0.000349941,0.14705,0.0023797415845,0.00172425,0.1491,0.0115643863179,0.20578191692,0.993972625787
YbYag10,Yb_Yag10_2026-09-22_13-49-32,Yb_Yag10_2026-09-22_15-18-40,16.6,16.9,0.000356199,0.14715,0.00242065239551,0.00173665,0.14915,0.0116436473349,0.207894685049,1.0041777678
YbYag10,Yb_Yag10_2026-09-22_13-49-32,Yb_Yag10_2026-09-22_15-18-40,16.7,16.9,0.000350358,0.14705,0.00238257735464,0.00172163,0.14895,0.0115584424303,0.206133081426,0.995668828793
YbYag10,Yb_Yag10_2026-09-22_13-49-32,Yb_Yag10_2026-09-22_15-18-40,16.8,16.9,0.000364425,0.1472,0.00247571331522,0.00173307,0.149,0.0116313422819,0.212848461959,1.02810561683
YbYag10,Yb_Yag10_2026-09-22_13-49-32,Yb_Yag10_2026-09-22_15-18-40,16.9,16.9,0.000356199,0.14715,0.00242065239551,0.00173116,0.14895,0.0116224236321,0.208274321444,1.00601149639
YbYag10,Yb_Yag10_2026-09-22_13-49-32,Yb_Yag10_2026-09-22_15-18-40,17,16.9,0.000355305,0.1471,0.00241539768865,0.00172401,0.14895,0.0115744209466,0.208684106081,1.00799084772
YbYag10,Yb_Yag10_2026-09-22_13-49-32,Yb_Yag10_2026-09-22_15-18-40,17.1,16.9,0.000357749,0.14705,0.00243283917035,0.00173808,0.1489,0.0116728005373,0.208419493041,1.00671270763
YbYag10,Yb_Yag10_2026-09-22_13-49-32,Yb_Yag10_2026-09-22_15-18-40,17.2,16.9,0.000358285,0.1471,0.00243565601632,0.00172902,0.1489,0.0116119543318,0.209754184931,1.0131595676
YbYag10,Yb_Yag10_2026-09-22_13-49-32,Yb_Yag10_2026-09-22_15-18-40,17.3,16.9,0.000362189,0.1472,0.00246052309783,0.00172902,0.1491,0.0115963782696,0.212180306698,1.02487827767
YbYag10,Yb_Yag10_2026-09-22_13-49-32,Yb_Yag10_2026-09-22_15-18-40,17.4,16.9,0.00035909,0.14695,0.00244362027901,0.00170208,0.149,0.0114233557047,0.213914399777,1.0332543346
YbYag10,Yb_Yag10_2026-09-22_13-49-32,Yb_Yag10_2026-09-22_15-18-40,17.5,16.9,0.000364633,0.14715,0.0024779680598,0.00172616,0.14925,0.011565561139,0.214254027973,1.03489481465
YbYag10,Yb_Yag10_2026-09-22_13-49-32,Yb_Yag10_2026-09-22_15-18-40,17.6,16.9,0.000372889,0.1471,0.00253493541808,0.00173307,0.1492,0.0116157506702,0.218232595555,1.0541121848
YbYag10,Yb_Yag10_2026-09-22_13-49-32,Yb_Yag10_2026-09-22_15-18-40,17.7,16.9,0.000371249,0.14725,0.00252121561969,0.00175858,0.1491,0.0117946344735,0.213759538318,1.03250631916
YbYag10,Yb_Yag10_2026-09-22_13-49-32,Yb_Yag10_2026-09-22_15-18-40,17.8,16.9,0.000371875,0.1473,0.00252460964019,0.00175525,0.14885,0.0117920725563,0.214093801419,1.03412088461
YbYag10,Yb_Yag10_2026-09-22_13-49-32,Yb_Yag10_2026-09-22_15-18-40,17.9,16.9,0.000369908,0.14725,0.00251210865874,0.00176454,0.1486,0.0118744279946,0.211556182738,1.02186361953
YbYag10,Yb_Yag10_2026-09-22_13-49-32,Yb_Yag10_2026-09-22_15-18-40,18,16.9,0.000376167,0.1473,0.00255374745418,0.00178767,0.1484,0.0120462938005,0.211994452109,1.02398055849
YbYag10,Yb_Yag10_2026-09-22_13-49-32,Yb_Yag10_2026-09-22_15-18-40,18.1,16.9,0.000396224,0.1473,0.00268991174474,0.00185705,0.148,0.0125476351351,0.214375993227,1.03548393408
YbYag10,Yb_Yag10_2026-09-22_13-49-32,Yb_Yag10_2026-09-22_15-18-40,18.2,16.9,0.000393601,0.1473,0.00267210454854,0.00187588,0.1478,0.0126920162382,0.210534283788,1.01692761933
YbYag10,Yb_Yag10_2026-09-22_13-49-32,Yb_Yag10_2026-09-22_15-18-40,18.3,16.9,0.000395985,0.1473,0.0026882892057,0.00186706,0.14755,0.0126537444934,0.212450093891,1.02618141008
YbYag10,Yb_Yag10_2026-09-22_13-49-32,Yb_Yag10_2026-09-22_15-18-40,18.4,16.9,0.000397803,0.1473,0.00270063136456,0.0019095,0.14755,0.0129413758048,0.208681936549,1.0079803684
YbYag10,Yb_Yag10_2026-09-22_13-49-32,Yb_Yag10_2026-09-22_15-18-40,18.5,16.9,0.000386657,0.1473,0.00262496266124,0.00184906,0.1472,0.012561548913,0.208968072283,1.00936246791
YbYag10,Yb_Yag10_2026-09-22_13-49-32,Yb_Yag10_2026-09-22_15-18-40,18.6,16.9,0.000379624,0.14725,0.00257809168081,0.00182629,0.1472,0.012406861413,0.207795637832,1.00369934761
YbYag10,Yb_Yag10_2026-09-22_13-49-32,Yb_Yag10_2026-09-22_15-18-40,18.7,16.9,0.000339778,0.14725,0.00230749066214,0.0016687,0.14715,0.0113401291199,0.203480104833,0.982854359235
YbYag10,Yb_Yag10_2026-09-22_13-49-32,Yb_Yag10_2026-09-22_15-18-40,18.8,16.9,0.000228346,0.1471,0.00155231815092,0.00105251,0.14695,0.00716236815243,0.216732527271,1.0468665199
YbYag10,Yb_Yag10_2026-09-22_13-49-32,Yb_Yag10_2026-09-22_15-18-40,14.4,17,0.000208647,0.147,0.00141936734694,0.00125969,0.14815,0.00850280121498,0.166929381395,0.806306200416
YbYag10,Yb_Yag10_2026-09-22_13-49-32,Yb_Yag10_2026-09-22_15-18-40,14.5,17,0.000306668,0.147,0.00208617687075,0.00161124,0.14855,0.0108464490071,0.192337314211,0.92903219148
YbYag10,Yb_Yag10_2026-09-22_13-49-32,Yb_Yag10_2026-09-22_15-18-40,14.6,17,0.000330003,0.1471,0.00224339225017,0.00167585,0.1487,0.0112700067249,0.199058643436,0.96149771303
YbYag10,Yb_Yag10_2026-09-22_13-49-32,Yb_Yag10_2026-09-22_15-18-40,14.7,17,0.000330331,0.1471,0.00224562202583,0.00169075,0.1489,0.0113549361988,0.197766150907,0.955254685402
YbYag10,Yb_Yag10_2026-09-22_13-49-32,Yb_Yag10_2026-09-22_15-18-40,14.8,17,0.000331523,0.14715,0.00225295956507,0.00170303,0.1491,0.0114220657277,0.197246244137,0.952743419566
YbYag10,Yb_Yag10_2026-09-22_13-49-32,Yb_Yag10_2026-09-22_15-18-40,14.9,17,0.000335069,0.147,0.00227938095238,0.00169063,0.149,0.0113465100671,0.200888285376,0.970335292302
YbYag10,Yb_Yag10_2026-09-22_13-49-32,Yb_Yag10_2026-09-22_15-18-40,15,17,0.000337394,0.14715,0.00229285762827,0.00168062,0.14895,0.0112831151393,0.203211400395,0.981556456774
YbYag10,Yb_Yag10_2026-09-22_13-49-32,Yb_Yag10_2026-09-22_15-18-40,15.1,17,0.000342907,0.1472,0.00232953125,0.00170613,0.14905,0.0114466957397,0.203511240534,0.983004751624
YbYag10,Yb_Yag10_2026-09-22_13-49-32,Yb_Yag10_2026-09-22_15-18-40,15.2,17,0.000331732,0.14705,0.00225591295478,0.00170518,0.14905,0.0114403220396,0.197189637405,0.952469996405
YbYag10,Yb_Yag10_2026-09-22_13-49-32,Yb_Yag10_2026-09-22_15-18-40,15.3,17,0.000337007,0.1473,0.00228789545146,0.00169302,0.1491,0.0113549295775,0.20148918017,0.973237748385
YbYag10,Yb_Yag10_2026-09-22_13-49-32,Yb_Yag10_2026-09-22_15-18-40,15.4,17,0.000329824,0.1472,0.00224065217391,0.0016482,0.1493,0.0110395177495,0.202966490453,0.980373487049
YbYag10,Yb_Yag10_2026-09-22_13-49-32,Yb_Yag10_2026-09-22_15-18-40,15.5,17,0.000332506,0.14725,0.00225810526316,0.00164986,0.1489,0.011080322364,0.20379418477,0.984371435488
YbYag10,Yb_Yag10_2026-09-22_13-49-32,Yb_Yag10_2026-09-22_15-18-40,15.6,17,0.000345888,0.1473,0.00234818737271,0.00171376,0.1491,0.0114940308518,0.20429624759,0.98679651106
YbYag10,Yb_Yag10_2026-09-22_13-49-32,Yb_Yag10_2026-09-22_15-18-40,15.7,17,0.000337722,0.14715,0.00229508664628,0.00170565,0.14895,0.0114511581067,0.200423976762,0.968092577983
YbYag10,Yb_Yag10_2026-09-22_13-49-32,Yb_Yag10_2026-09-22_15-18-40,15.8,17,0.000336351,0.14715,0.00228576962283,0.00168801,0.14885,0.0113403426268,0.201560896179,0.973584152725
YbYag10,Yb_Yag10_2026-09-22_13-49-32,Yb_Yag10_2026-09-22_15-18-40,15.9,17,0.000331791,0.1472,0.00225401494565,0.00161839,0.14895,0.0108653239342,0.207450321712,1.00203139362
YbYag10,Yb_Yag10_2026-09-22_13-49-32,Yb_Yag10_2026-09-22_15-18-40,16,17,0.00034094,0.14735,0.0023138106549,0.00168944,0.149,0.0113385234899,0.204066310482,0.985685863465
YbYag10,Yb_Yag10_2026-09-22_13-49-32,Yb_Yag10_2026-09-22_15-18-40,16.1,17,0.000350626,0.14715,0.00238277947672,0.00171018,0.149,0.0114777181208,0.207600452602,1.00275655935
YbYag10,Yb_Yag10_2026-09-22_13-49-32,Yb_Yag10_2026-09-22_15-18-40,16.2,17,0.000348778,0.14705,0.00237183270996,0.00171066,0.14915,0.0114693932283,0.20679670343,0.998874271314
YbYag10,Yb_Yag10_2026-09-22_13-49-32,Yb_Yag10_2026-09-22_15-18-40,16.3,17,0.000357391,0.1472,0.00242792798913,0.0017326,0.1492,0.0116126005362,0.209077026422,1.00988874073
YbYag10,Yb_Yag10_2026-09-22_13-49-32,Yb_Yag10_2026-09-22_15-18-40,16.4,17,0.000350388,0.1472,0.00238035326087,0.00172044,0.14885,0.0115582129661,0.205944748367,0.994759138047
YbYag10,Yb_Yag10_2026-09-22_13-49-32,Yb_Yag10_2026-09-22_15-18-40,16.5,17,0.000353517,0.14725,0.00240079456706,0.00171257,0.1489,0.0115014775017,0.208737926645,1.00825081307
YbYag10,Yb_Yag10_2026-09-22_13-49-32,Yb_Yag10_2026-09-22_15-18-40,16.6,17,0.000352027,0.1471,0.00239311352821,0.00173236,0.14905,0.011622676954,0.205900373699,0.99454479849
YbYag10,Yb_Yag10_2026-09-22_13-49-32,Yb_Yag10_2026-09-22_15-18-40,16.7,17,0.000352206,0.14715,0.00239351681957,0.00171042,0.1489,0.0114870382807,0.208366748772,1.00645794103
YbYag10,Yb_Yag10_2026-09-22_13-49-32,Yb_Yag10_2026-09-22_15-18-40,16.8,17,0.000358345,0.1473,0.0024327562797,0.00171734,0.1489,0.0115335124244,0.21092935007,1.01883587772
YbYag10,Yb_Yag10_2026-09-22_13-49-32,Yb_Yag10_2026-09-22_15-18-40,16.9,17,0.000358792,0.14715,0.0024382738702,0.00173021,0.14895,0.0116160456529,0.209905672124,1.01389128458
YbYag10,Yb_Yag10_2026-09-22_13-49-32,Yb_Yag10_2026-09-22_15-18-40,17,17,0.000359209,0.14715,0.00244110771322,0.0017407,0.1491,0.0116747149564,0.209093560086,1.00996860202
YbYag10,Yb_Yag10_2026-09-22_13-49-32,Yb_Yag10_2026-09-22_15-18-40,17.1,17,0.000360461,0.1472,0.00244878396739,0.0017326,0.149,0.0116281879195,0.210590333106,1.01719835006
YbYag10,Yb_Yag10_2026-09-22_13-49-32,Yb_Yag10_2026-09-22_15-18-40,17.2,17,0.000359448,0.14715,0.00244273190622,0.00173188,0.1491,0.0116155600268,0.21029824654,1.0157875067
YbYag10,Yb_Yag10_2026-09-22_13-49-32,Yb_Yag10_2026-09-22_15-18-40,17.3,17,0.000361593,0.1471,0.00245814411965,0.00173426,0.14905,0.0116354243542,0.211263813405,1.02045141034
YbYag10,Yb_Yag10_2026-09-22_13-49-32,Yb_Yag10_2026-09-22_15-18-40,17.4,17,0.00036511,0.1473,0.00247868295995,0.0017345,0.1493,0.0116175485599,0.21335679788,1.03056099288
YbYag10,Yb_Yag10_2026-09-22_13-49-32,Yb_Yag10_2026-09-22_15-18-40,17.5,17,0.000359716,0.1473,0.00244206381534,0.00174928,0.14945,0.0117047842088,0.208638089501,1.00776857736
YbYag10,Yb_Yag10_2026-09-22_13-49-32,Yb_Yag10_2026-09-22_15-18-40,17.6,17,0.000367703,0.14735,0.00249543942993,0.00175167,0.1492,0.0117404155496,0.212551201394,1.0266697819
YbYag10,Yb_Yag10_2026-09-22_13-49-32,Yb_Yag10_2026-09-22_15-18-40,17.7,17,0.000375481,0.1475,0.00254563389831,0.00174881,0.14885,0.0117488075244,0.216671682894,1.04657262797
YbYag10,Yb_Yag10_2026-09-22_13-49-32,Yb_Yag10_2026-09-22_15-18-40,17.8,17,0.000373038,0.1475,0.00252907118644,0.00177599,0.14885,0.0119314074572,0.211967548297,1.02385060707
YbYag10,Yb_Yag10_2026-09-22_13-49-32,Yb_Yag10_2026-09-22_15-18-40,17.9,17,0.000374677,0.14725,0.00254449575552,0.00176979,0.1485,0.0119177777778,0.213504212191,1.03127303694
YbYag10,Yb_Yag10_2026-09-22_13-49-32,Yb_Yag10_2026-09-22_15-18-40,18,17,0.000380488,0.14745,0.00258045439132,0.00181056,0.14835,0.0122046511628,0.211432048069,1.02126402135
YbYag10,Yb_Yag10_2026-09-22_13-49-32,Yb_Yag10_2026-09-22_15-18-40,18.1,17,0.000395896,0.14765,0.00268131391805,0.0018797,0.14825,0.0126792580101,0.211472462814,1.0214592336
YbYag10,Yb_Yag10_2026-09-22_13-49-32,Yb_Yag10_2026-09-22_15-18-40,18.2,17,0.000397356,0.1474,0.00269576662144,0.00192261,0.148,0.0129906081081,0.207516584213,1.0023514563
YbYag10,Yb_Yag10_2026-09-22_13-49-32,Yb_Yag10_2026-09-22_15-18-40,18.3,17,0.000410082,0.14755,0.00277927482209,0.00195433,0.1478,0.0132228010825,0.210188053556,1.01525524997
YbYag10,Yb_Yag10_2026-09-22_13-49-32,Yb_Yag10_2026-09-22_15-18-40,18.4,17,0.000407668,0.1474,0.00276572591588,0.00197031,0.1478,0.0133309201624,0.20746699269,1.00211191816
YbYag10,Yb_Yag10_2026-09-22_13-49-32,Yb_Yag10_2026-09-22_15-18-40,18.5,17,0.000406804,0.1475,0.00275799322034,0.00193334,0.1475,0.0131073898305,0.2104151365,1.01635211132
YbYag10,Yb_Yag10_2026-09-22_13-49-32,Yb_Yag10_2026-09-22_15-18-40,18.6,17,0.000389637,0.14745,0.00264250254323,0.00188065,0.1473,0.0127674813306,0.2069713262,0.999717738298
YbYag10,Yb_Yag10_2026-09-22_13-49-32,Yb_Yag10_2026-09-22_15-18-40,18.7,17,0.000348093,0.14745,0.00236075279756,0.00169683,0.1473,0.0115195519348,0.204934428954,0.9898790696
YbYag10,Yb_Yag10_2026-09-22_13-49-32,Yb_Yag10_2026-09-22_15-18-40,18.8,17,0.000225724,0.14745,0.00153085113598,0.0010562,0.147,0.00718503401361,0.213061084064,1.0291326291
YbYag10,Yb_Yag10_2026-09-22_13-49-32,Yb_Yag10_2026-09-22_15-18-40,14.5,17.1,0.000298323,0.1471,0.00202802855201,0.00160766,0.14865,0.0108150689539,0.187518781494,0.905757602106
YbYag10,Yb_Yag10_2026-09-22_13-49-32,Yb_Yag10_2026-09-22_15-18-40,14.6,17.1,0.000320794,0.147,0.00218227210884,0.00167323,0.1488,0.0112448252688,0.194069010116,0.937396669522
YbYag10,Yb_Yag10_2026-09-22_13-49-32,Yb_Yag10_2026-09-22_15-18-40,14.7,17.1,0.000334205,0.14725,0.0022696434635,0.00170518,0.149,0.0114441610738,0.19832327148,0.957945702218
YbYag10,Yb_Yag10_2026-09-22_13-49-32,Yb_Yag10_2026-09-22_15-18-40,14.8,17.1,0.00033504,0.14725,0.00227531409168,0.00168205,0.1486,0.0113193135935,0.201011666731,0.970931251808
YbYag10,Yb_Yag10_2026-09-22_13-49-32,Yb_Yag10_2026-09-22_15-18-40,14.9,17.1,0.000335457,0.1473,0.00227737270876,0.00169254,0.1491,0.0113517102616,0.20061934777,0.969036263593
YbYag10,Yb_Yag10_2026-09-22_13-49-32,Yb_Yag10_2026-09-22_15-18-40,15,17.1,0.000334324,0.14725,0.0022704516129,0.00170851,0.1492,0.0114511394102,0.19827298678,0.957702815887
YbYag10,Yb_Yag10_2026-09-22_13-49-32,Yb_Yag10_2026-09-22_15-18-40,15.1,17.1,0.000335159,0.1473,0.00227534962661,0.00171352,0.14925,0.0114808710218,0.198186150013,0.957283374904
YbYag10,Yb_Yag10_2026-09-22_13-49-32,Yb_Yag10_2026-09-22_15-18-40,15.2,17.1,0.000335278,0.14725,0.00227693039049,0.00170995,0.14915,0.0114646329199,0.19860473566,0.959305237078
YbYag10,Yb_Yag10_2026-09-22_13-49-32,Yb_Yag10_2026-09-22_15-18-40,15.3,17.1,0.000329198,0.14735,0.00223412283678,0.00162316,0.14865,0.0109193407333,0.204602355705,0.988275081632
YbYag10,Yb_Yag10_2026-09-22_13-49-32,Yb_Yag10_2026-09-22_15-18-40,15.4,17.1,0.000322403,0.1473,0.00218875084861,0.00164414,0.14945,0.0110012713282,0.198954355666,0.960993979807
YbYag10,Yb_Yag10_2026-09-22_13-49-32,Yb_Yag10_2026-09-22_15-18-40,15.5,17.1,0.000339212,0.1473,0.00230286490156,0.00167251,0.1492,0.0112098525469,0.205432220622,0.992283514556
YbYag10,Yb_Yag10_2026-09-22_13-49-32,Yb_Yag10_2026-09-22_15-18-40,15.6,17.1,0.000334503,0.1472,0.0022724388587,0.00170351,0.1491,0.0114252850436,0.198895594292,0.960710149243
YbYag10,Yb_Yag10_2026-09-22_13-49-32,Yb_Yag10_2026-09-22_15-18-40,15.7,17.1,0.00033504,0.1472,0.00227608695652,0.00169683,0.14915,0.0113766677841,0.200066223231,0.966364548513
YbYag10,Yb_Yag10_2026-09-22_13-49-32,Yb_Yag10_2026-09-22_15-18-40,15.8,17.1,0.00033957,0.14725,0.00230607809847,0.00168634,0.1491,0.0113101274313,0.203894970457,0.98485825287
YbYag10,Yb_Yag10_2026-09-22_13-49-32,Yb_Yag10_2026-09-22_15-18-40,15.9,17.1,0.000324668,0.14715,0.00220637444784,0.00160123,0.1493,0.010724916276,0.205724165211,0.993693672134
YbYag10,Yb_Yag10_2026-09-22_13-49-32,Yb_Yag10_2026-09-22_15-18-40,16,17.1,0.000339272,0.14715,0.00230562011553,0.00171018,0.1494,0.0114469879518,0.201417187232,0.972890006412
YbYag10,Yb_Yag10_2026-09-22_13-49-32,Yb_Yag10_2026-09-22_15-18-40,16.1,17.1,0.000348927,0.1473,0.00236881873727,0.00171853,0.1492,0.0115182975871,0.205657018267,0.993369337392
YbYag10,Yb_Yag10_2026-09-22_13-49-32,Yb_Yag10_2026-09-22_15-18-40,16.2,17.1,0.000352146,0.14745,0.00238824008138,0.0017233,0.14915,0.0115541401274,0.206699940891,0.998406886634
YbYag10,Yb_Yag10_2026-09-22_13-49-32,Yb_Yag10_2026-09-22_15-18-40,16.3,17.1,0.000353398,0.1473,0.00239917175832,0.00174022,0.1492,0.0116636729223,0.205696076553,0.993557997642
YbYag10,Yb_Yag10_2026-09-22_13-49-32,Yb_Yag10_2026-09-22_15-18-40,16.4,17.1,0.000349643,0.1474,0.00237206919946,0.00174261,0.14925,0.0116757788945,0.203161538163,0.981315611058
YbYag10,Yb_Yag10_2026-09-22_13-49-32,Yb_Yag10_2026-09-22_15-18-40,16.5,17.1,0.000347318,0.1472,0.00235949728261,0.00173116,0.14905,0.0116146259644,0.203148796168,0.981254064376
YbYag10,Yb_Yag10_2026-09-22_13-49-32,Yb_Yag10_2026-09-22_15-18-40,16.6,17.1,0.000352325,0.14725,0.00239269949066,0.0017326,0.14905,0.011624287152,0.205836234031,0.994234989566
YbYag10,Yb_Yag10_2026-09-22_13-49-32,Yb_Yag10_2026-09-22_15-18-40,16.7,17.1,0.000356795,0.1473,0.002422233537,0.00172354,0.1491,0.0115596244131,0.209542581181,1.01213747421
YbYag10,Yb_Yag10_2026-09-22_13-49-32,Yb_Yag10_2026-09-22_15-18-40,16.8,17.1,0.000348868,0.14725,0.00236922241087,0.00172377,0.14915,0.0115572913175,0.204998069685,0.990186468547
YbYag10,Yb_Yag10_2026-09-22_13-49-32,Yb_Yag10_2026-09-22_15-18-40,16.9,17.1,0.000357809,0.1473,0.00242911744739,0.00173355,0.1491,0.0116267605634,0.208924698685,1.00915296374
YbYag10,Yb_Yag10_2026-09-22_13-49-32,Yb_Yag10_2026-09-22_15-18-40,17,17.1,0.000353994,0.14725,0.00240403395586,0.00174166,0.14905,0.0116850721234,0.205735482886,0.993748339029
YbYag10,Yb_Yag10_2026-09-22_13-49-32,Yb_Yag10_2026-09-22_15-18-40,17.1,17.1,0.000357153,0.14715,0.00242713557594,0.00171686,0.14915,0.0115109621187,0.210854275334,1.01847324998
YbYag10,Yb_Yag10_2026-09-22_13-49-32,Yb_Yag10_2026-09-22_15-18-40,17.2,17.1,0.000358107,0.14725,0.00243196604414,0.00172854,0.1494,0.0115698795181,0.21019804401,1.0153035061
YbYag10,Yb_Yag10_2026-09-22_13-49-32,Yb_Yag10_2026-09-22_15-18-40,17.3,17.1,0.000362338,0.14725,0.00246069949066,0.00175668,0.14925,0.0117700502513,0.209064484698,1.00982816141
YbYag10,Yb_Yag10_2026-09-22_13-49-32,Yb_Yag10_2026-09-22_15-18-40,17.4,17.1,0.000361266,0.14725,0.00245341935484,0.00175453,0.1493,0.0117517079705,0.208771300393,1.00841201572
YbYag10,Yb_Yag10_2026-09-22_13-49-32,Yb_Yag10_2026-09-22_15-18-40,17.5,17.1,0.000366213,0.1474,0.0024844843962,0.00176049,0.1494,0.0117837349398,0.210840146091,1.01840500258
YbYag10,Yb_Yag10_2026-09-22_13-49-32,Yb_Yag10_2026-09-22_15-18-40,17.6,17.1,0.000370445,0.14735,0.00251404818459,0.00176907,0.1494,0.0118411646586,0.212314266128,1.02552533164
YbYag10,Yb_Yag10_2026-09-22_13-49-32,Yb_Yag10_2026-09-22_15-18-40,17.7,17.1,0.00036967,0.14735,0.00250878859857,0.00176764,0.14915,0.0118514247402,0.211686666672,1.02249388608
YbYag10,Yb_Yag10_2026-09-22_13-49-32,Yb_Yag10_2026-09-22_15-18-40,17.8,17.1,0.000370683,0.1473,0.00251651731161,0.00176645,0.14865,0.0118832828792,0.211769536852,1.02289416756
YbYag10,Yb_Yag10_2026-09-22_13-49-32,Yb_Yag10_2026-09-22_15-18-40,17.9,17.1,0.000376524,0.14745,0.00255357070193,0.00177646,0.14855,0.0119586671154,0.213533053248,1.03141234568
YbYag10,Yb_Yag10_2026-09-22_13-49-32,Yb_Yag10_2026-09-22_15-18-40,18,17.1,0.000392379,0.1475,0.00266019661017,0.00184799,0.14835,0.0124569598921,0.213551029562,1.03149917529
YbYag10,Yb_Yag10_2026-09-22_13-49-32,Yb_Yag10_2026-09-22_15-18-40,18.1,17.1,0.000399174,0.14755,0.00270534733988,0.00191284,0.1482,0.0129071524966,0.209600633493,1.01241787985
YbYag10,Yb_Yag10_2026-09-22_13-49-32,Yb_Yag10_2026-09-22_15-18-40,18.2,17.1,0.000403466,0.14745,0.00273629026789,0.00194598,0.148,0.0131485135135,0.208106434623,1.00520056554
YbYag10,Yb_Yag10_2026-09-22_13-49-32,Yb_Yag10_2026-09-22_15-18-40,18.3,17.1,0.000429185,0.14805,0.00289891928403,0.00201203,0.14775,0.0136178003384,0.212877205715,1.0282444556
YbYag10,Yb_Yag10_2026-09-22_13-49-32,Yb_Yag10_2026-09-22_15-18-40,18.4,17.1,0.000422837,0.1476,0.00286474932249,0.00203015,0.14775,0.0137404399323,0.208490363962,1.00705503001
YbYag10,Yb_Yag10_2026-09-22_13-49-32,Yb_Yag10_2026-09-22_15-18-40,18.5,17.1,0.000426086,0.1475,0.00288871864407,0.00203086,0.1476,0.0137592140921,0.209947939231,1.01409544414
YbYag10,Yb_Yag10_2026-09-22_13-49-32,Yb_Yag10_2026-09-22_15-18-40,18.6,17.1,0.000397088,0.14745,0.00269303492709,0.00193692,0.1473,0.013149490835,0.204801460443,0.989236801992
YbYag10,Yb_Yag10_2026-09-22_13-49-32,Yb_Yag10_2026-09-22_15-18-40,18.7,17.1,0.000359686,0.1476,0.00243689701897,0.00172306,0.1472,0.0117055706522,0.2081826757,1.00556882697
YbYag10,Yb_Yag10_2026-09-22_13-49-32,Yb_Yag10_2026-09-22_15-18-40,18.8,17.1,0.000212193,0.14735,0.00144006107906,0.00102115,0.14705,0.0069442366542,0.207375000417,1.00166757494
YbYag10,Yb_Yag10_2026-09-22_13-49-32,Yb_Yag10_2026-09-22_15-18-40,14.5,17.2,0.000295075,0.14705,0.00200663039782,0.00158907,0.14865,0.0106900100908,0.187710804833,0.906685117728
YbYag10,Yb_Yag10_2026-09-22_13-49-32,Yb_Yag10_2026-09-22_15-18-40,14.6,17.2,0.000320973,0.1472,0.00218052309783,0.00166453,0.1487,0.0111938802959,0.194795999259,0.940908189479
YbYag10,Yb_Yag10_2026-09-22_13-49-32,Yb_Yag10_2026-09-22_15-18-40,14.7,17.2,0.000336559,0.14725,0.00228562988115,0.00171102,0.14915,0.0114718069058,0.199238873171,0.962368262912
YbYag10,Yb_Yag10_2026-09-22_13-49-32,Yb_Yag10_2026-09-22_15-18-40,14.8,17.2,0.000336023,0.1473,0.00228121520706,0.00170172,0.1491,0.0114132796781,0.199873767348,0.965434943608
YbYag10,Yb_Yag10_2026-09-22_13-49-32,Yb_Yag10_2026-09-22_15-18-40,14.9,17.2,0.000334205,0.1471,0.0022719578518,0.00170613,0.1492,0.0114351876676,0.198681291278,0.959675017814
YbYag10,Yb_Yag10_2026-09-22_13-49-32,Yb_Yag10_2026-09-22_15-18-40,15,17.2,0.000337007,0.14725,0.00228867232598,0.00171614,0.14925,0.0114984254606,0.199042237028,0.961418466417
YbYag10,Yb_Yag10_2026-09-22_13-49-32,Yb_Yag10_2026-09-22_15-18-40,15.1,17.2,0.000335963,0.1472,0.00228235733696,0.00170112,0.1493,0.0113939718687,0.200312705987,0.967555115283
YbYag10,Yb_Yag10_2026-09-22_13-49-32,Yb_Yag10_2026-09-22_15-18-40,15.2,17.2,0.000337305,0.1472,0.00229147418478,0.0016842,0.1491,0.0112957746479,0.202861180947,0.979864818609
YbYag10,Yb_Yag10_2026-09-22_13-49-32,Yb_Yag10_2026-09-22_15-18-40,15.3,17.2,0.000320854,0.1472,0.00217971467391,0.00164343,0.1494,0.0110002008032,0.198152262209,0.957119689241
YbYag10,Yb_Yag10_2026-09-22_13-49-32,Yb_Yag10_2026-09-22_15-18-40,15.4,17.2,0.000331493,0.14735,0.00224969799796,0.00164915,0.1492,0.0110532841823,0.203532087012,0.98310544477
YbYag10,Yb_Yag10_2026-09-22_13-49-32,Yb_Yag10_2026-09-22_15-18-40,15.5,17.2,0.000346394,0.14735,0.00235082456736,0.00170494,0.1491,0.0114348759222,0.205583740773,0.993015390729
YbYag10,Yb_Yag10_2026-09-22_13-49-32,Yb_Yag10_2026-09-22_15-18-40,15.6,17.2,0.000337305,0.14725,0.00229069609508,0.001714,0.1492,0.0114879356568,0.199400150167,0.963147266829
YbYag10,Yb_Yag10_2026-09-22_13-49-32,Yb_Yag10_2026-09-22_15-18-40,15.7,17.2,0.000341238,0.1473,0.0023166191446,0.00170518,0.1492,0.0114288203753,0.202699759776,0.979085118299
YbYag10,Yb_Yag10_2026-09-22_13-49-32,Yb_Yag10_2026-09-22_15-18-40,15.8,17.2,0.000332685,0.14735,0.00225778758059,0.0016451,0.1492,0.0110261394102,0.204766826955,0.989069514508
YbYag10,Yb_Yag10_2026-09-22_13-49-32,Yb_Yag10_2026-09-22_15-18-40,15.9,17.2,0.000329854,0.1473,0.00223933469111,0.00165058,0.1494,0.0110480589023,0.202690328764,0.979039564402
YbYag10,Yb_Yag10_2026-09-22_13-49-32,Yb_Yag10_2026-09-22_15-18-40,16,17.2,0.000340553,0.1474,0.00231040027137,0.00172854,0.14935,0.0115737529294,0.199624122397,0.964229102728
YbYag10,Yb_Yag10_2026-09-22_13-49-32,Yb_Yag10_2026-09-22_15-18-40,16.1,17.2,0.000350358,0.1473,0.00237853360489,0.00172497,0.1493,0.0115537173476,0.205867387381,0.994385467207
YbYag10,Yb_Yag10_2026-09-22_13-49-32,Yb_Yag10_2026-09-22_15-18-40,16.2,17.2,0.000345679,0.1473,0.00234676849966,0.00173784,0.14925,0.0116438190955,0.201546286524,0.973513584832
YbYag10,Yb_Yag10_2026-09-22_13-49-32,Yb_Yag10_2026-09-22_15-18-40,16.3,17.2,0.000347795,0.1473,0.00236113374067,0.00173522,0.1493,0.011622371065,0.203154221068,0.981280267853
YbYag10,Yb_Yag10_2026-09-22_13-49-32,Yb_Yag10_2026-09-22_15-18-40,16.4,17.2,0.00035009,0.14735,0.00237590770275,0.00172377,0.14915,0.0115572913175,0.20557651767,0.992980501529
YbYag10,Yb_Yag10_2026-09-22_13-49-32,Yb_Yag10_2026-09-22_15-18-40,16.5,17.2,0.000353338,0.1474,0.00239713704206,0.00174118,0.1493,0.0116622906899,0.205545986273,0.992833028062
YbYag10,Yb_Yag10_2026-09-22_13-49-32,Yb_Yag10_2026-09-22_15-18-40,16.6,17.2,0.000356497,0.14745,0.00241774838928,0.00176121,0.14945,0.0117846102375,0.205161506452,0.990975904643
YbYag10,Yb_Yag10_2026-09-22_13-49-32,Yb_Yag10_2026-09-22_15-18-40,16.7,17.2,0.000357421,0.14745,0.00242401492031,0.00175119,0.14925,0.0117332663317,0.206593360432,0.997892079209
YbYag10,Yb_Yag10_2026-09-22_13-49-32,Yb_Yag10_2026-09-22_15-18-40,16.8,17.2,0.00035757,0.14745,0.00242502543235,0.00174905,0.1492,0.0117228552279,0.206863036795,0.999194676281
YbYag10,Yb_Yag10_2026-09-22_13-49-32,Yb_Yag10_2026-09-22_15-18-40,16.9,17.2,0.00035155,0.1474,0.00238500678426,0.00174952,0.1494,0.0117103078983,0.203667299355,0.98375855059
YbYag10,Yb_Yag10_2026-09-22_13-49-32,Yb_Yag10_2026-09-22_15-18-40,17,17.2,0.000359984,0.14735,0.00244305395317,0.0017295,0.14915,0.0115957090178,0.210686034758,1.01766061042
YbYag10,Yb_Yag10_2026-09-22_13-49-32,Yb_Yag10_2026-09-22_15-18-40,17.1,17.2,0.00036359,0.14745,0.00246585283147,0.00174022,0.1493,0.0116558606832,0.211554761891,1.02185675652
YbYag10,Yb_Yag10_2026-09-22_13-49-32,Yb_Yag10_2026-09-22_15-18-40,17.2,17.2,0.000363084,0.14735,0.00246409229725,0.00173617,0.1493,0.0116287340924,0.211896864927,1.0235091906
YbYag10,Yb_Yag10_2026-09-22_13-49-32,Yb_Yag10_2026-09-22_15-18-40,17.3,17.2,0.000364752,0.14735,0.00247541228368,0.00174499,0.14935,0.0116838968865,0.211865296975,1.02335671034
YbYag10,Yb_Yag10_2026-09-22_13-49-32,Yb_Yag10_2026-09-22_15-18-40,17.4,17.2,0.000366213,0.14735,0.00248532745165,0.0017624,0.14965,0.0117768125626,0.21103566338,1.01934939476
YbYag10,Yb_Yag10_2026-09-22_13-49-32,Yb_Yag10_2026-09-22_15-18-40,17.5,17.2,0.000366004,0.1474,0.00248306648575,0.00176287,0.1496,0.0117838903743,0.210717038845,1.01781036708
YbYag10,Yb_Yag10_2026-09-22_13-49-32,Yb_Yag10_2026-09-22_15-18-40,17.6,17.2,0.000367673,0.1475,0.00249269830508,0.0017624,0.14945,0.0117925727668,0.211378666418,1.02100617605
YbYag10,Yb_Yag10_2026-09-22_13-49-32,Yb_Yag10_2026-09-22_15-18-40,17.7,17.2,0.000371041,0.1477,0.00251212593094,0.00178338,0.14935,0.0119409440911,0.210379172013,1.01617839481
YbYag10,Yb_Yag10_2026-09-22_13-49-32,Yb_Yag10_2026-09-22_15-18-40,17.8,17.2,0.000379087,0.1475,0.00257008135593,0.00178839,0.149,0.0120026174497,0.21412674083,1.03427998932
YbYag10,Yb_Yag10_2026-09-22_13-49-32,Yb_Yag10_2026-09-22_15-18-40,17.9,17.2,0.00038025,0.14755,0.00257709251101,0.00181366,0.1487,0.0121967720242,0.211292996696,1.02059237216
YbYag10,Yb_Yag10_2026-09-22_13-49-32,Yb_Yag10_2026-09-22_15-18-40,18,17.2,0.000409575,0.14765,0.00277395868608,0.00192238,0.14855,0.0129409626388,0.21435489488,1.03538202434
YbYag10,Yb_Yag10_2026-09-22_13-49-32,Yb_Yag10_2026-09-22_15-18-40,18.1,17.2,0.000408532,0.14765,0.00276689468337,0.001992,0.14835,0.0134277047523,0.20605864773,0.995309297413
YbYag10,Yb_Yag10_2026-09-22_13-49-32,Yb_Yag10_2026-09-22_15-18-40,18.2,17.2,0.000418784,0.1477,0.0028353689912,0.00199844,0.14805,0.0134984126984,0.210052030157,1.01459822657
YbYag10,Yb_Yag10_2026-09-22_13-49-32,Yb_Yag10_2026-09-22_15-18-40,18.3,17.2,0.000433268,0.14755,0.00293641477465,0.00206114,0.14795,0.0139313281514,0.210777805442,1.01810388332
YbYag10,Yb_Yag10_2026-09-22_13-49-32,Yb_Yag10_2026-09-22_15-18-40,18.4,17.2,0.000428857,0.14765,0.00290455130376,0.00205828,0.14765,0.0139402641382,0.20835697767,1.00641074442
YbYag10,Yb_Yag10_2026-09-22_13-49-32,Yb_Yag10_2026-09-22_15-18-40,18.5,17.2,0.000438334,0.14785,0.00296472100101,0.00208141,0.1476,0.0141016937669,0.210238645798,1.0154996218
YbYag10,Yb_Yag10_2026-09-22_13-49-32,Yb_Yag10_2026-09-22_15-18-40,18.6,17.2,0.000405731,0.14775,0.0027460642978,0.00196458,0.1475,0.0133191864407,0.206173575993,0.995864426599
YbYag10,Yb_Yag10_2026-09-22_13-49-32,Yb_Yag10_2026-09-22_15-18-40,18.7,17.2,0.000361564,0.14765,0.00244879105994,0.00174499,0.1474,0.0118384667571,0.206850355725,0.999133423879
YbYag10,Yb_Yag10_2026-09-22_13-49-32,Yb_Yag10_2026-09-22_15-18-40,14.5,17.3,0.000287713,0.1473,0.00195324507807,0.0015719,0.1488,0.010563844086,0.184899082395,0.893103870277
YbYag10,Yb_Yag10_2026-09-22_13-49-32,Yb_Yag10_2026-09-22_15-18-40,14.6,17.3,0.000326933,0.14745,0.00221724652425,0.00166703,0.1489,0.0111956346541,0.19804563053,0.956604634409
YbYag10,Yb_Yag10_2026-09-22_13-49-32,Yb_Yag10_2026-09-22_15-18-40,14.7,17.3,0.000331046,0.14735,0.00224666440448,0.00169493,0.149,0.0113753691275,0.197502549526,0.953981431849
YbYag10,Yb_Yag10_2026-09-22_13-49-32,Yb_Yag10_2026-09-22_15-18-40,14.8,17.3,0.000325562,0.14725,0.00221094736842,0.00169755,0.1492,0.0113776809651,0.194323199534,0.938624461195
YbYag10,Yb_Yag10_2026-09-22_13-49-32,Yb_Yag10_2026-09-22_15-18-40,14.9,17.3,0.000339808,0.1475,0.00230378305085,0.00169421,0.14915,0.0113591015756,0.20281384364,0.979636168847
YbYag10,Yb_Yag10_2026-09-22_13-49-32,Yb_Yag10_2026-09-22_15-18-40,15,17.3,0.000334503,0.1475,0.00226781694915,0.0017078,0.14935,0.0114348844995,0.198324429884,0.957951297567
YbYag10,Yb_Yag10_2026-09-22_13-49-32,Yb_Yag10_2026-09-22_15-18-40,15.1,17.3,0.000334563,0.14745,0.00226899287894,0.00170589,0.1493,0.0114259209645,0.198582931388,0.959199917577
YbYag10,Yb_Yag10_2026-09-22_13-49-32,Yb_Yag10_2026-09-22_15-18-40,15.2,17.3,0.000334324,0.1477,0.00226353419093,0.00165511,0.14925,0.0110895142379,0.204114818952,0.985920170208
YbYag10,Yb_Yag10_2026-09-22_13-49-32,Yb_Yag10_2026-09-22_15-18-40,15.3,17.3,0.000325026,0.14745,0.00220431332655,0.00164176,0.14935,0.0109927017074,0.200525165262,0.968581341038
YbYag10,Yb_Yag10_2026-09-22_13-49-32,Yb_Yag10_2026-09-22_15-18-40,15.4,17.3,0.000342907,0.1476,0.00232321815718,0.00169135,0.1493,0.0113285331547,0.205076696643,0.990566254321
YbYag10,Yb_Yag10_2026-09-22_13-49-32,Yb_Yag10_2026-09-22_15-18-40,15.5,17.3,0.000339152,0.1476,0.00229777777778,0.00172139,0.1493,0.011529738781,0.199291399521,0.962621976916
YbYag10,Yb_Yag10_2026-09-22_13-49-32,Yb_Yag10_2026-09-22_15-18-40,15.6,17.3,0.000344099,0.1475,0.00233287457627,0.00170828,0.1493,0.011441929002,0.203888223381,0.984825662986
YbYag10,Yb_Yag10_2026-09-22_13-49-32,Yb_Yag10_2026-09-22_15-18-40,15.7,17.3,0.000338258,0.14745,0.00229405222109,0.00169564,0.14925,0.0113610720268,0.201922161542,0.975329145131
YbYag10,Yb_Yag10_2026-09-22_13-49-32,Yb_Yag10_2026-09-22_15-18-40,15.8,17.3,0.000331165,0.1475,0.00224518644068,0.00159479,0.1492,0.0106889410188,0.2100476031,1.0145768429
YbYag10,Yb_Yag10_2026-09-22_13-49-32,Yb_Yag10_2026-09-22_15-18-40,15.9,17.3,0.000337722,0.14755,0.0022888647916,0.00167156,0.14915,0.0112072410325,0.204230888313,0.986480811148
YbYag10,Yb_Yag10_2026-09-22_13-49-32,Yb_Yag10_2026-09-22_15-18-40,16,17.3,0.000352385,0.14755,0.00238824127414,0.00172234,0.1493,0.0115361018084,0.207023248737,0.999968535751
YbYag10,Yb_Yag10_2026-09-22_13-49-32,Yb_Yag10_2026-09-22_15-18-40,16.1,17.3,0.000353815,0.1477,0.00239549763033,0.0017264,0.1493,0.0115632953784,0.207163922735,1.00064802258
YbYag10,Yb_Yag10_2026-09-22_13-49-32,Yb_Yag10_2026-09-22_15-18-40,16.2,17.3,0.000342788,0.1474,0.00232556309362,0.00173236,0.14935,0.0115993304319,0.200491149664,0.968417038101
YbYag10,Yb_Yag10_2026-09-22_13-49-32,Yb_Yag10_2026-09-22_15-18-40,16.3,17.3,0.000352921,0.1476,0.00239106368564,0.00172544,0.1492,0.0115646112601,0.206756944255,0.998682225617
YbYag10,Yb_Yag10_2026-09-22_13-49-32,Yb_Yag10_2026-09-22_15-18-40,16.4,17.3,0.000347378,0.1474,0.00235670284939,0.00171996,0.14925,0.0115240201005,0.204503535124,0.98779775615
YbYag10,Yb_Yag10_2026-09-22_13-49-32,Yb_Yag10_2026-09-22_15-18-40,16.5,17.3,0.000351669,0.1474,0.00238581411126,0.00173665,0.1494,0.0116241633199,0.205246093469,0.99138447883
YbYag10,Yb_Yag10_2026-09-22_13-49-32,Yb_Yag10_2026-09-22_15-18-40,16.6,17.3,0.000356199,0.14735,0.00241736681371,0.00173236,0.1493,0.0116032150033,0.208335949392,1.00630917314
YbYag10,Yb_Yag10_2026-09-22_13-49-32,Yb_Yag10_2026-09-22_15-18-40,16.7,17.3,0.000353398,0.14735,0.00239835765185,0.00173307,0.1493,0.0116079705291,0.206613003181,0.997986958073
YbYag10,Yb_Yag10_2026-09-22_13-49-32,Yb_Yag10_2026-09-22_15-18-40,16.8,17.3,0.00035614,0.1475,0.00241450847458,0.00175358,0.14935,0.0117414127888,0.205640370372,0.993288924343
YbYag10,Yb_Yag10_2026-09-22_13-49-32,Yb_Yag10_2026-09-22_15-18-40,16.9,17.3,0.000361564,0.14735,0.00245377672209,0.0017438,0.1493,0.0116798392498,0.210086514858,1.01476479538
YbYag10,Yb_Yag10_2026-09-22_13-49-32,Yb_Yag10_2026-09-22_15-18-40,17,17.3,0.000358107,0.14745,0.00242866734486,0.00174332,0.14935,0.0116727150988,0.208063618816,1.00499375562
YbYag10,Yb_Yag10_2026-09-22_13-49-32,Yb_Yag10_2026-09-22_15-18-40,17.1,17.3,0.000364007,0.14745,0.00246868090878,0.0017643,0.1495,0.0118013377926,0.209186530558,1.01041767017
YbYag10,Yb_Yag10_2026-09-22_13-49-32,Yb_Yag10_2026-09-22_15-18-40,17.2,17.3,0.000362994,0.1477,0.00245764387271,0.00175,0.14935,0.0117174422497,0.209742349938,1.01310240193
YbYag10,Yb_Yag10_2026-09-22_13-49-32,Yb_Yag10_2026-09-22_15-18-40,17.3,17.3,0.000366392,0.1476,0.00248233062331,0.00175429,0.1496,0.0117265374332,0.211684876073,1.02248523708
YbYag10,Yb_Yag10_2026-09-22_13-49-32,Yb_Yag10_2026-09-22_15-18-40,17.4,17.3,0.000361623,0.14765,0.00244919065357,0.00175191,0.1496,0.0117106283422,0.20914254829,1.010205226
YbYag10,Yb_Yag10_2026-09-22_13-49-32,Yb_Yag10_2026-09-22_15-18-40,17.5,17.3,0.000371458,0.1477,0.00251494922139,0.00175,0.14955,0.0117017719826,0.214920374891,1.03811341911
YbYag10,Yb_Yag10_2026-09-22_13-49-32,Yb_Yag10_2026-09-22_15-18-40,17.6,17.3,0.000375273,0.14765,0.00254163901118,0.00176049,0.14935,0.0117876799464,0.215618257599,1.04148434849
YbYag10,Yb_Yag10_2026-09-22_13-49-32,Yb_Yag10_2026-09-22_15-18-40,17.7,17.3,0.000370266,0.1478,0.0025051826793,0.0017829,0.1494,0.0119337349398,0.209924444605,1.01398195985
YbYag10,Yb_Yag10_2026-09-22_13-49-32,Yb_Yag10_2026-09-22_15-18-40,17.8,17.3,0.000378551,0.14755,0.00256557777025,0.001786,0.14895,0.0119906008728,0.213965738454,1.03350231188
YbYag10,Yb_Yag10_2026-09-22_13-49-32,Yb_Yag10_2026-09-22_15-18-40,17.9,17.3,0.000393452,0.14775,0.00266295769882,0.00185586,0.14885,0.0124679879073,0.213583596537,1.03165648106
YbYag10,Yb_Yag10_2026-09-22_13-49-32,Yb_Yag10_2026-09-22_15-18-40,18,17.3,0.00040579,0.14755,0.0027501863775,0.00195552,0.14845,0.0131729201751,0.2087757567,1.00843354068
YbYag10,Yb_Yag10_2026-09-22_13-49-32,Yb_Yag10_2026-09-22_15-18-40,18.1,17.3,0.000415148,0.14755,0.00281360894612,0.00197937,0.14815,0.0133605804927,0.210590321854,1.01719829571
YbYag10,Yb_Yag10_2026-09-22_13-49-32,Yb_Yag10_2026-09-22_15-18-40,18.2,17.3,0.000429871,0.1477,0.00291043331077,0.00203516,0.14795,0.0137557282866,0.211579732467,1.02197736998
YbYag10,Yb_Yag10_2026-09-22_13-49-32,Yb_Yag10_2026-09-22_15-18-40,18.3,17.3,0.000428023,0.1477,0.00289792146242,0.00207259,0.14785,0.0140181941157,0.206725733607,0.998531471216
YbYag10,Yb_Yag10_2026-09-22_13-49-32,Yb_Yag10_2026-09-22_15-18-40,18.4,17.3,0.000444951,0.14775,0.00301151269036,0.00211217,0.1477,0.0143004062288,0.210589310693,1.01719341158
YbYag10,Yb_Yag10_2026-09-22_13-49-32,Yb_Yag10_2026-09-22_15-18-40,18.5,17.3,0.000434073,0.14755,0.00294187055236,0.00208069,0.14755,0.0141015926804,0.208619736723,1.00767992934
YbYag10,Yb_Yag10_2026-09-22_13-49-32,Yb_Yag10_2026-09-22_15-18-40,18.6,17.3,0.000402184,0.1476,0.00272482384824,0.00193787,0.1476,0.013129200542,0.207539205416,1.00246072176
YbYag10,Yb_Yag10_2026-09-22_13-49-32,Yb_Yag10_2026-09-22_15-18-40,18.7,17.3,0.000359388,0.1476,0.00243487804878,0.00172163,0.14735,0.0116839497794,0.208395114217,1.00659495246
YbYag10,Yb_Yag10_2026-09-22_13-49-32,Yb_Yag10_2026-09-22_15-18-40,14.5,17.4,0.00026408,0.1473,0.00179280380177,0.00151075,0.14875,0.010156302521,0.176521307638,0.85263734679
YbYag10,Yb_Yag10_2026-09-22_13-49-32,Yb_Yag10_2026-09-22_15-18-40,14.6,17.4,0.000325771,0.14745,0.00220936588674,0.00166631,0.14895,0.0111870426318,0.197493292862,0.953936720094
YbYag10,Yb_Yag10_2026-09-22_13-49-32,Yb_Yag10_2026-09-22_15-18-40,14.7,17.4,0.000331791,0.1474,0.00225095658073,0.00166906,0.1488,0.0112168010753,0.200677231023,0.969315852634
YbYag10,Yb_Yag10_2026-09-22_13-49-32,Yb_Yag10_2026-09-22_15-18-40,14.8,17.4,0.000337871,0.14745,0.00229142760258,0.00168288,0.14905,0.0112907078162,0.202948091464,0.980284615824
YbYag10,Yb_Yag10_2026-09-22_13-49-32,Yb_Yag10_2026-09-22_15-18-40,14.9,17.4,0.000337573,0.1475,0.00228863050847,0.00171042,0.1493,0.0114562625586,0.199771129263,0.964939178731
YbYag10,Yb_Yag10_2026-09-22_13-49-32,Yb_Yag10_2026-09-22_15-18-40,15,17.4,0.000341507,0.1475,0.00231530169492,0.00169516,0.14925,0.0113578559464,0.203850243025,0.984642209384
YbYag10,Yb_Yag10_2026-09-22_13-49-32,Yb_Yag10_2026-09-22_15-18-40,15.1,17.4,0.000334444,0.1474,0.00226895522388,0.00167347,0.14915,0.0112200469326,0.202223327363,0.976783843318
YbYag10,Yb_Yag10_2026-09-22_13-49-32,Yb_Yag10_2026-09-22_15-18-40,15.2,17.4,0.000325592,0.1475,0.00220740338983,0.00163246,0.1493,0.0109340924313,0.20188263486,0.975138222424
YbYag10,Yb_Yag10_2026-09-22_13-49-32,Yb_Yag10_2026-09-22_15-18-40,15.3,17.4,0.000325354,0.1474,0.00220728629579,0.00166059,0.14925,0.0111262311558,0.198385802423,0.958247740642
YbYag10,Yb_Yag10_2026-09-22_13-49-32,Yb_Yag10_2026-09-22_15-18-40,15.4,17.4,0.000341507,0.1475,0.00231530169492,0.00169826,0.1491,0.011390073776,0.20327363461,0.981857061935
YbYag10,Yb_Yag10_2026-09-22_13-49-32,Yb_Yag10_2026-09-22_15-18-40,15.5,17.4,0.000341387,0.1475,0.00231448813559,0.00171138,0.14955,0.0114435305918,0.202252977525,0.976927060224
YbYag10,Yb_Yag10_2026-09-22_13-49-32,Yb_Yag10_2026-09-22_15-18-40,15.6,17.4,0.000339987,0.1474,0.00230656037992,0.0016954,0.1494,0.0113480589023,0.203255940049,0.981771593255
YbYag10,Yb_Yag10_2026-09-22_13-49-32,Yb_Yag10_2026-09-22_15-18-40,15.7,17.4,0.000337245,0.1475,0.00228640677966,0.00164176,0.1492,0.0110037533512,0.207784262941,1.00364440435
YbYag10,Yb_Yag10_2026-09-22_13-49-32,Yb_Yag10_2026-09-22_15-18-40,15.8,17.4,0.000326218,0.1476,0.00221014905149,0.00161839,0.1493,0.0108398526457,0.20389106049,0.984839366857
YbYag10,Yb_Yag10_2026-09-22_13-49-32,Yb_Yag10_2026-09-22_15-18-40,15.9,17.4,0.00034556,0.14745,0.00234357409291,0.0017078,0.14935,0.0114348844995,0.204949520305,0.989951964196
YbYag10,Yb_Yag10_2026-09-22_13-49-32,Yb_Yag10_2026-09-22_15-18-40,16,17.4,0.000348182,0.14745,0.002361356392,0.00171471,0.1492,0.01149269437,0.205465865182,0.992446025292
YbYag10,Yb_Yag10_2026-09-22_13-49-32,Yb_Yag10_2026-09-22_15-18-40,16.1,17.4,0.000350328,0.1474,0.00237671641791,0.00172735,0.1494,0.011561914324,0.205564264819,0.99292131752
YbYag10,Yb_Yag10_2026-09-22_13-49-32,Yb_Yag10_2026-09-22_15-18-40,16.2,17.4,0.000352086,0.1474,0.0023886431479,0.00173069,0.14925,0.0115959128978,0.205990090556,0.994978150952
YbYag10,Yb_Yag10_2026-09-22_13-49-32,Yb_Yag10_2026-09-22_15-18-40,16.3,17.4,0.000352236,0.1475,0.00238804067797,0.00172044,0.14935,0.0115195179109,0.207303872995,1.0013240136
YbYag10,Yb_Yag10_2026-09-22_13-49-32,Yb_Yag10_2026-09-22_15-18-40,16.4,17.4,0.000350716,0.1474,0.00237934871099,0.00173569,0.14935,0.0116216270506,0.204734560886,0.988913662189
YbYag10,Yb_Yag10_2026-09-22_13-49-32,Yb_Yag10_2026-09-22_15-18-40,16.5,17.4,0.000356408,0.14745,0.00241714479485,0.00173879,0.14955,0.0116268137747,0.207893997589,1.00417444721
YbYag10,Yb_Yag10_2026-09-22_13-49-32,Yb_Yag10_2026-09-22_15-18-40,16.6,17.4,0.000349374,0.1474,0.00237024423338,0.00172687,0.14935,0.0115625711416,0.204992834583,0.990161181835
YbYag10,Yb_Yag10_2026-09-22_13-49-32,Yb_Yag10_2026-09-22_15-18-40,16.7,17.4,0.000350954,0.1474,0.00238096336499,0.00174142,0.1494,0.0116560910308,0.20426773939,0.986658810086
YbYag10,Yb_Yag10_2026-09-22_13-49-32,Yb_Yag10_2026-09-22_15-18-40,16.8,17.4,0.000358643,0.1474,0.0024331275441,0.00171757,0.1491,0.0115195841717,0.211216612322,1.02022341857
YbYag10,Yb_Yag10_2026-09-22_13-49-32,Yb_Yag10_2026-09-22_15-18-40,16.9,17.4,0.000361593,0.1474,0.00245314111262,0.00172735,0.14935,0.0115657850686,0.212103294162,1.02450628992
YbYag10,Yb_Yag10_2026-09-22_13-49-32,Yb_Yag10_2026-09-22_15-18-40,17,17.4,0.000355067,0.1475,0.00240723389831,0.00172902,0.1492,0.0115886058981,0.207724200778,1.00335429068
YbYag10,Yb_Yag10_2026-09-22_13-49-32,Yb_Yag10_2026-09-22_15-18-40,17.1,17.4,0.000361474,0.1475,0.00245067118644,0.00175668,0.14945,0.0117542990967,0.208491477567,1.00706040897
YbYag10,Yb_Yag10_2026-09-22_13-49-32,Yb_Yag10_2026-09-22_15-18-40,17.2,17.4,0.000364127,0.1474,0.00247033242877,0.00173999,0.14945,0.0116426229508,0.212180059357,1.02487708296
YbYag10,Yb_Yag10_2026-09-22_13-49-32,Yb_Yag10_2026-09-22_15-18-40,17.3,17.4,0.000367107,0.14745,0.00248970498474,0.00175811,0.1497,0.0117442217769,0.211994036901,1.02397855294
YbYag10,Yb_Yag10_2026-09-22_13-49-32,Yb_Yag10_2026-09-22_15-18-40,17.4,17.4,0.000363411,0.14755,0.00246296848526,0.00175429,0.14965,0.0117226194454,0.210103935962,1.0148489432
YbYag10,Yb_Yag10_2026-09-22_13-49-32,Yb_Yag10_2026-09-22_15-18-40,17.5,17.4,0.000367822,0.14765,0.00249117507619,0.00176621,0.14965,0.0118022719679,0.211075891402,1.01954370509
YbYag10,Yb_Yag10_2026-09-22_13-49-32,Yb_Yag10_2026-09-22_15-18-40,17.6,17.4,0.000369372,0.14775,0.00249997969543,0.00177193,0.14965,0.0118404944871,0.211138115739,1.01984426254
YbYag10,Yb_Yag10_2026-09-22_13-49-32,Yb_Yag10_2026-09-22_15-18-40,17.7,17.4,0.000373783,0.1479,0.00252726842461,0.00178171,0.14925,0.0119377554439,0.211703819574,1.02257673843
YbYag10,Yb_Yag10_2026-09-22_13-49-32,Yb_Yag10_2026-09-22_15-18-40,17.8,17.4,0.000389429,0.14775,0.00263572927242,0.00183583,0.14905,0.0123168735324,0.213993369785,1.03363577738
YbYag10,Yb_Yag10_2026-09-22_13-49-32,Yb_Yag10_2026-09-22_15-18-40,17.9,17.4,0.000405135,0.1478,0.00274110284168,0.00192667,0.1487,0.0129567585743,0.211557761608,1.02187124583
YbYag10,Yb_Yag10_2026-09-22_13-49-32,Yb_Yag10_2026-09-22_15-18-40,18,17.4,0.000412913,0.14765,0.00279656620386,0.00198819,0.1485,0.0133884848485,0.20887846799,1.00892965916
YbYag10,Yb_Yag10_2026-09-22_13-49-32,Yb_Yag10_2026-09-22_15-18-40,18.1,17.4,0.000423463,0.14775,0.00286607783418,0.00201727,0.14825,0.0136072175379,0.210629236006,1.01738625976
YbYag10,Yb_Yag10_2026-09-22_13-49-32,Yb_Yag10_2026-09-22_15-18-40,18.2,17.4,0.000440003,0.14785,0.00297600946906,0.00208999,0.1481,0.0141120189061,0.210884742209,1.01862041179
YbYag10,Yb_Yag10_2026-09-22_13-49-32,Yb_Yag10_2026-09-22_15-18-40,18.3,17.4,0.00044197,0.14785,0.00298931349341,0.00211145,0.14805,0.0142617359,0.209603761728,1.01243298992
YbYag10,Yb_Yag10_2026-09-22_13-49-32,Yb_Yag10_2026-09-22_15-18-40,18.4,17.4,0.000452222,0.1477,0.00306176032498,0.00215341,0.1478,0.0145697564276,0.21014492179,1.01504691391
YbYag10,Yb_Yag10_2026-09-22_13-49-32,Yb_Yag10_2026-09-22_15-18-40,18.5,17.4,0.000425996,0.1477,0.00288419769804,0.00204541,0.1477,0.013848408937,0.208269246753,1.0059869845
YbYag10,Yb_Yag10_2026-09-22_13-49-32,Yb_Yag10_2026-09-22_15-18-40,18.6,17.4,0.000410261,0.1477,0.00277766418416,0.00195362,0.1476,0.0132359078591,0.209858229124,1.01366212429
YbYag10,Yb_Yag10_2026-09-22_13-49-32,Yb_Yag10_2026-09-22_15-18-40,18.7,17.4,0.000338079,0.14755,0.0022912843104,0.00159646,0.14735,0.010834475738,0.211480865877,1.02149982227
YbYag10,Yb_Yag10_2026-09-22_13-49-32,Yb_Yag10_2026-09-22_15-18-40,14.5,17.5,0.000244142,0.14725,0.00165801018676,0.00142337,0.1496,0.00951450534759,0.174261312195,0.841721063971
YbYag10,Yb_Yag10_2026-09-22_13-49-32,Yb_Yag10_2026-09-22_15-18-40,14.6,17.5,0.000316562,0.1473,0.00214909708079,0.00164486,0.14975,0.0109840400668,0.195656340265,0.945063828715
YbYag10,Yb_Yag10_2026-09-22_13-49-32,Yb_Yag10_2026-09-22_15-18-40,14.7,17.5,0.00032896,0.1474,0.00223175033921,0.00168372,0.14985,0.011236036036,0.198624348663,0.959399972268
YbYag10,Yb_Yag10_2026-09-22_13-49-32,Yb_Yag10_2026-09-22_15-18-40,14.8,17.5,0.000338973,0.14745,0.00229890132248,0.00169802,0.15,0.0113201333333,0.203080763697,0.980925452344
YbYag10,Yb_Yag10_2026-09-22_13-49-32,Yb_Yag10_2026-09-22_15-18-40,14.9,17.5,0.000335338,0.1473,0.00227656483367,0.00169397,0.15015,0.0112818514819,0.201790002051,0.974690785265
YbYag10,Yb_Yag10_2026-09-22_13-49-32,Yb_Yag10_2026-09-22_15-18-40,15,17.5,0.000338675,0.1474,0.00229765943012,0.00169898,0.15035,0.0113001662787,0.203329700949,0.982127874877
YbYag10,Yb_Yag10_2026-09-22_13-49-32,Yb_Yag10_2026-09-22_15-18-40,15.1,17.5,0.000329198,0.1475,0.00223185084746,0.00164057,0.1502,0.0109225699068,0.20433385792,0.986978177355
YbYag10,Yb_Yag10_2026-09-22_13-49-32,Yb_Yag10_2026-09-22_15-18-40,15.2,17.5,0.00032586,0.1475,0.00220922033898,0.00161553,0.15015,0.0107594405594,0.205328550939,0.991782766829
YbYag10,Yb_Yag10_2026-09-22_13-49-32,Yb_Yag10_2026-09-22_15-18-40,15.3,17.5,0.000344219,0.1476,0.00233210704607,0.00168134,0.15005,0.0112051982672,0.208127245093,1.00530108476
YbYag10,Yb_Yag10_2026-09-22_13-49-32,Yb_Yag10_2026-09-22_15-18-40,15.4,17.5,0.000339212,0.1475,0.00229974237288,0.00169278,0.1501,0.0112776815456,0.203919782943,0.98497810272
YbYag10,Yb_Yag10_2026-09-22_13-49-32,Yb_Yag10_2026-09-22_15-18-40,15.5,17.5,0.00034398,0.1475,0.00233206779661,0.00168539,0.15,0.0112359333333,0.207554435171,1.00253428488
YbYag10,Yb_Yag10_2026-09-22_13-49-32,Yb_Yag10_2026-09-22_15-18-40,15.6,17.5,0.000337543,0.14735,0.00229075670173,0.00166679,0.15,0.0111119333333,0.206152847846,0.995764305016
YbYag10,Yb_Yag10_2026-09-22_13-49-32,Yb_Yag10_2026-09-22_15-18-40,15.7,17.5,0.000326158,0.14745,0.00221199050526,0.00157929,0.15035,0.0105040904556,0.210583725893,1.01716643574
YbYag10,Yb_Yag10_2026-09-22_13-49-32,Yb_Yag10_2026-09-22_15-18-40,15.8,17.5,0.000334742,0.14745,0.00227020684978,0.00165487,0.1502,0.0110177762983,0.206049459375,0.995264915609
YbYag10,Yb_Yag10_2026-09-22_13-49-32,Yb_Yag10_2026-09-22_15-18-40,15.9,17.5,0.00034708,0.14745,0.00235388267209,0.00171567,0.1503,0.0114149700599,0.20621014858,0.996041080364
YbYag10,Yb_Yag10_2026-09-22_13-49-32,Yb_Yag10_2026-09-22_15-18-40,16,17.5,0.00034249,0.1476,0.00232039295393,0.00171424,0.1501,0.0114206528981,0.203175157728,0.981381396599
YbYag10,Yb_Yag10_2026-09-22_13-49-32,Yb_Yag10_2026-09-22_15-18-40,16.1,17.5,0.000348153,0.1475,0.00236035932203,0.00170971,0.15,0.0113980666667,0.207084182875,1.00026286125
YbYag10,Yb_Yag10_2026-09-22_13-49-32,Yb_Yag10_2026-09-22_15-18-40,16.2,17.5,0.000346305,0.1474,0.00234942333786,0.00170661,0.14935,0.0114269166388,0.205604312355,0.993114756066
YbYag10,Yb_Yag10_2026-09-22_13-49-32,Yb_Yag10_2026-09-22_15-18-40,16.3,17.5,0.00034857,0.14745,0.00236398779247,0.00170804,0.1495,0.0114250167224,0.206913289486,0.999437408007
YbYag10,Yb_Yag10_2026-09-22_13-49-32,Yb_Yag10_2026-09-22_15-18-40,16.4,17.5,0.000344755,0.1475,0.0023373220339,0.00172163,0.1495,0.0115159197324,0.202964425614,0.980363513414
YbYag10,Yb_Yag10_2026-09-22_13-49-32,Yb_Yag10_2026-09-22_15-18-40,16.5,17.5,0.00035161,0.14735,0.00238622327791,0.00172759,0.1495,0.0115557859532,0.206495974188,0.997421681895
YbYag10,Yb_Yag10_2026-09-22_13-49-32,Yb_Yag10_2026-09-22_15-18-40,16.6,17.5,0.000353636,0.14745,0.00239834520176,0.00173784,0.14955,0.0116204613842,0.206389843094,0.996909045003
YbYag10,Yb_Yag10_2026-09-22_13-49-32,Yb_Yag10_2026-09-22_15-18-40,16.7,17.5,0.000358107,0.14745,0.00242866734486,0.00173522,0.14945,0.0116107059217,0.209174822034,1.01036111539
YbYag10,Yb_Yag10_2026-09-22_13-49-32,Yb_Yag10_2026-09-22_15-18-40,16.8,17.5,0.000356318,0.1474,0.0024173541384,0.00173689,0.14945,0.0116218802275,0.208000262529,1.00468773061
YbYag10,Yb_Yag10_2026-09-22_13-49-32,Yb_Yag10_2026-09-22_15-18-40,16.9,17.5,0.000361504,0.1476,0.00244921409214,0.0017345,0.14935,0.0116136591898,0.210890818485,1.01864976156
YbYag10,Yb_Yag10_2026-09-22_13-49-32,Yb_Yag10_2026-09-22_15-18-40,17,17.5,0.000358166,0.14745,0.0024290674805,0.0017295,0.14945,0.0115724322516,0.209901205528,1.01386970992
YbYag10,Yb_Yag10_2026-09-22_13-49-32,Yb_Yag10_2026-09-22_15-18-40,17.1,17.5,0.000357332,0.14745,0.00242341132587,0.00174452,0.14945,0.0116729340917,0.207609441365,1.00279997709
YbYag10,Yb_Yag10_2026-09-22_13-49-32,Yb_Yag10_2026-09-22_15-18-40,17.2,17.5,0.000361564,0.1476,0.00244962059621,0.00173879,0.1497,0.0116151636607,0.210898500251,1.01868686621
YbYag10,Yb_Yag10_2026-09-22_13-49-32,Yb_Yag10_2026-09-22_15-18-40,17.3,17.5,0.000362637,0.1475,0.0024585559322,0.00174332,0.14975,0.0116415358932,0.211188279172,1.02008656312
YbYag10,Yb_Yag10_2026-09-22_13-49-32,Yb_Yag10_2026-09-22_15-18-40,17.4,17.5,0.00036514,0.14755,0.00247468654693,0.00174976,0.1498,0.0116806408545,0.211862223807,1.02334186626
YbYag10,Yb_Yag10_2026-09-22_13-49-32,Yb_Yag10_2026-09-22_15-18-40,17.5,17.5,0.00036663,0.1477,0.00248226134056,0.00175572,0.1497,0.011728256513,0.211647940835,1.02230683163
YbYag10,Yb_Yag10_2026-09-22_13-49-32,Yb_Yag10_2026-09-22_15-18-40,17.6,17.5,0.000370981,0.1478,0.0025100202977,0.00175215,0.14945,0.0117239879558,0.214092705244,1.03411558983
YbYag10,Yb_Yag10_2026-09-22_13-49-32,Yb_Yag10_2026-09-22_15-18-40,17.7,17.5,0.000384213,0.1478,0.00259954668471,0.00179101,0.14915,0.0120081126383,0.216482536683,1.04565900952
YbYag10,Yb_Yag10_2026-09-22_13-49-32,Yb_Yag10_2026-09-22_15-18-40,17.8,17.5,0.000401976,0.1478,0.00271972936401,0.00189162,0.14895,0.0126996978852,0.214157012914,1.03442621025
YbYag10,Yb_Yag10_2026-09-22_13-49-32,Yb_Yag10_2026-09-22_15-18-40,17.9,17.5,0.000412287,0.1478,0.00278949255751,0.00197364,0.14875,0.0132681680672,0.210239465115,1.01550357929
YbYag10,Yb_Yag10_2026-09-22_13-49-32,Yb_Yag10_2026-09-22_15-18-40,18,17.5,0.000416638,0.14765,0.00282179478496,0.00197484,0.1484,0.0133075471698,0.212044695311,1.02422324438
YbYag10,Yb_Yag10_2026-09-22_13-49-32,Yb_Yag10_2026-09-22_15-18-40,18.1,17.5,0.00042397,0.1477,0.00287048070413,0.0020733,0.14825,0.0139851602024,0.205251900056,0.991412525941
YbYag10,Yb_Yag10_2026-09-22_13-49-32,Yb_Yag10_2026-09-22_15-18-40,18.2,17.5,0.000435056,0.1478,0.00294354533153,0.00208451,0.1483,0.0140560350641,0.209415053257,1.01152148586
YbYag10,Yb_Yag10_2026-09-22_13-49-32,Yb_Yag10_2026-09-22_15-18-40,18.3,17.5,0.000446798,0.1478,0.00302299052774,0.00214006,0.14795,0.0144647516053,0.208990144472,1.00946908151
YbYag10,Yb_Yag10_2026-09-22_13-49-32,Yb_Yag10_2026-09-22_15-18-40,18.4,17.5,0.000433894,0.1477,0.00293767095464,0.00211789,0.1481,0.0143004051317,0.205425715397,0.992252092862
YbYag10,Yb_Yag10_2026-09-22_13-49-32,Yb_Yag10_2026-09-22_15-18-40,18.5,17.5,0.000414671,0.1477,0.00280752200406,0.00198127,0.14775,0.0134096108291,0.209366404427,1.01128650114
YbYag10,Yb_Yag10_2026-09-22_13-49-32,Yb_Yag10_2026-09-22_15-18-40,18.6,17.5,0.000403674,0.1477,0.00273306702776,0.00193167,0.14745,0.013100508647,0.208622970405,1.00769554875
YbYag10,Yb_Yag10_2026-09-22_13-49-32,Yb_Yag10_2026-09-22_15-18-40,18.7,17.5,0.000273855,0.1476,0.00185538617886,0.00129116,0.1474,0.00875956580733,0.211812573782,1.02310204554
YbYag10,Yb_Yag10_2026-09-22_13-49-32,Yb_Yag10_2026-09-22_15-18-40,14.5,17.6,0.00021115,0.1475,0.00143152542373,0.00131191,0.14885,0.00881363789049,0.162421629016,0.784532749495
YbYag10,Yb_Yag10_2026-09-22_13-49-32,Yb_Yag10_2026-09-22_15-18-40,14.6,17.6,0.000311526,0.1476,0.0021106097561,0.00163508,0.14895,0.010977374958,0.192269077459,0.928702592727
YbYag10,Yb_Yag10_2026-09-22_13-49-32,Yb_Yag10_2026-09-22_15-18-40,14.7,17.6,0.000327827,0.1474,0.00222406377205,0.00168885,0.1491,0.0113269617706,0.196351309124,0.948420683545
YbYag10,Yb_Yag10_2026-09-22_13-49-32,Yb_Yag10_2026-09-22_15-18-40,14.8,17.6,0.000337543,0.1474,0.00228997964722,0.00171662,0.14935,0.0114939404084,0.199233645369,0.962343011459
YbYag10,Yb_Yag10_2026-09-22_13-49-32,Yb_Yag10_2026-09-22_15-18-40,14.9,17.6,0.000339629,0.1474,0.00230413161465,0.00171018,0.14935,0.011450820221,0.201219787769,0.971936522911
YbYag10,Yb_Yag10_2026-09-22_13-49-32,Yb_Yag10_2026-09-22_15-18-40,15,17.6,0.000329705,0.1474,0.0022368046133,0.00168491,0.1494,0.0112778447122,0.198336177734,0.95800804231
YbYag10,Yb_Yag10_2026-09-22_13-49-32,Yb_Yag10_2026-09-22_15-18-40,15.1,17.6,0.000325741,0.14745,0.00220916242794,0.00161672,0.1494,0.0108214190094,0.204147203432,0.986076594485
YbYag10,Yb_Yag10_2026-09-22_13-49-32,Yb_Yag10_2026-09-22_15-18-40,15.2,17.6,0.000328006,0.1474,0.00222527815468,0.00163651,0.1493,0.0109612190221,0.20301374785,0.980601750832
YbYag10,Yb_Yag10_2026-09-22_13-49-32,Yb_Yag10_2026-09-22_15-18-40,15.3,17.6,0.000338497,0.1474,0.00229645183175,0.00171376,0.1493,0.0114786336236,0.200063170152,0.966349801458
YbYag10,Yb_Yag10_2026-09-22_13-49-32,Yb_Yag10_2026-09-22_15-18-40,15.4,17.6,0.000337752,0.1475,0.0022898440678,0.00170422,0.14945,0.0114032786885,0.200805762128,0.96993668658
YbYag10,Yb_Yag10_2026-09-22_13-49-32,Yb_Yag10_2026-09-22_15-18-40,15.5,17.6,0.000334861,0.1474,0.00227178426052,0.0016873,0.14945,0.0112900635664,0.201219793596,0.971936551058
YbYag10,Yb_Yag10_2026-09-22_13-49-32,Yb_Yag10_2026-09-22_15-18-40,15.6,17.6,0.00033495,0.1474,0.0022723880597,0.00165368,0.1494,0.0110688085676,0.205296536282,0.991628128884
YbYag10,Yb_Yag10_2026-09-22_13-49-32,Yb_Yag10_2026-09-22_15-18-40,15.7,17.6,0.000312122,0.14745,0.00211679891489,0.00159884,0.1497,0.0106802939212,0.198196691075,0.957334290587
YbYag10,Yb_Yag10_2026-09-22_13-49-32,Yb_Yag10_2026-09-22_15-18-40,15.8,17.6,0.000336202,0.1473,0.00228243041412,0.00172091,0.14975,0.0114918864775,0.198612335633,0.959341946645
YbYag10,Yb_Yag10_2026-09-22_13-49-32,Yb_Yag10_2026-09-22_15-18-40,15.9,17.6,0.000349941,0.1477,0.00236926878808,0.00173569,0.15,0.0115712666667,0.204754488538,0.989009917199
YbYag10,Yb_Yag10_2026-09-22_13-49-32,Yb_Yag10_2026-09-22_15-18-40,16,17.6,0.000348689,0.14735,0.00236639972854,0.00173665,0.14945,0.0116202743392,0.20364405,0.98364625101
YbYag10,Yb_Yag10_2026-09-22_13-49-32,Yb_Yag10_2026-09-22_15-18-40,16.1,17.6,0.000350567,0.14745,0.00237753136656,0.00173355,0.1495,0.0115956521739,0.20503645081,0.990371857954
YbYag10,Yb_Yag10_2026-09-22_13-49-32,Yb_Yag10_2026-09-22_15-18-40,16.2,17.6,0.000347825,0.14745,0.00235893523228,0.00173283,0.1496,0.0115830882353,0.203653394014,0.983691384686
YbYag10,Yb_Yag10_2026-09-22_13-49-32,Yb_Yag10_2026-09-22_15-18-40,16.3,17.6,0.00035149,0.1475,0.00238298305085,0.00173283,0.1496,0.0115830882353,0.205729508611,0.99371948195
YbYag10,Yb_Yag10_2026-09-22_13-49-32,Yb_Yag10_2026-09-22_15-18-40,16.4,17.6,0.000348182,0.14745,0.002361356392,0.00172807,0.1495,0.0115589966555,0.2042873151,0.986753365136
YbYag10,Yb_Yag10_2026-09-22_13-49-32,Yb_Yag10_2026-09-22_15-18-40,16.5,17.6,0.000352116,0.14735,0.00238965727859,0.00172854,0.14935,0.0115737529294,0.206472117831,0.997306450365
YbYag10,Yb_Yag10_2026-09-22_13-49-32,Yb_Yag10_2026-09-22_15-18-40,16.6,17.6,0.000355693,0.1475,0.0024114779661,0.00174309,0.1496,0.011651671123,0.206964129063,0.999682974518
YbYag10,Yb_Yag10_2026-09-22_13-49-32,Yb_Yag10_2026-09-22_15-18-40,16.7,17.6,0.0003576,0.14735,0.00242687478792,0.00174309,0.14955,0.0116555667001,0.208215940963,1.00572950562
YbYag10,Yb_Yag10_2026-09-22_13-49-32,Yb_Yag10_2026-09-22_15-18-40,16.8,17.6,0.000354322,0.1474,0.00240381275441,0.00173736,0.1496,0.011613368984,0.20698668558,0.999791927531
YbYag10,Yb_Yag10_2026-09-22_13-49-32,Yb_Yag10_2026-09-22_15-18-40,16.9,17.6,0.000364276,0.14745,0.00247050525602,0.00175429,0.14975,0.0117147913189,0.210887687947,1.01863464036
YbYag10,Yb_Yag10_2026-09-22_13-49-32,Yb_Yag10_2026-09-22_15-18-40,17,17.6,0.000355722,0.1475,0.00241167457627,0.00173951,0.14945,0.0116394111743,0.207199018933,1.00081754506
YbYag10,Yb_Yag10_2026-09-22_13-49-32,Yb_Yag10_2026-09-22_15-18-40,17.1,17.6,0.000359507,0.14745,0.00243816208884,0.00174499,0.14955,0.0116682714811,0.208956578769,1.00930695167
YbYag10,Yb_Yag10_2026-09-22_13-49-32,Yb_Yag10_2026-09-22_15-18-40,17.2,17.6,0.000358256,0.1475,0.00242885423729,0.00176335,0.1499,0.011763509006,0.206473615658,0.9973136852
YbYag10,Yb_Yag10_2026-09-22_13-49-32,Yb_Yag10_2026-09-22_15-18-40,17.3,17.6,0.000365617,0.1475,0.00247875932203,0.00175167,0.14975,0.0116972954925,0.211908754773,1.02356662122
YbYag10,Yb_Yag10_2026-09-22_13-49-32,Yb_Yag10_2026-09-22_15-18-40,17.4,17.6,0.000365468,0.14765,0.00247523196749,0.00174619,0.14965,0.0116684931507,0.212129529968,1.02463301472
YbYag10,Yb_Yag10_2026-09-22_13-49-32,Yb_Yag10_2026-09-22_15-18-40,17.5,17.6,0.000369044,0.1477,0.00249860528097,0.00175739,0.1496,0.0117472593583,0.21269686867,1.02737338739
YbYag10,Yb_Yag10_2026-09-22_13-49-32,Yb_Yag10_2026-09-22_15-18-40,17.6,17.6,0.000370773,0.1477,0.00251031144211,0.00178648,0.14945,0.0119536968886,0.210002935954,1.0143610906
YbYag10,Yb_Yag10_2026-09-22_13-49-32,Yb_Yag10_2026-09-22_15-18-40,17.7,17.6,0.00038621,0.1477,0.00261482735274,0.00184036,0.14915,0.0123389875964,0.21191587497,1.02360101336
YbYag10,Yb_Yag10_2026-09-22_13-49-32,Yb_Yag10_2026-09-22_15-18-40,17.8,17.6,0.000409039,0.14775,0.0027684534687,0.00195648,0.14905,0.0131263334452,0.210908360683,1.01873449429
YbYag10,Yb_Yag10_2026-09-22_13-49-32,Yb_Yag10_2026-09-22_15-18-40,17.9,17.6,0.000412138,0.1477,0.00279037237644,0.0019765,0.14885,0.0132784682566,0.210142640139,1.01503589302
YbYag10,Yb_Yag10_2026-09-22_13-49-32,Yb_Yag10_2026-09-22_15-18-40,18,17.6,0.000421437,0.14775,0.00285236548223,0.00201251,0.14835,0.013565958881,0.210259039354,1.01559812723
YbYag10,Yb_Yag10_2026-09-22_13-49-32,Yb_Yag10_2026-09-22_15-18-40,18.1,17.6,0.000430467,0.1478,0.00291249661705,0.00207068,0.14825,0.0139674873524,0.20851972467,1.00719684878
YbYag10,Yb_Yag10_2026-09-22_13-49-32,Yb_Yag10_2026-09-22_15-18-40,18.2,17.6,0.000444056,0.148,0.00300037837838,0.00210263,0.1481,0.0141973666442,0.211333443277,1.02078773818
YbYag10,Yb_Yag10_2026-09-22_13-49-32,Yb_Yag10_2026-09-22_15-18-40,18.3,17.6,0.000438811,0.1477,0.00297096140826,0.00210072,0.14785,0.0142084545147,0.209098139786,1.009990723
YbYag10,Yb_Yag10_2026-09-22_13-49-32,Yb_Yag10_2026-09-22_15-18-40,18.4,17.6,0.000421168,0.14765,0.0028524754487,0.00202252,0.14785,0.0136795400744,0.208521297733,1.00720444703
YbYag10,Yb_Yag10_2026-09-22_13-49-32,Yb_Yag10_2026-09-22_15-18-40,18.5,17.6,0.000416877,0.1477,0.0028224576845,0.00199486,0.14765,0.0135107348459,0.208904823956,1.00905696436
YbYag10,Yb_Yag10_2026-09-22_13-49-32,Yb_Yag10_2026-09-22_15-18-40,18.6,17.6,0.000371696,0.1476,0.00251826558266,0.00177122,0.1474,0.0120164179104,0.20956874182,1.01226383594
YbYag10,Yb_Yag10_2026-09-22_13-49-32,Yb_Yag10_2026-09-22_15-18-40,14.6,17.7,0.000302734,0.14725,0.00205591850594,0.00161982,0.1488,0.0108858870968,0.188860906572,0.912240366032
YbYag10,Yb_Yag10_2026-09-22_13-49-32,Yb_Yag10_2026-09-22_15-18-40,14.7,17.7,0.000325741,0.1475,0.00220841355932,0.00169683,0.14905,0.0113843005703,0.193987636367,0.937003616137
YbYag10,Yb_Yag10_2026-09-22_13-49-32,Yb_Yag10_2026-09-22_15-18-40,14.8,17.7,0.000333669,0.1473,0.00226523421589,0.00170899,0.14905,0.0114658839316,0.197562981572,0.954273332133
YbYag10,Yb_Yag10_2026-09-22_13-49-32,Yb_Yag10_2026-09-22_15-18-40,14.9,17.7,0.000330331,0.1474,0.00224105156038,0.00170995,0.1492,0.0114607908847,0.1955407426,0.944505466174
YbYag10,Yb_Yag10_2026-09-22_13-49-32,Yb_Yag10_2026-09-22_15-18-40,15,17.7,0.000324966,0.1475,0.00220315932203,0.00164057,0.14915,0.0109994636272,0.200296977807,0.967479144661
YbYag10,Yb_Yag10_2026-09-22_13-49-32,Yb_Yag10_2026-09-22_15-18-40,15.1,17.7,0.000320019,0.14735,0.00217182897862,0.00162292,0.1492,0.0108774798928,0.199662881478,0.96441631775
YbYag10,Yb_Yag10_2026-09-22_13-49-32,Yb_Yag10_2026-09-22_15-18-40,15.2,17.7,0.000334801,0.1473,0.00227291921249,0.00168777,0.14925,0.0113083417085,0.20099491783,0.970850350873
YbYag10,Yb_Yag10_2026-09-22_13-49-32,Yb_Yag10_2026-09-22_15-18-40,15.3,17.7,0.000343325,0.1475,0.00232762711864,0.00172354,0.1494,0.0115364123159,0.201763516673,0.974562854972
YbYag10,Yb_Yag10_2026-09-22_13-49-32,Yb_Yag10_2026-09-22_15-18-40,15.4,17.7,0.000338199,0.14735,0.0022952086868,0.00169111,0.14915,0.0113383171304,0.202429395862,0.9777792002
YbYag10,Yb_Yag10_2026-09-22_13-49-32,Yb_Yag10_2026-09-22_15-18-40,15.5,17.7,0.000339689,0.1474,0.00230453867028,0.00169731,0.14925,0.0113722613065,0.202645595996,0.978823495142
YbYag10,Yb_Yag10_2026-09-22_13-49-32,Yb_Yag10_2026-09-22_15-18-40,15.6,17.7,0.000325264,0.14735,0.00220742449949,0.00159574,0.14925,0.0106917252931,0.206461019057,0.997252840805
YbYag10,Yb_Yag10_2026-09-22_13-49-32,Yb_Yag10_2026-09-22_15-18-40,15.7,17.7,0.000320258,0.14735,0.00217345096709,0.00165082,0.14925,0.0110607705193,0.19650086432,0.949143068552
YbYag10,Yb_Yag10_2026-09-22_13-49-32,Yb_Yag10_2026-09-22_15-18-40,15.8,17.7,0.000343801,0.14745,0.0023316446253,0.00172902,0.14935,0.0115769668564,0.201403757497,0.972825137793
YbYag10,Yb_Yag10_2026-09-22_13-49-32,Yb_Yag10_2026-09-22_15-18-40,15.9,17.7,0.000343742,0.14745,0.00233124448966,0.00172163,0.1493,0.0115313462827,0.202165855791,0.976506242786
YbYag10,Yb_Yag10_2026-09-22_13-49-32,Yb_Yag10_2026-09-22_15-18-40,16,17.7,0.000343146,0.14735,0.00232878181201,0.00171853,0.14915,0.0115221589004,0.202113322003,0.976252492858
YbYag10,Yb_Yag10_2026-09-22_13-49-32,Yb_Yag10_2026-09-22_15-18-40,16.1,17.7,0.000348868,0.14745,0.00236600881655,0.00171901,0.1493,0.0115137977227,0.205493345769,0.99257876267
YbYag10,Yb_Yag10_2026-09-22_13-49-32,Yb_Yag10_2026-09-22_15-18-40,16.2,17.7,0.000348331,0.1475,0.00236156610169,0.00172544,0.1492,0.0115646112601,0.204206267602,0.986361887616
YbYag10,Yb_Yag10_2026-09-22_13-49-32,Yb_Yag10_2026-09-22_15-18-40,16.3,17.7,0.000348212,0.1474,0.00236236092266,0.00172687,0.1494,0.0115587014726,0.204379439011,0.987198344203
YbYag10,Yb_Yag10_2026-09-22_13-49-32,Yb_Yag10_2026-09-22_15-18-40,16.4,17.7,0.000348033,0.14755,0.00235874618773,0.00173045,0.1494,0.0115826639893,0.203644532027,0.983648579312
YbYag10,Yb_Yag10_2026-09-22_13-49-32,Yb_Yag10_2026-09-22_15-18-40,16.5,17.7,0.000353755,0.1475,0.00239833898305,0.0017252,0.1493,0.0115552578701,0.207553912687,1.00253176117
YbYag10,Yb_Yag10_2026-09-22_13-49-32,Yb_Yag10_2026-09-22_15-18-40,16.6,17.7,0.00034851,0.14725,0.00236679117148,0.00173736,0.1493,0.0116367046216,0.203390156272,0.982419887593
YbYag10,Yb_Yag10_2026-09-22_13-49-32,Yb_Yag10_2026-09-22_15-18-40,16.7,17.7,0.000362338,0.14755,0.00245569637411,0.00174404,0.1494,0.0116736278447,0.210362742995,1.01609903898
YbYag10,Yb_Yag10_2026-09-22_13-49-32,Yb_Yag10_2026-09-22_15-18-40,16.8,17.7,0.0003621,0.1475,0.00245491525424,0.00173713,0.14935,0.0116312688316,0.211061689811,1.01947510823
YbYag10,Yb_Yag10_2026-09-22_13-49-32,Yb_Yag10_2026-09-22_15-18-40,16.9,17.7,0.000355722,0.14735,0.00241412962335,0.00172687,0.14935,0.0115625711416,0.208788304417,1.00849414896
YbYag10,Yb_Yag10_2026-09-22_13-49-32,Yb_Yag10_2026-09-22_15-18-40,17,17.7,0.000357987,0.14745,0.00242785350966,0.00174499,0.14945,0.0116760789562,0.20793397499,1.00436754699
YbYag10,Yb_Yag10_2026-09-22_13-49-32,Yb_Yag10_2026-09-22_15-18-40,17.1,17.7,0.000362338,0.1475,0.00245652881356,0.00175572,0.14965,0.0117321750752,0.209383920527,1.01137110782
YbYag10,Yb_Yag10_2026-09-22_13-49-32,Yb_Yag10_2026-09-22_15-18-40,17.2,17.7,0.000361444,0.1475,0.00245046779661,0.00174928,0.1496,0.0116930481283,0.209566211455,1.01225161372
YbYag10,Yb_Yag10_2026-09-22_13-49-32,Yb_Yag10_2026-09-22_15-18-40,17.3,17.7,0.000362219,0.1476,0.00245405826558,0.00175405,0.1497,0.0117171008684,0.209442445972,1.01165379879
YbYag10,Yb_Yag10_2026-09-22_13-49-32,Yb_Yag10_2026-09-22_15-18-40,17.4,17.7,0.00036657,0.14745,0.00248606307223,0.00176335,0.14965,0.0117831607083,0.21098439831,1.01910177302
YbYag10,Yb_Yag10_2026-09-22_13-49-32,Yb_Yag10_2026-09-22_15-18-40,17.5,17.7,0.000361146,0.1478,0.00244347767253,0.00176335,0.14965,0.0117831607083,0.207370308614,1.00164491248
YbYag10,Yb_Yag10_2026-09-22_13-49-32,Yb_Yag10_2026-09-22_15-18-40,17.6,17.7,0.000380876,0.14795,0.00257435620142,0.00181652,0.1493,0.0121669122572,0.211586649677,1.02201078165
YbYag10,Yb_Yag10_2026-09-22_13-49-32,Yb_Yag10_2026-09-22_15-18-40,17.7,17.7,0.000398817,0.14765,0.0027010971893,0.0019157,0.14905,0.0128527339819,0.21015740255,1.01510719877
YbYag10,Yb_Yag10_2026-09-22_13-49-32,Yb_Yag10_2026-09-22_15-18-40,17.8,17.7,0.000410499,0.14795,0.00277457924975,0.0019517,0.14875,0.0131206722689,0.211466241431,1.02142918293
YbYag10,Yb_Yag10_2026-09-22_13-49-32,Yb_Yag10_2026-09-22_15-18-40,17.9,17.7,0.00041634,0.14785,0.00281596212377,0.00199272,0.14845,0.0134235095992,0.209778381947,1.01327644459
YbYag10,Yb_Yag10_2026-09-22_13-49-32,Yb_Yag10_2026-09-22_15-18-40,18,17.7,0.000433685,0.14795,0.0029312943562,0.00204231,0.1483,0.0137714767363,0.212852580179,1.02812550876
YbYag10,Yb_Yag10_2026-09-22_13-49-32,Yb_Yag10_2026-09-22_15-18-40,18.1,17.7,0.000439109,0.14775,0.00297197292724,0.00207354,0.148,0.0140104054054,0.212126119212,1.02461654001
YbYag10,Yb_Yag10_2026-09-22_13-49-32,Yb_Yag10_2026-09-22_15-18-40,18.2,17.7,0.000438513,0.14775,0.00296793908629,0.00212266,0.14785,0.0143568481569,0.206726368758,0.998534539136
YbYag10,Yb_Yag10_2026-09-22_13-49-32,Yb_Yag10_2026-09-22_15-18-40,18.3,17.7,0.000414165,0.14775,0.00280314720812,0.00204207,0.1478,0.0138164411367,0.202884894915,0.979979362374
YbYag10,Yb_Yag10_2026-09-22_13-49-32,Yb_Yag10_2026-09-22_15-18-40,18.4,17.7,0.000423433,0.14765,0.00286781578056,0.00200202,0.1476,0.0135638211382,0.211431259034,1.02126021013
YbYag10,Yb_Yag10_2026-09-22_13-49-32,Yb_Yag10_2026-09-22_15-18-40,18.5,17.7,0.000412198,0.1478,0.00278889039242,0.00199486,0.1477,0.0135061611374,0.206490235386,0.9973939622
YbYag10,Yb_Yag10_2026-09-22_13-49-32,Yb_Yag10_2026-09-22_15-18-40,18.6,17.7,0.00030327,0.1475,0.00205606779661,0.00143696,0.1473,0.00975532926001,0.210763546961,1.01803501167
YbYag10,Yb_Yag10_2026-09-22_13-49-32,Yb_Yag10_2026-09-22_15-18-40,14.6,17.8,0.000287803,0.14765,0.00194922451744,0.00155879,0.1487,0.0104827841291,0.185945307414,0.89815737082
YbYag10,Yb_Yag10_2026-09-22_13-49-32,Yb_Yag10_2026-09-22_15-18-40,14.7,17.8,0.000328423,0.14725,0.00223037691002,0.00168956,0.1489,0.0113469442579,0.196561898898,0.949437879195
YbYag10,Yb_Yag10_2026-09-22_13-49-32,Yb_Yag10_2026-09-22_15-18-40,14.8,17.8,0.00034103,0.14745,0.00231285181417,0.00170744,0.1491,0.0114516431925,0.201966807321,0.975544794215
YbYag10,Yb_Yag10_2026-09-22_13-49-32,Yb_Yag10_2026-09-22_15-18-40,14.9,17.8,0.000329914,0.1473,0.00223974202308,0.00170434,0.14915,0.0114270197787,0.196004038363,0.946743288199
YbYag10,Yb_Yag10_2026-09-22_13-49-32,Yb_Yag10_2026-09-22_15-18-40,15,17.8,0.000326248,0.14765,0.00220960379275,0.0016203,0.14915,0.0108635601743,0.203395917848,0.982447717292
YbYag10,Yb_Yag10_2026-09-22_13-49-32,Yb_Yag10_2026-09-22_15-18-40,15.1,17.8,0.000326933,0.14745,0.00221724652425,0.0016377,0.1491,0.0109839034205,0.201863257475,0.975044625326
YbYag10,Yb_Yag10_2026-09-22_13-49-32,Yb_Yag10_2026-09-22_15-18-40,15.2,17.8,0.000336917,0.14735,0.00228650831354,0.00171138,0.1491,0.0114780684105,0.199206715953,0.962212936365
YbYag10,Yb_Yag10_2026-09-22_13-49-32,Yb_Yag10_2026-09-22_15-18-40,15.3,17.8,0.000337662,0.1475,0.00228923389831,0.00168658,0.14885,0.0113307356399,0.20203753499,0.975886424655
YbYag10,Yb_Yag10_2026-09-22_13-49-32,Yb_Yag10_2026-09-22_15-18-40,15.4,17.8,0.000334384,0.1474,0.00226854816825,0.00167418,0.149,0.0112361073826,0.201898049832,0.975212680184
YbYag10,Yb_Yag10_2026-09-22_13-49-32,Yb_Yag10_2026-09-22_15-18-40,15.5,17.8,0.000336232,0.1475,0.00227953898305,0.00167132,0.14945,0.0111831381733,0.203837147295,0.98457895408
YbYag10,Yb_Yag10_2026-09-22_13-49-32,Yb_Yag10_2026-09-22_15-18-40,15.6,17.8,0.000315012,0.1476,0.00213422764228,0.00159384,0.14925,0.0106789949749,0.199852855751,0.96533393592
YbYag10,Yb_Yag10_2026-09-22_13-49-32,Yb_Yag10_2026-09-22_15-18-40,15.7,17.8,0.000332596,0.14775,0.00225107275804,0.0017047,0.14925,0.0114217755444,0.197086061558,0.951969701928
YbYag10,Yb_Yag10_2026-09-22_13-49-32,Yb_Yag10_2026-09-22_15-18-40,15.8,17.8,0.000344308,0.14765,0.00233192008127,0.00171352,0.1491,0.0114924211938,0.202909381926,0.980097640108
YbYag10,Yb_Yag10_2026-09-22_13-49-32,Yb_Yag10_2026-09-22_15-18-40,15.9,17.8,0.000346335,0.14775,0.00234406091371,0.00173784,0.14935,0.0116360227653,0.201448635929,0.973041910644
YbYag10,Yb_Yag10_2026-09-22_13-49-32,Yb_Yag10_2026-09-22_15-18-40,16,17.8,0.0003455,0.1476,0.00234078590786,0.0017202,0.1493,0.0115217682518,0.203162036998,0.981318020544
YbYag10,Yb_Yag10_2026-09-22_13-49-32,Yb_Yag10_2026-09-22_15-18-40,16.1,17.8,0.000346007,0.1475,0.00234581016949,0.00173283,0.1494,0.0115985943775,0.202249522066,0.976910369586
YbYag10,Yb_Yag10_2026-09-22_13-49-32,Yb_Yag10_2026-09-22_15-18-40,16.2,17.8,0.000349106,0.1477,0.0023636154367,0.00172759,0.1494,0.0115635207497,0.204402749635,0.987310939726
YbYag10,Yb_Yag10_2026-09-22_13-49-32,Yb_Yag10_2026-09-22_15-18-40,16.3,17.8,0.000352653,0.14765,0.00238843887572,0.00170899,0.1492,0.0114543565684,0.208517943497,1.00718824532
YbYag10,Yb_Yag10_2026-09-22_13-49-32,Yb_Yag10_2026-09-22_15-18-40,16.4,17.8,0.000348004,0.1475,0.00235934915254,0.0017326,0.1493,0.011604822505,0.203307646586,0.982021347378
YbYag10,Yb_Yag10_2026-09-22_13-49-32,Yb_Yag10_2026-09-22_15-18-40,16.5,17.8,0.000353338,0.1476,0.00239388888889,0.00173951,0.14945,0.0116394111743,0.205670961618,0.993436686896
YbYag10,Yb_Yag10_2026-09-22_13-49-32,Yb_Yag10_2026-09-22_15-18-40,16.6,17.8,0.000357868,0.14765,0.00242375888927,0.00174166,0.1493,0.0116655056932,0.207771437691,1.00358245553
YbYag10,Yb_Yag10_2026-09-22_13-49-32,Yb_Yag10_2026-09-22_15-18-40,16.7,17.8,0.000353249,0.1474,0.00239653324288,0.00174237,0.14925,0.0116741708543,0.205285092431,0.991572852526
YbYag10,Yb_Yag10_2026-09-22_13-49-32,Yb_Yag10_2026-09-22_15-18-40,16.8,17.8,0.000355812,0.1476,0.0024106504065,0.00175572,0.14945,0.0117478755437,0.205198837656,0.991156222698
YbYag10,Yb_Yag10_2026-09-22_13-49-32,Yb_Yag10_2026-09-22_15-18-40,16.9,17.8,0.000357779,0.14745,0.00242644286199,0.00173355,0.14915,0.0116228628897,0.208764646457,1.00837987573
YbYag10,Yb_Yag10_2026-09-22_13-49-32,Yb_Yag10_2026-09-22_15-18-40,17,17.8,0.000357987,0.14755,0.00242620806506,0.00173713,0.14925,0.0116390619765,0.208453917503,1.00687898547
YbYag10,Yb_Yag10_2026-09-22_13-49-32,Yb_Yag10_2026-09-22_15-18-40,17.1,17.8,0.00036204,0.14755,0.00245367671976,0.0017562,0.14955,0.0117432296891,0.208943943423,1.00924592012
YbYag10,Yb_Yag10_2026-09-22_13-49-32,Yb_Yag10_2026-09-22_15-18-40,17.2,17.8,0.000359775,0.1477,0.00243584969533,0.00174857,0.1494,0.0117039491299,0.208122033708,1.0052759126
YbYag10,Yb_Yag10_2026-09-22_13-49-32,Yb_Yag10_2026-09-22_15-18-40,17.3,17.8,0.000359001,0.1477,0.00243060934326,0.00176836,0.1496,0.0118205882353,0.20562507507,0.993215044619
YbYag10,Yb_Yag10_2026-09-22_13-49-32,Yb_Yag10_2026-09-22_15-18-40,17.4,17.8,0.000368776,0.1478,0.0024951014885,0.00177742,0.14965,0.0118771800869,0.210075242629,1.01471034799
YbYag10,Yb_Yag10_2026-09-22_13-49-32,Yb_Yag10_2026-09-22_15-18-40,17.5,17.8,0.00037566,0.1478,0.00254167794317,0.00178934,0.1491,0.0120009389671,0.211789923283,1.02299263858
YbYag10,Yb_Yag10_2026-09-22_13-49-32,Yb_Yag10_2026-09-22_15-18-40,17.6,17.8,0.000388416,0.14775,0.00262887309645,0.00189353,0.1491,0.0126997317237,0.20700225435,0.999867128172
YbYag10,Yb_Yag10_2026-09-22_13-49-32,Yb_Yag10_2026-09-22_15-18-40,17.7,17.8,0.00040138,0.14785,0.00271477849171,0.0019622,0.14895,0.0131735481705,0.206078002416,0.995402784873
YbYag10,Yb_Yag10_2026-09-22_13-49-32,Yb_Yag10_2026-09-22_15-18-40,17.8,17.8,0.000412883,0.1478,0.00279352503383,0.00198175,0.1486,0.0133361372813,0.209470326745,1.01178846915
YbYag10,Yb_Yag10_2026-09-22_13-49-32,Yb_Yag10_2026-09-22_15-18-40,17.9,17.8,0.000418933,0.1476,0.00283829945799,0.00202776,0.14825,0.0136779763912,0.207508726204,1.00231350036
YbYag10,Yb_Yag10_2026-09-22_13-49-32,Yb_Yag10_2026-09-22_15-18-40,18,17.8,0.000421824,0.1476,0.00285788617886,0.00205185,0.14805,0.0138591691996,0.206209054648,0.996035796428
YbYag10,Yb_Yag10_2026-09-22_13-49-32,Yb_Yag10_2026-09-22_15-18-40,18.1,17.8,0.000443878,0.1478,0.00300323410014,0.00209786,0.14775,0.014198714044,0.211514513979,1.02166235011
YbYag10,Yb_Yag10_2026-09-22_13-49-32,Yb_Yag10_2026-09-22_15-18-40,18.2,17.8,0.000433506,0.14785,0.0029320662834,0.00207068,0.1479,0.014000540906,0.209425214575,1.01157056729
YbYag10,Yb_Yag10_2026-09-22_13-49-32,Yb_Yag10_2026-09-22_15-18-40,18.3,17.8,0.00041193,0.1479,0.00278519269777,0.00202157,0.1476,0.0136962737127,0.203354047692,0.982245475083
YbYag10,Yb_Yag10_2026-09-22_13-49-32,Yb_Yag10_2026-09-22_15-18-40,18.4,17.8,0.000412704,0.1479,0.00279042596349,0.00200488,0.1474,0.0136016282225,0.205153818193,0.990938768634
YbYag10,Yb_Yag10_2026-09-22_13-49-32,Yb_Yag10_2026-09-22_15-18-40,18.5,17.8,0.000357034,0.1477,0.00241729180772,0.00174356,0.14725,0.0118408149406,0.204149107967,0.986085793809
YbYag10,Yb_Yag10_2026-09-22_13-49-32,Yb_Yag10_2026-09-22_15-18-40,14.6,17.9,0.000252666,0.14735,0.00171473362742,0.00146199,0.1484,0.00985168463612,0.174054863788,0.840723872047
YbYag10,Yb_Yag10_2026-09-22_13-49-32,Yb_Yag10_2026-09-22_15-18-40,14.7,17.9,0.000325324,0.14735,0.00220783169325,0.00168181,0.14865,0.0113138916919,0.195143435466,0.942586383968
YbYag10,Yb_Yag10_2026-09-22_13-49-32,Yb_Yag10_2026-09-22_15-18-40,14.8,17.9,0.000330212,0.1474,0.00224024423338,0.00171471,0.1488,0.0115235887097,0.194405084199,0.939019982414
YbYag10,Yb_Yag10_2026-09-22_13-49-32,Yb_Yag10_2026-09-22_15-18-40,14.9,17.9,0.00032437,0.1473,0.00220210454854,0.00165797,0.1488,0.0111422715054,0.197635154329,0.954621942667
YbYag10,Yb_Yag10_2026-09-22_13-49-32,Yb_Yag10_2026-09-22_15-18-40,15,17.9,0.000321211,0.1478,0.00217328146143,0.00161792,0.14885,0.0108694659053,0.19994372128,0.965772836724
YbYag10,Yb_Yag10_2026-09-22_13-49-32,Yb_Yag10_2026-09-22_15-18-40,15.1,17.9,0.000329914,0.1474,0.00223822252374,0.00167776,0.14885,0.0112714813571,0.198573945414,0.959156513315
YbYag10,Yb_Yag10_2026-09-22_13-49-32,Yb_Yag10_2026-09-22_15-18-40,15.2,17.9,0.000342609,0.14735,0.00232513742789,0.00170995,0.1489,0.0114838817999,0.202469641224,0.97797359429
YbYag10,Yb_Yag10_2026-09-22_13-49-32,Yb_Yag10_2026-09-22_15-18-40,15.3,17.9,0.000338854,0.1475,0.00229731525424,0.00170732,0.1489,0.0114662189389,0.200355083614,0.967759808687
YbYag10,Yb_Yag10_2026-09-22_13-49-32,Yb_Yag10_2026-09-22_15-18-40,15.4,17.9,0.000334324,0.1473,0.00226968092329,0.00169755,0.149,0.0113929530201,0.199217965639,0.962267274863
YbYag10,Yb_Yag10_2026-09-22_13-49-32,Yb_Yag10_2026-09-22_15-18-40,15.5,17.9,0.000320794,0.14755,0.00217413758048,0.00159121,0.14885,0.0106900235136,0.203380055967,0.982371100861
YbYag10,Yb_Yag10_2026-09-22_13-49-32,Yb_Yag10_2026-09-22_15-18-40,15.6,17.9,0.00031233,0.14745,0.00211820956256,0.00162102,0.149,0.0108793288591,0.19470038915,0.940446371295
YbYag10,Yb_Yag10_2026-09-22_13-49-32,Yb_Yag10_2026-09-22_15-18-40,15.7,17.9,0.000338377,0.1477,0.00229097494922,0.00172997,0.1492,0.0115949731903,0.197583462387,0.954372259041
YbYag10,Yb_Yag10_2026-09-22_13-49-32,Yb_Yag10_2026-09-22_15-18-40,15.8,17.9,0.000342788,0.1475,0.00232398644068,0.00172449,0.149,0.0115737583893,0.200797905271,0.969898736205
YbYag10,Yb_Yag10_2026-09-22_13-49-32,Yb_Yag10_2026-09-22_15-18-40,15.9,17.9,0.000343801,0.14735,0.00233322701052,0.00170232,0.14915,0.0114134763661,0.20442737477,0.987429884628
YbYag10,Yb_Yag10_2026-09-22_13-49-32,Yb_Yag10_2026-09-22_15-18-40,16,17.9,0.000347199,0.1477,0.00235070412999,0.00170208,0.14895,0.0114271903323,0.205711470767,0.993632355132
YbYag10,Yb_Yag10_2026-09-22_13-49-32,Yb_Yag10_2026-09-22_15-18-40,16.1,17.9,0.000344099,0.14795,0.00232577897938,0.00171734,0.14915,0.0115141803553,0.201992578509,0.975669274807
YbYag10,Yb_Yag10_2026-09-22_13-49-32,Yb_Yag10_2026-09-22_15-18-40,16.2,17.9,0.000343325,0.1476,0.0023260501355,0.0017109,0.1491,0.0114748490946,0.20270855994,0.979127625057
YbYag10,Yb_Yag10_2026-09-22_13-49-32,Yb_Yag10_2026-09-22_15-18-40,16.3,17.9,0.00035149,0.14735,0.0023854088904,0.00171734,0.14905,0.0115219054009,0.20703250091,1.00001322581
YbYag10,Yb_Yag10_2026-09-22_13-49-32,Yb_Yag10_2026-09-22_15-18-40,16.4,17.9,0.000351371,0.148,0.00237412837838,0.00171018,0.14905,0.0114738678296,0.20691613444,0.99945114977
YbYag10,Yb_Yag10_2026-09-22_13-49-32,Yb_Yag10_2026-09-22_15-18-40,16.5,17.9,0.000353577,0.1478,0.00239226657645,0.00170637,0.14905,0.0114483059376,0.208962495367,1.00933553016
YbYag10,Yb_Yag10_2026-09-22_13-49-32,Yb_Yag10_2026-09-22_15-18-40,16.6,17.9,0.000361802,0.1476,0.00245123306233,0.0017295,0.14905,0.0116034887622,0.21124966056,1.02038304894
YbYag10,Yb_Yag10_2026-09-22_13-49-32,Yb_Yag10_2026-09-22_15-18-40,16.7,17.9,0.000352802,0.14735,0.00239431286054,0.00173903,0.14905,0.0116674270379,0.205213441898,0.991226764446
YbYag10,Yb_Yag10_2026-09-22_13-49-32,Yb_Yag10_2026-09-22_15-18-40,16.8,17.9,0.000358107,0.14775,0.00242373604061,0.00172377,0.149,0.0115689261745,0.209503976778,1.01195100633
YbYag10,Yb_Yag10_2026-09-22_13-49-32,Yb_Yag10_2026-09-22_15-18-40,16.9,17.9,0.000352623,0.1476,0.00238904471545,0.00173116,0.1491,0.011610731053,0.205761782315,0.99387537115
YbYag10,Yb_Yag10_2026-09-22_13-49-32,Yb_Yag10_2026-09-22_15-18-40,17,17.9,0.000357093,0.1476,0.00241932926829,0.00171138,0.149,0.0114857718121,0.210637065394,1.01742407745
YbYag10,Yb_Yag10_2026-09-22_13-49-32,Yb_Yag10_2026-09-22_15-18-40,17.1,17.9,0.0003621,0.14755,0.00245408336157,0.00173045,0.14925,0.0115943048576,0.211662828579,1.02237874277
YbYag10,Yb_Yag10_2026-09-22_13-49-32,Yb_Yag10_2026-09-22_15-18-40,17.2,17.9,0.000361802,0.1476,0.00245123306233,0.00175954,0.14935,0.0117813190492,0.208061003364,1.00498112241
YbYag10,Yb_Yag10_2026-09-22_13-49-32,Yb_Yag10_2026-09-22_15-18-40,17.3,17.9,0.000366034,0.1477,0.00247822613406,0.00176359,0.1493,0.0118123911587,0.209798854505,1.01337533162
YbYag10,Yb_Yag10_2026-09-22_13-49-32,Yb_Yag10_2026-09-22_15-18-40,17.4,17.9,0.000372173,0.14785,0.00251723368279,0.00178099,0.14905,0.0119489433076,0.210665798472,1.01756286463
YbYag10,Yb_Yag10_2026-09-22_13-49-32,Yb_Yag10_2026-09-22_15-18-40,17.5,17.9,0.000388565,0.14795,0.00262632646164,0.00187922,0.149,0.0126122147651,0.208236738,1.00582995996
YbYag10,Yb_Yag10_2026-09-22_13-49-32,Yb_Yag10_2026-09-22_15-18-40,17.6,17.9,0.000400783,0.14775,0.00271257529611,0.00194288,0.1486,0.0130745625841,0.20746967852,1.00212489132
YbYag10,Yb_Yag10_2026-09-22_13-49-32,Yb_Yag10_2026-09-22_15-18-40,17.7,17.9,0.000407757,0.14805,0.00275418439716,0.00196578,0.14845,0.013242034355,0.20798801176,1.00462855666
YbYag10,Yb_Yag10_2026-09-22_13-49-32,Yb_Yag10_2026-09-22_15-18-40,17.8,17.9,0.000415625,0.14815,0.00280543368208,0.00200821,0.1482,0.0135506747638,0.207032766337,1.00001450788
YbYag10,Yb_Yag10_2026-09-22_13-49-32,Yb_Yag10_2026-09-22_15-18-40,17.9,17.9,0.000419619,0.14775,0.00284006091371,0.00203635,0.14805,0.0137544748396,0.206482686313,0.997357498494
YbYag10,Yb_Yag10_2026-09-22_13-49-32,Yb_Yag10_2026-09-22_15-18-40,18,17.9,0.000438871,0.1477,0.0029713676371,0.00207783,0.1477,0.0140679079215,0.21121602826,1.02022059742
YbYag10,Yb_Yag10_2026-09-22_13-49-32,Yb_Yag10_2026-09-22_15-18-40,18.1,17.9,0.000421466,0.14755,0.00285642832938,0.00205876,0.14765,0.0139435150694,0.204857119253,0.989505646478
YbYag10,Yb_Yag10_2026-09-22_13-49-32,Yb_Yag10_2026-09-22_15-18-40,18.2,17.9,0.000414791,0.1478,0.00280643437077,0.00202753,0.14755,0.0137413080312,0.204233422641,0.986493052519
YbYag10,Yb_Yag10_2026-09-22_13-49-32,Yb_Yag10_2026-09-22_15-18-40,18.3,17.9,0.000416817,0.1476,0.00282396341463,0.00201942,0.14735,0.0137049202579,0.206054713306,0.995290293271
YbYag10,Yb_Yag10_2026-09-22_13-49-32,Yb_Yag10_2026-09-22_15-18-40,18.4,17.9,0.000378283,0.1476,0.00256289295393,0.00187422,0.14735,0.0127195113675,0.201493035375,0.973256369887
YbYag10,Yb_Yag10_2026-09-22_13-49-32,Yb_Yag10_2026-09-22_15-18-40,18.5,17.9,0.000242264,0.1475,0.00164246779661,0.00123049,0.1474,0.00834796472185,0.196750687304,0.950349769366
YbYag10,Yb_Yag10_2026-09-22_13-49-32,Yb_Yag10_2026-09-22_15-18-40,14.6,18,0.000212491,0.1475,0.00144061694915,0.0012703,0.1485,0.00855420875421,0.168410310123,0.813459416978
YbYag10,Yb_Yag10_2026-09-22_13-49-32,Yb_Yag10_2026-09-22_15-18-40,14.7,18,0.000312032,0.14745,0.00211618853849,0.00166214,0.14865,0.0111815674403,0.189256877427,0.914152993713
YbYag10,Yb_Yag10_2026-09-22_13-49-32,Yb_Yag10_2026-09-22_15-18-40,14.8,18,0.000337334,0.1475,0.00228701016949,0.00169898,0.14875,0.0114217142857,0.200233529949,0.967172677331
YbYag10,Yb_Yag10_2026-09-22_13-49-32,Yb_Yag10_2026-09-22_15-18-40,14.9,18,0.000315847,0.14755,0.00214060996272,0.00163258,0.14875,0.0109753277311,0.195038363789,0.942078864295
YbYag10,Yb_Yag10_2026-09-22_13-49-32,Yb_Yag10_2026-09-22_15-18-40,15,18,0.000324907,0.14755,0.00220201287699,0.00164152,0.1488,0.0110317204301,0.199607385896,0.964148261691
YbYag10,Yb_Yag10_2026-09-22_13-49-32,Yb_Yag10_2026-09-22_15-18-40,15.1,18,0.000343027,0.1474,0.00232718453189,0.0017295,0.14895,0.0116112789527,0.200424478765,0.968095002767
YbYag10,Yb_Yag10_2026-09-22_13-49-32,Yb_Yag10_2026-09-22_15-18-40,15.2,18,0.000336142,0.1474,0.00228047489824,0.00171209,0.1488,0.0115059811828,0.198199081157,0.957345835217
YbYag10,Yb_Yag10_2026-09-22_13-49-32,Yb_Yag10_2026-09-22_15-18-40,15.3,18,0.000339272,0.14725,0.00230405432937,0.00170017,0.14885,0.0114220356063,0.201720114416,0.974353212379
YbYag10,Yb_Yag10_2026-09-22_13-49-32,Yb_Yag10_2026-09-22_15-18-40,15.4,18,0.000341268,0.1475,0.00231368135593,0.00168706,0.14895,0.0113263511245,0.204274203625,0.986690033782
YbYag10,Yb_Yag10_2026-09-22_13-49-32,Yb_Yag10_2026-09-22_15-18-40,15.5,18,0.000313671,0.14745,0.00212730417091,0.00153137,0.14885,0.0102880080618,0.206775126743,0.998770051093
YbYag10,Yb_Yag10_2026-09-22_13-49-32,Yb_Yag10_2026-09-22_15-18-40,15.6,18,0.000334324,0.14775,0.00226276818951,0.0016563,0.1488,0.0111310483871,0.203284372758,0.98190892959
YbYag10,Yb_Yag10_2026-09-22_13-49-32,Yb_Yag10_2026-09-22_15-18-40,15.7,18,0.000339778,0.14745,0.00230436080027,0.00169802,0.1488,0.0114114247312,0.201934539687,0.975388934335
YbYag10,Yb_Yag10_2026-09-22_13-49-32,Yb_Yag10_2026-09-22_15-18-40,15.8,18,0.000343205,0.1475,0.00232681355932,0.00172544,0.149,0.0115801342282,0.200931484339,0.970543952945
YbYag10,Yb_Yag10_2026-09-22_13-49-32,Yb_Yag10_2026-09-22_15-18-40,15.9,18,0.000347825,0.14725,0.00236213921902,0.00169802,0.14895,0.0113999328634,0.207206414926,1.00085326936
YbYag10,Yb_Yag10_2026-09-22_13-49-32,Yb_Yag10_2026-09-22_15-18-40,16,18,0.000343652,0.14795,0.00232275768841,0.001714,0.1491,0.0114956405097,0.202055525871,0.975973324628
YbYag10,Yb_Yag10_2026-09-22_13-49-32,Yb_Yag10_2026-09-22_15-18-40,16.1,18,0.000347288,0.1474,0.00235609226594,0.00171638,0.149,0.0115193288591,0.204533813971,0.987944009747
YbYag10,Yb_Yag10_2026-09-22_13-49-32,Yb_Yag10_2026-09-22_15-18-40,16.2,18,0.000349106,0.14775,0.00236281556684,0.00171734,0.14905,0.0115219054009,0.205071599239,0.990541632718
YbYag10,Yb_Yag10_2026-09-22_13-49-32,Yb_Yag10_2026-09-22_15-18-40,16.3,18,0.000350388,0.14755,0.00237470687902,0.00173283,0.14925,0.0116102512563,0.204535356436,0.987951460197
YbYag10,Yb_Yag10_2026-09-22_13-49-32,Yb_Yag10_2026-09-22_15-18-40,16.4,18,0.000352504,0.1473,0.00239310251188,0.00171471,0.149,0.0115081208054,0.20794902594,1.00444024644
YbYag10,Yb_Yag10_2026-09-22_13-49-32,Yb_Yag10_2026-09-22_15-18-40,16.5,18,0.000357004,0.14745,0.002421186843,0.00172401,0.149,0.0115705369128,0.209254493655,1.01074594711
YbYag10,Yb_Yag10_2026-09-22_13-49-32,Yb_Yag10_2026-09-22_15-18-40,16.6,18,0.000355573,0.14745,0.00241148185826,0.00175215,0.14915,0.0117475695608,0.205274958857,0.991523905099
YbYag10,Yb_Yag10_2026-09-22_13-49-32,Yb_Yag10_2026-09-22_15-18-40,16.7,18,0.000352146,0.14775,0.00238339086294,0.00174428,0.14905,0.0117026501174,0.203662490037,0.98373532051
YbYag10,Yb_Yag10_2026-09-22_13-49-32,Yb_Yag10_2026-09-22_15-18-40,16.8,18,0.000362249,0.14775,0.00245176988156,0.00174118,0.14915,0.0116740194435,0.210019341961,1.01444033528
YbYag10,Yb_Yag10_2026-09-22_13-49-32,Yb_Yag10_2026-09-22_15-18-40,16.9,18,0.000357153,0.14735,0.00242384119444,0.00173903,0.1492,0.0116556970509,0.207953345377,1.00446111029
YbYag10,Yb_Yag10_2026-09-22_13-49-32,Yb_Yag10_2026-09-22_15-18-40,17,18,0.000351967,0.14735,0.00238864608076,0.00174213,0.14925,0.0116725628141,0.204637672018,0.988445667312
YbYag10,Yb_Yag10_2026-09-22_13-49-32,Yb_Yag10_2026-09-22_15-18-40,17.1,18,0.000360223,0.1476,0.00244053523035,0.00175501,0.14925,0.0117588609715,0.207548608344,1.00250614001
YbYag10,Yb_Yag10_2026-09-22_13-49-32,Yb_Yag10_2026-09-22_15-18-40,17.2,18,0.000365885,0.1476,0.00247889566396,0.00176907,0.1493,0.0118490957803,0.209205471027,1.01050915687
YbYag10,Yb_Yag10_2026-09-22_13-49-32,Yb_Yag10_2026-09-22_15-18-40,17.3,18,0.000372859,0.1475,0.00252785762712,0.00180531,0.1493,0.0120918285332,0.209055034165,1.00978251322
YbYag10,Yb_Yag10_2026-09-22_13-49-32,Yb_Yag10_2026-09-22_15-18-40,17.4,18,0.000388922,0.1476,0.00263497289973,0.00185371,0.14885,0.0124535438361,0.211584183138,1.02199886771
YbYag10,Yb_Yag10_2026-09-22_13-49-32,Yb_Yag10_2026-09-22_15-18-40,17.5,18,0.000401648,0.1474,0.00272488466757,0.00192476,0.14875,0.0129395630252,0.210585524586,1.01717512383
YbYag10,Yb_Yag10_2026-09-22_13-49-32,Yb_Yag10_2026-09-22_15-18-40,17.6,18,0.000409694,0.1477,0.0027738253216,0.00196292,0.1484,0.0132272237197,0.2097057841,1.01292578077
YbYag10,Yb_Yag10_2026-09-22_13-49-32,Yb_Yag10_2026-09-22_15-18-40,17.7,18,0.000416698,0.14765,0.00282220115137,0.00200702,0.14805,0.0135563660925,0.208182718887,1.00556903558
YbYag10,Yb_Yag10_2026-09-22_13-49-32,Yb_Yag10_2026-09-22_15-18-40,17.8,18,0.000424029,0.1476,0.00287282520325,0.0020342,0.14805,0.0137399527187,0.209085523223,1.00992978218
YbYag10,Yb_Yag10_2026-09-22_13-49-32,Yb_Yag10_2026-09-22_15-18-40,17.9,18,0.000424864,0.14745,0.00288141064768,0.00207068,0.14785,0.0140052756172,0.205737518235,0.993758170221
YbYag10,Yb_Yag10_2026-09-22_13-49-32,Yb_Yag10_2026-09-22_15-18-40,18,18,0.000420393,0.1474,0.00285205563094,0.00205041,0.14755,0.0138963741105,0.205237395616,0.991342466254
YbYag10,Yb_Yag10_2026-09-22_13-49-32,Yb_Yag10_2026-09-22_15-18-40,18.1,18,0.000415923,0.14745,0.00282077314344,0.00201298,0.14755,0.0136426973907,0.206760661961,0.998700182967
YbYag10,Yb_Yag10_2026-09-22_13-49-32,Yb_Yag10_2026-09-22_15-18-40,18.2,18,0.000415983,0.1474,0.00282213704206,0.00203015,0.14755,0.0137590647238,0.205111110291,0.990732479925
YbYag10,Yb_Yag10_2026-09-22_13-49-32,Yb_Yag10_2026-09-22_15-18-40,18.3,18,0.000380637,0.1474,0.00258234056988,0.00188065,0.14705,0.0127891873512,0.201915923113,0.975299012123
YbYag10,Yb_Yag10_2026-09-22_13-49-32,Yb_Yag10_2026-09-22_15-18-40,18.4,18,0.000276091,0.1474,0.00187307327001,0.0013671,0.14725,0.00928421052632,0.201748254706,0.974489136265
YbYag10,Yb_Yag10_2026-09-22_13-49-32,Yb_Yag10_2026-09-22_15-18-40,14.7,18.1,0.000257613,0.1472,0.00175008831522,0.001467,0.14835,0.00988877654196,0.176977233513,0.85483957061
YbYag10,Yb_Yag10_2026-09-22_13-49-32,Yb_Yag10_2026-09-22_15-18-40,14.8,18.1,0.000312509,0.1473,0.00212158180584,0.00163127,0.14845,0.0109886830583,0.193069705859,0.932569806739
YbYag10,Yb_Yag10_2026-09-22_13-49-32,Yb_Yag10_2026-09-22_15-18-40,14.9,18.1,0.000320198,0.14735,0.00217304377333,0.00164772,0.14855,0.0110920228879,0.195910502105,0.946291487179
YbYag10,Yb_Yag10_2026-09-22_13-49-32,Yb_Yag10_2026-09-22_15-18-40,15,18.1,0.00033957,0.14745,0.00230295015259,0.00170923,0.1486,0.0115022207268,0.2002178716,0.967097044008
YbYag10,Yb_Yag10_2026-09-22_13-49-32,Yb_Yag10_2026-09-22_15-18-40,15.1,18.1,0.00034106,0.1475,0.00231227118644,0.00172473,0.14865,0.0116026236125,0.199288649159,0.962608692054
YbYag10,Yb_Yag10_2026-09-22_13-49-32,Yb_Yag10_2026-09-22_15-18-40,15.2,18.1,0.000334503,0.1477,0.00226474610697,0.00169779,0.1486,0.0114252355316,0.198223143909,0.957462063682
YbYag10,Yb_Yag10_2026-09-22_13-49-32,Yb_Yag10_2026-09-22_15-18-40,15.3,18.1,0.00033504,0.14745,0.00227222787386,0.00168944,0.1487,0.0113613987895,0.199995433305,0.966022617358
YbYag10,Yb_Yag10_2026-09-22_13-49-32,Yb_Yag10_2026-09-22_15-18-40,15.4,18.1,0.000322463,0.14745,0.00218693116311,0.00160623,0.1488,0.0107945564516,0.202595741003,0.978582684388
YbYag10,Yb_Yag10_2026-09-22_13-49-32,Yb_Yag10_2026-09-22_15-18-40,15.5,18.1,0.000302138,0.14715,0.00205326537547,0.00154568,0.1487,0.0103946200403,0.197531546849,0.954121495398
YbYag10,Yb_Yag10_2026-09-22_13-49-32,Yb_Yag10_2026-09-22_15-18-40,15.6,18.1,0.000334503,0.1472,0.0022724388587,0.0016892,0.14885,0.0113483372523,0.200244212714,0.967224277474
YbYag10,Yb_Yag10_2026-09-22_13-49-32,Yb_Yag10_2026-09-22_15-18-40,15.7,18.1,0.00034094,0.14745,0.00231224143778,0.00171853,0.1489,0.0115415043653,0.200341425571,0.967693837289
YbYag10,Yb_Yag10_2026-09-22_13-49-32,Yb_Yag10_2026-09-22_15-18-40,15.8,18.1,0.000346662,0.1472,0.00235504076087,0.00172044,0.14885,0.0115582129661,0.203754747189,0.984180943165
YbYag10,Yb_Yag10_2026-09-22_13-49-32,Yb_Yag10_2026-09-22_15-18-40,15.9,18.1,0.000343861,0.14725,0.00233521901528,0.00170708,0.149,0.0114569127517,0.203826202214,0.984526086896
YbYag10,Yb_Yag10_2026-09-22_13-49-32,Yb_Yag10_2026-09-22_15-18-40,16,18.1,0.000343801,0.1476,0.00232927506775,0.00171304,0.149,0.0114969127517,0.202600047339,0.978603484954
YbYag10,Yb_Yag10_2026-09-22_13-49-32,Yb_Yag10_2026-09-22_15-18-40,16.1,18.1,0.000346841,0.1476,0.00234987127371,0.00171352,0.1489,0.0115078576226,0.204197110424,0.986317656404
YbYag10,Yb_Yag10_2026-09-22_13-49-32,Yb_Yag10_2026-09-22_15-18-40,16.2,18.1,0.000340523,0.14735,0.0023109806583,0.00172067,0.1491,0.0115403755869,0.200251771781,0.967260789458
YbYag10,Yb_Yag10_2026-09-22_13-49-32,Yb_Yag10_2026-09-22_15-18-40,16.3,18.1,0.000344934,0.1473,0.0023417107943,0.00172139,0.149,0.0115529530201,0.202693700063,0.979055848531
YbYag10,Yb_Yag10_2026-09-22_13-49-32,Yb_Yag10_2026-09-22_15-18-40,16.4,18.1,0.00035304,0.1473,0.0023967413442,0.0017252,0.14905,0.0115746393828,0.207068338368,1.00018632874
YbYag10,Yb_Yag10_2026-09-22_13-49-32,Yb_Yag10_2026-09-22_15-18-40,16.5,18.1,0.000353696,0.1474,0.00239956580733,0.00173951,0.14915,0.0116628226617,0.205744859279,0.993793629105
YbYag10,Yb_Yag10_2026-09-22_13-49-32,Yb_Yag10_2026-09-22_15-18-40,16.6,18.1,0.000356438,0.14755,0.00241570992884,0.00176001,0.149,0.011812147651,0.204510644483,0.987832095945
YbYag10,Yb_Yag10_2026-09-22_13-49-32,Yb_Yag10_2026-09-22_15-18-40,16.7,18.1,0.000361206,0.14755,0.00244802439851,0.00174237,0.1489,0.01170161182,0.209204034125,1.01050221631
YbYag10,Yb_Yag10_2026-09-22_13-49-32,Yb_Yag10_2026-09-22_15-18-40,16.8,18.1,0.000357391,0.14745,0.00242381146151,0.00173856,0.1491,0.011660362173,0.207867596696,1.004046925
YbYag10,Yb_Yag10_2026-09-22_13-49-32,Yb_Yag10_2026-09-22_15-18-40,16.9,18.1,0.000356318,0.1473,0.00241899524779,0.00173522,0.1492,0.0116301608579,0.207993275187,1.00465398019
YbYag10,Yb_Yag10_2026-09-22_13-49-32,Yb_Yag10_2026-09-22_15-18-40,17,18.1,0.000364425,0.1475,0.0024706779661,0.00173021,0.14915,0.0116004693262,0.21298086281,1.02874514252
YbYag10,Yb_Yag10_2026-09-22_13-49-32,Yb_Yag10_2026-09-22_15-18-40,17.1,18.1,0.000361862,0.14755,0.00245247034903,0.00175,0.14925,0.0117252931323,0.209160685482,1.01029283268
YbYag10,Yb_Yag10_2026-09-22_13-49-32,Yb_Yag10_2026-09-22_15-18-40,17.2,18.1,0.000369729,0.1475,0.00250663728814,0.00178886,0.14915,0.0119936976198,0.20899620514,1.00949835589
YbYag10,Yb_Yag10_2026-09-22_13-49-32,Yb_Yag10_2026-09-22_15-18-40,17.3,18.1,0.000389161,0.1477,0.0026348070413,0.00184799,0.14885,0.0124151158885,0.212225730711,1.0250976858
YbYag10,Yb_Yag10_2026-09-22_13-49-32,Yb_Yag10_2026-09-22_15-18-40,17.4,18.1,0.000397386,0.14765,0.00269140535049,0.00192405,0.14885,0.0129261001008,0.208214800249,1.00572399572
YbYag10,Yb_Yag10_2026-09-22_13-49-32,Yb_Yag10_2026-09-22_15-18-40,17.5,18.1,0.000401856,0.14745,0.00272537131231,0.00196435,0.14865,0.0132145980491,0.20623944082,0.996182568426
YbYag10,Yb_Yag10_2026-09-22_13-49-32,Yb_Yag10_2026-09-22_15-18-40,17.6,18.1,0.000415208,0.1475,0.00281496949153,0.00200798,0.1483,0.0135399865138,0.207900464942,1.00420568597
YbYag10,Yb_Yag10_2026-09-22_13-49-32,Yb_Yag10_2026-09-22_15-18-40,17.7,18.1,0.000421407,0.14775,0.00285216243655,0.00205733,0.14805,0.0138961837217,0.205247893499,0.991393173374
YbYag10,Yb_Yag10_2026-09-22_13-49-32,Yb_Yag10_2026-09-22_15-18-40,17.8,18.1,0.000429334,0.1474,0.00291271370421,0.00208808,0.14795,0.0141134166948,0.206379062363,0.996856971666
YbYag10,Yb_Yag10_2026-09-22_13-49-32,Yb_Yag10_2026-09-22_15-18-40,17.9,18.1,0.000415834,0.1474,0.00282112618725,0.002023,0.14755,0.013710606574,0.20576231781,0.993877957709
YbYag10,Yb_Yag10_2026-09-22_13-49-32,Yb_Yag10_2026-09-22_15-18-40,18,18.1,0.000413807,0.14755,0.00280452050152,0.00199319,0.14745,0.0135177348254,0.207469708331,1.00212503532
YbYag10,Yb_Yag10_2026-09-22_13-49-32,Yb_Yag10_2026-09-22_15-18-40,18.1,18.1,0.000421049,0.1477,0.00285070412999,0.00202133,0.14745,0.0137085791794,0.207950371274,1.0044467447
YbYag10,Yb_Yag10_2026-09-22_13-49-32,Yb_Yag10_2026-09-22_15-18-40,18.2,18.1,0.000375541,0.1476,0.00254431571816,0.00185097,0.1472,0.0125745244565,0.2023389216,0.977342189304
YbYag10,Yb_Yag10_2026-09-22_13-49-32,Yb_Yag10_2026-09-22_15-18-40,18.3,18.1,0.000271471,0.14725,0.00184360611205,0.00133336,0.1471,0.0090643099932,0.203391776476,0.982427713541
YbYag10,Yb_Yag10_2026-09-22_13-49-32,Yb_Yag10_2026-09-22_15-18-40,14.8,18.2,0.0002898,0.14745,0.00196541200407,0.00152088,0.1485,0.0102416161616,0.191904478069,0.926941496226
YbYag10,Yb_Yag10_2026-09-22_13-49-32,Yb_Yag10_2026-09-22_15-18-40,14.9,18.2,0.000330271,0.1472,0.0022436888587,0.00168801,0.14835,0.0113785642063,0.197185586689,0.952450430546
YbYag10,Yb_Yag10_2026-09-22_13-49-32,Yb_Yag10_2026-09-22_15-18-40,15,18.2,0.000346901,0.1473,0.00235506449423,0.00176359,0.1484,0.0118840296496,0.198170533369,0.957207943022
YbYag10,Yb_Yag10_2026-09-22_13-49-32,Yb_Yag10_2026-09-22_15-18-40,15.1,18.2,0.000340762,0.14725,0.00231417317487,0.00173355,0.1486,0.0116658815612,0.198371050034,0.958176483308
YbYag10,Yb_Yag10_2026-09-22_13-49-32,Yb_Yag10_2026-09-22_15-18-40,15.2,18.2,0.000334086,0.14725,0.00226883531409,0.00171352,0.1488,0.0115155913978,0.19702290883,0.951664660146
YbYag10,Yb_Yag10_2026-09-22_13-49-32,Yb_Yag10_2026-09-22_15-18-40,15.3,18.2,0.000327112,0.14725,0.00222147368421,0.00164247,0.14875,0.0110418151261,0.201187364472,0.971779911145
YbYag10,Yb_Yag10_2026-09-22_13-49-32,Yb_Yag10_2026-09-22_15-18-40,15.4,18.2,0.000316503,0.14725,0.00214942614601,0.00158454,0.14875,0.0106523697479,0.201779153078,0.974638382305
YbYag10,Yb_Yag10_2026-09-22_13-49-32,Yb_Yag10_2026-09-22_15-18-40,15.5,18.2,0.000316205,0.1473,0.00214667345553,0.00163937,0.1487,0.0110246805649,0.194715252101,0.940518162668
YbYag10,Yb_Yag10_2026-09-22_13-49-32,Yb_Yag10_2026-09-22_15-18-40,15.6,18.2,0.000347616,0.14725,0.00236071986418,0.00172425,0.1488,0.0115877016129,0.203726324947,0.984043657385
YbYag10,Yb_Yag10_2026-09-22_13-49-32,Yb_Yag10_2026-09-22_15-18-40,15.7,18.2,0.000340166,0.1472,0.00231091032609,0.00172687,0.1489,0.0115975151108,0.199259091625,0.962465922562
YbYag10,Yb_Yag10_2026-09-22_13-49-32,Yb_Yag10_2026-09-22_15-18-40,15.8,18.2,0.000339331,0.1472,0.00230523777174,0.00172234,0.14895,0.0115632091306,0.199359688621,0.962951828523
YbYag10,Yb_Yag10_2026-09-22_13-49-32,Yb_Yag10_2026-09-22_15-18-40,15.9,18.2,0.000348033,0.1473,0.00236274949084,0.0017109,0.1489,0.0114902619208,0.205630603299,0.993241747199
YbYag10,Yb_Yag10_2026-09-22_13-49-32,Yb_Yag10_2026-09-22_15-18-40,16,18.2,0.000339212,0.14715,0.00230521236833,0.00171591,0.149,0.0115161744966,0.200171712317,0.966874084363
YbYag10,Yb_Yag10_2026-09-22_13-49-32,Yb_Yag10_2026-09-22_15-18-40,16.1,18.2,0.000346603,0.14725,0.00235384040747,0.00171901,0.14905,0.0115331096947,0.204094166255,0.985820413071
YbYag10,Yb_Yag10_2026-09-22_13-49-32,Yb_Yag10_2026-09-22_15-18-40,16.2,18.2,0.000349345,0.14745,0.00236924381146,0.00170542,0.14895,0.0114496139644,0.206927833447,0.999507658586
YbYag10,Yb_Yag10_2026-09-22_13-49-32,Yb_Yag10_2026-09-22_15-18-40,16.3,18.2,0.000343265,0.1473,0.00233038017651,0.00171781,0.149,0.0115289261745,0.202133324582,0.976349109781
YbYag10,Yb_Yag10_2026-09-22_13-49-32,Yb_Yag10_2026-09-22_15-18-40,16.4,18.2,0.00034702,0.1474,0.00235427408412,0.00171901,0.14905,0.0115331096947,0.204131769006,0.986002042757
YbYag10,Yb_Yag10_2026-09-22_13-49-32,Yb_Yag10_2026-09-22_15-18-40,16.5,18.2,0.000347855,0.1474,0.00235993894166,0.00172377,0.149,0.0115689261745,0.203989454688,0.98531463281
YbYag10,Yb_Yag10_2026-09-22_13-49-32,Yb_Yag10_2026-09-22_15-18-40,16.6,18.2,0.000348987,0.14695,0.00237486900306,0.00174118,0.149,0.0116857718121,0.203227398348,0.981633730462
YbYag10,Yb_Yag10_2026-09-22_13-49-32,Yb_Yag10_2026-09-22_15-18-40,16.7,18.2,0.000357212,0.1473,0.00242506449423,0.00176168,0.14895,0.0118273246056,0.205039142418,0.990384859023
YbYag10,Yb_Yag10_2026-09-22_13-49-32,Yb_Yag10_2026-09-22_15-18-40,16.8,18.2,0.000361802,0.1475,0.00245289491525,0.00175834,0.14915,0.0117890714046,0.208065150432,1.00500115367
YbYag10,Yb_Yag10_2026-09-22_13-49-32,Yb_Yag10_2026-09-22_15-18-40,16.9,18.2,0.00035757,0.1478,0.00241928281461,0.00174619,0.14915,0.0117076097888,0.206641907123,0.998126570571
YbYag10,Yb_Yag10_2026-09-22_13-49-32,Yb_Yag10_2026-09-22_15-18-40,17,18.2,0.000360968,0.1475,0.00244724067797,0.00175811,0.1492,0.0117835790885,0.207682289022,1.00315184754
YbYag10,Yb_Yag10_2026-09-22_13-49-32,Yb_Yag10_2026-09-22_15-18-40,17.1,18.2,0.000374855,0.1475,0.00254138983051,0.00180221,0.1491,0.0120872568746,0.210253646206,1.01557207712
YbYag10,Yb_Yag10_2026-09-22_13-49-32,Yb_Yag10_2026-09-22_15-18-40,17.2,18.2,0.000380399,0.14755,0.00257810233819,0.00187469,0.1492,0.0125649463807,0.205182120168,0.991075473495
YbYag10,Yb_Yag10_2026-09-22_13-49-32,Yb_Yag10_2026-09-22_15-18-40,17.3,18.2,0.000388565,0.1473,0.00263791581806,0.00190903,0.1488,0.0128295026882,0.205613255803,0.99315795492
YbYag10,Yb_Yag10_2026-09-22_13-49-32,Yb_Yag10_2026-09-22_15-18-40,17.4,18.2,0.000401618,0.14715,0.00272931022766,0.00194193,0.1484,0.0130857816712,0.208570668244,1.00744291763
YbYag10,Yb_Yag10_2026-09-22_13-49-32,Yb_Yag10_2026-09-22_15-18-40,17.5,18.2,0.000414552,0.1475,0.0028105220339,0.00200583,0.14825,0.0135300505902,0.207724429052,1.0033553933
YbYag10,Yb_Yag10_2026-09-22_13-49-32,Yb_Yag10_2026-09-22_15-18-40,17.6,18.2,0.000418784,0.14725,0.00284403395586,0.00203706,0.148,0.0137639189189,0.206629665041,0.998067438579
YbYag10,Yb_Yag10_2026-09-22_13-49-32,Yb_Yag10_2026-09-22_15-18-40,17.7,18.2,0.000429692,0.1472,0.00291910326087,0.00205566,0.14765,0.0139225194717,0.209667744894,1.01274204291
YbYag10,Yb_Yag10_2026-09-22_13-49-32,Yb_Yag10_2026-09-22_15-18-40,17.8,18.2,0.000410916,0.1472,0.00279154891304,0.00200941,0.14755,0.0136185022026,0.204982080372,0.990109236595
YbYag10,Yb_Yag10_2026-09-22_13-49-32,Yb_Yag10_2026-09-22_15-18-40,17.9,18.2,0.000401618,0.14715,0.00272931022766,0.00195886,0.14745,0.013284910139,0.205444387587,0.992342283714
YbYag10,Yb_Yag10_2026-09-22_13-49-32,Yb_Yag10_2026-09-22_15-18-40,18,18.2,0.000405909,0.14725,0.00275659762309,0.00195242,0.1472,0.0132637228261,0.207829857366,1.00386463561
YbYag10,Yb_Yag10_2026-09-22_13-49-32,Yb_Yag10_2026-09-22_15-18-40,18.1,18.2,0.000357153,0.1472,0.0024263111413,0.00174952,0.147,0.0119014965986,0.203866053416,0.984718577102
YbYag10,Yb_Yag10_2026-09-22_13-49-32,Yb_Yag10_2026-09-22_15-18-40,18.2,18.2,0.000252308,0.147,0.00171638095238,0.00122023,0.1471,0.00829524133243,0.20691151512,0.999428837421
YbYag10,Yb_Yag10_2026-09-22_13-49-32,Yb_Yag10_2026-09-22_15-18-40,14.8,18.3,0.000238718,0.14705,0.00162337980279,0.0013404,0.14815,0.00904758690516,0.179426826159,0.866671650276
YbYag10,Yb_Yag10_2026-09-22_13-49-32,Yb_Yag10_2026-09-22_15-18-40,14.9,18.3,0.000329675,0.147,0.00224268707483,0.00171591,0.1482,0.011578340081,0.193696769929,0.935598666271
YbYag10,Yb_Yag10_2026-09-22_13-49-32,Yb_Yag10_2026-09-22_15-18-40,15,18.3,0.000352504,0.1474,0.00239147896879,0.0017767,0.1484,0.0119723719677,0.199749805238,0.964836178927
YbYag10,Yb_Yag10_2026-09-22_13-49-32,Yb_Yag10_2026-09-22_15-18-40,15.1,18.3,0.000339212,0.147,0.00230756462585,0.00173951,0.14855,0.0117099293167,0.197060508517,0.951846275035
YbYag10,Yb_Yag10_2026-09-22_13-49-32,Yb_Yag10_2026-09-22_15-18-40,15.2,18.3,0.000346126,0.1471,0.00235299796057,0.00171757,0.14855,0.0115622349377,0.203507191581,0.982985194277
YbYag10,Yb_Yag10_2026-09-22_13-49-32,Yb_Yag10_2026-09-22_15-18-40,15.3,18.3,0.000314655,0.1474,0.00213470149254,0.00158478,0.14865,0.0106611503532,0.200231815688,0.967164397067
YbYag10,Yb_Yag10_2026-09-22_13-49-32,Yb_Yag10_2026-09-22_15-18-40,15.4,18.3,0.000334324,0.1474,0.00226814111262,0.00170184,0.1487,0.0114447881641,0.198181135387,0.957259153137
YbYag10,Yb_Yag10_2026-09-22_13-49-32,Yb_Yag10_2026-09-22_15-18-40,15.5,18.3,0.000337364,0.1472,0.002291875,0.00171066,0.1487,0.0115041022192,0.199222412695,0.962288755135
YbYag10,Yb_Yag10_2026-09-22_13-49-32,Yb_Yag10_2026-09-22_15-18-40,15.6,18.3,0.000351133,0.1472,0.00238541440217,0.00174881,0.14895,0.0117409197717,0.203170999253,0.981361310237
YbYag10,Yb_Yag10_2026-09-22_13-49-32,Yb_Yag10_2026-09-22_15-18-40,15.7,18.3,0.000342729,0.1473,0.0023267413442,0.00174285,0.1488,0.0117127016129,0.198651124318,0.959529304659
YbYag10,Yb_Yag10_2026-09-22_13-49-32,Yb_Yag10_2026-09-22_15-18-40,15.8,18.3,0.000342311,0.14725,0.00232469269949,0.0017314,0.1487,0.0116435776732,0.199654501798,0.964375842022
YbYag10,Yb_Yag10_2026-09-22_13-49-32,Yb_Yag10_2026-09-22_15-18-40,15.9,18.3,0.000342788,0.14725,0.00232793208829,0.00172306,0.14895,0.0115680429674,0.20123819516,0.97202543472
YbYag10,Yb_Yag10_2026-09-22_13-49-32,Yb_Yag10_2026-09-22_15-18-40,16,18.3,0.000343027,0.1471,0.00233193065942,0.00172544,0.14895,0.0115840214837,0.201305795462,0.972351959278
YbYag10,Yb_Yag10_2026-09-22_13-49-32,Yb_Yag10_2026-09-22_15-18-40,16.1,18.3,0.000347616,0.1472,0.00236152173913,0.00170804,0.14875,0.0114826218487,0.205660498991,0.993386150069
YbYag10,Yb_Yag10_2026-09-22_13-49-32,Yb_Yag10_2026-09-22_15-18-40,16.2,18.3,0.000342609,0.1472,0.00232750679348,0.00169755,0.14875,0.0114121008403,0.203950773486,0.985127793965
YbYag10,Yb_Yag10_2026-09-22_13-49-32,Yb_Yag10_2026-09-22_15-18-40,16.3,18.3,0.000346543,0.1471,0.00235583276683,0.00170756,0.1489,0.0114678307589,0.205429676838,0.992271227507
YbYag10,Yb_Yag10_2026-09-22_13-49-32,Yb_Yag10_2026-09-22_15-18-40,16.4,18.3,0.00033641,0.14695,0.00228928206873,0.00170828,0.14895,0.0114688150386,0.199609293639,0.964157476514
YbYag10,Yb_Yag10_2026-09-22_13-49-32,Yb_Yag10_2026-09-22_15-18-40,16.5,18.3,0.000346901,0.14725,0.00235586417657,0.001678,0.1488,0.0112768817204,0.208910959162,1.00908659878
YbYag10,Yb_Yag10_2026-09-22_13-49-32,Yb_Yag10_2026-09-22_15-18-40,16.6,18.3,0.000328125,0.14715,0.00222986748216,0.00161458,0.1488,0.010850672043,0.205505011424,0.99263511039
YbYag10,Yb_Yag10_2026-09-22_13-49-32,Yb_Yag10_2026-09-22_15-18-40,16.7,18.3,0.000346841,0.1471,0.00235785859959,0.00170804,0.1489,0.0114710543989,0.205548550081,0.992845411825
YbYag10,Yb_Yag10_2026-09-22_13-49-32,Yb_Yag10_2026-09-22_15-18-40,16.8,18.3,0.000361027,0.1473,0.00245096401901,0.00174142,0.1489,0.0116952316991,0.209569513633,1.01226756398
YbYag10,Yb_Yag10_2026-09-22_13-49-32,Yb_Yag10_2026-09-22_15-18-40,16.9,18.3,0.000351788,0.1472,0.00238986413043,0.00167704,0.14895,0.0112590802283,0.212261044594,1.02526825975
YbYag10,Yb_Yag10_2026-09-22_13-49-32,Yb_Yag10_2026-09-22_15-18-40,17,18.3,0.00034696,0.1472,0.00235706521739,0.00171161,0.1489,0.0114950302216,0.205050806475,0.990441199023
YbYag10,Yb_Yag10_2026-09-22_13-49-32,Yb_Yag10_2026-09-22_15-18-40,17.1,18.3,0.00037873,0.1471,0.00257464309993,0.00185085,0.1489,0.0124301544661,0.207128809779,1.00047841916
YbYag10,Yb_Yag10_2026-09-22_13-49-32,Yb_Yag10_2026-09-22_15-18-40,17.2,18.3,0.000388863,0.1471,0.0026435282121,0.00189997,0.1488,0.0127686155914,0.207033267873,1.00001693041
YbYag10,Yb_Yag10_2026-09-22_13-49-32,Yb_Yag10_2026-09-22_15-18-40,17.3,18.3,0.000401856,0.1472,0.00273,0.00195791,0.1486,0.0131757065949,0.207199513767,1.00081993522
YbYag10,Yb_Yag10_2026-09-22_13-49-32,Yb_Yag10_2026-09-22_15-18-40,17.4,18.3,0.00041181,0.1471,0.00279952413324,0.00198604,0.14805,0.0134146572104,0.208691440216,1.00802627323
YbYag10,Yb_Yag10_2026-09-22_13-49-32,Yb_Yag10_2026-09-22_15-18-40,17.5,18.3,0.00041944,0.14695,0.0028543041851,0.00204517,0.14805,0.0138140493077,0.206623280511,0.998036599875
YbYag10,Yb_Yag10_2026-09-22_13-49-32,Yb_Yag10_2026-09-22_15-18-40,17.6,18.3,0.00041494,0.14695,0.00282368152433,0.00203349,0.14775,0.0137630456853,0.205164001406,0.990987955827
YbYag10,Yb_Yag10_2026-09-22_13-49-32,Yb_Yag10_2026-09-22_15-18-40,17.7,18.3,0.000415327,0.147,0.0028253537415,0.00199153,0.1475,0.0135018983051,0.209256037755,1.01075340546
YbYag10,Yb_Yag10_2026-09-22_13-49-32,Yb_Yag10_2026-09-22_15-18-40,17.8,18.3,0.000405373,0.1472,0.00275389266304,0.00194884,0.14735,0.0132259246692,0.208219291423,1.00574568909
YbYag10,Yb_Yag10_2026-09-22_13-49-32,Yb_Yag10_2026-09-22_15-18-40,17.9,18.3,0.000388147,0.147,0.00264045578231,0.00187755,0.1473,0.0127464358452,0.207152478887,1.00059274624
YbYag10,Yb_Yag10_2026-09-22_13-49-32,Yb_Yag10_2026-09-22_15-18-40,18,18.3,0.000332626,0.14715,0.0022604553177,0.00160182,0.147,0.0108967346939,0.207443365485,1.00199779349
YbYag10,Yb_Yag10_2026-09-22_13-49-32,Yb_Yag10_2026-09-22_15-18-40,18.1,18.3,0.000222922,0.14715,0.00151493034319,0.00105787,0.14705,0.00719394763686,0.210584010291,1.01716780945
YbYag10,Yb_Yag10_2026-09-22_13-49-32,Yb_Yag10_2026-09-22_15-18-40,14.9,18.4,0.000280531,0.1471,0.00190707681849,0.00154782,0.1482,0.0104441295547,0.182597966494,0.881988966456
YbYag10,Yb_Yag10_2026-09-22_13-49-32,Yb_Yag10_2026-09-22_15-18-40,15,18.4,0.000340374,0.147,0.00231546938776,0.00177551,0.1483,0.0119724207687,0.193400268208,0.934166496724
YbYag10,Yb_Yag10_2026-09-22_13-49-32,Yb_Yag10_2026-09-22_15-18-40,15.1,18.4,0.000340374,0.147,0.00231546938776,0.00177551,0.1485,0.0119562962963,0.193661091226,0.935426330164
YbYag10,Yb_Yag10_2026-09-22_13-49-32,Yb_Yag10_2026-09-22_15-18-40,15.2,18.4,0.000348033,0.1471,0.00236596193066,0.00174809,0.1485,0.0117716498316,0.200988133737,0.970817582191
YbYag10,Yb_Yag10_2026-09-22_13-49-32,Yb_Yag10_2026-09-22_15-18-40,15.3,18.4,0.000324758,0.1471,0.00220773623385,0.00161982,0.1487,0.0108932078009,0.202670900455,0.97894572133
YbYag10,Yb_Yag10_2026-09-22_13-49-32,Yb_Yag10_2026-09-22_15-18-40,15.4,18.4,0.000331553,0.14735,0.00225010519172,0.00172616,0.14875,0.0116044369748,0.193900419004,0.936582336794
YbYag10,Yb_Yag10_2026-09-22_13-49-32,Yb_Yag10_2026-09-22_15-18-40,15.5,18.4,0.000347765,0.14725,0.00236173174873,0.00174952,0.1487,0.0117654337592,0.200734779275,0.969593823546
YbYag10,Yb_Yag10_2026-09-22_13-49-32,Yb_Yag10_2026-09-22_15-18-40,15.6,18.4,0.000352772,0.14735,0.00239410926366,0.00177551,0.1487,0.0119402151984,0.200508049803,0.968498669549
YbYag10,Yb_Yag10_2026-09-22_13-49-32,Yb_Yag10_2026-09-22_15-18-40,15.7,18.4,0.00035462,0.14715,0.00240992184845,0.0017705,0.1488,0.0118985215054,0.202539605224,0.978311536035
YbYag10,Yb_Yag10_2026-09-22_13-49-32,Yb_Yag10_2026-09-22_15-18-40,15.8,18.4,0.00034699,0.14735,0.00235486935867,0.00174785,0.14875,0.0117502521008,0.200410113627,0.968025615943
YbYag10,Yb_Yag10_2026-09-22_13-49-32,Yb_Yag10_2026-09-22_15-18-40,15.9,18.4,0.000345292,0.1472,0.00234573369565,0.00172282,0.1487,0.0115858776059,0.202464912494,0.977950753468
YbYag10,Yb_Yag10_2026-09-22_13-49-32,Yb_Yag10_2026-09-22_15-18-40,16,18.4,0.00034255,0.1469,0.00233185840708,0.00172854,0.1487,0.0116243443174,0.200601284977,0.968949016264
YbYag10,Yb_Yag10_2026-09-22_13-49-32,Yb_Yag10_2026-09-22_15-18-40,16.1,18.4,0.000344219,0.14755,0.00233289732294,0.00172282,0.1487,0.0115858776059,0.20135697979,0.972599191018
YbYag10,Yb_Yag10_2026-09-22_13-49-32,Yb_Yag10_2026-09-22_15-18-40,16.2,18.4,0.000345262,0.14735,0.00234314217849,0.00171853,0.1488,0.0115492607527,0.20288243799,0.979967494877
YbYag10,Yb_Yag10_2026-09-22_13-49-32,Yb_Yag10_2026-09-22_15-18-40,16.3,18.4,0.000342848,0.14725,0.00232833955857,0.00172473,0.1489,0.011583143049,0.201011033769,0.970928194458
YbYag10,Yb_Yag10_2026-09-22_13-49-32,Yb_Yag10_2026-09-22_15-18-40,16.4,18.4,0.000343384,0.14695,0.00233674038789,0.00169802,0.1487,0.0114190988568,0.204634395165,0.98842983938
YbYag10,Yb_Yag10_2026-09-22_13-49-32,Yb_Yag10_2026-09-22_15-18-40,16.5,18.4,0.000336709,0.1475,0.00228277288136,0.00164724,0.14855,0.0110887916526,0.205863087059,0.994364695691
YbYag10,Yb_Yag10_2026-09-22_13-49-32,Yb_Yag10_2026-09-22_15-18-40,16.6,18.4,0.000323029,0.14715,0.00219523615358,0.00153185,0.14885,0.0102912327847,0.213311291223,1.03034118556
YbYag10,Yb_Yag10_2026-09-22_13-49-32,Yb_Yag10_2026-09-22_15-18-40,16.7,18.4,0.000325801,0.14725,0.0022125704584,0.00162102,0.14875,0.0108976134454,0.203032569423,0.980692663235
YbYag10,Yb_Yag10_2026-09-22_13-49-32,Yb_Yag10_2026-09-22_15-18-40,16.8,18.4,0.000366541,0.14705,0.0024926283577,0.00177575,0.14875,0.0119378151261,0.208801052066,1.00855572295
YbYag10,Yb_Yag10_2026-09-22_13-49-32,Yb_Yag10_2026-09-22_15-18-40,16.9,18.4,0.000351878,0.14735,0.00238804207669,0.00161577,0.14885,0.0108550218341,0.219994221402,1.06262123114
YbYag10,Yb_Yag10_2026-09-22_13-49-32,Yb_Yag10_2026-09-22_15-18-40,17,18.4,0.00033954,0.14725,0.00230587436333,0.00168634,0.1489,0.011325319006,0.203603480141,0.983450289532
YbYag10,Yb_Yag10_2026-09-22_13-49-32,Yb_Yag10_2026-09-22_15-18-40,17.1,18.4,0.000378789,0.14715,0.00257416921509,0.00185753,0.14855,0.0125044092898,0.20586092117,0.994354233965
YbYag10,Yb_Yag10_2026-09-22_13-49-32,Yb_Yag10_2026-09-22_15-18-40,17.2,18.4,0.000390204,0.14735,0.00264814387513,0.00193287,0.1485,0.013015959596,0.203453602909,0.982726349024
YbYag10,Yb_Yag10_2026-09-22_13-49-32,Yb_Yag10_2026-09-22_15-18-40,17.3,18.4,0.000406714,0.1471,0.00276488103331,0.0019827,0.14825,0.0133740303541,0.206735064906,0.998576543472
YbYag10,Yb_Yag10_2026-09-22_13-49-32,Yb_Yag10_2026-09-22_15-18-40,17.4,18.4,0.000414969,0.14715,0.00282004077472,0.00201513,0.148,0.0136157432432,0.207116183403,1.00041743094
YbYag10,Yb_Yag10_2026-09-22_13-49-32,Yb_Yag10_2026-09-22_15-18-40,17.5,18.4,0.000412585,0.1471,0.00280479265806,0.00200988,0.14765,0.0136124619031,0.206045950984,0.995247969297
YbYag10,Yb_Yag10_2026-09-22_13-49-32,Yb_Yag10_2026-09-22_15-18-40,17.6,18.4,0.000402572,0.1471,0.00273672331747,0.00195719,0.1476,0.0132600948509,0.206387914132,0.996899727688
YbYag10,Yb_Yag10_2026-09-22_13-49-32,Yb_Yag10_2026-09-22_15-18-40,17.7,18.4,0.000393393,0.147,0.00267614285714,0.00192786,0.14745,0.0130746693795,0.204681493617,0.988657335423
YbYag10,Yb_Yag10_2026-09-22_13-49-32,Yb_Yag10_2026-09-22_15-18-40,17.8,18.4,0.000369431,0.1471,0.00251142760027,0.00178982,0.1474,0.012142605156,0.206827741494,0.999024192094
YbYag10,Yb_Yag10_2026-09-22_13-49-32,Yb_Yag10_2026-09-22_15-18-40,17.9,18.4,0.000280203,0.14715,0.00190419979613,0.00137926,0.14725,0.00936679117148,0.203292649667,0.98194890891
YbYag10,Yb_Yag10_2026-09-22_13-49-32,Yb_Yag10_2026-09-22_15-18-40,14.9,18.5,0.000207962,0.147,0.00141470748299,0.00114394,0.1479,0.00773455037187,0.18290752726,0.883484214106
YbYag10,Yb_Yag10_2026-09-22_13-49-32,Yb_Yag10_2026-09-22_15-18-40,15,18.5,0.000312271,0.1472,0.00212140625,0.00160194,0.1481,0.0108166103984,0.196124864617,0.947326905995
YbYag10,Yb_Yag10_2026-09-22_13-49-32,Yb_Yag10_2026-09-22_15-18-40,15.1,18.5,0.000347914,0.14705,0.00236595715743,0.00181747,0.14835,0.0122512301989,0.193119965834,0.932812573644
YbYag10,Yb_Yag10_2026-09-22_13-49-32,Yb_Yag10_2026-09-22_15-18-40,15.2,18.5,0.000357958,0.147,0.00243508843537,0.00187732,0.1485,0.0126418855219,0.192620668108,0.930400854097
YbYag10,Yb_Yag10_2026-09-22_13-49-32,Yb_Yag10_2026-09-22_15-18-40,15.3,18.5,0.000348361,0.14705,0.00236899693982,0.00176192,0.1486,0.0118567967699,0.199800754436,0.965082274932
YbYag10,Yb_Yag10_2026-09-22_13-49-32,Yb_Yag10_2026-09-22_15-18-40,15.4,18.5,0.000331493,0.14705,0.00225428765726,0.00165702,0.14855,0.0111546280714,0.202094381169,0.976161004398
YbYag10,Yb_Yag10_2026-09-22_13-49-32,Yb_Yag10_2026-09-22_15-18-40,15.5,18.5,0.000340315,0.147,0.00231506802721,0.00174523,0.1489,0.0117208193418,0.197517593241,0.954054096356
YbYag10,Yb_Yag10_2026-09-22_13-49-32,Yb_Yag10_2026-09-22_15-18-40,15.6,18.5,0.000354262,0.147,0.00240994557823,0.00179435,0.14875,0.0120628571429,0.199782319369,0.964993229443
YbYag10,Yb_Yag10_2026-09-22_13-49-32,Yb_Yag10_2026-09-22_15-18-40,15.7,18.5,0.000356706,0.1471,0.00242492182189,0.0017922,0.14875,0.0120484033613,0.201264993308,0.972154875765
YbYag10,Yb_Yag10_2026-09-22_13-49-32,Yb_Yag10_2026-09-22_15-18-40,15.8,18.5,0.000349404,0.14695,0.00237770670296,0.00177408,0.14875,0.0119265882353,0.199361850686,0.962962271779
YbYag10,Yb_Yag10_2026-09-22_13-49-32,Yb_Yag10_2026-09-22_15-18-40,15.9,18.5,0.00035,0.1471,0.00237933378654,0.00175453,0.14875,0.0117951596639,0.201721202115,0.974358466207
YbYag10,Yb_Yag10_2026-09-22_13-49-32,Yb_Yag10_2026-09-22_15-18-40,16,18.5,0.000350388,0.14715,0.00238116207951,0.00175477,0.1487,0.0118007397445,0.201780746891,0.974646080775
YbYag10,Yb_Yag10_2026-09-22_13-49-32,Yb_Yag10_2026-09-22_15-18-40,16.1,18.5,0.000349643,0.14705,0.0023777150629,0.00175405,0.1488,0.0117879704301,0.201706907648,0.974289420738
YbYag10,Yb_Yag10_2026-09-22_13-49-32,Yb_Yag10_2026-09-22_15-18-40,16.2,18.5,0.000350179,0.14725,0.00237812563667,0.00174046,0.1488,0.0116966397849,0.203316993633,0.982066495701
YbYag10,Yb_Yag10_2026-09-22_13-49-32,Yb_Yag10_2026-09-22_15-18-40,16.3,18.5,0.00034559,0.14725,0.00234696095076,0.00172902,0.14885,0.0116158548875,0.202048060473,0.975937265091
YbYag10,Yb_Yag10_2026-09-22_13-49-32,Yb_Yag10_2026-09-22_15-18-40,16.4,18.5,0.000341507,0.1469,0.00232475833901,0.00171471,0.1487,0.011531338265,0.201603516052,0.973790016235
YbYag10,Yb_Yag10_2026-09-22_13-49-32,Yb_Yag10_2026-09-22_15-18-40,16.5,18.5,0.000338377,0.14715,0.00229953788651,0.00166655,0.1486,0.0112150067295,0.205041150841,0.990394560157
YbYag10,Yb_Yag10_2026-09-22_13-49-32,Yb_Yag10_2026-09-22_15-18-40,16.6,18.5,0.000322672,0.14715,0.00219281005776,0.00158954,0.1488,0.0106823924731,0.205273309634,0.991515938984
YbYag10,Yb_Yag10_2026-09-22_13-49-32,Yb_Yag10_2026-09-22_15-18-40,16.7,18.5,0.000319811,0.14715,0.00217336731227,0.00155712,0.1488,0.010464516129,0.207689231444,1.00318538099
YbYag10,Yb_Yag10_2026-09-22_13-49-32,Yb_Yag10_2026-09-22_15-18-40,16.8,18.5,0.00037262,0.1471,0.00253310673012,0.00180174,0.1488,0.0121084677419,0.209201261804,1.01048882538
YbYag10,Yb_Yag10_2026-09-22_13-49-32,Yb_Yag10_2026-09-22_15-18-40,16.9,18.5,0.000355037,0.14715,0.00241275569147,0.00166155,0.1487,0.0111738399462,0.215928964715,1.04298513326
YbYag10,Yb_Yag10_2026-09-22_13-49-32,Yb_Yag10_2026-09-22_15-18-40,17,18.5,0.000337722,0.1469,0.00229899251191,0.00169826,0.1487,0.0114207128447,0.201300264105,0.972325241592
YbYag10,Yb_Yag10_2026-09-22_13-49-32,Yb_Yag10_2026-09-22_15-18-40,17.1,18.5,0.000374706,0.14695,0.00254988771691,0.00182963,0.14835,0.012333198517,0.206749912717,0.998648261715
YbYag10,Yb_Yag10_2026-09-22_13-49-32,Yb_Yag10_2026-09-22_15-18-40,17.2,18.5,0.000395389,0.14685,0.00269246850528,0.00191522,0.14815,0.0129275734053,0.208273310146,1.00600661159
YbYag10,Yb_Yag10_2026-09-22_13-49-32,Yb_Yag10_2026-09-22_15-18-40,17.3,18.5,0.000396105,0.1468,0.00269826294278,0.00193382,0.1479,0.0130751859364,0.206365168029,0.996789858931
YbYag10,Yb_Yag10_2026-09-22_13-49-32,Yb_Yag10_2026-09-22_15-18-40,17.4,18.5,0.000397237,0.147,0.00270229251701,0.00190116,0.14755,0.0128848525923,0.209726304407,1.01302489844
YbYag10,Yb_Yag10_2026-09-22_13-49-32,Yb_Yag10_2026-09-22_15-18-40,17.5,18.5,0.000388058,0.147,0.00263985034014,0.00186563,0.14745,0.0126526280095,0.208640476758,1.00778010834
YbYag10,Yb_Yag10_2026-09-22_13-49-32,Yb_Yag10_2026-09-22_15-18-40,17.6,18.5,0.000366511,0.1469,0.00249496936692,0.00176061,0.14725,0.0119566044143,0.208668722362,1.00791654092
YbYag10,Yb_Yag10_2026-09-22_13-49-32,Yb_Yag10_2026-09-22_15-18-40,17.7,18.5,0.000295194,0.147,0.00200812244898,0.00142182,0.1472,0.00965910326087,0.207899470038,1.00420088036
YbYag10,Yb_Yag10_2026-09-22_13-49-32,Yb_Yag10_2026-09-22_15-18-40,17.8,18.5,0.000218959,0.14685,0.00149103847463,0.00104726,0.14715,0.0071169554876,0.209505100492,1.01195643412
YbYag10,Yb_Yag10_2026-09-22_13-49-32,Yb_Yag10_2026-09-22_15-18-40,15,18.6,0.000225962,0.1469,0.00153820285909,0.00111199,0.1478,0.00752361299053,0.204450024347,0.987539287144
YbYag10,Yb_Yag10_2026-09-22_13-49-32,Yb_Yag10_2026-09-22_15-18-40,15.1,18.6,0.00028971,0.14705,0.00197014620877,0.00146557,0.14785,0.00991254649983,0.198752783536,0.960020341392
YbYag10,Yb_Yag10_2026-09-22_13-49-32,Yb_Yag10_2026-09-22_15-18-40,15.2,18.6,0.000349673,0.147,0.00237872789116,0.00178171,0.14815,0.0120263921701,0.197792310239,0.955381040818
YbYag10,Yb_Yag10_2026-09-22_13-49-32,Yb_Yag10_2026-09-22_15-18-40,15.3,18.6,0.00037271,0.14715,0.00253285762827,0.00191928,0.14835,0.012937512639,0.195776243776,0.94564298946
YbYag10,Yb_Yag10_2026-09-22_13-49-32,Yb_Yag10_2026-09-22_15-18-40,15.4,18.6,0.000355514,0.14685,0.00242093292475,0.00182248,0.14855,0.0122684617974,0.197329784673,0.953146939018
YbYag10,Yb_Yag10_2026-09-22_13-49-32,Yb_Yag10_2026-09-22_15-18-40,15.5,18.6,0.000333669,0.1471,0.00226831407206,0.00176025,0.14865,0.0118415741675,0.191555112519,0.925253982583
YbYag10,Yb_Yag10_2026-09-22_13-49-32,Yb_Yag10_2026-09-22_15-18-40,15.6,18.6,0.000361534,0.1471,0.00245774303195,0.00185753,0.14875,0.0124875966387,0.196814735698,0.950659137419
YbYag10,Yb_Yag10_2026-09-22_13-49-32,Yb_Yag10_2026-09-22_15-18-40,15.7,18.6,0.000363352,0.14745,0.00246423872499,0.00184036,0.1488,0.0123680107527,0.199242931969,0.962387867811
YbYag10,Yb_Yag10_2026-09-22_13-49-32,Yb_Yag10_2026-09-22_15-18-40,15.8,18.6,0.00035161,0.1475,0.00238379661017,0.0018046,0.14885,0.0121236143769,0.196624252146,0.949739059315
YbYag10,Yb_Yag10_2026-09-22_13-49-32,Yb_Yag10_2026-09-22_15-18-40,15.9,18.6,0.000357391,0.14735,0.00242545639634,0.00177789,0.14885,0.0119441719852,0.203066097788,0.980854612726
YbYag10,Yb_Yag10_2026-09-22_13-49-32,Yb_Yag10_2026-09-22_15-18-40,16,18.6,0.000354888,0.14715,0.00241174311927,0.00176693,0.14875,0.0118785210084,0.203033956632,0.980699363763
YbYag10,Yb_Yag10_2026-09-22_13-49-32,Yb_Yag10_2026-09-22_15-18-40,16.1,18.6,0.000354024,0.1472,0.00240505434783,0.00177003,0.14875,0.0118993613445,0.202116254663,0.976266658259
YbYag10,Yb_Yag10_2026-09-22_13-49-32,Yb_Yag10_2026-09-22_15-18-40,16.2,18.6,0.000349762,0.14725,0.00237529371817,0.00176717,0.1488,0.0118761424731,0.200005491981,0.966071203009
YbYag10,Yb_Yag10_2026-09-22_13-49-32,Yb_Yag10_2026-09-22_15-18-40,16.3,18.6,0.000352534,0.14705,0.0023973750425,0.00175668,0.14895,0.0117937562941,0.203274934865,0.98186334246
YbYag10,Yb_Yag10_2026-09-22_13-49-32,Yb_Yag10_2026-09-22_15-18-40,16.4,18.6,0.000357362,0.147,0.00243103401361,0.00176955,0.14885,0.0118881424253,0.204492335862,0.987743661214
YbYag10,Yb_Yag10_2026-09-22_13-49-32,Yb_Yag10_2026-09-22_15-18-40,16.5,18.6,0.000361057,0.14715,0.00245366632688,0.00176836,0.14875,0.0118881344538,0.206396246309,0.996939973963
YbYag10,Yb_Yag10_2026-09-22_13-49-32,Yb_Yag10_2026-09-22_15-18-40,16.6,18.6,0.000361385,0.14695,0.002459237836,0.00174046,0.14875,0.0117005714286,0.210181002783,1.01522119316
YbYag10,Yb_Yag10_2026-09-22_13-49-32,Yb_Yag10_2026-09-22_15-18-40,16.7,18.6,0.000339927,0.14695,0.00231321537938,0.00163723,0.14865,0.0110139926001,0.210025143776,1.01446835934
YbYag10,Yb_Yag10_2026-09-22_13-49-32,Yb_Yag10_2026-09-22_15-18-40,16.8,18.6,0.000343623,0.147,0.00233757142857,0.00167752,0.14855,0.0112926287445,0.206999758998,0.999855075065
YbYag10,Yb_Yag10_2026-09-22_13-49-32,Yb_Yag10_2026-09-22_15-18-40,16.9,18.6,0.000367435,0.14705,0.00249870792248,0.00175691,0.1485,0.011831043771,0.211199279695,1.02013969811
YbYag10,Yb_Yag10_2026-09-22_13-49-32,Yb_Yag10_2026-09-22_15-18-40,17,18.6,0.000347348,0.1469,0.00236452008169,0.00168038,0.1484,0.0113233153639,0.208818707746,1.00864100383
YbYag10,Yb_Yag10_2026-09-22_13-49-32,Yb_Yag10_2026-09-22_15-18-40,17.1,18.6,0.000354739,0.1469,0.00241483321988,0.00174428,0.1482,0.0117697705803,0.205172497068,0.991028991773
YbYag10,Yb_Yag10_2026-09-22_13-49-32,Yb_Yag10_2026-09-22_15-18-40,17.2,18.6,0.000361593,0.14705,0.0024589799388,0.00176883,0.14775,0.0119717766497,0.205398080064,0.992118608031
YbYag10,Yb_Yag10_2026-09-22_13-49-32,Yb_Yag10_2026-09-22_15-18-40,17.3,18.6,0.000369819,0.14695,0.00251663150732,0.00176502,0.1475,0.0119662372881,0.210311014793,1.01584918022
YbYag10,Yb_Yag10_2026-09-22_13-49-32,Yb_Yag10_2026-09-22_15-18-40,17.4,18.6,0.000345411,0.14685,0.00235213483146,0.00167609,0.14755,0.0113594713656,0.207063758141,1.00016420522
YbYag10,Yb_Yag10_2026-09-22_13-49-32,Yb_Yag10_2026-09-22_15-18-40,17.5,18.6,0.000293823,0.14705,0.00199811628698,0.00138665,0.1472,0.00942017663043,0.212110278328,1.024540025
YbYag10,Yb_Yag10_2026-09-22_13-49-32,Yb_Yag10_2026-09-22_15-18-40,17.6,18.6,0.00021872,0.1469,0.00148890401634,0.00103069,0.14725,0.00699959252971,0.212712955793,1.02745109178
YbYag10,Yb_Yag10_2026-09-22_13-49-32,Yb_Yag10_2026-09-22_15-18-40,15.2,18.7,0.000232191,0.1468,0.00158168256131,0.00115085,0.1478,0.00778653585927,0.203130453631,0.981165465826
YbYag10,Yb_Yag10_2026-09-22_13-49-32,Yb_Yag10_2026-09-22_15-18-40,15.3,18.7,0.000294806,0.14685,0.00200753149472,0.00143791,0.1478,0.00972875507442,0.206350296555,0.996718026389
YbYag10,Yb_Yag10_2026-09-22_13-49-32,Yb_Yag10_2026-09-22_15-18-40,15.4,18.7,0.000331284,0.14705,0.00225286637198,0.00164319,0.14795,0.011106387293,0.202844211403,0.979782851921
YbYag10,Yb_Yag10_2026-09-22_13-49-32,Yb_Yag10_2026-09-22_15-18-40,15.5,18.7,0.000333609,0.147,0.00226944897959,0.00168825,0.1484,0.0113763477089,0.199488362844,0.963573353761
YbYag10,Yb_Yag10_2026-09-22_13-49-32,Yb_Yag10_2026-09-22_15-18-40,15.6,18.7,0.000370922,0.14685,0.00252585631597,0.00191069,0.1487,0.0128492938803,0.19657549586,0.94950355556
YbYag10,Yb_Yag10_2026-09-22_13-49-32,Yb_Yag10_2026-09-22_15-18-40,15.7,18.7,0.000367971,0.14695,0.00250405580129,0.00190259,0.14875,0.0127905210084,0.195774339423,0.945633791007
YbYag10,Yb_Yag10_2026-09-22_13-49-32,Yb_Yag10_2026-09-22_15-18-40,15.8,18.7,0.000366064,0.14705,0.00248938456307,0.00185657,0.1487,0.01248533961,0.199384609536,0.96307220211
YbYag10,Yb_Yag10_2026-09-22_13-49-32,Yb_Yag10_2026-09-22_15-18-40,15.9,18.7,0.000362815,0.147,0.0024681292517,0.00182486,0.14885,0.0122597245549,0.201320122703,0.972421163056
YbYag10,Yb_Yag10_2026-09-22_13-49-32,Yb_Yag10_2026-09-22_15-18-40,16,18.7,0.000358643,0.14705,0.00243891873512,0.00179649,0.14875,0.0120772436975,0.201943323842,0.975431363764
YbYag10,Yb_Yag10_2026-09-22_13-49-32,Yb_Yag10_2026-09-22_15-18-40,16.1,18.7,0.000361266,0.14715,0.00245508664628,0.00181437,0.1488,0.0121933467742,0.201346413888,0.972548155352
YbYag10,Yb_Yag10_2026-09-22_13-49-32,Yb_Yag10_2026-09-22_15-18-40,16.2,18.7,0.000368955,0.14695,0.00251075195645,0.00181914,0.14885,0.0122212966073,0.205440718536,0.992324561379
YbYag10,Yb_Yag10_2026-09-22_13-49-32,Yb_Yag10_2026-09-22_15-18-40,16.3,18.7,0.000367733,0.14705,0.00250073444407,0.00183082,0.14885,0.012299764864,0.203315630154,0.982059909795
YbYag10,Yb_Yag10_2026-09-22_13-49-32,Yb_Yag10_2026-09-22_15-18-40,16.4,18.7,0.000373097,0.14715,0.00253548759769,0.00185777,0.14885,0.0124808196171,0.203150728516,0.981263398048
YbYag10,Yb_Yag10_2026-09-22_13-49-32,Yb_Yag10_2026-09-22_15-18-40,16.5,18.7,0.000379117,0.1471,0.00257727396329,0.00187231,0.14875,0.0125869579832,0.204757493171,0.989024430247
YbYag10,Yb_Yag10_2026-09-22_13-49-32,Yb_Yag10_2026-09-22_15-18-40,16.6,18.7,0.000379654,0.14725,0.00257829541596,0.00185633,0.14845,0.0125047490738,0.206185298141,0.995921047191
YbYag10,Yb_Yag10_2026-09-22_13-49-32,Yb_Yag10_2026-09-22_15-18-40,16.7,18.7,0.000370683,0.14715,0.00251908256881,0.00179649,0.14845,0.0121016503873,0.208160249899,1.00546050534
YbYag10,Yb_Yag10_2026-09-22_13-49-32,Yb_Yag10_2026-09-22_15-18-40,16.8,18.7,0.000340404,0.14705,0.00231488609317,0.00163949,0.1484,0.0110477762803,0.209534121115,1.01209661021
YbYag10,Yb_Yag10_2026-09-22_13-49-32,Yb_Yag10_2026-09-22_15-18-40,16.9,18.7,0.000352236,0.14685,0.00239861082737,0.0016954,0.14805,0.011451536643,0.209457551606,1.01172676238
YbYag10,Yb_Yag10_2026-09-22_13-49-32,Yb_Yag10_2026-09-22_15-18-40,17,18.7,0.000339212,0.14705,0.0023067800068,0.00160039,0.14785,0.0108244166385,0.213108944698,1.02936380665
YbYag10,Yb_Yag10_2026-09-22_13-49-32,Yb_Yag10_2026-09-22_15-18-40,17.1,18.7,0.000326933,0.1471,0.00222252209381,0.00155295,0.1477,0.0105142180095,0.211382538559,1.02102487936
YbYag10,Yb_Yag10_2026-09-22_13-49-32,Yb_Yag10_2026-09-22_15-18-40,17.2,18.7,0.000284614,0.14695,0.00193680843824,0.00136102,0.14735,0.00923664743807,0.209687384002,1.01283690419
YbYag10,Yb_Yag10_2026-09-22_13-49-32,Yb_Yag10_2026-09-22_15-18-40,17.3,18.7,0.000247749,0.14695,0.00168594079619,0.00118602,0.1472,0.00805720108696,0.209246458912,1.01070713751
YbYag10,Yb_Yag10_2026-09-22_13-49-32,Yb_Yag10_2026-09-22_15-18-40,15.5,18.8,0.000228436,0.1469,0.00155504424779,0.00106788,0.14765,0.00723250931256,0.215007569377,1.03853458796
YbYag10,Yb_Yag10_2026-09-22_13-49-32,Yb_Yag10_2026-09-22_15-18-40,15.6,18.8,0.000282587,0.1469,0.0019236691627,0.00133253,0.14795,0.00900662385941,0.21358382372,1.0316575784
YbYag10,Yb_Yag10_2026-09-22_13-49-32,Yb_Yag10_2026-09-22_15-18-40,15.7,18.8,0.000304522,0.14705,0.00207087385243,0.00145746,0.14815,0.00983773202835,0.210503177609,1.01677736954
YbYag10,Yb_Yag10_2026-09-22_13-49-32,Yb_Yag10_2026-09-22_15-18-40,15.8,18.8,0.000334205,0.1471,0.0022719578518,0.001575,0.14815,0.010631117111,0.213708289362,1.03225877526
YbYag10,Yb_Yag10_2026-09-22_13-49-32,Yb_Yag10_2026-09-22_15-18-40,15.9,18.8,0.000361117,0.1471,0.0024549082257,0.00171591,0.1484,0.0115627358491,0.212312056397,1.02551465815
YbYag10,Yb_Yag10_2026-09-22_13-49-32,Yb_Yag10_2026-09-22_15-18-40,16,18.8,0.000376703,0.1474,0.00255565128901,0.00181318,0.1485,0.01220996633,0.209308627062,1.01100742356
YbYag10,Yb_Yag10_2026-09-22_13-49-32,Yb_Yag10_2026-09-22_15-18-40,16.1,18.8,0.000379564,0.147,0.00258206802721,0.00186015,0.14855,0.012522046449,0.206201760848,0.996000565746
YbYag10,Yb_Yag10_2026-09-22_13-49-32,Yb_Yag10_2026-09-22_15-18-40,16.2,18.8,0.000381948,0.1475,0.0025894779661,0.00185324,0.14845,0.0124839339845,0.207424836539,1.00190829454
YbYag10,Yb_Yag10_2026-09-22_13-49-32,Yb_Yag10_2026-09-22_15-18-40,16.3,18.8,0.000380637,0.14705,0.00258848690921,0.00183774,0.1485,0.0123753535354,0.209164683805,1.01031214548
YbYag10,Yb_Yag10_2026-09-22_13-49-32,Yb_Yag10_2026-09-22_15-18-40,16.4,18.8,0.000379296,0.1468,0.00258376021798,0.0018077,0.1484,0.0121812668464,0.212109319216,1.02453539228
YbYag10,Yb_Yag10_2026-09-22_13-49-32,Yb_Yag10_2026-09-22_15-18-40,16.5,18.8,0.00038171,0.1471,0.0025949014276,0.00176407,0.1481,0.0119113436867,0.217851276552,1.05227032884
YbYag10,Yb_Yag10_2026-09-22_13-49-32,Yb_Yag10_2026-09-22_15-18-40,16.6,18.8,0.000358017,0.14715,0.00243300713558,0.00170208,0.1481,0.0114927751519,0.211698837176,1.02255267233
YbYag10,Yb_Yag10_2026-09-22_13-49-32,Yb_Yag10_2026-09-22_15-18-40,16.7,18.8,0.000338228,0.14715,0.00229852531431,0.00157786,0.1478,0.0106756427605,0.215305566688,1.03997398154
YbYag10,Yb_Yag10_2026-09-22_13-49-32,Yb_Yag10_2026-09-22_15-18-40,16.8,18.8,0.000295581,0.1466,0.0020162414734,0.00141168,0.1477,0.00955775220041,0.210953520359,1.01895262562
YbYag10,Yb_Yag10_2026-09-22_13-49-32,Yb_Yag10_2026-09-22_15-18-40,16.9,18.8,0.00025511,0.14675,0.00173839863714,0.00122238,0.1477,0.00827610020311,0.210050457882,1.01459063213
YbYag10,Yb_Yag10_2026-09-22_13-49-32,Yb_Yag10_2026-09-22_15-18-40,17,18.8,0.000239016,0.14695,0.00162651241919,0.00109387,0.14745,0.00741858257036,0.219248408138,1.05901878648
YbYag10,Yb_Yag10_2026-09-22_13-49-32,Yb_Yag10_2026-09-22_15-18-40,16,18.9,0.000212283,0.14705,0.00144361101666,0.000960473,0.1474,0.0065160990502,0.221545284309,1.07011321146
YbYag10,Yb_Yag10_2026-09-22_13-49-32,Yb_Yag10_2026-09-22_15-18-40,16.1,18.9,0.000225992,0.147,0.00153736054422,0.00101639,0.14745,0.00689311631061,0.223028377144,1.07727688114
YbYag10,Yb_Yag10_2026-09-22_13-49-32,Yb_Yag10_2026-09-22_15-18-40,16.2,18.9,0.000227929,0.14745,0.00154580535775,0.00102974,0.14765,0.00697419573315,0.221646397219,1.0706016094
YbYag10,Yb_Yag10_2026-09-22_13-49-32,Yb_Yag10_2026-09-22_15-18-40,16.3,18.9,0.000221313,0.1473,0.00150246435845,0.000997312,0.14735,0.00676832032576,0.221984818409,1.07223625935
YbYag10,Yb_Yag10_2026-09-22_13-49-32,Yb_Yag10_2026-09-22_15-18-40,16.4,18.9,0.00021881,0.14715,0.00148698606864,0.000966791,0.14735,0.00656118764846,0.226633674925,1.09469127476
