sample,scan_969,scan_1030,x_mm,y_mm,pl_value_969,laser_value_969,normalized_value_969,pl_value_1030,laser_value_1030,normalized_value_1030,ratio_969_1030,relative_ratio
YbYag15,YbYag15.opju Book12 (2026-08-27 11:22),YbYag15.opju Book11 (2026-08-27 10:35),17,14.3,0.0007273,0.1056,0.00688731060606,0.00367548,0.10505,0.0349879105188,0.196848297139,1.05544141796
YbYag15,YbYag15.opju Book12 (2026-08-27 11:22),YbYag15.opju Book11 (2026-08-27 10:35),17.1,14.3,0.000833932,0.10505,0.00793842931937,0.0042899,0.1047,0.0409732569245,0.193746602424,1.03881106293
YbYag15,YbYag15.opju Book12 (2026-08-27 11:22),YbYag15.opju Book11 (2026-08-27 10:35),17.2,14.3,0.000904027,0.105,0.00860978095238,0.0046747,0.10485,0.0445846447306,0.193110901845,1.03540262745
YbYag15,YbYag15.opju Book12 (2026-08-27 11:22),YbYag15.opju Book11 (2026-08-27 10:35),17.3,14.3,0.000902954,0.1053,0.0085750617284,0.00463513,0.10495,0.0441651262506,0.194159112775,1.04102281948
YbYag15,YbYag15.opju Book12 (2026-08-27 11:22),YbYag15.opju Book11 (2026-08-27 10:35),17.4,14.3,0.000783328,0.1052,0.00744608365019,0.00405744,0.10475,0.0387345107399,0.19223383768,1.03070007295
YbYag15,YbYag15.opju Book12 (2026-08-27 11:22),YbYag15.opju Book11 (2026-08-27 10:35),17.5,14.3,0.000639562,0.105,0.00609106666667,0.00334884,0.1049,0.0319241182078,0.190798274428,1.02300301416
YbYag15,YbYag15.opju Book12 (2026-08-27 11:22),YbYag15.opju Book11 (2026-08-27 10:35),16.7,14.4,0.000785474,0.10545,0.00744878141299,0.00404504,0.1048,0.0385977099237,0.192985061231,1.03472790789
YbYag15,YbYag15.opju Book12 (2026-08-27 11:22),YbYag15.opju Book11 (2026-08-27 10:35),16.8,14.4,0.000978,0.10525,0.00929216152019,0.00507262,0.10485,0.048379780639,0.192067045312,1.02980578239
YbYag15,YbYag15.opju Book12 (2026-08-27 11:22),YbYag15.opju Book11 (2026-08-27 10:35),16.9,14.4,0.00111783,0.1052,0.0106257604563,0.0057793,0.1046,0.0552514340344,0.192316464577,1.03114309354
YbYag15,YbYag15.opju Book12 (2026-08-27 11:22),YbYag15.opju Book11 (2026-08-27 10:35),17,14.4,0.00116397,0.10535,0.0110485999051,0.00611642,0.10455,0.0585023433764,0.188857390447,1.01259657748
YbYag15,YbYag15.opju Book12 (2026-08-27 11:22),YbYag15.opju Book11 (2026-08-27 10:35),17.1,14.4,0.00119031,0.1051,0.0113254995243,0.00624135,0.1048,0.0595548664122,0.190169170155,1.0196299461
YbYag15,YbYag15.opju Book12 (2026-08-27 11:22),YbYag15.opju Book11 (2026-08-27 10:35),17.2,14.4,0.00119818,0.10525,0.0113841330166,0.0062733,0.1047,0.0599169054441,0.189998681211,1.01871583561
YbYag15,YbYag15.opju Book12 (2026-08-27 11:22),YbYag15.opju Book11 (2026-08-27 10:35),17.3,14.4,0.00116146,0.10545,0.0110143195827,0.0061188,0.10495,0.0583020485946,0.188918225829,1.01292275852
YbYag15,YbYag15.opju Book12 (2026-08-27 11:22),YbYag15.opju Book11 (2026-08-27 10:35),17.4,14.4,0.00110508,0.1053,0.0104945868946,0.00576642,0.1047,0.0550756446991,0.19054859824,1.02166432547
YbYag15,YbYag15.opju Book12 (2026-08-27 11:22),YbYag15.opju Book11 (2026-08-27 10:35),17.5,14.4,0.00102759,0.1053,0.00975868945869,0.00534824,0.1049,0.0509841754051,0.191406242842,1.02626275811
YbYag15,YbYag15.opju Book12 (2026-08-27 11:22),YbYag15.opju Book11 (2026-08-27 10:35),17.6,14.4,0.000933889,0.1053,0.00886884140551,0.00484231,0.10475,0.0462273031026,0.191852883691,1.02865751214
YbYag15,YbYag15.opju Book12 (2026-08-27 11:22),YbYag15.opju Book11 (2026-08-27 10:35),17.7,14.4,0.000821475,0.10535,0.00779757949692,0.00421622,0.10485,0.040211921793,0.193912132254,1.03969858414
YbYag15,YbYag15.opju Book12 (2026-08-27 11:22),YbYag15.opju Book11 (2026-08-27 10:35),17.8,14.4,0.000659887,0.10545,0.0062578188715,0.00341345,0.1048,0.0325710877863,0.192128028163,1.03013275411
YbYag15,YbYag15.opju Book12 (2026-08-27 11:22),YbYag15.opju Book11 (2026-08-27 10:35),16.5,14.5,0.000849072,0.10555,0.00804426338228,0.00440124,0.1048,0.0419965648855,0.191545746758,1.02701073619
YbYag15,YbYag15.opju Book12 (2026-08-27 11:22),YbYag15.opju Book11 (2026-08-27 10:35),16.6,14.5,0.00105191,0.1055,0.00997071090047,0.0055075,0.10475,0.0525775656325,0.189638123799,1.01678263511
YbYag15,YbYag15.opju Book12 (2026-08-27 11:22),YbYag15.opju Book11 (2026-08-27 10:35),16.7,14.5,0.00115276,0.1054,0.0109370018975,0.00613263,0.10505,0.0583782008567,0.187347361464,1.00450025582
YbYag15,YbYag15.opju Book12 (2026-08-27 11:22),YbYag15.opju Book11 (2026-08-27 10:35),16.8,14.5,0.00120343,0.1058,0.0113745746692,0.00639775,0.1048,0.0610472328244,0.186324164797,0.99901418276
YbYag15,YbYag15.opju Book12 (2026-08-27 11:22),YbYag15.opju Book11 (2026-08-27 10:35),16.9,14.5,0.00122309,0.10535,0.011609776934,0.00653937,0.10495,0.0623093854216,0.18632469018,0.999016999705
YbYag15,YbYag15.opju Book12 (2026-08-27 11:22),YbYag15.opju Book11 (2026-08-27 10:35),17,14.5,0.00123192,0.1053,0.0116991452991,0.00659421,0.1047,0.0629819484241,0.185753943659,0.995956828363
YbYag15,YbYag15.opju Book12 (2026-08-27 11:22),YbYag15.opju Book11 (2026-08-27 10:35),17.1,14.5,0.00123299,0.1054,0.0116981973435,0.00655892,0.105,0.0624659047619,0.187273319551,1.00410326533
YbYag15,YbYag15.opju Book12 (2026-08-27 11:22),YbYag15.opju Book11 (2026-08-27 10:35),17.2,14.5,0.00122798,0.1055,0.0116396208531,0.00659087,0.1047,0.0629500477555,0.184902494408,0.991391613333
YbYag15,YbYag15.opju Book12 (2026-08-27 11:22),YbYag15.opju Book11 (2026-08-27 10:35),17.3,14.5,0.00123049,0.10535,0.0116800189843,0.00658944,0.10475,0.0629063484487,0.185673135897,0.995523561425
YbYag15,YbYag15.opju Book12 (2026-08-27 11:22),YbYag15.opju Book11 (2026-08-27 10:35),17.4,14.5,0.00121451,0.1055,0.011511943128,0.00646117,0.1049,0.0615936129647,0.186901572645,1.00211007013
YbYag15,YbYag15.opju Book12 (2026-08-27 11:22),YbYag15.opju Book11 (2026-08-27 10:35),17.5,14.5,0.0011983,0.10555,0.0113529133112,0.0063639,0.10485,0.06069527897,0.18704771613,1.00289364758
YbYag15,YbYag15.opju Book12 (2026-08-27 11:22),YbYag15.opju Book11 (2026-08-27 10:35),17.6,14.5,0.00117684,0.1052,0.0111866920152,0.0062466,0.10475,0.0596334128878,0.187591007683,1.00580661364
YbYag15,YbYag15.opju Book12 (2026-08-27 11:22),YbYag15.opju Book11 (2026-08-27 10:35),17.7,14.5,0.0011493,0.1054,0.0109041745731,0.00597432,0.10465,0.0570885809842,0.191004477342,1.02410861223
YbYag15,YbYag15.opju Book12 (2026-08-27 11:22),YbYag15.opju Book11 (2026-08-27 10:35),17.8,14.5,0.00106979,0.1056,0.0101305871212,0.0055652,0.1051,0.0529514747859,0.191318318558,1.02579133452
YbYag15,YbYag15.opju Book12 (2026-08-27 11:22),YbYag15.opju Book11 (2026-08-27 10:35),17.9,14.5,0.000966433,0.1055,0.00916050236967,0.00497773,0.1051,0.0473618458611,0.19341523125,1.03703435027
YbYag15,YbYag15.opju Book12 (2026-08-27 11:22),YbYag15.opju Book11 (2026-08-27 10:35),18,14.5,0.000778798,0.1054,0.00738897533207,0.00402549,0.1048,0.0384111641221,0.192365305789,1.03140496545
YbYag15,YbYag15.opju Book12 (2026-08-27 11:22),YbYag15.opju Book11 (2026-08-27 10:35),16.3,14.6,0.000771884,0.10555,0.00731297015632,0.00400785,0.10495,0.0381881848499,0.191498239182,1.02675601484
YbYag15,YbYag15.opju Book12 (2026-08-27 11:22),YbYag15.opju Book11 (2026-08-27 10:35),16.4,14.6,0.000991113,0.1053,0.00941227920228,0.00522235,0.1048,0.0498315839695,0.1888817985,1.01272744613
YbYag15,YbYag15.opju Book12 (2026-08-27 11:22),YbYag15.opju Book11 (2026-08-27 10:35),16.5,14.6,0.00112093,0.10505,0.0106704426464,0.00599387,0.10475,0.0572207159905,0.18647866357,0.999842558751
YbYag15,YbYag15.opju Book12 (2026-08-27 11:22),YbYag15.opju Book11 (2026-08-27 10:35),16.6,14.6,0.00116683,0.10535,0.0110757475083,0.00630429,0.1048,0.0601554389313,0.184118804635,0.98718970426
YbYag15,YbYag15.opju Book12 (2026-08-27 11:22),YbYag15.opju Book11 (2026-08-27 10:35),16.7,14.6,0.00118507,0.10535,0.0112488846701,0.00641206,0.10525,0.0609221852732,0.184643486107,0.990002888653
YbYag15,YbYag15.opju Book12 (2026-08-27 11:22),YbYag15.opju Book11 (2026-08-27 10:35),16.8,14.6,0.00121332,0.1053,0.0115225071225,0.00647357,0.10515,0.0615650974798,0.187159731637,1.00349424107
YbYag15,YbYag15.opju Book12 (2026-08-27 11:22),YbYag15.opju Book11 (2026-08-27 10:35),16.9,14.6,0.00122739,0.10545,0.011639544808,0.0065842,0.10485,0.0627963757749,0.185353767066,0.993811201724
YbYag15,YbYag15.opju Book12 (2026-08-27 11:22),YbYag15.opju Book11 (2026-08-27 10:35),17,14.6,0.00122703,0.10525,0.0116582422803,0.00657657,0.10475,0.0627834844869,0.185689634393,0.995612021404
YbYag15,YbYag15.opju Book12 (2026-08-27 11:22),YbYag15.opju Book11 (2026-08-27 10:35),17.1,14.6,0.00123323,0.1053,0.0117115859449,0.00656083,0.10495,0.0625138637446,0.187343818529,1.00448125967
YbYag15,YbYag15.opju Book12 (2026-08-27 11:22),YbYag15.opju Book11 (2026-08-27 10:35),17.2,14.6,0.00124026,0.10585,0.011717146906,0.0065842,0.105,0.0627066666667,0.186856478407,1.00186828838
YbYag15,YbYag15.opju Book12 (2026-08-27 11:22),YbYag15.opju Book11 (2026-08-27 10:35),17.3,14.6,0.00123275,0.10545,0.0116903745851,0.00658134,0.10495,0.0627092901382,0.186421733675,0.999537317764
YbYag15,YbYag15.opju Book12 (2026-08-27 11:22),YbYag15.opju Book11 (2026-08-27 10:35),17.4,14.6,0.00122143,0.1054,0.0115885199241,0.00654414,0.1049,0.0623845567207,0.185759433636,0.995986263973
YbYag15,YbYag15.opju Book12 (2026-08-27 11:22),YbYag15.opju Book11 (2026-08-27 10:35),17.5,14.6,0.00123609,0.10545,0.0117220483642,0.00656846,0.10485,0.062646256557,0.187114905318,1.00325389582
YbYag15,YbYag15.opju Book12 (2026-08-27 11:22),YbYag15.opju Book11 (2026-08-27 10:35),17.6,14.6,0.00124634,0.10545,0.0118192508298,0.00661185,0.1052,0.0628502851711,0.188054052541,1.00828932103
YbYag15,YbYag15.opju Book12 (2026-08-27 11:22),YbYag15.opju Book11 (2026-08-27 10:35),17.7,14.6,0.00124908,0.1056,0.0118284090909,0.0066171,0.10515,0.0629300998573,0.187961072964,1.00779079247
YbYag15,YbYag15.opju Book12 (2026-08-27 11:22),YbYag15.opju Book11 (2026-08-27 10:35),17.8,14.6,0.00125373,0.1056,0.0118724431818,0.00660852,0.1051,0.0628784015224,0.188815919208,1.01237422116
YbYag15,YbYag15.opju Book12 (2026-08-27 11:22),YbYag15.opju Book11 (2026-08-27 10:35),17.9,14.6,0.00122202,0.10565,0.011566682442,0.00644353,0.10475,0.0615134128878,0.188035127609,1.00818785122
YbYag15,YbYag15.opju Book12 (2026-08-27 11:22),YbYag15.opju Book11 (2026-08-27 10:35),18,14.6,0.00112928,0.1053,0.0107244064577,0.00590566,0.10485,0.0563248450167,0.190402769054,1.0208824332
YbYag15,YbYag15.opju Book12 (2026-08-27 11:22),YbYag15.opju Book11 (2026-08-27 10:35),18.1,14.6,0.000997789,0.10545,0.00946220009483,0.00517133,0.10525,0.0491337767221,0.1925803536,1.03255798718
YbYag15,YbYag15.opju Book12 (2026-08-27 11:22),YbYag15.opju Book11 (2026-08-27 10:35),18.2,14.6,0.000781003,0.10545,0.00740638217165,0.00404409,0.1048,0.0385886450382,0.191931646325,1.02907981371
YbYag15,YbYag15.opju Book12 (2026-08-27 11:22),YbYag15.opju Book11 (2026-08-27 10:35),16.2,14.7,0.000903253,0.1053,0.00857790123457,0.00474742,0.105,0.0452135238095,0.189719811946,1.01722062241
YbYag15,YbYag15.opju Book12 (2026-08-27 11:22),YbYag15.opju Book11 (2026-08-27 10:35),16.3,14.7,0.00109423,0.10515,0.0104063718497,0.0057607,0.10475,0.0549947494033,0.189224825326,1.01456665289
YbYag15,YbYag15.opju Book12 (2026-08-27 11:22),YbYag15.opju Book11 (2026-08-27 10:35),16.4,14.7,0.00116456,0.10505,0.0110857686816,0.00616983,0.1047,0.0589286532951,0.188121873855,1.00865295853
YbYag15,YbYag15.opju Book12 (2026-08-27 11:22),YbYag15.opju Book11 (2026-08-27 10:35),16.5,14.7,0.00116492,0.1053,0.0110628679962,0.00624326,0.1047,0.0596299904489,0.185525235086,0.994730561719
YbYag15,YbYag15.opju Book12 (2026-08-27 11:22),YbYag15.opju Book11 (2026-08-27 10:35),16.6,14.7,0.00116695,0.10525,0.0110874109264,0.00622085,0.1047,0.0594159503343,0.186606641214,1.00052873642
YbYag15,YbYag15.opju Book12 (2026-08-27 11:22),YbYag15.opju Book11 (2026-08-27 10:35),16.7,14.7,0.00117553,0.1053,0.0111636277303,0.00630191,0.10475,0.0601614319809,0.185561203627,0.994923414228
YbYag15,YbYag15.opju Book12 (2026-08-27 11:22),YbYag15.opju Book11 (2026-08-27 10:35),16.8,14.7,0.00120271,0.1053,0.0114217473884,0.00645497,0.10505,0.061446644455,0.185880734248,0.996636641404
YbYag15,YbYag15.opju Book12 (2026-08-27 11:22),YbYag15.opju Book11 (2026-08-27 10:35),16.9,14.7,0.00122274,0.10565,0.0115734973971,0.00657037,0.10515,0.0624856871136,0.185218374506,0.993085267501
YbYag15,YbYag15.opju Book12 (2026-08-27 11:22),YbYag15.opju Book11 (2026-08-27 10:35),17,14.7,0.00123013,0.10555,0.0116544765514,0.00656608,0.10485,0.062623557463,0.186103712781,0.997832185291
YbYag15,YbYag15.opju Book12 (2026-08-27 11:22),YbYag15.opju Book11 (2026-08-27 10:35),17.1,14.7,0.00122858,0.1056,0.011634280303,0.00658754,0.1048,0.0628582061069,0.185087692182,0.992384588144
YbYag15,YbYag15.opju Book12 (2026-08-27 11:22),YbYag15.opju Book11 (2026-08-27 10:35),17.2,14.7,0.00123263,0.10585,0.0116450637695,0.00660756,0.1046,0.063169789675,0.184345457368,0.988404948111
YbYag15,YbYag15.opju Book12 (2026-08-27 11:22),YbYag15.opju Book11 (2026-08-27 10:35),17.3,14.7,0.00123883,0.1056,0.011731344697,0.00661185,0.10455,0.0632410329986,0.185502104263,0.994606541197
YbYag15,YbYag15.opju Book12 (2026-08-27 11:22),YbYag15.opju Book11 (2026-08-27 10:35),17.4,14.7,0.00123657,0.10555,0.011715490289,0.00659993,0.1048,0.0629764312977,0.186029758238,0.997435663255
YbYag15,YbYag15.opju Book12 (2026-08-27 11:22),YbYag15.opju Book11 (2026-08-27 10:35),17.5,14.7,0.00123931,0.10525,0.0117749168646,0.00663856,0.10495,0.0632545021439,0.186151443226,0.998088101593
YbYag15,YbYag15.opju Book12 (2026-08-27 11:22),YbYag15.opju Book11 (2026-08-27 10:35),17.6,14.7,0.00124431,0.1054,0.011805597723,0.00664714,0.10485,0.0633966618979,0.186217970625,0.998444801516
YbYag15,YbYag15.opju Book12 (2026-08-27 11:22),YbYag15.opju Book11 (2026-08-27 10:35),17.7,14.7,0.00124229,0.10545,0.0117808440019,0.00667527,0.10535,0.0633627906977,0.185926848742,0.99688389346
YbYag15,YbYag15.opju Book12 (2026-08-27 11:22),YbYag15.opju Book11 (2026-08-27 10:35),17.8,14.7,0.00125671,0.1056,0.0119006628788,0.00676015,0.1048,0.0645052480916,0.184491389939,0.989187394705
YbYag15,YbYag15.opju Book12 (2026-08-27 11:22),YbYag15.opju Book11 (2026-08-27 10:35),17.9,14.7,0.00127424,0.1058,0.0120438563327,0.00680831,0.10505,0.0648101856259,0.18583277021,0.996379472644
YbYag15,YbYag15.opju Book12 (2026-08-27 11:22),YbYag15.opju Book11 (2026-08-27 10:35),18,14.7,0.00126792,0.1058,0.011984120983,0.00674441,0.1047,0.0644165234002,0.18604110173,0.997496483652
YbYag15,YbYag15.opju Book12 (2026-08-27 11:22),YbYag15.opju Book11 (2026-08-27 10:35),18.1,14.7,0.00122536,0.1057,0.0115928098392,0.00646451,0.10495,0.0615960933778,0.188206900852,1.00910884774
YbYag15,YbYag15.opju Book12 (2026-08-27 11:22),YbYag15.opju Book11 (2026-08-27 10:35),18.2,14.7,0.00110198,0.1053,0.0104651471985,0.00576118,0.10485,0.0549468764902,0.190459364881,1.02118588301
YbYag15,YbYag15.opju Book12 (2026-08-27 11:22),YbYag15.opju Book11 (2026-08-27 10:35),18.3,14.7,0.000917796,0.10535,0.00871187470337,0.00478461,0.105,0.0455677142857,0.191185246834,1.02507784393
YbYag15,YbYag15.opju Book12 (2026-08-27 11:22),YbYag15.opju Book11 (2026-08-27 10:35),18.4,14.7,0.000679258,0.10555,0.0064354144955,0.00351478,0.105,0.0334740952381,0.192250588096,1.03078988364
YbYag15,YbYag15.opju Book12 (2026-08-27 11:22),YbYag15.opju Book11 (2026-08-27 10:35),16,14.8,0.000665072,0.1053,0.00631597340931,0.00345136,0.10495,0.0328857551215,0.192058031995,1.02975745569
YbYag15,YbYag15.opju Book12 (2026-08-27 11:22),YbYag15.opju Book11 (2026-08-27 10:35),16.1,14.8,0.000961427,0.10545,0.00911737316264,0.00506929,0.10475,0.048394176611,0.188398146247,1.01013424808
YbYag15,YbYag15.opju Book12 (2026-08-27 11:22),YbYag15.opju Book11 (2026-08-27 10:35),16.2,14.8,0.00112928,0.10525,0.0107295011876,0.00605968,0.10495,0.0577387327299,0.185828484283,0.996356492788
YbYag15,YbYag15.opju Book12 (2026-08-27 11:22),YbYag15.opju Book11 (2026-08-27 10:35),16.3,14.8,0.00119031,0.10515,0.0113201141227,0.00633529,0.10485,0.0604224129709,0.187349587117,1.00451218911
YbYag15,YbYag15.opju Book12 (2026-08-27 11:22),YbYag15.opju Book11 (2026-08-27 10:35),16.4,14.8,0.00120378,0.10525,0.0114373396675,0.00642875,0.1047,0.0614016236867,0.186270964525,0.998728938884
YbYag15,YbYag15.opju Book12 (2026-08-27 11:22),YbYag15.opju Book11 (2026-08-27 10:35),16.5,14.8,0.00118972,0.1053,0.0112983855651,0.0063372,0.10485,0.0604406294707,0.186933618396,1.00228188982
YbYag15,YbYag15.opju Book12 (2026-08-27 11:22),YbYag15.opju Book11 (2026-08-27 10:35),16.6,14.8,0.00118602,0.1052,0.0112739543726,0.00629953,0.10495,0.0600241067175,0.187823775965,1.00705464722
YbYag15,YbYag15.opju Book12 (2026-08-27 11:22),YbYag15.opju Book11 (2026-08-27 10:35),16.7,14.8,0.00119818,0.10545,0.0113625414889,0.00635961,0.1054,0.0603378557875,0.188315301242,1.00969005805
YbYag15,YbYag15.opju Book12 (2026-08-27 11:22),YbYag15.opju Book11 (2026-08-27 10:35),16.8,14.8,0.00120843,0.1054,0.0114651802657,0.00644925,0.105,0.0614214285714,0.186664174578,1.00083721304
YbYag15,YbYag15.opju Book12 (2026-08-27 11:22),YbYag15.opju Book11 (2026-08-27 10:35),16.9,14.8,0.00122011,0.10535,0.0115814902705,0.00653556,0.10475,0.0623919809069,0.185624660448,0.995263650632
YbYag15,YbYag15.opju Book12 (2026-08-27 11:22),YbYag15.opju Book11 (2026-08-27 10:35),17,14.8,0.00122476,0.1057,0.0115871333964,0.00653461,0.10455,0.0625022477284,0.185387467132,0.993991891346
YbYag15,YbYag15.opju Book12 (2026-08-27 11:22),YbYag15.opju Book11 (2026-08-27 10:35),17.1,14.8,0.00122011,0.1054,0.0115759962049,0.00656655,0.10475,0.0626878281623,0.184660986738,0.990096721776
YbYag15,YbYag15.opju Book12 (2026-08-27 11:22),YbYag15.opju Book11 (2026-08-27 10:35),17.2,14.8,0.00123192,0.1054,0.0116880455408,0.00654843,0.10495,0.0623957122439,0.187321293731,1.00436048847
YbYag15,YbYag15.opju Book12 (2026-08-27 11:22),YbYag15.opju Book11 (2026-08-27 10:35),17.3,14.8,0.00123478,0.10505,0.0117542122799,0.00658038,0.10495,0.0627001429252,0.187467073144,1.00514211388
YbYag15,YbYag15.opju Book12 (2026-08-27 11:22),YbYag15.opju Book11 (2026-08-27 10:35),17.4,14.8,0.00123263,0.10545,0.011689236605,0.00662521,0.10485,0.0631875059609,0.184992846722,0.991876055293
YbYag15,YbYag15.opju Book12 (2026-08-27 11:22),YbYag15.opju Book11 (2026-08-27 10:35),17.5,14.8,0.00123907,0.1053,0.0117670465337,0.00662997,0.1048,0.0632630725191,0.18600181852,0.997285858882
YbYag15,YbYag15.opju Book12 (2026-08-27 11:22),YbYag15.opju Book11 (2026-08-27 10:35),17.6,14.8,0.00124062,0.10595,0.0117094856064,0.00661471,0.1047,0.0631777459408,0.18534193381,0.993747755356
YbYag15,YbYag15.opju Book12 (2026-08-27 11:22),YbYag15.opju Book11 (2026-08-27 10:35),17.7,14.8,0.00124038,0.10565,0.0117404637956,0.00661042,0.1051,0.0628964795433,0.186663289915,1.00083246973
YbYag15,YbYag15.opju Book12 (2026-08-27 11:22),YbYag15.opju Book11 (2026-08-27 10:35),17.8,14.8,0.00124455,0.1055,0.0117966824645,0.00667575,0.10525,0.0634275534442,0.185986717506,0.997204891782
YbYag15,YbYag15.opju Book12 (2026-08-27 11:22),YbYag15.opju Book11 (2026-08-27 10:35),17.9,14.8,0.00126279,0.1055,0.0119695734597,0.00668386,0.10515,0.0635650023776,0.18830446019,1.00963193159
YbYag15,YbYag15.opju Book12 (2026-08-27 11:22),YbYag15.opju Book11 (2026-08-27 10:35),18,14.8,0.00127042,0.10555,0.0120361913785,0.00677398,0.1051,0.0644527117031,0.186744530377,1.00126805668
YbYag15,YbYag15.opju Book12 (2026-08-27 11:22),YbYag15.opju Book11 (2026-08-27 10:35),18.1,14.8,0.00127221,0.1056,0.0120474431818,0.00682691,0.1049,0.065080171592,0.185116954782,0.992541485414
YbYag15,YbYag15.opju Book12 (2026-08-27 11:22),YbYag15.opju Book11 (2026-08-27 10:35),18.2,14.8,0.00124574,0.10565,0.0117911973497,0.00661948,0.10505,0.0630126606378,0.187124257734,1.00330404067
YbYag15,YbYag15.opju Book12 (2026-08-27 11:22),YbYag15.opju Book11 (2026-08-27 10:35),18.3,14.8,0.00115884,0.10545,0.0109894736842,0.00609496,0.1051,0.0579920076118,0.189499797244,1.01604096969
YbYag15,YbYag15.opju Book12 (2026-08-27 11:22),YbYag15.opju Book11 (2026-08-27 10:35),18.4,14.8,0.000990041,0.1053,0.00940209876543,0.00514796,0.1051,0.0489815413892,0.191951876131,1.02918827985
YbYag15,YbYag15.opju Book12 (2026-08-27 11:22),YbYag15.opju Book11 (2026-08-27 10:35),18.5,14.8,0.000758354,0.10555,0.00718478446234,0.00396469,0.1049,0.0377949475691,0.190099072084,1.0192541013
YbYag15,YbYag15.opju Book12 (2026-08-27 11:22),YbYag15.opju Book11 (2026-08-27 10:35),15.9,14.9,0.000696901,0.1053,0.00661824311491,0.00363113,0.10475,0.034664725537,0.190921549569,1.02366397843
YbYag15,YbYag15.opju Book12 (2026-08-27 11:22),YbYag15.opju Book11 (2026-08-27 10:35),16,14.9,0.000980027,0.1053,0.00930699905033,0.00522426,0.1047,0.0498974212034,0.186522646379,1.00007838136
YbYag15,YbYag15.opju Book12 (2026-08-27 11:22),YbYag15.opju Book11 (2026-08-27 10:35),16.1,14.9,0.00114287,0.10505,0.0108792955735,0.00609353,0.1048,0.058144370229,0.187108322451,1.00321860046
YbYag15,YbYag15.opju Book12 (2026-08-27 11:22),YbYag15.opju Book11 (2026-08-27 10:35),16.2,14.9,0.00119437,0.10535,0.0113371618415,0.00636008,0.10515,0.0604857822159,0.187435152959,1.00497096744
YbYag15,YbYag15.opju Book12 (2026-08-27 11:22),YbYag15.opju Book11 (2026-08-27 10:35),16.3,14.9,0.00121153,0.10515,0.0115219210651,0.00645354,0.10515,0.0613746077033,0.187731074727,1.00655761104
YbYag15,YbYag15.opju Book12 (2026-08-27 11:22),YbYag15.opju Book11 (2026-08-27 10:35),16.4,14.9,0.00120939,0.1051,0.0115070409134,0.00647262,0.1049,0.0617027645377,0.186491496769,0.999911366508
YbYag15,YbYag15.opju Book12 (2026-08-27 11:22),YbYag15.opju Book11 (2026-08-27 10:35),16.5,14.9,0.00121654,0.1055,0.0115311848341,0.00652507,0.1047,0.0623215854823,0.185027141798,0.992059935182
YbYag15,YbYag15.opju Book12 (2026-08-27 11:22),YbYag15.opju Book11 (2026-08-27 10:35),16.6,14.9,0.00121845,0.1055,0.0115492890995,0.00653079,0.1049,0.0622572926597,0.18550901599,0.9946435998
YbYag15,YbYag15.opju Book12 (2026-08-27 11:22),YbYag15.opju Book11 (2026-08-27 10:35),16.7,14.9,0.00122059,0.1054,0.0115805502846,0.00651076,0.10495,0.0620367794188,0.186672332012,1.00088095074
YbYag15,YbYag15.opju Book12 (2026-08-27 11:22),YbYag15.opju Book11 (2026-08-27 10:35),16.8,14.9,0.00121582,0.1054,0.0115352941176,0.00652793,0.10455,0.0624383548541,0.184746925901,0.990557501744
YbYag15,YbYag15.opju Book12 (2026-08-27 11:22),YbYag15.opju Book11 (2026-08-27 10:35),16.9,14.9,0.00121761,0.1053,0.0115632478632,0.00653318,0.10465,0.0624288580984,0.185222799446,0.993108992697
YbYag15,YbYag15.opju Book12 (2026-08-27 11:22),YbYag15.opju Book11 (2026-08-27 10:35),17,14.9,0.00122011,0.1055,0.0115650236967,0.00651553,0.10485,0.0621414401526,0.186108073265,0.997855564896
YbYag15,YbYag15.opju Book12 (2026-08-27 11:22),YbYag15.opju Book11 (2026-08-27 10:35),17.1,14.9,0.00122071,0.10555,0.0115652297489,0.00649884,0.10475,0.0620414319809,0.186411392833,0.999481873275
YbYag15,YbYag15.opju Book12 (2026-08-27 11:22),YbYag15.opju Book11 (2026-08-27 10:35),17.2,14.9,0.00121094,0.10555,0.0114726669825,0.00653222,0.10485,0.0623006199332,0.184150125549,0.987357637593
YbYag15,YbYag15.opju Book12 (2026-08-27 11:22),YbYag15.opju Book11 (2026-08-27 10:35),17.3,14.9,0.00122882,0.10565,0.0116310459063,0.00654319,0.10495,0.0623457837065,0.186557056706,1.00026287919
YbYag15,YbYag15.opju Book12 (2026-08-27 11:22),YbYag15.opju Book11 (2026-08-27 10:35),17.4,14.9,0.00122631,0.10565,0.0116072882158,0.00657514,0.1046,0.0628598470363,0.184653459451,0.990056362725
YbYag15,YbYag15.opju Book12 (2026-08-27 11:22),YbYag15.opju Book11 (2026-08-27 10:35),17.5,14.9,0.0012337,0.1056,0.0116827651515,0.00659135,0.10475,0.0629245823389,0.185662974902,0.995469081223
YbYag15,YbYag15.opju Book12 (2026-08-27 11:22),YbYag15.opju Book11 (2026-08-27 10:35),17.6,14.9,0.00123549,0.1053,0.011733048433,0.00660518,0.1049,0.0629664442326,0.186338113514,0.999088971588
YbYag15,YbYag15.opju Book12 (2026-08-27 11:22),YbYag15.opju Book11 (2026-08-27 10:35),17.7,14.9,0.00123359,0.10545,0.0116983404457,0.00661615,0.105,0.063010952381,0.185655667843,0.995429902967
YbYag15,YbYag15.opju Book12 (2026-08-27 11:22),YbYag15.opju Book11 (2026-08-27 10:35),17.8,14.9,0.00124062,0.10525,0.0117873634204,0.00664952,0.105,0.0633287619048,0.186129699458,0.997971518047
YbYag15,YbYag15.opju Book12 (2026-08-27 11:22),YbYag15.opju Book11 (2026-08-27 10:35),17.9,14.9,0.00124622,0.10555,0.0118069161535,0.00666001,0.1051,0.0633683158896,0.186322075753,0.99900298193
YbYag15,YbYag15.opju Book12 (2026-08-27 11:22),YbYag15.opju Book11 (2026-08-27 10:35),18,14.9,0.00125147,0.10575,0.0118342316785,0.00668958,0.10505,0.0636799619229,0.185839176425,0.99641382084
YbYag15,YbYag15.opju Book12 (2026-08-27 11:22),YbYag15.opju Book11 (2026-08-27 10:35),18.1,14.9,0.00125242,0.1059,0.0118264400378,0.00673679,0.10495,0.0641904716532,0.184239805897,0.987838476667
YbYag15,YbYag15.opju Book12 (2026-08-27 11:22),YbYag15.opju Book11 (2026-08-27 10:35),18.2,14.9,0.00126625,0.1058,0.0119683364839,0.00680402,0.10525,0.0646462707838,0.185135760173,0.992642314269
YbYag15,YbYag15.opju Book12 (2026-08-27 11:22),YbYag15.opju Book11 (2026-08-27 10:35),18.3,14.9,0.00125004,0.1055,0.0118487203791,0.00670579,0.1051,0.0638039010466,0.185705265426,0.995695830307
YbYag15,YbYag15.opju Book12 (2026-08-27 11:22),YbYag15.opju Book11 (2026-08-27 10:35),18.4,14.9,0.0011865,0.1057,0.0112251655629,0.00626615,0.10515,0.0595924869234,0.18836544911,1.00995893585
YbYag15,YbYag15.opju Book12 (2026-08-27 11:22),YbYag15.opju Book11 (2026-08-27 10:35),18.5,14.9,0.00102354,0.1058,0.00967429111531,0.00538543,0.10535,0.0511194114855,0.18924887502,1.01469560012
YbYag15,YbYag15.opju Book12 (2026-08-27 11:22),YbYag15.opju Book11 (2026-08-27 10:35),18.6,14.9,0.000809554,0.10555,0.00766986262435,0.0042558,0.10515,0.0404736091298,0.189502809096,1.01605711833
YbYag15,YbYag15.opju Book12 (2026-08-27 11:22),YbYag15.opju Book11 (2026-08-27 10:35),15.8,15,0.000701312,0.1054,0.00665381404175,0.0036564,0.1048,0.0348893129771,0.190712097029,1.02254095685
YbYag15,YbYag15.opju Book12 (2026-08-27 11:22),YbYag15.opju Book11 (2026-08-27 10:35),15.9,15,0.000992782,0.10525,0.00943260807601,0.0052481,0.10475,0.0501011933174,0.188271125924,1.00945320328
YbYag15,YbYag15.opju Book12 (2026-08-27 11:22),YbYag15.opju Book11 (2026-08-27 10:35),16,15,0.00113393,0.10515,0.0107839277223,0.00605825,0.10485,0.0577801621364,0.186637200789,1.00069258769
YbYag15,YbYag15.opju Book12 (2026-08-27 11:22),YbYag15.opju Book11 (2026-08-27 10:35),16.1,15,0.00118566,0.10525,0.0112651781473,0.00631526,0.1048,0.0602601145038,0.186942528073,1.00232966083
YbYag15,YbYag15.opju Book12 (2026-08-27 11:22),YbYag15.opju Book11 (2026-08-27 10:35),16.2,15,0.00119127,0.10535,0.0113077361177,0.00637153,0.10485,0.0607680495947,0.186080287143,0.997706584061
YbYag15,YbYag15.opju Book12 (2026-08-27 11:22),YbYag15.opju Book11 (2026-08-27 10:35),16.3,15,0.00120784,0.1054,0.0114595825427,0.00644067,0.1047,0.0615154727794,0.186287807359,0.998819245098
YbYag15,YbYag15.opju Book12 (2026-08-27 11:22),YbYag15.opju Book11 (2026-08-27 10:35),16.4,15,0.00120855,0.1053,0.0114772079772,0.00649408,0.10475,0.0619959904535,0.185128229959,0.992601939524
YbYag15,YbYag15.opju Book12 (2026-08-27 11:22),YbYag15.opju Book11 (2026-08-27 10:35),16.5,15,0.00121737,0.10525,0.0115664608076,0.00650552,0.1049,0.0620163965682,0.186506495825,0.999991786939
YbYag15,YbYag15.opju Book12 (2026-08-27 11:22),YbYag15.opju Book11 (2026-08-27 10:35),16.6,15,0.00121892,0.1051,0.0115977164605,0.00649646,0.1046,0.0621076481836,0.186735720957,1.00122082322
YbYag15,YbYag15.opju Book12 (2026-08-27 11:22),YbYag15.opju Book11 (2026-08-27 10:35),16.7,15,0.00120903,0.10525,0.0114872209026,0.00650504,0.1048,0.0620709923664,0.185065849033,0.992267471744
YbYag15,YbYag15.opju Book12 (2026-08-27 11:22),YbYag15.opju Book11 (2026-08-27 10:35),16.8,15,0.00120486,0.1056,0.0114096590909,0.00649884,0.1046,0.0621304015296,0.183640517524,0.984625272497
YbYag15,YbYag15.opju Book12 (2026-08-27 11:22),YbYag15.opju Book11 (2026-08-27 10:35),16.9,15,0.00121702,0.1053,0.0115576448243,0.00649694,0.10485,0.0619641392465,0.1865215101,1.00007228897
YbYag15,YbYag15.opju Book12 (2026-08-27 11:22),YbYag15.opju Book11 (2026-08-27 10:35),17,15,0.00121475,0.10535,0.0115306122449,0.00651744,0.1048,0.0621893129771,0.185411474945,0.994120614028
YbYag15,YbYag15.opju Book12 (2026-08-27 11:22),YbYag15.opju Book11 (2026-08-27 10:35),17.1,15,0.00122858,0.10535,0.0116618889416,0.00651982,0.10485,0.0621823557463,0.187543376278,1.00555122836
YbYag15,YbYag15.opju Book12 (2026-08-27 11:22),YbYag15.opju Book11 (2026-08-27 10:35),17.2,15,0.00122095,0.10535,0.0115894636925,0.00652888,0.10475,0.0623282100239,0.185942508024,0.996967853827
YbYag15,YbYag15.opju Book12 (2026-08-27 11:22),YbYag15.opju Book11 (2026-08-27 10:35),17.3,15,0.00122214,0.1054,0.011595256167,0.00652125,0.1049,0.0621663489037,0.186519819347,1.00006322366
YbYag15,YbYag15.opju Book12 (2026-08-27 11:22),YbYag15.opju Book11 (2026-08-27 10:35),17.4,15,0.00121678,0.1054,0.011544402277,0.00654414,0.1049,0.0623845567207,0.18505224504,0.992194531223
YbYag15,YbYag15.opju Book12 (2026-08-27 11:22),YbYag15.opju Book11 (2026-08-27 10:35),17.5,15,0.00122906,0.1055,0.0116498578199,0.00654319,0.105,0.0623160952381,0.186947814612,1.00235800566
YbYag15,YbYag15.opju Book12 (2026-08-27 11:22),YbYag15.opju Book11 (2026-08-27 10:35),17.6,15,0.00122798,0.106,0.0115847169811,0.00655082,0.105,0.0623887619048,0.185685957333,0.995592306111
YbYag15,YbYag15.opju Book12 (2026-08-27 11:22),YbYag15.opju Book11 (2026-08-27 10:35),17.7,15,0.0012343,0.1056,0.0116884469697,0.00658658,0.1052,0.0626100760456,0.186686356381,1.0009561452
YbYag15,YbYag15.opju Book12 (2026-08-27 11:22),YbYag15.opju Book11 (2026-08-27 10:35),17.8,15,0.00122941,0.10565,0.0116366303833,0.00657752,0.10495,0.0626728918533,0.185672466025,0.995519969771
YbYag15,YbYag15.opju Book12 (2026-08-27 11:22),YbYag15.opju Book11 (2026-08-27 10:35),17.9,15,0.00124026,0.1056,0.0117448863636,0.00662711,0.105,0.0631153333333,0.186086102114,0.997737762186
YbYag15,YbYag15.opju Book12 (2026-08-27 11:22),YbYag15.opju Book11 (2026-08-27 10:35),18,15,0.00124181,0.1058,0.0117373345936,0.00662377,0.10505,0.0630534983341,0.18614882447,0.998074060612
YbYag15,YbYag15.opju Book12 (2026-08-27 11:22),YbYag15.opju Book11 (2026-08-27 10:35),18.1,15,0.00124598,0.10565,0.0117934690014,0.0066624,0.10515,0.0633609129815,0.186131614057,0.997981783553
YbYag15,YbYag15.opju Book12 (2026-08-27 11:22),YbYag15.opju Book11 (2026-08-27 10:35),18.2,15,0.0012523,0.10565,0.0118532891623,0.00671628,0.10515,0.0638733238231,0.185574954501,0.994997142283
YbYag15,YbYag15.opju Book12 (2026-08-27 11:22),YbYag15.opju Book11 (2026-08-27 10:35),18.3,15,0.00125409,0.1058,0.0118534026465,0.00676349,0.1051,0.0643529019981,0.184193754725,0.987591564125
YbYag15,YbYag15.opju Book12 (2026-08-27 11:22),YbYag15.opju Book11 (2026-08-27 10:35),18.4,15,0.00125981,0.1056,0.0119300189394,0.00673392,0.1049,0.0641937082936,0.185844053203,0.99643996866
YbYag15,YbYag15.opju Book12 (2026-08-27 11:22),YbYag15.opju Book11 (2026-08-27 10:35),18.5,15,0.00119997,0.10555,0.0113687351966,0.00634816,0.10495,0.0604874702239,0.187951903998,1.00774163123
YbYag15,YbYag15.opju Book12 (2026-08-27 11:22),YbYag15.opju Book11 (2026-08-27 10:35),18.6,15,0.00105429,0.10535,0.0100074988135,0.0055261,0.105,0.0526295238095,0.190149902358,1.01952663796
YbYag15,YbYag15.opju Book12 (2026-08-27 11:22),YbYag15.opju Book11 (2026-08-27 10:35),18.7,15,0.000839774,0.10545,0.00796371740161,0.00439623,0.1052,0.0417892585551,0.190568525907,1.02177117164
YbYag15,YbYag15.opju Book12 (2026-08-27 11:22),YbYag15.opju Book11 (2026-08-27 10:35),15.7,15.1,0.000657681,0.1054,0.00623985768501,0.00345375,0.10445,0.0330660603159,0.188708833934,1.0118000621
YbYag15,YbYag15.opju Book12 (2026-08-27 11:22),YbYag15.opju Book11 (2026-08-27 10:35),15.8,15.1,0.000971321,0.1051,0.00924187440533,0.00513366,0.1047,0.0490320916905,0.188486235987,1.0106065588
YbYag15,YbYag15.opju Book12 (2026-08-27 11:22),YbYag15.opju Book11 (2026-08-27 10:35),15.9,15.1,0.00113679,0.1054,0.010785483871,0.00606158,0.1046,0.0579500956023,0.186116757167,0.997902125369
YbYag15,YbYag15.opju Book12 (2026-08-27 11:22),YbYag15.opju Book11 (2026-08-27 10:35),16,15.1,0.00117875,0.1055,0.011172985782,0.00627425,0.10485,0.0598402479733,0.186713560863,1.00110200745
YbYag15,YbYag15.opju Book12 (2026-08-27 11:22),YbYag15.opju Book11 (2026-08-27 10:35),16.1,15.1,0.0011834,0.10545,0.011222380275,0.00637582,0.10485,0.0608089651884,0.184551410145,0.989509205014
YbYag15,YbYag15.opju Book12 (2026-08-27 11:22),YbYag15.opju Book11 (2026-08-27 10:35),16.2,15.1,0.00119949,0.10545,0.0113749644381,0.0064092,0.1046,0.0612734225621,0.185642713634,0.995360446395
YbYag15,YbYag15.opju Book12 (2026-08-27 11:22),YbYag15.opju Book11 (2026-08-27 10:35),16.3,15.1,0.0012039,0.1052,0.0114439163498,0.00647357,0.10475,0.0618001909308,0.185176067864,0.992858431996
YbYag15,YbYag15.opju Book12 (2026-08-27 11:22),YbYag15.opju Book11 (2026-08-27 10:35),16.4,15.1,0.00120641,0.1056,0.0114243371212,0.00648406,0.10495,0.0617823725584,0.18491256726,0.991445620939
YbYag15,YbYag15.opju Book12 (2026-08-27 11:22),YbYag15.opju Book11 (2026-08-27 10:35),16.5,15.1,0.00121153,0.10545,0.0114891417734,0.00648788,0.1047,0.0619663801337,0.185409277557,0.994108832292
YbYag15,YbYag15.opju Book12 (2026-08-27 11:22),YbYag15.opju Book11 (2026-08-27 10:35),16.6,15.1,0.00121654,0.1053,0.0115530864198,0.00649884,0.1048,0.0620118320611,0.186304549242,0.998909010045
YbYag15,YbYag15.opju Book12 (2026-08-27 11:22),YbYag15.opju Book11 (2026-08-27 10:35),16.7,15.1,0.00121499,0.10525,0.011543847981,0.00648072,0.10505,0.0616917658258,0.187121373922,1.00328857853
YbYag15,YbYag15.opju Book12 (2026-08-27 11:22),YbYag15.opju Book11 (2026-08-27 10:35),16.8,15.1,0.00120915,0.1053,0.0114829059829,0.0065079,0.10505,0.061950499762,0.185356147683,0.993823965872
YbYag15,YbYag15.opju Book12 (2026-08-27 11:22),YbYag15.opju Book11 (2026-08-27 10:35),16.9,15.1,0.00121833,0.1055,0.0115481516588,0.00654462,0.10485,0.0624188841202,0.185010543229,0.991970938641
YbYag15,YbYag15.opju Book12 (2026-08-27 11:22),YbYag15.opju Book11 (2026-08-27 10:35),17,15.1,0.00122643,0.10575,0.0115974468085,0.00655606,0.1049,0.0624981887512,0.185564526592,0.99494123097
YbYag15,YbYag15.opju Book12 (2026-08-27 11:22),YbYag15.opju Book11 (2026-08-27 10:35),17.1,15.1,0.00122166,0.10515,0.0116182596291,0.00654653,0.1048,0.062466889313,0.185990686536,0.997226172531
YbYag15,YbYag15.opju Book12 (2026-08-27 11:22),YbYag15.opju Book11 (2026-08-27 10:35),17.2,15.1,0.00122274,0.10535,0.0116064546749,0.00655654,0.1048,0.0625624045802,0.185518039992,0.994691983787
YbYag15,YbYag15.opju Book12 (2026-08-27 11:22),YbYag15.opju Book11 (2026-08-27 10:35),17.3,15.1,0.00122202,0.1054,0.0115941176471,0.0065718,0.10495,0.0626183897094,0.185155154914,0.992746303043
YbYag15,YbYag15.opju Book12 (2026-08-27 11:22),YbYag15.opju Book11 (2026-08-27 10:35),17.4,15.1,0.00122548,0.10545,0.0116214319583,0.00657991,0.1048,0.0627854007634,0.18509767903,0.992438134627
YbYag15,YbYag15.opju Book12 (2026-08-27 11:22),YbYag15.opju Book11 (2026-08-27 10:35),17.5,15.1,0.00122798,0.10555,0.0116341070583,0.0065842,0.1051,0.0626470028544,0.185708917078,0.995715409368
YbYag15,YbYag15.opju Book12 (2026-08-27 11:22),YbYag15.opju Book11 (2026-08-27 10:35),17.6,15.1,0.00122679,0.10575,0.0116008510638,0.00657275,0.10505,0.0625678248453,0.185412407935,0.994125616438
YbYag15,YbYag15.opju Book12 (2026-08-27 11:22),YbYag15.opju Book11 (2026-08-27 10:35),17.7,15.1,0.00122739,0.10555,0.0116285172904,0.00659946,0.1049,0.0629119161106,0.18483807217,0.991046200651
YbYag15,YbYag15.opju Book12 (2026-08-27 11:22),YbYag15.opju Book11 (2026-08-27 10:35),17.8,15.1,0.00123442,0.1056,0.0116895833333,0.00661758,0.10485,0.0631147353362,0.185211635144,0.993049133065
YbYag15,YbYag15.opju Book12 (2026-08-27 11:22),YbYag15.opju Book11 (2026-08-27 10:35),17.9,15.1,0.00123478,0.10545,0.0117096254149,0.00662854,0.10515,0.0630388968141,0.185752384745,0.995948469934
YbYag15,YbYag15.opju Book12 (2026-08-27 11:22),YbYag15.opju Book11 (2026-08-27 10:35),18,15.1,0.00123132,0.1054,0.0116823529412,0.0066295,0.10495,0.0631681753216,0.184940484377,0.991595304132
YbYag15,YbYag15.opju Book12 (2026-08-27 11:22),YbYag15.opju Book11 (2026-08-27 10:35),18.1,15.1,0.00124157,0.1056,0.0117572916667,0.00666144,0.10505,0.0634120894812,0.185410885572,0.994117453988
YbYag15,YbYag15.opju Book12 (2026-08-27 11:22),YbYag15.opju Book11 (2026-08-27 10:35),18.2,15.1,0.00124229,0.10565,0.0117585423568,0.00668719,0.10505,0.063657210852,0.184716581192,0.990394802534
YbYag15,YbYag15.opju Book12 (2026-08-27 11:22),YbYag15.opju Book11 (2026-08-27 10:35),18.3,15.1,0.00125612,0.1055,0.0119063507109,0.00672629,0.10505,0.0640294145645,0.185951266178,0.997014812416
YbYag15,YbYag15.opju Book12 (2026-08-27 11:22),YbYag15.opju Book11 (2026-08-27 10:35),18.4,15.1,0.00126649,0.10525,0.0120331591449,0.00682023,0.105,0.0649545714286,0.185255000229,0.993281643621
YbYag15,YbYag15.opju Book12 (2026-08-27 11:22),YbYag15.opju Book11 (2026-08-27 10:35),18.5,15.1,0.0012709,0.10545,0.0120521574206,0.00681308,0.1049,0.0649483317445,0.185565311639,0.994945440154
YbYag15,YbYag15.opju Book12 (2026-08-27 11:22),YbYag15.opju Book11 (2026-08-27 10:35),18.6,15.1,0.00121678,0.1056,0.0115225378788,0.0064421,0.10485,0.0614411063424,0.187537929649,1.00552202517
YbYag15,YbYag15.opju Book12 (2026-08-27 11:22),YbYag15.opju Book11 (2026-08-27 10:35),18.7,15.1,0.00107337,0.1054,0.0101837760911,0.00564387,0.10525,0.0536234679335,0.18991267226,1.01825468146
YbYag15,YbYag15.opju Book12 (2026-08-27 11:22),YbYag15.opju Book11 (2026-08-27 10:35),18.8,15.1,0.00084186,0.10545,0.00798349928876,0.00440601,0.10485,0.0420220314735,0.189983658781,1.01863528985
YbYag15,YbYag15.opju Book12 (2026-08-27 11:22),YbYag15.opju Book11 (2026-08-27 10:35),15.7,15.2,0.000924829,0.10515,0.00879533048027,0.00489381,0.1049,0.0466521448999,0.188530034346,1.01084139243
YbYag15,YbYag15.opju Book12 (2026-08-27 11:22),YbYag15.opju Book11 (2026-08-27 10:35),15.8,15.2,0.00111843,0.10535,0.0106163265306,0.00595143,0.1049,0.0567343183985,0.187123540571,1.00330019545
YbYag15,YbYag15.opju Book12 (2026-08-27 11:22),YbYag15.opju Book11 (2026-08-27 10:35),15.9,15.2,0.0011741,0.10545,0.0111341868184,0.00630715,0.1049,0.0601253574833,0.185182879312,0.992894952933
YbYag15,YbYag15.opju Book12 (2026-08-27 11:22),YbYag15.opju Book11 (2026-08-27 10:35),16,15.2,0.0011983,0.10535,0.0113744660655,0.006403,0.10485,0.0610681926562,0.186258436197,0.998661765754
YbYag15,YbYag15.opju Book12 (2026-08-27 11:22),YbYag15.opju Book11 (2026-08-27 10:35),16.1,15.2,0.00120331,0.1052,0.0114383079848,0.00643924,0.10505,0.0612969062351,0.186604980371,1.00051983148
YbYag15,YbYag15.opju Book12 (2026-08-27 11:22),YbYag15.opju Book11 (2026-08-27 10:35),16.2,15.2,0.00120927,0.10525,0.0114895011876,0.00648263,0.105,0.0617393333333,0.186096942861,0.997795887015
YbYag15,YbYag15.opju Book12 (2026-08-27 11:22),YbYag15.opju Book11 (2026-08-27 10:35),16.3,15.2,0.00120569,0.10525,0.0114554869359,0.00648215,0.10485,0.0618230805913,0.185294663843,0.993494307999
YbYag15,YbYag15.opju Book12 (2026-08-27 11:22),YbYag15.opju Book11 (2026-08-27 10:35),16.4,15.2,0.00120688,0.10525,0.0114667933492,0.00649217,0.105,0.0618301904762,0.185456219056,0.994360518503
YbYag15,YbYag15.opju Book12 (2026-08-27 11:22),YbYag15.opju Book11 (2026-08-27 10:35),16.5,15.2,0.00121797,0.10525,0.0115721615202,0.00651982,0.1048,0.0622120229008,0.186011657886,0.997338614606
YbYag15,YbYag15.opju Book12 (2026-08-27 11:22),YbYag15.opju Book11 (2026-08-27 10:35),16.6,15.2,0.00122238,0.10485,0.0116583690987,0.00649026,0.1052,0.061694486692,0.188969383227,1.01319704911
YbYag15,YbYag15.opju Book12 (2026-08-27 11:22),YbYag15.opju Book11 (2026-08-27 10:35),16.7,15.2,0.00120974,0.1052,0.0114994296578,0.00648502,0.10505,0.0617326987149,0.186277773322,0.998765445612
YbYag15,YbYag15.opju Book12 (2026-08-27 11:22),YbYag15.opju Book11 (2026-08-27 10:35),16.8,15.2,0.00121034,0.1053,0.0114942070275,0.00652078,0.105,0.0621026666667,0.185083952823,0.992364538825
YbYag15,YbYag15.opju Book12 (2026-08-27 11:22),YbYag15.opju Book11 (2026-08-27 10:35),16.9,15.2,0.00122155,0.10565,0.0115622337908,0.00655606,0.1049,0.0624981887512,0.185001101981,0.991920317509
YbYag15,YbYag15.opju Book12 (2026-08-27 11:22),YbYag15.opju Book11 (2026-08-27 10:35),17,15.2,0.00122882,0.10555,0.0116420653719,0.00655749,0.105,0.0624522857143,0.186415360763,0.999503148124
YbYag15,YbYag15.opju Book12 (2026-08-27 11:22),YbYag15.opju Book11 (2026-08-27 10:35),17.1,15.2,0.00122572,0.10525,0.0116457957245,0.00656751,0.1051,0.0624882017127,0.186367912747,0.999248746119
YbYag15,YbYag15.opju Book12 (2026-08-27 11:22),YbYag15.opju Book11 (2026-08-27 10:35),17.2,15.2,0.00123037,0.1053,0.0116844254511,0.00656417,0.1051,0.0624564224548,0.187081247882,1.00307343476
YbYag15,YbYag15.opju Book12 (2026-08-27 11:22),YbYag15.opju Book11 (2026-08-27 10:35),17.3,15.2,0.00122786,0.1053,0.0116605887939,0.00657895,0.10485,0.0627463042442,0.185837061391,0.996402480667
YbYag15,YbYag15.opju Book12 (2026-08-27 11:22),YbYag15.opju Book11 (2026-08-27 10:35),17.4,15.2,0.00122262,0.10545,0.0115943100996,0.00658897,0.105,0.0627520952381,0.184763712759,0.990647507834
YbYag15,YbYag15.opju Book12 (2026-08-27 11:22),YbYag15.opju Book11 (2026-08-27 10:35),17.5,15.2,0.00122143,0.10545,0.0115830251304,0.00659183,0.1051,0.0627196003806,0.184679511032,0.990196043474
YbYag15,YbYag15.opju Book12 (2026-08-27 11:22),YbYag15.opju Book11 (2026-08-27 10:35),17.6,15.2,0.00122977,0.1054,0.0116676470588,0.00660518,0.105,0.0629064761905,0.185476087128,0.994467045135
YbYag15,YbYag15.opju Book12 (2026-08-27 11:22),YbYag15.opju Book11 (2026-08-27 10:35),17.7,15.2,0.00122667,0.1055,0.0116272037915,0.00658229,0.10485,0.0627781592752,0.185210970276,0.993045568242
YbYag15,YbYag15.opju Book12 (2026-08-27 11:22),YbYag15.opju Book11 (2026-08-27 10:35),17.8,15.2,0.00122643,0.1055,0.01162492891,0.00658563,0.10505,0.0626904331271,0.185433858567,0.994240628283
YbYag15,YbYag15.opju Book12 (2026-08-27 11:22),YbYag15.opju Book11 (2026-08-27 10:35),17.9,15.2,0.00122917,0.1056,0.0116398674242,0.00660995,0.10475,0.0631021479714,0.184460716448,0.989022932661
YbYag15,YbYag15.opju Book12 (2026-08-27 11:22),YbYag15.opju Book11 (2026-08-27 10:35),18,15.2,0.00123311,0.10555,0.0116827096163,0.00661424,0.1049,0.0630528122021,0.185284513224,0.993439883433
YbYag15,YbYag15.opju Book12 (2026-08-27 11:22),YbYag15.opju Book11 (2026-08-27 10:35),18.1,15.2,0.00123239,0.10595,0.0116318074563,0.00662425,0.1049,0.0631482364156,0.184198452982,0.987616754766
YbYag15,YbYag15.opju Book12 (2026-08-27 11:22),YbYag15.opju Book11 (2026-08-27 10:35),18.2,15.2,0.00123621,0.1057,0.0116954588458,0.00664905,0.1049,0.0633846520496,0.184515627484,0.989317349138
YbYag15,YbYag15.opju Book12 (2026-08-27 11:22),YbYag15.opju Book11 (2026-08-27 10:35),18.3,15.2,0.00124551,0.1056,0.0117946022727,0.00668004,0.10505,0.0635891480248,0.185481369684,0.994495368617
YbYag15,YbYag15.opju Book12 (2026-08-27 11:22),YbYag15.opju Book11 (2026-08-27 10:35),18.4,15.2,0.00125767,0.1057,0.0118984862819,0.00674298,0.1048,0.0643414122137,0.184927341078,0.991524833712
YbYag15,YbYag15.opju Book12 (2026-08-27 11:22),YbYag15.opju Book11 (2026-08-27 10:35),18.5,15.2,0.00125981,0.1055,0.0119413270142,0.0067611,0.1052,0.0642690114068,0.185802251393,0.996215839918
YbYag15,YbYag15.opju Book12 (2026-08-27 11:22),YbYag15.opju Book11 (2026-08-27 10:35),18.6,15.2,0.00126303,0.10545,0.0119775248933,0.00678161,0.1051,0.0645253092293,0.185625222666,0.99526666508
YbYag15,YbYag15.opju Book12 (2026-08-27 11:22),YbYag15.opju Book11 (2026-08-27 10:35),18.7,15.2,0.00120235,0.10575,0.0113697399527,0.00638631,0.1052,0.0607063688213,0.187290727043,1.00419659908
YbYag15,YbYag15.opju Book12 (2026-08-27 11:22),YbYag15.opju Book11 (2026-08-27 10:35),18.8,15.2,0.00105429,0.10545,0.00999800853485,0.00550845,0.105,0.0524614285714,0.190578274498,1.02182344065
YbYag15,YbYag15.opju Book12 (2026-08-27 11:22),YbYag15.opju Book11 (2026-08-27 10:35),18.9,15.2,0.000797395,0.10535,0.00756900806834,0.00420931,0.10505,0.0400695859115,0.188896588177,1.01280674393
YbYag15,YbYag15.opju Book12 (2026-08-27 11:22),YbYag15.opju Book11 (2026-08-27 10:35),15.6,15.3,0.000840548,0.1054,0.00797483870968,0.00446609,0.10475,0.0426357040573,0.187046018965,1.00288454789
YbYag15,YbYag15.opju Book12 (2026-08-27 11:22),YbYag15.opju Book11 (2026-08-27 10:35),15.7,15.3,0.00109375,0.1054,0.0103771347249,0.0058184,0.1047,0.0555721107927,0.18673277975,1.00120505335
YbYag15,YbYag15.opju Book12 (2026-08-27 11:22),YbYag15.opju Book11 (2026-08-27 10:35),15.8,15.3,0.00116719,0.1054,0.0110739089184,0.00626329,0.10505,0.0596219895288,0.18573531353,0.995856939208
YbYag15,YbYag15.opju Book12 (2026-08-27 11:22),YbYag15.opju Book11 (2026-08-27 10:35),15.9,15.3,0.00119699,0.10535,0.0113620313242,0.00640729,0.10495,0.0610508813721,0.186107572386,0.997852879336
YbYag15,YbYag15.opju Book12 (2026-08-27 11:22),YbYag15.opju Book11 (2026-08-27 10:35),16,15.3,0.00119663,0.1052,0.0113748098859,0.00646499,0.10525,0.0614250831354,0.185181839491,0.992889377727
YbYag15,YbYag15.opju Book12 (2026-08-27 11:22),YbYag15.opju Book11 (2026-08-27 10:35),16.1,15.3,0.00119973,0.1054,0.0113826375712,0.00648215,0.1047,0.06191165234,0.183852912028,0.985764068004
YbYag15,YbYag15.opju Book12 (2026-08-27 11:22),YbYag15.opju Book11 (2026-08-27 10:35),16.2,15.3,0.0012101,0.10585,0.0114322153991,0.00649455,0.10475,0.062000477327,0.184389151374,0.988639222239
YbYag15,YbYag15.opju Book12 (2026-08-27 11:22),YbYag15.opju Book11 (2026-08-27 10:35),16.3,15.3,0.00120271,0.10535,0.0114163265306,0.0064874,0.1052,0.0616673003802,0.185127716962,0.99259918899
YbYag15,YbYag15.opju Book12 (2026-08-27 11:22),YbYag15.opju Book11 (2026-08-27 10:35),16.4,15.3,0.00120629,0.10555,0.0114286120322,0.00649551,0.1049,0.0619209723546,0.184567709414,0.989596596797
YbYag15,YbYag15.opju Book12 (2026-08-27 11:22),YbYag15.opju Book11 (2026-08-27 10:35),16.5,15.3,0.00121082,0.10555,0.0114715300805,0.00651792,0.10505,0.0620458829129,0.18488785302,0.99131311061
YbYag15,YbYag15.opju Book12 (2026-08-27 11:22),YbYag15.opju Book11 (2026-08-27 10:35),16.6,15.3,0.00121558,0.1056,0.0115111742424,0.00652316,0.1053,0.0619483380817,0.185818935566,0.996305295437
YbYag15,YbYag15.opju Book12 (2026-08-27 11:22),YbYag15.opju Book11 (2026-08-27 10:35),16.7,15.3,0.00121797,0.10535,0.011561177029,0.00650695,0.10505,0.0619414564493,0.186646838672,1.00074426312
YbYag15,YbYag15.opju Book12 (2026-08-27 11:22),YbYag15.opju Book11 (2026-08-27 10:35),16.8,15.3,0.00121046,0.1054,0.0114844402277,0.00654557,0.1052,0.0622202471483,0.1845772197,0.989647588093
YbYag15,YbYag15.opju Book12 (2026-08-27 11:22),YbYag15.opju Book11 (2026-08-27 10:35),16.9,15.3,0.00121773,0.1055,0.011542464455,0.00656703,0.10505,0.0625133745835,0.184639919568,0.98998376594
YbYag15,YbYag15.opju Book12 (2026-08-27 11:22),YbYag15.opju Book11 (2026-08-27 10:35),17,15.3,0.00122405,0.1053,0.0116244064577,0.00657991,0.10515,0.0625764146457,0.185763382634,0.996007437311
YbYag15,YbYag15.opju Book12 (2026-08-27 11:22),YbYag15.opju Book11 (2026-08-27 10:35),17.1,15.3,0.00122476,0.10535,0.0116256288562,0.00658134,0.10505,0.0626495954307,0.185565904716,0.994948620056
YbYag15,YbYag15.opju Book12 (2026-08-27 11:22),YbYag15.opju Book11 (2026-08-27 10:35),17.2,15.3,0.00122703,0.10525,0.0116582422803,0.00657514,0.10505,0.0625905759162,0.186261942947,0.998680567894
YbYag15,YbYag15.opju Book12 (2026-08-27 11:22),YbYag15.opju Book11 (2026-08-27 10:35),17.3,15.3,0.00122453,0.10545,0.0116124229493,0.00657323,0.1052,0.0624831749049,0.185848797968,0.996465408665
YbYag15,YbYag15.opju Book12 (2026-08-27 11:22),YbYag15.opju Book11 (2026-08-27 10:35),17.4,15.3,0.00122858,0.10565,0.0116287742546,0.00663379,0.10495,0.0632090519295,0.18397324275,0.986409245173
YbYag15,YbYag15.opju Book12 (2026-08-27 11:22),YbYag15.opju Book11 (2026-08-27 10:35),17.5,15.3,0.00123263,0.1053,0.0117058879392,0.00659707,0.105,0.0628292380952,0.186312746964,0.998952963771
YbYag15,YbYag15.opju Book12 (2026-08-27 11:22),YbYag15.opju Book11 (2026-08-27 10:35),17.6,15.3,0.00122488,0.1057,0.011588268685,0.00656512,0.105,0.062524952381,0.185338304848,0.993728297955
YbYag15,YbYag15.opju Book12 (2026-08-27 11:22),YbYag15.opju Book11 (2026-08-27 10:35),17.7,15.3,0.00121666,0.1057,0.0115105014191,0.00652936,0.1051,0.0621252140818,0.185279062442,0.993410657977
YbYag15,YbYag15.opju Book12 (2026-08-27 11:22),YbYag15.opju Book11 (2026-08-27 10:35),17.8,15.3,0.00120939,0.10565,0.0114471367724,0.00649741,0.10505,0.0618506425512,0.185077087322,0.992327728076
YbYag15,YbYag15.opju Book12 (2026-08-27 11:22),YbYag15.opju Book11 (2026-08-27 10:35),17.9,15.3,0.00121725,0.10555,0.0115324490763,0.00652459,0.105,0.062138952381,0.185591301984,0.995084792573
YbYag15,YbYag15.opju Book12 (2026-08-27 11:22),YbYag15.opju Book11 (2026-08-27 10:35),18,15.3,0.00122488,0.10545,0.0116157420578,0.00658563,0.105,0.0627202857143,0.185199125379,0.992982059463
YbYag15,YbYag15.opju Book12 (2026-08-27 11:22),YbYag15.opju Book11 (2026-08-27 10:35),18.1,15.3,0.00122977,0.10555,0.0116510658456,0.00662664,0.1052,0.0629908745247,0.184964344971,0.991723237465
YbYag15,YbYag15.opju Book12 (2026-08-27 11:22),YbYag15.opju Book11 (2026-08-27 10:35),18.2,15.3,0.00124062,0.10575,0.0117316312057,0.00664285,0.10505,0.0632351261304,0.185523963082,0.994723741616
YbYag15,YbYag15.opju Book12 (2026-08-27 11:22),YbYag15.opju Book11 (2026-08-27 10:35),18.3,15.3,0.00124312,0.10555,0.0117775461866,0.0066705,0.10535,0.0633175130517,0.186007719175,0.997317496424
YbYag15,YbYag15.opju Book12 (2026-08-27 11:22),YbYag15.opju Book11 (2026-08-27 10:35),18.4,15.3,0.00124551,0.1057,0.0117834437086,0.00670293,0.1055,0.0635348815166,0.185464164366,0.994403118873
YbYag15,YbYag15.opju Book12 (2026-08-27 11:22),YbYag15.opju Book11 (2026-08-27 10:35),18.5,15.3,0.00125242,0.1059,0.0118264400378,0.00673488,0.1054,0.0638982922201,0.185082255361,0.992355437545
YbYag15,YbYag15.opju Book12 (2026-08-27 11:22),YbYag15.opju Book11 (2026-08-27 10:35),18.6,15.3,0.0012641,0.1058,0.0119480151229,0.00676492,0.1052,0.0643053231939,0.185801338512,0.996210945325
YbYag15,YbYag15.opju Book12 (2026-08-27 11:22),YbYag15.opju Book11 (2026-08-27 10:35),18.7,15.3,0.00125111,0.10595,0.0118084945729,0.00671723,0.10535,0.0637610821073,0.185199092968,0.992981885683
YbYag15,YbYag15.opju Book12 (2026-08-27 11:22),YbYag15.opju Book11 (2026-08-27 10:35),18.8,15.3,0.00117815,0.10555,0.0111620085268,0.00624993,0.1053,0.0593535612536,0.188059625927,1.00831920385
YbYag15,YbYag15.opju Book12 (2026-08-27 11:22),YbYag15.opju Book11 (2026-08-27 10:35),18.9,15.3,0.000993378,0.10565,0.00940253667771,0.00525048,0.1053,0.0498621082621,0.188570780607,1.01105986164
YbYag15,YbYag15.opju Book12 (2026-08-27 11:22),YbYag15.opju Book11 (2026-08-27 10:35),19,15.3,0.000720743,0.1057,0.00681876064333,0.00385715,0.10515,0.0366823585354,0.185886647303,0.996668345428
YbYag15,YbYag15.opju Book12 (2026-08-27 11:22),YbYag15.opju Book11 (2026-08-27 10:35),15.5,15.4,0.000729445,0.10505,0.00694378867206,0.00387909,0.1048,0.0370142175573,0.187597878067,1.00584345057
YbYag15,YbYag15.opju Book12 (2026-08-27 11:22),YbYag15.opju Book11 (2026-08-27 10:35),15.6,15.4,0.00103296,0.10515,0.00982368045649,0.00550702,0.10485,0.0525228421555,0.187036345585,1.00283268214
YbYag15,YbYag15.opju Book12 (2026-08-27 11:22),YbYag15.opju Book11 (2026-08-27 10:35),15.7,15.4,0.00116099,0.1052,0.011036026616,0.00621656,0.10505,0.0591771537363,0.18649133862,0.999910518562
YbYag15,YbYag15.opju Book12 (2026-08-27 11:22),YbYag15.opju Book11 (2026-08-27 10:35),15.8,15.4,0.00118459,0.1055,0.0112283412322,0.00641015,0.10515,0.060961959106,0.184186030056,0.987550146772
YbYag15,YbYag15.opju Book12 (2026-08-27 11:22),YbYag15.opju Book11 (2026-08-27 10:35),15.9,15.4,0.00120295,0.10535,0.0114186046512,0.00645307,0.10505,0.0614285578296,0.185884302915,0.996655775519
YbYag15,YbYag15.opju Book12 (2026-08-27 11:22),YbYag15.opju Book11 (2026-08-27 10:35),16,15.4,0.00120605,0.10535,0.0114480303749,0.00649455,0.1049,0.0619118207817,0.184908636676,0.99142454633
YbYag15,YbYag15.opju Book12 (2026-08-27 11:22),YbYag15.opju Book11 (2026-08-27 10:35),16.1,15.4,0.00120414,0.1056,0.0114028409091,0.00648215,0.1051,0.0616760228354,0.184882882924,0.991286462449
YbYag15,YbYag15.opju Book12 (2026-08-27 11:22),YbYag15.opju Book11 (2026-08-27 10:35),16.2,15.4,0.00120271,0.10535,0.0114163265306,0.00648549,0.1049,0.0618254528122,0.184654151507,0.990060073325
YbYag15,YbYag15.opju Book12 (2026-08-27 11:22),YbYag15.opju Book11 (2026-08-27 10:35),16.3,15.4,0.00120605,0.10535,0.0114480303749,0.00650123,0.1051,0.0618575642245,0.185070823891,0.992294145437
YbYag15,YbYag15.opju Book12 (2026-08-27 11:22),YbYag15.opju Book11 (2026-08-27 10:35),16.4,15.4,0.00121105,0.1053,0.0115009496676,0.00650313,0.10505,0.0619050928129,0.185783578459,0.996115721254
YbYag15,YbYag15.opju Book12 (2026-08-27 11:22),YbYag15.opju Book11 (2026-08-27 10:35),16.5,15.4,0.00120986,0.1052,0.0115005703422,0.00649884,0.10515,0.0618054208274,0.186077049363,0.997689224057
YbYag15,YbYag15.opju Book12 (2026-08-27 11:22),YbYag15.opju Book11 (2026-08-27 10:35),16.6,15.4,0.00121618,0.1053,0.0115496676163,0.00653365,0.10515,0.0621364717071,0.185875819772,0.996610291458
YbYag15,YbYag15.opju Book12 (2026-08-27 11:22),YbYag15.opju Book11 (2026-08-27 10:35),16.7,15.4,0.00121594,0.1054,0.0115364326376,0.00652078,0.1052,0.0619846007605,0.186117721112,0.997907293756
YbYag15,YbYag15.opju Book12 (2026-08-27 11:22),YbYag15.opju Book11 (2026-08-27 10:35),16.8,15.4,0.00122429,0.10525,0.0116322090261,0.00653699,0.1049,0.0623163965682,0.186663697946,1.00083465748
YbYag15,YbYag15.opju Book12 (2026-08-27 11:22),YbYag15.opju Book11 (2026-08-27 10:35),16.9,15.4,0.00122274,0.10525,0.0116174821853,0.0065718,0.10505,0.0625587815326,0.185705058518,0.995694720924
YbYag15,YbYag15.opju Book12 (2026-08-27 11:22),YbYag15.opju Book11 (2026-08-27 10:35),17,15.4,0.00122286,0.1055,0.0115910900474,0.00653794,0.105,0.0622660952381,0.186154118113,0.998102443537
YbYag15,YbYag15.opju Book12 (2026-08-27 11:22),YbYag15.opju Book11 (2026-08-27 10:35),17.1,15.4,0.00122619,0.10535,0.0116392026578,0.00655416,0.10515,0.0623315263909,0.186730589346,1.00119330906
YbYag15,YbYag15.opju Book12 (2026-08-27 11:22),YbYag15.opju Book11 (2026-08-27 10:35),17.2,15.4,0.00121809,0.1055,0.0115458767773,0.00654557,0.1051,0.0622794481446,0.185388231933,0.993995991982
YbYag15,YbYag15.opju Book12 (2026-08-27 11:22),YbYag15.opju Book11 (2026-08-27 10:35),17.3,15.4,0.00122906,0.10515,0.0116886352829,0.00655082,0.10495,0.0624184849929,0.18726239966,1.00404471616
YbYag15,YbYag15.opju Book12 (2026-08-27 11:22),YbYag15.opju Book11 (2026-08-27 10:35),17.4,15.4,0.00122894,0.1054,0.011659772296,0.00657418,0.10495,0.0626410671748,0.186136233335,0.998006550731
YbYag15,YbYag15.opju Book12 (2026-08-27 11:22),YbYag15.opju Book11 (2026-08-27 10:35),17.5,15.4,0.00122214,0.10545,0.0115897581792,0.00658563,0.1049,0.0627800762631,0.184608857922,0.989817222731
YbYag15,YbYag15.opju Book12 (2026-08-27 11:22),YbYag15.opju Book11 (2026-08-27 10:35),17.6,15.4,0.00122846,0.1054,0.0116552182163,0.00657848,0.1049,0.0627119161106,0.185853326436,0.996489688947
YbYag15,YbYag15.opju Book12 (2026-08-27 11:22),YbYag15.opju Book11 (2026-08-27 10:35),17.7,15.4,0.00121678,0.1056,0.0115225378788,0.00652698,0.1048,0.0622803435115,0.185010827319,0.991972461851
YbYag15,YbYag15.opju Book12 (2026-08-27 11:22),YbYag15.opju Book11 (2026-08-27 10:35),17.8,15.4,0.00120903,0.1057,0.0114383159886,0.00648597,0.10495,0.0618005717008,0.185084307051,0.992366438091
YbYag15,YbYag15.opju Book12 (2026-08-27 11:22),YbYag15.opju Book11 (2026-08-27 10:35),17.9,15.4,0.00121833,0.10575,0.0115208510638,0.00651887,0.10505,0.0620549262256,0.185655704785,0.995430101041
YbYag15,YbYag15.opju Book12 (2026-08-27 11:22),YbYag15.opju Book11 (2026-08-27 10:35),18,15.4,0.00122238,0.10585,0.0115482286254,0.00658563,0.10495,0.0627501667461,0.184035026905,0.986740513247
YbYag15,YbYag15.opju Book12 (2026-08-27 11:22),YbYag15.opju Book11 (2026-08-27 10:35),18.1,15.4,0.00123919,0.10545,0.011751446183,0.00663808,0.1053,0.0630396961064,0.186413433262,0.999492813444
YbYag15,YbYag15.opju Book12 (2026-08-27 11:22),YbYag15.opju Book11 (2026-08-27 10:35),18.2,15.4,0.00123931,0.1057,0.0117247871334,0.00663236,0.1052,0.0630452471483,0.185974164013,0.997137583727
YbYag15,YbYag15.opju Book12 (2026-08-27 11:22),YbYag15.opju Book11 (2026-08-27 10:35),18.3,15.4,0.00123931,0.10535,0.0117637399146,0.00661138,0.10525,0.0628159619952,0.187273099718,1.00410208666
YbYag15,YbYag15.opju Book12 (2026-08-27 11:22),YbYag15.opju Book11 (2026-08-27 10:35),18.4,15.4,0.00124038,0.10565,0.0117404637956,0.00664857,0.1053,0.0631393162393,0.18594537437,0.996983222314
YbYag15,YbYag15.opju Book12 (2026-08-27 11:22),YbYag15.opju Book11 (2026-08-27 10:35),18.5,15.4,0.00124706,0.106,0.0117647169811,0.0066829,0.10495,0.0636769890424,0.184756175787,0.990607096854
YbYag15,YbYag15.opju Book12 (2026-08-27 11:22),YbYag15.opju Book11 (2026-08-27 10:35),18.6,15.4,0.0012399,0.1059,0.0117082152975,0.00665715,0.10525,0.0632508313539,0.185107690237,0.992491811709
YbYag15,YbYag15.opju Book12 (2026-08-27 11:22),YbYag15.opju Book11 (2026-08-27 10:35),18.7,15.4,0.00124956,0.10565,0.0118273544723,0.0067077,0.10525,0.0637311163895,0.185582100901,0.99503545913
YbYag15,YbYag15.opju Book12 (2026-08-27 11:22),YbYag15.opju Book11 (2026-08-27 10:35),18.8,15.4,0.00122894,0.10555,0.0116432022738,0.00657085,0.105,0.0625795238095,0.186054504174,0.997568343527
YbYag15,YbYag15.opju Book12 (2026-08-27 11:22),YbYag15.opju Book11 (2026-08-27 10:35),18.9,15.4,0.00111962,0.10535,0.0106276222117,0.00594047,0.1051,0.056522074215,0.18802604751,1.00813916646
YbYag15,YbYag15.opju Book12 (2026-08-27 11:22),YbYag15.opju Book11 (2026-08-27 10:35),19,15.4,0.00090516,0.1058,0.00855538752363,0.00479177,0.10525,0.0455275059382,0.187916894355,1.00755392005
YbYag15,YbYag15.opju Book12 (2026-08-27 11:22),YbYag15.opju Book11 (2026-08-27 10:35),15.5,15.5,0.00093073,0.10515,0.00885145030908,0.00495151,0.105,0.0471572380952,0.187700778642,1.00639517253
YbYag15,YbYag15.opju Book12 (2026-08-27 11:22),YbYag15.opju Book11 (2026-08-27 10:35),15.6,15.5,0.00112892,0.10535,0.010715899383,0.00605252,0.10485,0.0577255126371,0.185635413069,0.995321302956
YbYag15,YbYag15.opju Book12 (2026-08-27 11:22),YbYag15.opju Book11 (2026-08-27 10:35),15.7,15.5,0.00118519,0.1051,0.0112767840152,0.00637344,0.1049,0.0607572926597,0.185603793743,0.995151769633
YbYag15,YbYag15.opju Book12 (2026-08-27 11:22),YbYag15.opju Book11 (2026-08-27 10:35),15.8,15.5,0.00119603,0.1054,0.0113475332068,0.00643018,0.1053,0.061065337132,0.185826096109,0.996343688117
YbYag15,YbYag15.opju Book12 (2026-08-27 11:22),YbYag15.opju Book11 (2026-08-27 10:35),15.9,15.5,0.00119663,0.1056,0.0113317234848,0.00642493,0.1051,0.0611315889629,0.185366087763,0.993877261597
YbYag15,YbYag15.opju Book12 (2026-08-27 11:22),YbYag15.opju Book11 (2026-08-27 10:35),16,15.5,0.0011983,0.1053,0.0113798670465,0.00644353,0.10505,0.0613377439315,0.185527968867,0.994745219432
YbYag15,YbYag15.opju Book12 (2026-08-27 11:22),YbYag15.opju Book11 (2026-08-27 10:35),16.1,15.5,0.00119925,0.1053,0.0113888888889,0.00645545,0.1052,0.0613635931559,0.185596838503,0.995114477724
YbYag15,YbYag15.opju Book12 (2026-08-27 11:22),YbYag15.opju Book11 (2026-08-27 10:35),16.2,15.5,0.00120712,0.1054,0.0114527514231,0.00647023,0.105,0.0616212380952,0.185857210551,0.996510514409
YbYag15,YbYag15.opju Book12 (2026-08-27 11:22),YbYag15.opju Book11 (2026-08-27 10:35),16.3,15.5,0.00120438,0.1052,0.0114484790875,0.00650552,0.105,0.0619573333333,0.184780048972,0.990735097699
YbYag15,YbYag15.opju Book12 (2026-08-27 11:22),YbYag15.opju Book11 (2026-08-27 10:35),16.4,15.5,0.00121582,0.1055,0.0115243601896,0.00650123,0.1053,0.0617400759734,0.186659313386,1.00081114878
YbYag15,YbYag15.opju Book12 (2026-08-27 11:22),YbYag15.opju Book11 (2026-08-27 10:35),16.5,15.5,0.00120819,0.10545,0.0114574679943,0.00651219,0.10525,0.0618735391924,0.18517557172,0.992855771823
YbYag15,YbYag15.opju Book12 (2026-08-27 11:22),YbYag15.opju Book11 (2026-08-27 10:35),16.6,15.5,0.00120962,0.10545,0.0114710289237,0.00652221,0.10515,0.0620276747504,0.184934047098,0.991560789378
YbYag15,YbYag15.opju Book12 (2026-08-27 11:22),YbYag15.opju Book11 (2026-08-27 10:35),16.7,15.5,0.00121868,0.10545,0.0115569464201,0.00652888,0.10525,0.0620321140143,0.186305861145,0.998916044078
YbYag15,YbYag15.opju Book12 (2026-08-27 11:22),YbYag15.opju Book11 (2026-08-27 10:35),16.8,15.5,0.00122298,0.10565,0.0115757690487,0.00652412,0.1053,0.0619574548908,0.186834160136,1.00174862452
YbYag15,YbYag15.opju Book12 (2026-08-27 11:22),YbYag15.opju Book11 (2026-08-27 10:35),16.9,15.5,0.00122023,0.10535,0.0115826293308,0.00655749,0.105,0.0624522857143,0.185463657548,0.994400401464
YbYag15,YbYag15.opju Book12 (2026-08-27 11:22),YbYag15.opju Book11 (2026-08-27 10:35),17,15.5,0.00122369,0.10555,0.0115934628138,0.00656131,0.1051,0.0624292102759,0.185705741953,0.995698385297
YbYag15,YbYag15.opju Book12 (2026-08-27 11:22),YbYag15.opju Book11 (2026-08-27 10:35),17.1,15.5,0.00121821,0.1056,0.0115360795455,0.00655559,0.10495,0.0624639352072,0.18468384208,0.990219265253
YbYag15,YbYag15.opju Book12 (2026-08-27 11:22),YbYag15.opju Book11 (2026-08-27 10:35),17.2,15.5,0.00122572,0.1056,0.0116071969697,0.00656465,0.105,0.0625204761905,0.185654327621,0.995422717102
YbYag15,YbYag15.opju Book12 (2026-08-27 11:22),YbYag15.opju Book11 (2026-08-27 10:35),17.3,15.5,0.0012312,0.1056,0.0116590909091,0.006578,0.10485,0.0627372436814,0.1858400246,0.996418368503
YbYag15,YbYag15.opju Book12 (2026-08-27 11:22),YbYag15.opju Book11 (2026-08-27 10:35),17.4,15.5,0.00122965,0.1056,0.0116444128788,0.00660565,0.10495,0.0629409242496,0.185005431961,0.991943533558
YbYag15,YbYag15.opju Book12 (2026-08-27 11:22),YbYag15.opju Book11 (2026-08-27 10:35),17.5,15.5,0.00123168,0.1055,0.0116746919431,0.0065985,0.10505,0.0628129462161,0.185864422008,0.996549180075
YbYag15,YbYag15.opju Book12 (2026-08-27 11:22),YbYag15.opju Book11 (2026-08-27 10:35),17.6,15.5,0.00123382,0.10555,0.0116894362861,0.00662425,0.105,0.0630880952381,0.185287513309,0.993455968987
YbYag15,YbYag15.opju Book12 (2026-08-27 11:22),YbYag15.opju Book11 (2026-08-27 10:35),17.7,15.5,0.00122786,0.10565,0.0116219592996,0.00663522,0.10505,0.0631624940505,0.184000956174,0.986557836225
YbYag15,YbYag15.opju Book12 (2026-08-27 11:22),YbYag15.opju Book11 (2026-08-27 10:35),17.8,15.5,0.00122786,0.1056,0.0116274621212,0.00664666,0.10495,0.0633316817532,0.183596294924,0.984388164202
YbYag15,YbYag15.opju Book12 (2026-08-27 11:22),YbYag15.opju Book11 (2026-08-27 10:35),17.9,15.5,0.00123311,0.1059,0.0116440982059,0.0066705,0.105,0.0635285714286,0.183289155478,0.982741374788
YbYag15,YbYag15.opju Book12 (2026-08-27 11:22),YbYag15.opju Book11 (2026-08-27 10:35),18,15.5,0.00122989,0.1053,0.0116798670465,0.00666192,0.10485,0.0635376251788,0.183825993081,0.985619736697
YbYag15,YbYag15.opju Book12 (2026-08-27 11:22),YbYag15.opju Book11 (2026-08-27 10:35),18.1,15.5,0.00123263,0.1054,0.0116947817837,0.00664952,0.10495,0.0633589328252,0.184579841582,0.989661645836
YbYag15,YbYag15.opju Book12 (2026-08-27 11:22),YbYag15.opju Book11 (2026-08-27 10:35),18.2,15.5,0.00123239,0.1057,0.0116593188269,0.00663951,0.10515,0.0631432239658,0.184648772974,0.990031235244
YbYag15,YbYag15.opju Book12 (2026-08-27 11:22),YbYag15.opju Book11 (2026-08-27 10:35),18.3,15.5,0.00123108,0.1056,0.0116579545455,0.00664285,0.1053,0.0630849952517,0.184797581406,0.99082910134
YbYag15,YbYag15.opju Book12 (2026-08-27 11:22),YbYag15.opju Book11 (2026-08-27 10:35),18.4,15.5,0.00124598,0.1057,0.0117878902554,0.00666526,0.105,0.0634786666667,0.185698453896,0.995659308929
YbYag15,YbYag15.opju Book12 (2026-08-27 11:22),YbYag15.opju Book11 (2026-08-27 10:35),18.5,15.5,0.0012399,0.1058,0.0117192816635,0.00670722,0.1053,0.0636962962963,0.183986861795,0.9864822664
YbYag15,YbYag15.opju Book12 (2026-08-27 11:22),YbYag15.opju Book11 (2026-08-27 10:35),18.6,15.5,0.0012461,0.1059,0.0117667610954,0.00670293,0.10535,0.0636253440911,0.184938270488,0.991583433922
YbYag15,YbYag15.opju Book12 (2026-08-27 11:22),YbYag15.opju Book11 (2026-08-27 10:35),18.7,15.5,0.00124002,0.10585,0.0117148795465,0.00674012,0.1055,0.0638873933649,0.183367624338,0.983162101236
YbYag15,YbYag15.opju Book12 (2026-08-27 11:22),YbYag15.opju Book11 (2026-08-27 10:35),18.8,15.5,0.00124348,0.1059,0.0117420207743,0.00670579,0.1053,0.0636827160494,0.184383165523,0.988607127906
YbYag15,YbYag15.opju Book12 (2026-08-27 11:22),YbYag15.opju Book11 (2026-08-27 10:35),18.9,15.5,0.0011859,0.10585,0.0112035899858,0.00631812,0.1054,0.0599442125237,0.18690027801,1.00210312869
YbYag15,YbYag15.opju Book12 (2026-08-27 11:22),YbYag15.opju Book11 (2026-08-27 10:35),19,15.5,0.00102294,0.10575,0.00967319148936,0.00542071,0.1055,0.0513811374408,0.188263475103,1.00941218187
YbYag15,YbYag15.opju Book12 (2026-08-27 11:22),YbYag15.opju Book11 (2026-08-27 10:35),19.1,15.5,0.000767712,0.1057,0.00726312204352,0.00409272,0.10505,0.0389597334603,0.186426379198,0.999562225661
YbYag15,YbYag15.opju Book12 (2026-08-27 11:22),YbYag15.opju Book11 (2026-08-27 10:35),15.4,15.6,0.000772718,0.10525,0.00734173871734,0.00415948,0.10505,0.0395952403617,0.185419728489,0.994164867053
YbYag15,YbYag15.opju Book12 (2026-08-27 11:22),YbYag15.opju Book11 (2026-08-27 10:35),15.5,15.6,0.00106967,0.10525,0.0101631353919,0.00571921,0.10495,0.054494616484,0.186497970765,0.999946078133
YbYag15,YbYag15.opju Book12 (2026-08-27 11:22),YbYag15.opju Book11 (2026-08-27 10:35),15.6,15.6,0.00116623,0.10515,0.011091107941,0.00626615,0.10485,0.0597629947544,0.1855848755,0.995050335698
YbYag15,YbYag15.opju Book12 (2026-08-27 11:22),YbYag15.opju Book11 (2026-08-27 10:35),15.7,15.6,0.00119615,0.1054,0.0113486717268,0.00641349,0.1049,0.0611390848427,0.185620569166,0.99524171441
YbYag15,YbYag15.opju Book12 (2026-08-27 11:22),YbYag15.opju Book11 (2026-08-27 10:35),15.8,15.6,0.00119592,0.10535,0.0113518747034,0.00643209,0.10495,0.0612871843735,0.185224281707,0.993116940133
YbYag15,YbYag15.opju Book12 (2026-08-27 11:22),YbYag15.opju Book11 (2026-08-27 10:35),15.9,15.6,0.00120426,0.1054,0.0114256166983,0.00644735,0.1049,0.0614618684461,0.185897646576,0.996727320223
YbYag15,YbYag15.opju Book12 (2026-08-27 11:22),YbYag15.opju Book11 (2026-08-27 10:35),16,15.6,0.00120128,0.10535,0.011402752729,0.00646737,0.1048,0.0617115458015,0.184775030035,0.990708187669
YbYag15,YbYag15.opju Book12 (2026-08-27 11:22),YbYag15.opju Book11 (2026-08-27 10:35),16.1,15.6,0.0011927,0.1054,0.0113159392789,0.00644687,0.10515,0.0613111745126,0.18456569082,0.9895857737
YbYag15,YbYag15.opju Book12 (2026-08-27 11:22),YbYag15.opju Book11 (2026-08-27 10:35),16.2,15.6,0.00120939,0.10545,0.0114688477952,0.00645259,0.1048,0.0615705152672,0.186271752728,0.998733164995
YbYag15,YbYag15.opju Book12 (2026-08-27 11:22),YbYag15.opju Book11 (2026-08-27 10:35),16.3,15.6,0.0012014,0.10535,0.0114038917893,0.00649217,0.105,0.0618301904762,0.184438891446,0.988905913557
YbYag15,YbYag15.opju Book12 (2026-08-27 11:22),YbYag15.opju Book11 (2026-08-27 10:35),16.4,15.6,0.00121988,0.10535,0.0115793070717,0.00653079,0.10515,0.0621092724679,0.186434434209,0.999605414212
YbYag15,YbYag15.opju Book12 (2026-08-27 11:22),YbYag15.opju Book11 (2026-08-27 10:35),16.5,15.6,0.00121785,0.1052,0.0115765209125,0.00652936,0.10505,0.0621547834365,0.186253097066,0.998633138939
YbYag15,YbYag15.opju Book12 (2026-08-27 11:22),YbYag15.opju Book11 (2026-08-27 10:35),16.6,15.6,0.00121558,0.1052,0.0115549429658,0.00653222,0.1049,0.0622709246902,0.185559199952,0.994912671126
YbYag15,YbYag15.opju Book12 (2026-08-27 11:22),YbYag15.opju Book11 (2026-08-27 10:35),16.7,15.6,0.00121332,0.1054,0.0115115749526,0.00653127,0.10515,0.0621138373752,0.185330281288,0.993685278035
YbYag15,YbYag15.opju Book12 (2026-08-27 11:22),YbYag15.opju Book11 (2026-08-27 10:35),16.8,15.6,0.00121392,0.10535,0.0115227337447,0.00655034,0.10495,0.0624139113864,0.184618036088,0.989866433296
YbYag15,YbYag15.opju Book12 (2026-08-27 11:22),YbYag15.opju Book11 (2026-08-27 10:35),16.9,15.6,0.00122679,0.10575,0.0116008510638,0.00655988,0.10505,0.0624453117563,0.185776173383,0.996076017464
YbYag15,YbYag15.opju Book12 (2026-08-27 11:22),YbYag15.opju Book11 (2026-08-27 10:35),17,15.6,0.00121141,0.1056,0.0114716856061,0.0065656,0.10495,0.062559313959,0.183372944493,0.983190626304
YbYag15,YbYag15.opju Book12 (2026-08-27 11:22),YbYag15.opju Book11 (2026-08-27 10:35),17.1,15.6,0.00122631,0.1053,0.0116458689459,0.00656226,0.105,0.0624977142857,0.186340717881,0.999102935419
YbYag15,YbYag15.opju Book12 (2026-08-27 11:22),YbYag15.opju Book11 (2026-08-27 10:35),17.2,15.6,0.00122155,0.10545,0.0115841631105,0.00656989,0.10475,0.0627197136038,0.184697321542,0.990291538078
YbYag15,YbYag15.opju Book12 (2026-08-27 11:22),YbYag15.opju Book11 (2026-08-27 10:35),17.3,15.6,0.00122381,0.1053,0.0116221272555,0.00659946,0.105,0.062852,0.184912608278,0.991445840865
YbYag15,YbYag15.opju Book12 (2026-08-27 11:22),YbYag15.opju Book11 (2026-08-27 10:35),17.4,15.6,0.00123359,0.1054,0.0117038899431,0.00660422,0.10525,0.0627479334917,0.18652231702,1.00007661544
YbYag15,YbYag15.opju Book12 (2026-08-27 11:22),YbYag15.opju Book11 (2026-08-27 10:35),17.5,15.6,0.00122751,0.1056,0.0116241477273,0.00659707,0.10515,0.0627396100808,0.185276059452,0.993394556843
YbYag15,YbYag15.opju Book12 (2026-08-27 11:22),YbYag15.opju Book11 (2026-08-27 10:35),17.6,15.6,0.00122762,0.10545,0.0116417259365,0.00663093,0.10515,0.0630616262482,0.184608717363,0.989816469095
YbYag15,YbYag15.opju Book12 (2026-08-27 11:22),YbYag15.opju Book11 (2026-08-27 10:35),17.7,15.6,0.0012337,0.1055,0.0116938388626,0.00662759,0.1052,0.062999904943,0.185616769949,0.995221344148
YbYag15,YbYag15.opju Book12 (2026-08-27 11:22),YbYag15.opju Book11 (2026-08-27 10:35),17.8,15.6,0.00124062,0.10565,0.0117427354472,0.00664094,0.1053,0.0630668566002,0.186195033021,0.998321816978
YbYag15,YbYag15.opju Book12 (2026-08-27 11:22),YbYag15.opju Book11 (2026-08-27 10:35),17.9,15.6,0.0012318,0.10545,0.0116813655761,0.00667861,0.1052,0.0634848859316,0.184002308655,0.986565087822
YbYag15,YbYag15.opju Book12 (2026-08-27 11:22),YbYag15.opju Book11 (2026-08-27 10:35),18,15.6,0.00123955,0.1055,0.0117492890995,0.00666144,0.10545,0.0631715504979,0.185990196645,0.997223545884
YbYag15,YbYag15.opju Book12 (2026-08-27 11:22),YbYag15.opju Book11 (2026-08-27 10:35),18.1,15.6,0.00122906,0.10575,0.0116223167849,0.00663474,0.10505,0.0631579247977,0.184019928174,0.986659558391
YbYag15,YbYag15.opju Book12 (2026-08-27 11:22),YbYag15.opju Book11 (2026-08-27 10:35),18.2,15.6,0.00123287,0.1056,0.011674905303,0.00662234,0.1053,0.0628902184236,0.185639445937,0.995342925982
YbYag15,YbYag15.opju Book12 (2026-08-27 11:22),YbYag15.opju Book11 (2026-08-27 10:35),18.3,15.6,0.0012318,0.10545,0.0116813655761,0.00662664,0.1054,0.0628713472486,0.185797920473,0.996192618823
YbYag15,YbYag15.opju Book12 (2026-08-27 11:22),YbYag15.opju Book11 (2026-08-27 10:35),18.4,15.6,0.00123299,0.1057,0.0116649952696,0.00664952,0.10525,0.0631783372922,0.184635996602,0.989962732177
YbYag15,YbYag15.opju Book12 (2026-08-27 11:22),YbYag15.opju Book11 (2026-08-27 10:35),18.5,15.6,0.00123108,0.1057,0.0116469252602,0.00666717,0.1054,0.0632558823529,0.184123987003,0.987217490561
YbYag15,YbYag15.opju Book12 (2026-08-27 11:22),YbYag15.opju Book11 (2026-08-27 10:35),18.6,15.6,0.00123776,0.1057,0.0117101229896,0.00668767,0.1055,0.0633902369668,0.184730702233,0.990470515313
YbYag15,YbYag15.opju Book12 (2026-08-27 11:22),YbYag15.opju Book11 (2026-08-27 10:35),18.7,15.6,0.00123955,0.1057,0.0117270577105,0.00669482,0.1053,0.0635785375119,0.184449944422,0.988965176295
YbYag15,YbYag15.opju Book12 (2026-08-27 11:22),YbYag15.opju Book11 (2026-08-27 10:35),18.8,15.6,0.00125302,0.10585,0.0118376948512,0.00670293,0.10555,0.0635047844623,0.18640634641,0.999454815875
YbYag15,YbYag15.opju Book12 (2026-08-27 11:22),YbYag15.opju Book11 (2026-08-27 10:35),18.9,15.6,0.00120712,0.1057,0.0114202459792,0.00648597,0.1051,0.0617123691722,0.185056029,0.99221481968
YbYag15,YbYag15.opju Book12 (2026-08-27 11:22),YbYag15.opju Book11 (2026-08-27 10:35),19,15.6,0.00110627,0.10575,0.0104611820331,0.00585893,0.10495,0.0558259171034,0.187389344876,1.00472535826
YbYag15,YbYag15.opju Book12 (2026-08-27 11:22),YbYag15.opju Book11 (2026-08-27 10:35),19.1,15.6,0.000911359,0.10575,0.00861805200946,0.00482467,0.1052,0.0458618821293,0.187913177771,1.00753399284
YbYag15,YbYag15.opju Book12 (2026-08-27 11:22),YbYag15.opju Book11 (2026-08-27 10:35),19.2,15.6,0.000646237,0.1058,0.00610810018904,0.00343062,0.1051,0.0326414843007,0.187126912881,1.00331827676
YbYag15,YbYag15.opju Book12 (2026-08-27 11:22),YbYag15.opju Book11 (2026-08-27 10:35),15.4,15.7,0.000943664,0.1051,0.00897872502379,0.00501159,0.10525,0.0476160570071,0.188565067923,1.01102923195
YbYag15,YbYag15.opju Book12 (2026-08-27 11:22),YbYag15.opju Book11 (2026-08-27 10:35),15.5,15.7,0.00112963,0.10565,0.0106921911973,0.00610116,0.1048,0.0582171755725,0.183660424817,0.984732009418
YbYag15,YbYag15.opju Book12 (2026-08-27 11:22),YbYag15.opju Book11 (2026-08-27 10:35),15.6,15.7,0.00117768,0.10555,0.0111575556608,0.00637916,0.1048,0.0608698473282,0.183301850597,0.982809442197
YbYag15,YbYag15.opju Book12 (2026-08-27 11:22),YbYag15.opju Book11 (2026-08-27 10:35),15.7,15.7,0.0012039,0.1056,0.0114005681818,0.00641444,0.10505,0.0610608281771,0.186708377894,1.00107421793
YbYag15,YbYag15.opju Book12 (2026-08-27 11:22),YbYag15.opju Book11 (2026-08-27 10:35),15.8,15.7,0.00119615,0.10555,0.0113325438181,0.00645307,0.10505,0.0614285578296,0.184483312298,0.98914408482
YbYag15,YbYag15.opju Book12 (2026-08-27 11:22),YbYag15.opju Book11 (2026-08-27 10:35),15.9,15.7,0.00120104,0.10555,0.0113788725722,0.00648311,0.105,0.0617439047619,0.184291431131,0.988115275662
YbYag15,YbYag15.opju Book12 (2026-08-27 11:22),YbYag15.opju Book11 (2026-08-27 10:35),16,15.7,0.00120295,0.1055,0.0114023696682,0.0064483,0.10515,0.0613247741322,0.18593414863,0.996923033268
YbYag15,YbYag15.opju Book12 (2026-08-27 11:22),YbYag15.opju Book11 (2026-08-27 10:35),16.1,15.7,0.00120176,0.1052,0.0114235741445,0.00647882,0.10515,0.0616150261531,0.185402406811,0.994071993417
YbYag15,YbYag15.opju Book12 (2026-08-27 11:22),YbYag15.opju Book11 (2026-08-27 10:35),16.2,15.7,0.00119496,0.1053,0.0113481481481,0.00645688,0.10515,0.0614063718497,0.184804081503,0.990863952907
YbYag15,YbYag15.opju Book12 (2026-08-27 11:22),YbYag15.opju Book11 (2026-08-27 10:35),16.3,15.7,0.00120652,0.10535,0.0114524916944,0.00648978,0.1052,0.0616899239544,0.185646066007,0.995378420809
YbYag15,YbYag15.opju Book12 (2026-08-27 11:22),YbYag15.opju Book11 (2026-08-27 10:35),16.4,15.7,0.0012138,0.10545,0.0115106685633,0.00654557,0.1051,0.0622794481446,0.184822905569,0.990964881892
YbYag15,YbYag15.opju Book12 (2026-08-27 11:22),YbYag15.opju Book11 (2026-08-27 10:35),16.5,15.7,0.00120676,0.1051,0.0114820171265,0.00653747,0.10505,0.0622319847692,0.184503469865,0.989252163636
YbYag15,YbYag15.opju Book12 (2026-08-27 11:22),YbYag15.opju Book11 (2026-08-27 10:35),16.6,15.7,0.00121213,0.10535,0.0115057427622,0.00652364,0.105,0.0621299047619,0.185188482202,0.992924993946
YbYag15,YbYag15.opju Book12 (2026-08-27 11:22),YbYag15.opju Book11 (2026-08-27 10:35),16.7,15.7,0.0012163,0.10545,0.0115343764817,0.00655845,0.10545,0.0621948790896,0.185455404859,0.994356153024
YbYag15,YbYag15.opju Book12 (2026-08-27 11:22),YbYag15.opju Book11 (2026-08-27 10:35),16.8,15.7,0.00121892,0.1055,0.0115537440758,0.00656036,0.1052,0.0623608365019,0.185272435777,0.993375127789
YbYag15,YbYag15.opju Book12 (2026-08-27 11:22),YbYag15.opju Book11 (2026-08-27 10:35),16.9,15.7,0.00121797,0.10565,0.0115283483199,0.00656417,0.1052,0.0623970532319,0.184757896772,0.990616324259
YbYag15,YbYag15.opju Book12 (2026-08-27 11:22),YbYag15.opju Book11 (2026-08-27 10:35),17,15.7,0.00122083,0.10525,0.0115993349169,0.00656894,0.10485,0.0626508345255,0.185142544465,0.992678689605
YbYag15,YbYag15.opju Book12 (2026-08-27 11:22),YbYag15.opju Book11 (2026-08-27 10:35),17.1,15.7,0.00122488,0.10545,0.0116157420578,0.00656465,0.1048,0.0626397900763,0.185437116626,0.994258097015
YbYag15,YbYag15.opju Book12 (2026-08-27 11:22),YbYag15.opju Book11 (2026-08-27 10:35),17.2,15.7,0.00122202,0.10535,0.0115996203132,0.00658754,0.1049,0.0627982840801,0.184712376829,0.990372260001
YbYag15,YbYag15.opju Book12 (2026-08-27 11:22),YbYag15.opju Book11 (2026-08-27 10:35),17.3,15.7,0.00122667,0.1055,0.0116272037915,0.00662282,0.105,0.0630744761905,0.184340869616,0.988380349959
YbYag15,YbYag15.opju Book12 (2026-08-27 11:22),YbYag15.opju Book11 (2026-08-27 10:35),17.4,15.7,0.00122906,0.1054,0.0116609108159,0.00663665,0.10525,0.0630560570071,0.18492927356,0.9915351951
YbYag15,YbYag15.opju Book12 (2026-08-27 11:22),YbYag15.opju Book11 (2026-08-27 10:35),17.5,15.7,0.00122846,0.10525,0.0116718289786,0.00664571,0.10495,0.0633226298237,0.184323187636,0.988285544498
YbYag15,YbYag15.opju Book12 (2026-08-27 11:22),YbYag15.opju Book11 (2026-08-27 10:35),17.6,15.7,0.00122834,0.1054,0.0116540796964,0.00667527,0.10495,0.0636042877561,0.183227894023,0.982412909273
YbYag15,YbYag15.opju Book12 (2026-08-27 11:22),YbYag15.opju Book11 (2026-08-27 10:35),17.7,15.7,0.00123704,0.10545,0.0117310573732,0.00667384,0.10505,0.0635301285102,0.184653449447,0.990056309086
YbYag15,YbYag15.opju Book12 (2026-08-27 11:22),YbYag15.opju Book11 (2026-08-27 10:35),17.8,15.7,0.00123478,0.10555,0.0116985315017,0.00667956,0.10505,0.063584578772,0.183983785497,0.986465772216
YbYag15,YbYag15.opju Book12 (2026-08-27 11:22),YbYag15.opju Book11 (2026-08-27 10:35),17.9,15.7,0.00124217,0.10545,0.0117797060218,0.00668243,0.105,0.0636421904762,0.185092718111,0.992411535669
YbYag15,YbYag15.opju Book12 (2026-08-27 11:22),YbYag15.opju Book11 (2026-08-27 10:35),18,15.7,0.00123716,0.1054,0.0117377609108,0.00668481,0.1051,0.0636042816365,0.184543565446,0.989467144091
YbYag15,YbYag15.opju Book12 (2026-08-27 11:22),YbYag15.opju Book11 (2026-08-27 10:35),18.1,15.7,0.00123633,0.1054,0.011729886148,0.00665954,0.10515,0.0633337137423,0.185207616211,0.993027584754
YbYag15,YbYag15.opju Book12 (2026-08-27 11:22),YbYag15.opju Book11 (2026-08-27 10:35),18.2,15.7,0.00122965,0.1054,0.0116665085389,0.00662997,0.1053,0.0629626780627,0.185292444633,0.993482409264
YbYag15,YbYag15.opju Book12 (2026-08-27 11:22),YbYag15.opju Book11 (2026-08-27 10:35),18.3,15.7,0.00122751,0.10545,0.0116406827881,0.00666335,0.10505,0.0634302712994,0.183519359915,0.983975661802
YbYag15,YbYag15.opju Book12 (2026-08-27 11:22),YbYag15.opju Book11 (2026-08-27 10:35),18.4,15.7,0.00123001,0.10585,0.0116203117619,0.00666192,0.10535,0.0632360702421,0.183760814317,0.985270267751
YbYag15,YbYag15.opju Book12 (2026-08-27 11:22),YbYag15.opju Book11 (2026-08-27 10:35),18.5,15.7,0.00122989,0.1058,0.0116246691871,0.0066767,0.10535,0.0633763644993,0.18342278354,0.983457848299
YbYag15,YbYag15.opju Book12 (2026-08-27 11:22),YbYag15.opju Book11 (2026-08-27 10:35),18.6,15.7,0.00123561,0.1058,0.0116787334594,0.00669721,0.1053,0.0636012345679,0.183624320168,0.984538427141
YbYag15,YbYag15.opju Book12 (2026-08-27 11:22),YbYag15.opju Book11 (2026-08-27 10:35),18.7,15.7,0.00123716,0.10565,0.0117099858022,0.00670722,0.1053,0.0636962962963,0.183840921421,0.985699777969
YbYag15,YbYag15.opju Book12 (2026-08-27 11:22),YbYag15.opju Book11 (2026-08-27 10:35),18.8,15.7,0.00124312,0.10595,0.0117330816423,0.00673154,0.1053,0.0639272554606,0.183538016105,0.984075690689
YbYag15,YbYag15.opju Book12 (2026-08-27 11:22),YbYag15.opju Book11 (2026-08-27 10:35),18.9,15.7,0.00123323,0.1058,0.0116562381853,0.00665906,0.1053,0.0632389363723,0.184320591932,0.988271627114
YbYag15,YbYag15.opju Book12 (2026-08-27 11:22),YbYag15.opju Book11 (2026-08-27 10:35),19,15.7,0.00117708,0.10585,0.0111202645253,0.0062795,0.10535,0.0596060749881,0.186562603351,1.00029261863
YbYag15,YbYag15.opju Book12 (2026-08-27 11:22),YbYag15.opju Book11 (2026-08-27 10:35),19.1,15.7,0.00101889,0.10545,0.00966230440967,0.00544074,0.10535,0.0516444233507,0.187092889857,1.00313585553
YbYag15,YbYag15.opju Book12 (2026-08-27 11:22),YbYag15.opju Book11 (2026-08-27 10:35),19.2,15.7,0.000779156,0.10555,0.00738186641402,0.00413707,0.10545,0.0392325272641,0.18815679052,1.0088401712
YbYag15,YbYag15.opju Book12 (2026-08-27 11:22),YbYag15.opju Book11 (2026-08-27 10:35),15.3,15.8,0.000749115,0.10515,0.0071242510699,0.00404122,0.10505,0.0384694907187,0.185192237714,0.992945129872
YbYag15,YbYag15.opju Book12 (2026-08-27 11:22),YbYag15.opju Book11 (2026-08-27 10:35),15.4,15.8,0.00105739,0.1053,0.0100416904084,0.0056577,0.1051,0.0538315889629,0.186538993217,1.00016602819
YbYag15,YbYag15.opju Book12 (2026-08-27 11:22),YbYag15.opju Book11 (2026-08-27 10:35),15.5,15.8,0.00116266,0.10525,0.0110466508314,0.00625852,0.1051,0.0595482397716,0.185507596426,0.994635988522
YbYag15,YbYag15.opju Book12 (2026-08-27 11:22),YbYag15.opju Book11 (2026-08-27 10:35),15.6,15.8,0.00119556,0.1049,0.0113971401335,0.0063906,0.1051,0.0608049476689,0.187437709766,1.00498467627
YbYag15,YbYag15.opju Book12 (2026-08-27 11:22),YbYag15.opju Book11 (2026-08-27 10:35),15.7,15.8,0.00119711,0.105,0.011401047619,0.00642303,0.1051,0.061113510942,0.186555271384,1.00025330683
YbYag15,YbYag15.opju Book12 (2026-08-27 11:22),YbYag15.opju Book11 (2026-08-27 10:35),15.8,15.8,0.00119353,0.1054,0.0113238140417,0.00641444,0.10505,0.0610608281771,0.185451366772,0.994334502019
YbYag15,YbYag15.opju Book12 (2026-08-27 11:22),YbYag15.opju Book11 (2026-08-27 10:35),15.9,15.8,0.00120235,0.1054,0.0114074952562,0.00647405,0.10515,0.0615696623871,0.185277859483,0.993404208073
YbYag15,YbYag15.opju Book12 (2026-08-27 11:22),YbYag15.opju Book11 (2026-08-27 10:35),16,15.8,0.00120891,0.1053,0.0114806267806,0.00648263,0.1051,0.0616805899144,0.186130301227,0.997974744548
YbYag15,YbYag15.opju Book12 (2026-08-27 11:22),YbYag15.opju Book11 (2026-08-27 10:35),16.1,15.8,0.00121129,0.10555,0.0114759829465,0.00651935,0.10505,0.0620594954783,0.184919049987,0.991480379371
YbYag15,YbYag15.opju Book12 (2026-08-27 11:22),YbYag15.opju Book11 (2026-08-27 10:35),16.2,15.8,0.00120962,0.10525,0.0114928266033,0.0065203,0.105,0.0620980952381,0.185075348273,0.992318403817
YbYag15,YbYag15.opju Book12 (2026-08-27 11:22),YbYag15.opju Book11 (2026-08-27 10:35),16.3,15.8,0.00120927,0.1051,0.0115058991437,0.006506,0.10505,0.0619324131366,0.185781540892,0.996104796436
YbYag15,YbYag15.opju Book12 (2026-08-27 11:22),YbYag15.opju Book11 (2026-08-27 10:35),16.4,15.8,0.0012163,0.10515,0.0115672848312,0.00653365,0.10515,0.0621364717071,0.186159344318,0.998130464875
YbYag15,YbYag15.opju Book12 (2026-08-27 11:22),YbYag15.opju Book11 (2026-08-27 10:35),16.5,15.8,0.00121511,0.1055,0.0115176303318,0.00653318,0.10515,0.062132001902,0.185373559184,0.99391732111
YbYag15,YbYag15.opju Book12 (2026-08-27 11:22),YbYag15.opju Book11 (2026-08-27 10:35),16.6,15.8,0.00122119,0.10565,0.0115588263133,0.00652221,0.10505,0.0620867206092,0.186172279674,0.998199820369
YbYag15,YbYag15.opju Book12 (2026-08-27 11:22),YbYag15.opju Book11 (2026-08-27 10:35),16.7,15.8,0.00121666,0.10585,0.0114941898914,0.00652125,0.1051,0.0620480494767,0.185246594991,0.99323657726
YbYag15,YbYag15.opju Book12 (2026-08-27 11:22),YbYag15.opju Book11 (2026-08-27 10:35),16.8,15.8,0.00121785,0.1055,0.0115436018957,0.00653794,0.1052,0.0621477186312,0.185744580009,0.995906623288
YbYag15,YbYag15.opju Book12 (2026-08-27 11:22),YbYag15.opju Book11 (2026-08-27 10:35),16.9,15.8,0.00121964,0.1052,0.0115935361217,0.00655082,0.10525,0.0622405700713,0.186269761161,0.998722486809
YbYag15,YbYag15.opju Book12 (2026-08-27 11:22),YbYag15.opju Book11 (2026-08-27 10:35),17,15.8,0.0012225,0.10565,0.0115712257454,0.0065718,0.10515,0.0624992867332,0.185141724814,0.99267429488
YbYag15,YbYag15.opju Book12 (2026-08-27 11:22),YbYag15.opju Book11 (2026-08-27 10:35),17.1,15.8,0.00122953,0.1055,0.0116543127962,0.00659516,0.1048,0.0629309160305,0.185192168354,0.992944757987
YbYag15,YbYag15.opju Book12 (2026-08-27 11:22),YbYag15.opju Book11 (2026-08-27 10:35),17.2,15.8,0.00123049,0.1052,0.0116966730038,0.0065966,0.1052,0.0627053231939,0.186533972046,1.00013910618
YbYag15,YbYag15.opju Book12 (2026-08-27 11:22),YbYag15.opju Book11 (2026-08-27 10:35),17.3,15.8,0.00122917,0.10535,0.0116674893213,0.00663283,0.1049,0.0632300285987,0.184524498563,0.989364913197
YbYag15,YbYag15.opju Book12 (2026-08-27 11:22),YbYag15.opju Book11 (2026-08-27 10:35),17.4,15.8,0.00124181,0.10555,0.0117651350071,0.00666049,0.1051,0.0633728829686,0.185649357517,0.995396068895
YbYag15,YbYag15.opju Book12 (2026-08-27 11:22),YbYag15.opju Book11 (2026-08-27 10:35),17.5,15.8,0.00123692,0.1055,0.0117243601896,0.00665858,0.10485,0.0635057701478,0.184618817508,0.989870623036
YbYag15,YbYag15.opju Book12 (2026-08-27 11:22),YbYag15.opju Book11 (2026-08-27 10:35),17.6,15.8,0.0012343,0.1057,0.0116773888363,0.00664857,0.1054,0.0630794117647,0.185122031256,0.992568703941
YbYag15,YbYag15.opju Book12 (2026-08-27 11:22),YbYag15.opju Book11 (2026-08-27 10:35),17.7,15.8,0.00123323,0.1059,0.0116452313503,0.00668243,0.10525,0.0634910213777,0.18341540422,0.9834182826
YbYag15,YbYag15.opju Book12 (2026-08-27 11:22),YbYag15.opju Book11 (2026-08-27 10:35),17.8,15.8,0.00123835,0.1058,0.01170463138,0.00666621,0.1055,0.0631868246445,0.185238480425,0.993193069392
YbYag15,YbYag15.opju Book12 (2026-08-27 11:22),YbYag15.opju Book11 (2026-08-27 10:35),17.9,15.8,0.00124551,0.1056,0.0117946022727,0.00668386,0.10515,0.0635650023776,0.185551826186,0.994873135209
YbYag15,YbYag15.opju Book12 (2026-08-27 11:22),YbYag15.opju Book11 (2026-08-27 10:35),18,15.8,0.00124026,0.10555,0.0117504500237,0.00668529,0.10505,0.0636391242266,0.184641919047,0.98999448655
YbYag15,YbYag15.opju Book12 (2026-08-27 11:22),YbYag15.opju Book11 (2026-08-27 10:35),18.1,15.8,0.00123108,0.10575,0.0116414184397,0.00664046,0.105,0.0632424761905,0.184075942957,0.986959892824
YbYag15,YbYag15.opju Book12 (2026-08-27 11:22),YbYag15.opju Book11 (2026-08-27 10:35),18.2,15.8,0.00122178,0.10565,0.0115644107903,0.00660756,0.1054,0.0626903225806,0.184468835288,0.989066463445
YbYag15,YbYag15.opju Book12 (2026-08-27 11:22),YbYag15.opju Book11 (2026-08-27 10:35),18.3,15.8,0.00123168,0.1053,0.0116968660969,0.00665286,0.1052,0.0632401140684,0.184959598337,0.991697787443
YbYag15,YbYag15.opju Book12 (2026-08-27 11:22),YbYag15.opju Book11 (2026-08-27 10:35),18.4,15.8,0.00123573,0.10555,0.0117075319754,0.00666526,0.10545,0.0632077761972,0.185222969068,0.993109902157
YbYag15,YbYag15.opju Book12 (2026-08-27 11:22),YbYag15.opju Book11 (2026-08-27 10:35),18.5,15.8,0.00123835,0.1057,0.011715704825,0.00666335,0.10555,0.0631297963051,0.1855812233,0.995030753701
YbYag15,YbYag15.opju Book12 (2026-08-27 11:22),YbYag15.opju Book11 (2026-08-27 10:35),18.6,15.8,0.00123442,0.1056,0.0116895833333,0.00667098,0.10535,0.0633220692928,0.184605201059,0.989797615732
YbYag15,YbYag15.opju Book12 (2026-08-27 11:22),YbYag15.opju Book11 (2026-08-27 10:35),18.7,15.8,0.00123204,0.1058,0.0116449905482,0.00665858,0.1055,0.0631145023697,0.184505780937,0.989264554913
YbYag15,YbYag15.opju Book12 (2026-08-27 11:22),YbYag15.opju Book11 (2026-08-27 10:35),18.8,15.8,0.00124503,0.10565,0.0117844770469,0.00671056,0.1056,0.063546969697,0.185445145584,0.994301145878
YbYag15,YbYag15.opju Book12 (2026-08-27 11:22),YbYag15.opju Book11 (2026-08-27 10:35),18.9,15.8,0.00125099,0.10565,0.0118408897302,0.00675729,0.1053,0.0641717948718,0.184518599703,0.989333285284
YbYag15,YbYag15.opju Book12 (2026-08-27 11:22),YbYag15.opju Book11 (2026-08-27 10:35),19,15.8,0.00122548,0.10565,0.0115994320871,0.00657323,0.10525,0.0624534916865,0.185729120564,0.995823734388
YbYag15,YbYag15.opju Book12 (2026-08-27 11:22),YbYag15.opju Book11 (2026-08-27 10:35),19.1,15.8,0.00111676,0.1055,0.0105854028436,0.00593522,0.1053,0.0563648622982,0.187801449556,1.00693493972
YbYag15,YbYag15.opju Book12 (2026-08-27 11:22),YbYag15.opju Book11 (2026-08-27 10:35),19.2,15.8,0.000908259,0.10545,0.00861317211949,0.00479892,0.1053,0.0455737891738,0.188993987018,1.01332896725
YbYag15,YbYag15.opju Book12 (2026-08-27 11:22),YbYag15.opju Book11 (2026-08-27 10:35),15.3,15.9,0.000869039,0.10525,0.00825690261283,0.00465396,0.1049,0.0443656816015,0.186110126449,0.99786657345
YbYag15,YbYag15.opju Book12 (2026-08-27 11:22),YbYag15.opju Book11 (2026-08-27 10:35),15.4,15.9,0.00111998,0.1055,0.0106159241706,0.00601819,0.1049,0.0573707340324,0.185040759015,0.992132946608
YbYag15,YbYag15.opju Book12 (2026-08-27 11:22),YbYag15.opju Book11 (2026-08-27 10:35),15.5,15.9,0.00118006,0.1053,0.0112066476733,0.00634626,0.105,0.0604405714286,0.185415978182,0.99414475903
YbYag15,YbYag15.opju Book12 (2026-08-27 11:22),YbYag15.opju Book11 (2026-08-27 10:35),15.6,15.9,0.00118924,0.10535,0.0112884670147,0.00641206,0.10475,0.0612129832936,0.184412953059,0.98876683972
YbYag15,YbYag15.opju Book12 (2026-08-27 11:22),YbYag15.opju Book11 (2026-08-27 10:35),15.7,15.9,0.00119806,0.10545,0.0113614035088,0.00645736,0.10495,0.061527965698,0.184654301177,0.990060875808
YbYag15,YbYag15.opju Book12 (2026-08-27 11:22),YbYag15.opju Book11 (2026-08-27 10:35),15.8,15.9,0.00119627,0.1054,0.0113498102467,0.00646117,0.10465,0.0617407548973,0.183830117814,0.985641852276
YbYag15,YbYag15.opju Book12 (2026-08-27 11:22),YbYag15.opju Book11 (2026-08-27 10:35),15.9,15.9,0.00120235,0.1054,0.0114074952562,0.00647691,0.10505,0.0616554973822,0.185019921022,0.992021219549
YbYag15,YbYag15.opju Book12 (2026-08-27 11:22),YbYag15.opju Book11 (2026-08-27 10:35),16,15.9,0.00121082,0.1053,0.0114987654321,0.00652078,0.10505,0.0620731080438,0.1852455241,0.993230835465
YbYag15,YbYag15.opju Book12 (2026-08-27 11:22),YbYag15.opju Book11 (2026-08-27 10:35),16.1,15.9,0.00120927,0.10535,0.011478595159,0.00648311,0.10465,0.0619504061156,0.185286842795,0.993452373888
YbYag15,YbYag15.opju Book12 (2026-08-27 11:22),YbYag15.opju Book11 (2026-08-27 10:35),16.2,15.9,0.0012138,0.10545,0.0115106685633,0.00652936,0.10485,0.0622733428708,0.184841025592,0.991062036014
YbYag15,YbYag15.opju Book12 (2026-08-27 11:22),YbYag15.opju Book11 (2026-08-27 10:35),16.3,15.9,0.00121523,0.10545,0.0115242294927,0.00653651,0.105,0.0622524761905,0.185120820856,0.992562214141
YbYag15,YbYag15.opju Book12 (2026-08-27 11:22),YbYag15.opju Book11 (2026-08-27 10:35),16.4,15.9,0.00120855,0.1055,0.011455450237,0.00652888,0.10515,0.062091107941,0.184494215305,0.989202543468
YbYag15,YbYag15.opju Book12 (2026-08-27 11:22),YbYag15.opju Book11 (2026-08-27 10:35),16.5,15.9,0.00121392,0.10565,0.0114900141978,0.00655082,0.1051,0.0623294005709,0.184343409251,0.98839396672
YbYag15,YbYag15.opju Book12 (2026-08-27 11:22),YbYag15.opju Book11 (2026-08-27 10:35),16.6,15.9,0.00121499,0.10565,0.0115001419782,0.00655463,0.10515,0.0623359961959,0.184486375128,0.989160506796
YbYag15,YbYag15.opju Book12 (2026-08-27 11:22),YbYag15.opju Book11 (2026-08-27 10:35),16.7,15.9,0.00120903,0.10525,0.0114872209026,0.00654462,0.1051,0.0622704091342,0.184473188185,0.989089802371
YbYag15,YbYag15.opju Book12 (2026-08-27 11:22),YbYag15.opju Book11 (2026-08-27 10:35),16.8,15.9,0.00120772,0.10535,0.0114638822971,0.00653508,0.1053,0.0620615384615,0.18471798446,0.990402326436
YbYag15,YbYag15.opju Book12 (2026-08-27 11:22),YbYag15.opju Book11 (2026-08-27 10:35),16.9,15.9,0.00121618,0.1055,0.0115277725118,0.00657418,0.10535,0.0624032273374,0.184730389816,0.990468840225
YbYag15,YbYag15.opju Book12 (2026-08-27 11:22),YbYag15.opju Book11 (2026-08-27 10:35),17,15.9,0.0012219,0.10515,0.0116205420827,0.00658801,0.105,0.062742952381,0.18520872292,0.993033518594
YbYag15,YbYag15.opju Book12 (2026-08-27 11:22),YbYag15.opju Book11 (2026-08-27 10:35),17.1,15.9,0.00122715,0.1055,0.0116317535545,0.00660184,0.10515,0.0627849738469,0.185263333594,0.99332632462
YbYag15,YbYag15.opju Book12 (2026-08-27 11:22),YbYag15.opju Book11 (2026-08-27 10:35),17.2,15.9,0.00122774,0.10555,0.0116318332544,0.00664619,0.10515,0.0632067522587,0.18402833303,0.986704622701
YbYag15,YbYag15.opju Book12 (2026-08-27 11:22),YbYag15.opju Book11 (2026-08-27 10:35),17.3,15.9,0.00123919,0.1057,0.0117236518448,0.00662854,0.10525,0.0629790023753,0.186151755389,0.998089775319
YbYag15,YbYag15.opju Book12 (2026-08-27 11:22),YbYag15.opju Book11 (2026-08-27 10:35),17.4,15.9,0.00123132,0.10535,0.0116878974846,0.00663713,0.10525,0.0630606175772,0.185343847454,0.993758015744
YbYag15,YbYag15.opju Book12 (2026-08-27 11:22),YbYag15.opju Book11 (2026-08-27 10:35),17.5,15.9,0.0012281,0.1055,0.0116407582938,0.00666192,0.10545,0.0631761024182,0.184258886639,0.987940781877
YbYag15,YbYag15.opju Book12 (2026-08-27 11:22),YbYag15.opju Book11 (2026-08-27 10:35),17.6,15.9,0.00123335,0.10525,0.0117182897862,0.00665048,0.10515,0.0632475511175,0.185276577182,0.993397332759
YbYag15,YbYag15.opju Book12 (2026-08-27 11:22),YbYag15.opju Book11 (2026-08-27 10:35),17.7,15.9,0.00123859,0.1055,0.0117401895735,0.00666097,0.10525,0.0632871258907,0.185506758417,0.994631495372
YbYag15,YbYag15.opju Book12 (2026-08-27 11:22),YbYag15.opju Book11 (2026-08-27 10:35),17.8,15.9,0.00123335,0.10535,0.0117071665876,0.00667956,0.1057,0.0631935666982,0.185258835658,0.993302208039
YbYag15,YbYag15.opju Book12 (2026-08-27 11:22),YbYag15.opju Book11 (2026-08-27 10:35),17.9,15.9,0.00124145,0.1053,0.011789648623,0.00666621,0.10535,0.0632767916469,0.186318685195,0.998984802778
YbYag15,YbYag15.opju Book12 (2026-08-27 11:22),YbYag15.opju Book11 (2026-08-27 10:35),18,15.9,0.00123466,0.1056,0.0116918560606,0.00665429,0.10515,0.0632837850689,0.184752793277,0.990588960851
YbYag15,YbYag15.opju Book12 (2026-08-27 11:22),YbYag15.opju Book11 (2026-08-27 10:35),18.1,15.9,0.00123347,0.10565,0.0116750591576,0.00666097,0.1054,0.0631970588235,0.184740546078,0.990523295053
YbYag15,YbYag15.opju Book12 (2026-08-27 11:22),YbYag15.opju Book11 (2026-08-27 10:35),18.2,15.9,0.00123645,0.10565,0.0117032654993,0.00666669,0.10545,0.0632213371266,0.18511575413,0.992535047879
YbYag15,YbYag15.opju Book12 (2026-08-27 11:22),YbYag15.opju Book11 (2026-08-27 10:35),18.3,15.9,0.0012399,0.10585,0.0117137458668,0.00667909,0.1051,0.0635498572788,0.184323716345,0.988288379275
YbYag15,YbYag15.opju Book12 (2026-08-27 11:22),YbYag15.opju Book11 (2026-08-27 10:35),18.4,15.9,0.00124026,0.1057,0.0117337748344,0.00672153,0.10505,0.0639841028082,0.183385783647,0.983259465989
YbYag15,YbYag15.opju Book12 (2026-08-27 11:22),YbYag15.opju Book11 (2026-08-27 10:35),18.5,15.9,0.00125302,0.1061,0.0118098020735,0.0067158,0.1052,0.0638384030418,0.184995261642,0.991889003364
YbYag15,YbYag15.opju Book12 (2026-08-27 11:22),YbYag15.opju Book11 (2026-08-27 10:35),18.6,15.9,0.00124026,0.10585,0.011717146906,0.0066705,0.10515,0.0634379457917,0.18470249564,0.990319280037
YbYag15,YbYag15.opju Book12 (2026-08-27 11:22),YbYag15.opju Book11 (2026-08-27 10:35),18.7,15.9,0.00123132,0.1056,0.0116602272727,0.00667956,0.1055,0.0633133649289,0.184166917772,0.987447672443
YbYag15,YbYag15.opju Book12 (2026-08-27 11:22),YbYag15.opju Book11 (2026-08-27 10:35),18.8,15.9,0.00124598,0.10565,0.0117934690014,0.0067158,0.10525,0.0638080760095,0.184827215283,0.990987989285
YbYag15,YbYag15.opju Book12 (2026-08-27 11:22),YbYag15.opju Book11 (2026-08-27 10:35),18.9,15.9,0.00124086,0.10565,0.0117450070989,0.00676015,0.1055,0.0640772511848,0.183294490349,0.982769978762
YbYag15,YbYag15.opju Book12 (2026-08-27 11:22),YbYag15.opju Book11 (2026-08-27 10:35),19,15.9,0.00124515,0.10565,0.0117856128727,0.00673011,0.1053,0.0639136752137,0.184398922974,0.988691614621
YbYag15,YbYag15.opju Book12 (2026-08-27 11:22),YbYag15.opju Book11 (2026-08-27 10:35),19.1,15.9,0.00118626,0.1058,0.0112122873346,0.00631145,0.1055,0.0598241706161,0.187420689984,1.00489342132
YbYag15,YbYag15.opju Book12 (2026-08-27 11:22),YbYag15.opju Book11 (2026-08-27 10:35),19.2,15.9,0.00102354,0.10555,0.00969720511606,0.00541785,0.10535,0.0514271476032,0.188561986577,1.0110127107
YbYag15,YbYag15.opju Book12 (2026-08-27 11:22),YbYag15.opju Book11 (2026-08-27 10:35),19.3,15.9,0.000760082,0.10535,0.00721482676792,0.00401548,0.1054,0.0380975332068,0.189377793275,1.01538682107
YbYag15,YbYag15.opju Book12 (2026-08-27 11:22),YbYag15.opju Book11 (2026-08-27 10:35),15.3,16,0.000972752,0.10515,0.00925108892059,0.00520757,0.105,0.0495959047619,0.186529290372,1.00011400445
YbYag15,YbYag15.opju Book12 (2026-08-27 11:22),YbYag15.opju Book11 (2026-08-27 10:35),15.4,16,0.00114358,0.10535,0.01085505458,0.00619414,0.1051,0.0589356803045,0.184184767596,0.987543377838
YbYag15,YbYag15.opju Book12 (2026-08-27 11:22),YbYag15.opju Book11 (2026-08-27 10:35),15.5,16,0.00119127,0.1052,0.0113238593156,0.00640205,0.1052,0.0608559885932,0.186076334924,0.99768539345
YbYag15,YbYag15.opju Book12 (2026-08-27 11:22),YbYag15.opju Book11 (2026-08-27 10:35),15.6,16,0.00119639,0.1056,0.0113294507576,0.00644067,0.10515,0.061252211127,0.184963947409,0.99172110586
YbYag15,YbYag15.opju Book12 (2026-08-27 11:22),YbYag15.opju Book11 (2026-08-27 10:35),15.7,16,0.00119878,0.1055,0.0113628436019,0.00647023,0.1051,0.0615626070409,0.184573788344,0.989629190193
YbYag15,YbYag15.opju Book12 (2026-08-27 11:22),YbYag15.opju Book11 (2026-08-27 10:35),15.8,16,0.00120998,0.10535,0.011485334599,0.00649074,0.10555,0.061494457603,0.186770239899,1.00140590342
YbYag15,YbYag15.opju Book12 (2026-08-27 11:22),YbYag15.opju Book11 (2026-08-27 10:35),15.9,16,0.00120819,0.1054,0.0114629032258,0.0065265,0.1052,0.062038973384,0.184769389314,0.990677943813
YbYag15,YbYag15.opju Book12 (2026-08-27 11:22),YbYag15.opju Book11 (2026-08-27 10:35),16,16,0.00120521,0.10555,0.0114183799147,0.00651315,0.10515,0.0619415121255,0.184341316879,0.988382748052
YbYag15,YbYag15.opju Book12 (2026-08-27 11:22),YbYag15.opju Book11 (2026-08-27 10:35),16.1,16,0.00121046,0.1054,0.0114844402277,0.00651363,0.10525,0.0618872209026,0.185570462855,0.994973059426
YbYag15,YbYag15.opju Book12 (2026-08-27 11:22),YbYag15.opju Book11 (2026-08-27 10:35),16.2,16,0.00121845,0.10525,0.0115767220903,0.00653651,0.1054,0.0620162239089,0.18667247634,1.00088172458
YbYag15,YbYag15.opju Book12 (2026-08-27 11:22),YbYag15.opju Book11 (2026-08-27 10:35),16.3,16,0.00121117,0.1055,0.0114802843602,0.00653413,0.10505,0.0622001903855,0.184569923163,0.989608466254
YbYag15,YbYag15.opju Book12 (2026-08-27 11:22),YbYag15.opju Book11 (2026-08-27 10:35),16.4,16,0.00122095,0.10545,0.0115784732101,0.0065327,0.105,0.0622161904762,0.186100645531,0.99781573962
YbYag15,YbYag15.opju Book12 (2026-08-27 11:22),YbYag15.opju Book11 (2026-08-27 10:35),16.5,16,0.00121511,0.10565,0.0115012778041,0.00650695,0.1055,0.0616772511848,0.186475200875,0.999823992823
YbYag15,YbYag15.opju Book12 (2026-08-27 11:22),YbYag15.opju Book11 (2026-08-27 10:35),16.6,16,0.00121082,0.10535,0.0114933080209,0.00652555,0.10515,0.0620594388968,0.18519838763,0.992978103875
YbYag15,YbYag15.opju Book12 (2026-08-27 11:22),YbYag15.opju Book11 (2026-08-27 10:35),16.7,16,0.00121058,0.1055,0.0114746919431,0.00659898,0.10525,0.0626981472684,0.183014848812,0.981270624867
YbYag15,YbYag15.opju Book12 (2026-08-27 11:22),YbYag15.opju Book11 (2026-08-27 10:35),16.8,16,0.00121475,0.10525,0.011541567696,0.00655559,0.1053,0.0622563152896,0.185387902293,0.993994224548
YbYag15,YbYag15.opju Book12 (2026-08-27 11:22),YbYag15.opju Book11 (2026-08-27 10:35),16.9,16,0.00122774,0.1056,0.0116263257576,0.00659373,0.1053,0.0626185185185,0.185669128441,0.995502074651
YbYag15,YbYag15.opju Book12 (2026-08-27 11:22),YbYag15.opju Book11 (2026-08-27 10:35),17,16,0.00122906,0.1053,0.0116719848053,0.00658229,0.10515,0.0625990489777,0.186456264047,0.999722459244
YbYag15,YbYag15.opju Book12 (2026-08-27 11:22),YbYag15.opju Book11 (2026-08-27 10:35),17.1,16,0.00122679,0.10535,0.0116448979592,0.00660184,0.10525,0.0627253206651,0.185649078167,0.995394571106
YbYag15,YbYag15.opju Book12 (2026-08-27 11:22),YbYag15.opju Book11 (2026-08-27 10:35),17.2,16,0.0012306,0.1052,0.0116977186312,0.00661996,0.10525,0.0628974821853,0.185980713771,0.997172701559
YbYag15,YbYag15.opju Book12 (2026-08-27 11:22),YbYag15.opju Book11 (2026-08-27 10:35),17.3,16,0.00122858,0.10525,0.0116729691211,0.00660089,0.1053,0.0626865147198,0.186211806052,0.998411748932
YbYag15,YbYag15.opju Book12 (2026-08-27 11:22),YbYag15.opju Book11 (2026-08-27 10:35),17.4,16,0.00124455,0.1056,0.0117855113636,0.00663617,0.1052,0.0630814638783,0.186830023259,1.00172644383
YbYag15,YbYag15.opju Book12 (2026-08-27 11:22),YbYag15.opju Book11 (2026-08-27 10:35),17.5,16,0.00124288,0.10575,0.0117530023641,0.00663999,0.10545,0.0629681365576,0.186649994849,1.00076118559
YbYag15,YbYag15.opju Book12 (2026-08-27 11:22),YbYag15.opju Book11 (2026-08-27 10:35),17.6,16,0.00123335,0.1057,0.0116684011353,0.0066357,0.1054,0.0629573055028,0.185338318438,0.993728370822
YbYag15,YbYag15.opju Book12 (2026-08-27 11:22),YbYag15.opju Book11 (2026-08-27 10:35),17.7,16,0.00123096,0.10585,0.0116292867265,0.00663617,0.1052,0.0630814638783,0.18435346949,0.988447906702
YbYag15,YbYag15.opju Book12 (2026-08-27 11:22),YbYag15.opju Book11 (2026-08-27 10:35),17.8,16,0.00123394,0.1055,0.0116961137441,0.00663903,0.10525,0.0630786698337,0.185421058734,0.994171999425
YbYag15,YbYag15.opju Book12 (2026-08-27 11:22),YbYag15.opju Book11 (2026-08-27 10:35),17.9,16,0.00123549,0.10585,0.0116720831365,0.00662759,0.1054,0.0628803605313,0.185623667515,0.995258326827
YbYag15,YbYag15.opju Book12 (2026-08-27 11:22),YbYag15.opju Book11 (2026-08-27 10:35),18,16,0.00123013,0.1058,0.0116269376181,0.00661185,0.1052,0.0628502851711,0.184994190344,0.991883259386
YbYag15,YbYag15.opju Book12 (2026-08-27 11:22),YbYag15.opju Book11 (2026-08-27 10:35),18.1,16,0.00122846,0.1056,0.0116331439394,0.00663713,0.1055,0.0629111848341,0.184913763269,0.99145203358
YbYag15,YbYag15.opju Book12 (2026-08-27 11:22),YbYag15.opju Book11 (2026-08-27 10:35),18.2,16,0.00123633,0.1058,0.0116855387524,0.0066314,0.10525,0.063006175772,0.185466561162,0.99441596977
YbYag15,YbYag15.opju Book12 (2026-08-27 11:22),YbYag15.opju Book11 (2026-08-27 10:35),18.3,16,0.00123287,0.1057,0.0116638599811,0.00667718,0.1051,0.0635316841104,0.183591229233,0.984361003491
YbYag15,YbYag15.opju Book12 (2026-08-27 11:22),YbYag15.opju Book11 (2026-08-27 10:35),18.4,16,0.00124634,0.10565,0.0117968764789,0.00668529,0.10545,0.0633977240398,0.186077286804,0.997690497147
YbYag15,YbYag15.opju Book12 (2026-08-27 11:22),YbYag15.opju Book11 (2026-08-27 10:35),18.5,16,0.00124777,0.1057,0.0118048249763,0.00671104,0.1055,0.0636117535545,0.185576160327,0.995003607558
YbYag15,YbYag15.opju Book12 (2026-08-27 11:22),YbYag15.opju Book11 (2026-08-27 10:35),18.6,16,0.0012337,0.1058,0.0116606805293,0.00666001,0.10545,0.0631579895685,0.184627164496,0.989915377079
YbYag15,YbYag15.opju Book12 (2026-08-27 11:22),YbYag15.opju Book11 (2026-08-27 10:35),18.7,16,0.00123072,0.1056,0.0116545454545,0.00661471,0.10545,0.0627284020863,0.185793756367,0.996170292139
YbYag15,YbYag15.opju Book12 (2026-08-27 11:22),YbYag15.opju Book11 (2026-08-27 10:35),18.8,16,0.00123513,0.10565,0.011690771415,0.00665525,0.1055,0.0630829383886,0.185323824692,0.99365065971
YbYag15,YbYag15.opju Book12 (2026-08-27 11:22),YbYag15.opju Book11 (2026-08-27 10:35),18.9,16,0.00123943,0.10555,0.0117425864519,0.00668672,0.10545,0.0634112849692,0.185181335745,0.992886676792
YbYag15,YbYag15.opju Book12 (2026-08-27 11:22),YbYag15.opju Book11 (2026-08-27 10:35),19,16,0.00124956,0.10565,0.0118273544723,0.0067158,0.10535,0.0637475083056,0.185534380663,0.994779597556
YbYag15,YbYag15.opju Book12 (2026-08-27 11:22),YbYag15.opju Book11 (2026-08-27 10:35),19.1,16,0.00121618,0.1059,0.011484230406,0.00648883,0.1054,0.0615638519924,0.186541777916,1.00018095891
YbYag15,YbYag15.opju Book12 (2026-08-27 11:22),YbYag15.opju Book11 (2026-08-27 10:35),19.2,16,0.0010984,0.1056,0.0104015151515,0.00583223,0.1053,0.0553867996201,0.187797728391,1.00691498796
YbYag15,YbYag15.opju Book12 (2026-08-27 11:22),YbYag15.opju Book11 (2026-08-27 10:35),19.3,16,0.000872198,0.10565,0.00825554188358,0.00459936,0.10545,0.0436165007112,0.189275658271,1.01483920387
YbYag15,YbYag15.opju Book12 (2026-08-27 11:22),YbYag15.opju Book11 (2026-08-27 10:35),15.2,16.1,0.000720862,0.1054,0.00683929791271,0.00392655,0.10485,0.0374492131617,0.18262861447,0.979199752387
YbYag15,YbYag15.opju Book12 (2026-08-27 11:22),YbYag15.opju Book11 (2026-08-27 10:35),15.3,16.1,0.00105251,0.1052,0.0100048479087,0.00568631,0.10485,0.0542328087744,0.18447961916,0.989124283326
YbYag15,YbYag15.opju Book12 (2026-08-27 11:22),YbYag15.opju Book11 (2026-08-27 10:35),15.4,16.1,0.0011673,0.1053,0.0110854700855,0.00631383,0.10525,0.0599888836105,0.184792071769,0.990799560324
YbYag15,YbYag15.opju Book12 (2026-08-27 11:22),YbYag15.opju Book11 (2026-08-27 10:35),15.5,16.1,0.0011989,0.1057,0.0113424787133,0.00642255,0.10545,0.060906116643,0.186228893557,0.998503366999
YbYag15,YbYag15.opju Book12 (2026-08-27 11:22),YbYag15.opju Book11 (2026-08-27 10:35),15.6,16.1,0.00120521,0.1055,0.0114237914692,0.00646451,0.10505,0.0615374583532,0.185639637627,0.99534395377
YbYag15,YbYag15.opju Book12 (2026-08-27 11:22),YbYag15.opju Book11 (2026-08-27 10:35),15.7,16.1,0.0012008,0.1053,0.0114036087369,0.00649455,0.1051,0.0617940057088,0.184542312901,0.989460428322
YbYag15,YbYag15.opju Book12 (2026-08-27 11:22),YbYag15.opju Book11 (2026-08-27 10:35),15.8,16.1,0.00120915,0.10555,0.0114557081952,0.0065079,0.105,0.06198,0.184829109313,0.990998144503
YbYag15,YbYag15.opju Book12 (2026-08-27 11:22),YbYag15.opju Book11 (2026-08-27 10:35),15.9,16.1,0.00121725,0.10565,0.0115215333649,0.00653222,0.10495,0.0622412577418,0.18511086991,0.992508860161
YbYag15,YbYag15.opju Book12 (2026-08-27 11:22),YbYag15.opju Book11 (2026-08-27 10:35),16,16.1,0.00121403,0.1056,0.0114964962121,0.00655845,0.10495,0.0624911862792,0.183969882741,0.986391229814
YbYag15,YbYag15.opju Book12 (2026-08-27 11:22),YbYag15.opju Book11 (2026-08-27 10:35),16.1,16.1,0.00121582,0.1055,0.0115243601896,0.00655845,0.1051,0.0624019980971,0.184679345871,0.99019515793
YbYag15,YbYag15.opju Book12 (2026-08-27 11:22),YbYag15.opju Book11 (2026-08-27 10:35),16.2,16.1,0.00121451,0.1055,0.011511943128,0.0065265,0.10515,0.0620684736091,0.185471664738,0.994443333609
YbYag15,YbYag15.opju Book12 (2026-08-27 11:22),YbYag15.opju Book11 (2026-08-27 10:35),16.3,16.1,0.00121547,0.1056,0.0115101325758,0.00653365,0.10525,0.0620774346793,0.1854157253,0.994143403152
YbYag15,YbYag15.opju Book12 (2026-08-27 11:22),YbYag15.opju Book11 (2026-08-27 10:35),16.4,16.1,0.00121606,0.1052,0.0115595057034,0.00651172,0.10515,0.0619279125059,0.186660671023,1.00081842802
YbYag15,YbYag15.opju Book12 (2026-08-27 11:22),YbYag15.opju Book11 (2026-08-27 10:35),16.5,16.1,0.00121702,0.1054,0.0115466793169,0.00649598,0.1054,0.0616316888046,0.187349714747,1.00451287342
YbYag15,YbYag15.opju Book12 (2026-08-27 11:22),YbYag15.opju Book11 (2026-08-27 10:35),16.6,16.1,0.00121439,0.10545,0.0115162636321,0.0065389,0.1053,0.0620978157645,0.185453602358,0.994346488558
YbYag15,YbYag15.opju Book12 (2026-08-27 11:22),YbYag15.opju Book11 (2026-08-27 10:35),16.7,16.1,0.00122238,0.1052,0.011619581749,0.00655892,0.1057,0.0620522232734,0.187254882034,1.00400440891
YbYag15,YbYag15.opju Book12 (2026-08-27 11:22),YbYag15.opju Book11 (2026-08-27 10:35),16.8,16.1,0.00122238,0.10535,0.0116030374941,0.00657418,0.1051,0.0625516650809,0.185495261862,0.994569854301
YbYag15,YbYag15.opju Book12 (2026-08-27 11:22),YbYag15.opju Book11 (2026-08-27 10:35),16.9,16.1,0.00122596,0.1055,0.0116204739336,0.0065966,0.1053,0.0626457739791,0.185494937575,0.994568115571
YbYag15,YbYag15.opju Book12 (2026-08-27 11:22),YbYag15.opju Book11 (2026-08-27 10:35),17,16.1,0.00122309,0.10545,0.0115987671882,0.00660899,0.1051,0.0628828734539,0.184450336811,0.988967280166
YbYag15,YbYag15.opju Book12 (2026-08-27 11:22),YbYag15.opju Book11 (2026-08-27 10:35),17.1,16.1,0.0012281,0.1053,0.0116628679962,0.00658277,0.1055,0.0623959241706,0.186917144849,1.00219356361
YbYag15,YbYag15.opju Book12 (2026-08-27 11:22),YbYag15.opju Book11 (2026-08-27 10:35),17.2,16.1,0.00122643,0.10555,0.0116194220748,0.00663188,0.1057,0.0627424787133,0.185192270262,0.992945304388
YbYag15,YbYag15.opju Book12 (2026-08-27 11:22),YbYag15.opju Book11 (2026-08-27 10:35),17.3,16.1,0.0012281,0.10565,0.0116242309513,0.00661185,0.10515,0.062880171184,0.18486322051,0.991181038494
YbYag15,YbYag15.opju Book12 (2026-08-27 11:22),YbYag15.opju Book11 (2026-08-27 10:35),17.4,16.1,0.00122941,0.1055,0.0116531753555,0.00661185,0.1052,0.0628502851711,0.185411654438,0.994121576417
YbYag15,YbYag15.opju Book12 (2026-08-27 11:22),YbYag15.opju Book11 (2026-08-27 10:35),17.5,16.1,0.00123633,0.1058,0.0116855387524,0.0066295,0.10495,0.0631681753216,0.184990918178,0.991865715019
YbYag15,YbYag15.opju Book12 (2026-08-27 11:22),YbYag15.opju Book11 (2026-08-27 10:35),17.6,16.1,0.00123311,0.1058,0.0116551039698,0.00665525,0.1053,0.0632027540361,0.184408166188,0.988741173956
YbYag15,YbYag15.opju Book12 (2026-08-27 11:22),YbYag15.opju Book11 (2026-08-27 10:35),17.7,16.1,0.00124253,0.10535,0.0117943046986,0.00663617,0.1052,0.0630814638783,0.186969419755,1.00247384595
YbYag15,YbYag15.opju Book12 (2026-08-27 11:22),YbYag15.opju Book11 (2026-08-27 10:35),17.8,16.1,0.00123525,0.10565,0.0116919072409,0.00663474,0.1052,0.0630678707224,0.185386110344,0.993984616659
YbYag15,YbYag15.opju Book12 (2026-08-27 11:22),YbYag15.opju Book11 (2026-08-27 10:35),17.9,16.1,0.00123633,0.10555,0.0117132164851,0.00661567,0.10525,0.0628567220903,0.186347873315,0.999141300709
YbYag15,YbYag15.opju Book12 (2026-08-27 11:22),YbYag15.opju Book11 (2026-08-27 10:35),18,16.1,0.00123311,0.1053,0.0117104463438,0.00660422,0.10535,0.062688372093,0.186804122564,1.00158757208
YbYag15,YbYag15.opju Book12 (2026-08-27 11:22),YbYag15.opju Book11 (2026-08-27 10:35),18.1,16.1,0.00123382,0.10535,0.011711627907,0.00662521,0.10525,0.0629473634204,0.186054304273,0.997567271719
YbYag15,YbYag15.opju Book12 (2026-08-27 11:22),YbYag15.opju Book11 (2026-08-27 10:35),18.2,16.1,0.00123287,0.1054,0.0116970588235,0.00664571,0.1051,0.0632322549952,0.184985634695,0.99183738657
YbYag15,YbYag15.opju Book12 (2026-08-27 11:22),YbYag15.opju Book11 (2026-08-27 10:35),18.3,16.1,0.0012337,0.1058,0.0116606805293,0.00665858,0.10525,0.0632644180523,0.184316569855,0.988250061947
YbYag15,YbYag15.opju Book12 (2026-08-27 11:22),YbYag15.opju Book11 (2026-08-27 10:35),18.4,16.1,0.00123466,0.10585,0.0116642418517,0.00666717,0.10525,0.0633460332542,0.184135316017,0.987278233332
YbYag15,YbYag15.opju Book12 (2026-08-27 11:22),YbYag15.opju Book11 (2026-08-27 10:35),18.5,16.1,0.00123251,0.1059,0.0116384324835,0.00667813,0.1054,0.0633598671727,0.18368776645,0.984878607036
YbYag15,YbYag15.opju Book12 (2026-08-27 11:22),YbYag15.opju Book11 (2026-08-27 10:35),18.6,16.1,0.00122536,0.10585,0.0115763816722,0.00660422,0.10545,0.0626289236605,0.184840821071,0.991060939432
YbYag15,YbYag15.opju Book12 (2026-08-27 11:22),YbYag15.opju Book11 (2026-08-27 10:35),18.7,16.1,0.00122369,0.1059,0.0115551463645,0.00657085,0.1056,0.0622239583333,0.185702527997,0.995681153036
YbYag15,YbYag15.opju Book12 (2026-08-27 11:22),YbYag15.opju Book11 (2026-08-27 10:35),18.8,16.1,0.00122464,0.106,0.0115532075472,0.00664142,0.1055,0.0629518483412,0.18352451678,0.98400331136
YbYag15,YbYag15.opju Book12 (2026-08-27 11:22),YbYag15.opju Book11 (2026-08-27 10:35),18.9,16.1,0.00124515,0.1059,0.0117577903683,0.00671247,0.1054,0.0636856736243,0.184622218769,0.989888859576
YbYag15,YbYag15.opju Book12 (2026-08-27 11:22),YbYag15.opju Book11 (2026-08-27 10:35),19,16.1,0.0012523,0.1057,0.0118476821192,0.00675586,0.10515,0.0642497384689,0.184400472306,0.988699921675
YbYag15,YbYag15.opju Book12 (2026-08-27 11:22),YbYag15.opju Book11 (2026-08-27 10:35),19.1,16.1,0.0012411,0.1057,0.0117417218543,0.00663379,0.10555,0.06284973946,0.186822124565,1.0016840934
YbYag15,YbYag15.opju Book12 (2026-08-27 11:22),YbYag15.opju Book11 (2026-08-27 10:35),19.2,16.1,0.00114799,0.1056,0.0108711174242,0.00611213,0.1054,0.0579898481973,0.187465871392,1.00513567045
YbYag15,YbYag15.opju Book12 (2026-08-27 11:22),YbYag15.opju Book11 (2026-08-27 10:35),19.3,16.1,0.000968698,0.10585,0.00915161076996,0.00510457,0.10515,0.0485456015216,0.188515755972,1.01076483608
YbYag15,YbYag15.opju Book12 (2026-08-27 11:22),YbYag15.opju Book11 (2026-08-27 10:35),15.2,16.2,0.000810985,0.10505,0.00771999048072,0.00438407,0.10505,0.0417331746787,0.184984500704,0.991831306448
YbYag15,YbYag15.opju Book12 (2026-08-27 11:22),YbYag15.opju Book11 (2026-08-27 10:35),15.3,16.2,0.00111366,0.10525,0.0105810926366,0.00594714,0.1051,0.0565855375833,0.186992879957,1.0025996325
YbYag15,YbYag15.opju Book12 (2026-08-27 11:22),YbYag15.opju Book11 (2026-08-27 10:35),15.4,16.2,0.00118495,0.10525,0.011258432304,0.00637391,0.1051,0.0606461465271,0.185641346544,0.995353116467
YbYag15,YbYag15.opju Book12 (2026-08-27 11:22),YbYag15.opju Book11 (2026-08-27 10:35),15.5,16.2,0.00119663,0.10535,0.0113586141433,0.00647786,0.10525,0.0615473634204,0.184550783528,0.989505845279
YbYag15,YbYag15.opju Book12 (2026-08-27 11:22),YbYag15.opju Book11 (2026-08-27 10:35),15.6,16.2,0.0012101,0.1053,0.0114919278253,0.00651839,0.10525,0.0619324465558,0.185555851002,0.994894715062
YbYag15,YbYag15.opju Book12 (2026-08-27 11:22),YbYag15.opju Book11 (2026-08-27 10:35),15.7,16.2,0.00121499,0.1053,0.0115383665717,0.00651887,0.1051,0.0620254043768,0.186026462667,0.997417993394
YbYag15,YbYag15.opju Book12 (2026-08-27 11:22),YbYag15.opju Book11 (2026-08-27 10:35),15.8,16.2,0.00121344,0.1053,0.0115236467236,0.00650457,0.10505,0.0619188005712,0.18610901079,0.997860591624
YbYag15,YbYag15.opju Book12 (2026-08-27 11:22),YbYag15.opju Book11 (2026-08-27 10:35),15.9,16.2,0.00121833,0.1055,0.0115481516588,0.00657514,0.105,0.0626203809524,0.184415225254,0.988779022547
YbYag15,YbYag15.opju Book12 (2026-08-27 11:22),YbYag15.opju Book11 (2026-08-27 10:35),16,16.2,0.00122274,0.10555,0.0115844623401,0.00654271,0.1054,0.0620750474383,0.186620273655,1.00060182948
YbYag15,YbYag15.opju Book12 (2026-08-27 11:22),YbYag15.opju Book11 (2026-08-27 10:35),16.1,16.2,0.00121439,0.10555,0.0115053529133,0.00654748,0.10515,0.062267998098,0.184771524133,0.990689390076
YbYag15,YbYag15.opju Book12 (2026-08-27 11:22),YbYag15.opju Book11 (2026-08-27 10:35),16.2,16.2,0.00122155,0.10555,0.0115731880625,0.00655988,0.1053,0.0622970560304,0.185774237178,0.996065636115
YbYag15,YbYag15.opju Book12 (2026-08-27 11:22),YbYag15.opju Book11 (2026-08-27 10:35),16.3,16.2,0.00121296,0.1055,0.0114972511848,0.00655225,0.1055,0.0621066350711,0.185121141592,0.992563933832
YbYag15,YbYag15.opju Book12 (2026-08-27 11:22),YbYag15.opju Book11 (2026-08-27 10:35),16.4,16.2,0.00121976,0.10525,0.0115891686461,0.00655416,0.1052,0.0623019011407,0.186016292182,0.997363462311
YbYag15,YbYag15.opju Book12 (2026-08-27 11:22),YbYag15.opju Book11 (2026-08-27 10:35),16.5,16.2,0.00121499,0.10525,0.011543847981,0.00655416,0.10515,0.0623315263909,0.185200790826,0.992990989092
YbYag15,YbYag15.opju Book12 (2026-08-27 11:22),YbYag15.opju Book11 (2026-08-27 10:35),16.6,16.2,0.00121403,0.10535,0.0115237778832,0.00656369,0.10505,0.0624815801999,0.184434802166,0.98888398807
YbYag15,YbYag15.opju Book12 (2026-08-27 11:22),YbYag15.opju Book11 (2026-08-27 10:35),16.7,16.2,0.0012163,0.10515,0.0115672848312,0.00655749,0.10505,0.0624225606854,0.185306157008,0.993555930896
YbYag15,YbYag15.opju Book12 (2026-08-27 11:22),YbYag15.opju Book11 (2026-08-27 10:35),16.8,16.2,0.00121451,0.1055,0.011511943128,0.00656036,0.10535,0.0622720455624,0.184865344057,0.991192424312
YbYag15,YbYag15.opju Book12 (2026-08-27 11:22),YbYag15.opju Book11 (2026-08-27 10:35),16.9,16.2,0.00122345,0.1052,0.0116297528517,0.00656655,0.1055,0.0622421800948,0.18684681086,1.0018164539
YbYag15,YbYag15.opju Book12 (2026-08-27 11:22),YbYag15.opju Book11 (2026-08-27 10:35),17,16.2,0.00122011,0.10525,0.0115924940618,0.00658467,0.1053,0.0625324786325,0.185383568912,0.993970990264
YbYag15,YbYag15.opju Book12 (2026-08-27 11:22),YbYag15.opju Book11 (2026-08-27 10:35),17.1,16.2,0.00123192,0.10535,0.011693592786,0.00659898,0.1051,0.0627876308278,0.18624038894,0.998565001788
YbYag15,YbYag15.opju Book12 (2026-08-27 11:22),YbYag15.opju Book11 (2026-08-27 10:35),17.2,16.2,0.00122798,0.1058,0.0116066162571,0.00661424,0.10535,0.062783483626,0.184867350245,0.991203180892
YbYag15,YbYag15.opju Book12 (2026-08-27 11:22),YbYag15.opju Book11 (2026-08-27 10:35),17.3,16.2,0.00122619,0.10505,0.0116724416944,0.00659135,0.105,0.0627747619048,0.185941632277,0.996963158336
YbYag15,YbYag15.opju Book12 (2026-08-27 11:22),YbYag15.opju Book11 (2026-08-27 10:35),17.4,16.2,0.00122417,0.1054,0.011614516129,0.00658897,0.10525,0.06260304038,0.185526390707,0.994736757813
YbYag15,YbYag15.opju Book12 (2026-08-27 11:22),YbYag15.opju Book11 (2026-08-27 10:35),17.5,16.2,0.0012349,0.1053,0.0117274453941,0.00661424,0.10525,0.0628431353919,0.186614581226,1.00057130838
YbYag15,YbYag15.opju Book12 (2026-08-27 11:22),YbYag15.opju Book11 (2026-08-27 10:35),17.6,16.2,0.00123275,0.10575,0.0116572104019,0.00661424,0.1052,0.0628730038023,0.185408835222,0.994106460627
YbYag15,YbYag15.opju Book12 (2026-08-27 11:22),YbYag15.opju Book11 (2026-08-27 10:35),17.7,16.2,0.00123251,0.10565,0.0116659725509,0.00665763,0.10525,0.063255391924,0.184426531811,0.988839644911
YbYag15,YbYag15.opju Book12 (2026-08-27 11:22),YbYag15.opju Book11 (2026-08-27 10:35),17.8,16.2,0.00123263,0.1055,0.0116836966825,0.00665238,0.10525,0.0632055106888,0.184852500283,0.991123559858
YbYag15,YbYag15.opju Book12 (2026-08-27 11:22),YbYag15.opju Book11 (2026-08-27 10:35),17.9,16.2,0.00123084,0.1056,0.0116556818182,0.0066295,0.1053,0.0629582146249,0.185133614218,0.992630808303
YbYag15,YbYag15.opju Book12 (2026-08-27 11:22),YbYag15.opju Book11 (2026-08-27 10:35),18,16.2,0.00123633,0.10555,0.0117132164851,0.0066314,0.1053,0.0629762583096,0.185994163507,0.997244815004
YbYag15,YbYag15.opju Book12 (2026-08-27 11:22),YbYag15.opju Book11 (2026-08-27 10:35),18.1,16.2,0.00123275,0.1055,0.0116848341232,0.00662616,0.1054,0.0628667931689,0.185866552662,0.996560603997
YbYag15,YbYag15.opju Book12 (2026-08-27 11:22),YbYag15.opju Book11 (2026-08-27 10:35),18.2,16.2,0.00123466,0.1055,0.0117029383886,0.00661424,0.1053,0.0628132953466,0.186313077893,0.998954738108
YbYag15,YbYag15.opju Book12 (2026-08-27 11:22),YbYag15.opju Book11 (2026-08-27 10:35),18.3,16.2,0.00123144,0.1057,0.0116503311258,0.00663093,0.1053,0.0629717948718,0.185008719372,0.991961159671
YbYag15,YbYag15.opju Book12 (2026-08-27 11:22),YbYag15.opju Book11 (2026-08-27 10:35),18.4,16.2,0.00123513,0.1058,0.0116741965974,0.00663379,0.10545,0.0629093409199,0.185571751773,0.994979970218
YbYag15,YbYag15.opju Book12 (2026-08-27 11:22),YbYag15.opju Book11 (2026-08-27 10:35),18.5,16.2,0.00123561,0.1057,0.011689782403,0.00665238,0.10525,0.0632055106888,0.184948784934,0.991639809221
YbYag15,YbYag15.opju Book12 (2026-08-27 11:22),YbYag15.opju Book11 (2026-08-27 10:35),18.6,16.2,0.00122405,0.10565,0.0115858968292,0.00661328,0.10555,0.0626554239697,0.18491450692,0.991456020811
YbYag15,YbYag15.opju Book12 (2026-08-27 11:22),YbYag15.opju Book11 (2026-08-27 10:35),18.7,16.2,0.0012337,0.1058,0.0116606805293,0.00664571,0.1055,0.0629925118483,0.185112169481,0.992515828069
YbYag15,YbYag15.opju Book12 (2026-08-27 11:22),YbYag15.opju Book11 (2026-08-27 10:35),18.8,16.2,0.0012399,0.10585,0.0117137458668,0.00668147,0.10555,0.0633014684983,0.185046984607,0.992166326361
YbYag15,YbYag15.opju Book12 (2026-08-27 11:22),YbYag15.opju Book11 (2026-08-27 10:35),18.9,16.2,0.00123978,0.1056,0.0117403409091,0.00669006,0.10535,0.0635031798766,0.184878000313,0.991260283355
YbYag15,YbYag15.opju Book12 (2026-08-27 11:22),YbYag15.opju Book11 (2026-08-27 10:35),19,16.2,0.00124729,0.10555,0.0118170535291,0.00668767,0.1056,0.0633302083333,0.186594262676,1.00046236643
YbYag15,YbYag15.opju Book12 (2026-08-27 11:22),YbYag15.opju Book11 (2026-08-27 10:35),19.1,16.2,0.00124074,0.1058,0.011727221172,0.00663427,0.1055,0.0628840758294,0.186489520874,0.999900772352
YbYag15,YbYag15.opju Book12 (2026-08-27 11:22),YbYag15.opju Book11 (2026-08-27 10:35),19.2,16.2,0.00117124,0.1057,0.011080794702,0.00625661,0.1052,0.0594734790875,0.186314889796,0.998964452992
YbYag15,YbYag15.opju Book12 (2026-08-27 11:22),YbYag15.opju Book11 (2026-08-27 10:35),19.3,16.2,0.00102807,0.1058,0.00971710775047,0.00547889,0.10555,0.0519080056845,0.187198633859,1.0037028231
YbYag15,YbYag15.opju Book12 (2026-08-27 11:22),YbYag15.opju Book11 (2026-08-27 10:35),19.4,16.2,0.000723843,0.10565,0.00685132986275,0.00381614,0.1053,0.036240645774,0.189050987266,1.01363458545
YbYag15,YbYag15.opju Book12 (2026-08-27 11:22),YbYag15.opju Book11 (2026-08-27 10:35),15.2,16.3,0.000871424,0.1054,0.00826777988615,0.00465396,0.1051,0.0442812559467,0.186710600442,1.00108613457
YbYag15,YbYag15.opju Book12 (2026-08-27 11:22),YbYag15.opju Book11 (2026-08-27 10:35),15.3,16.3,0.0011257,0.10535,0.010685334599,0.00605205,0.1052,0.0575289923954,0.18573825395,0.995872704856
YbYag15,YbYag15.opju Book12 (2026-08-27 11:22),YbYag15.opju Book11 (2026-08-27 10:35),15.4,16.3,0.0011977,0.1054,0.0113633776091,0.00642446,0.1052,0.0610690114068,0.18607436648,0.997674839247
YbYag15,YbYag15.opju Book12 (2026-08-27 11:22),YbYag15.opju Book11 (2026-08-27 10:35),15.5,16.3,0.00120533,0.1055,0.01142492891,0.00648788,0.1051,0.0617305423406,0.185077410254,0.992329459541
YbYag15,YbYag15.opju Book12 (2026-08-27 11:22),YbYag15.opju Book11 (2026-08-27 10:35),15.6,16.3,0.00121606,0.10545,0.0115321005216,0.00648502,0.10495,0.0617915197713,0.186629177665,1.0006495701
YbYag15,YbYag15.opju Book12 (2026-08-27 11:22),YbYag15.opju Book11 (2026-08-27 10:35),15.7,16.3,0.00121618,0.1053,0.0115496676163,0.00654367,0.105,0.0623206666667,0.185326445207,0.993664710126
YbYag15,YbYag15.opju Book12 (2026-08-27 11:22),YbYag15.opju Book11 (2026-08-27 10:35),15.8,16.3,0.00122405,0.10525,0.0116299287411,0.0065656,0.1053,0.062351377018,0.186522404112,1.0000770824
YbYag15,YbYag15.opju Book12 (2026-08-27 11:22),YbYag15.opju Book11 (2026-08-27 10:35),15.9,16.3,0.00122643,0.1055,0.01162492891,0.00656989,0.10515,0.0624811222064,0.186055059504,0.997571321042
YbYag15,YbYag15.opju Book12 (2026-08-27 11:22),YbYag15.opju Book11 (2026-08-27 10:35),16,16.3,0.00122238,0.10545,0.0115920341394,0.00656846,0.1051,0.0624972407231,0.185480734914,0.994491965168
YbYag15,YbYag15.opju Book12 (2026-08-27 11:22),YbYag15.opju Book11 (2026-08-27 10:35),16.1,16.3,0.00122846,0.1053,0.0116662867996,0.00656322,0.1052,0.0623880228137,0.186995616682,1.002614306
YbYag15,YbYag15.opju Book12 (2026-08-27 11:22),YbYag15.opju Book11 (2026-08-27 10:35),16.2,16.3,0.00121666,0.1056,0.0115214015152,0.00652793,0.10525,0.062023087886,0.185759882455,0.995988670403
YbYag15,YbYag15.opju Book12 (2026-08-27 11:22),YbYag15.opju Book11 (2026-08-27 10:35),16.3,16.3,0.00121177,0.1055,0.011485971564,0.00653747,0.10515,0.0621728007608,0.184742707799,0.99053488555
YbYag15,YbYag15.opju Book12 (2026-08-27 11:22),YbYag15.opju Book11 (2026-08-27 10:35),16.4,16.3,0.0012169,0.1056,0.0115236742424,0.00655606,0.1051,0.0623792578497,0.184735673999,0.990497172426
YbYag15,YbYag15.opju Book12 (2026-08-27 11:22),YbYag15.opju Book11 (2026-08-27 10:35),16.5,16.3,0.00121463,0.106,0.0114587735849,0.00656417,0.1052,0.0623970532319,0.183642864388,0.984637855676
YbYag15,YbYag15.opju Book12 (2026-08-27 11:22),YbYag15.opju Book11 (2026-08-27 10:35),16.6,16.3,0.00121606,0.10565,0.0115102697586,0.00654843,0.1052,0.0622474334601,0.184911555687,0.991440197185
YbYag15,YbYag15.opju Book12 (2026-08-27 11:22),YbYag15.opju Book11 (2026-08-27 10:35),16.7,16.3,0.00122298,0.10535,0.0116087327954,0.00656894,0.10535,0.0623534883721,0.186176156274,0.998220605534
YbYag15,YbYag15.opju Book12 (2026-08-27 11:22),YbYag15.opju Book11 (2026-08-27 10:35),16.8,16.3,0.0012219,0.1054,0.0115929791271,0.00656465,0.1053,0.0623423551757,0.185956707834,0.997043988941
YbYag15,YbYag15.opju Book12 (2026-08-27 11:22),YbYag15.opju Book11 (2026-08-27 10:35),16.9,16.3,0.00122178,0.1053,0.0116028490028,0.00655082,0.1052,0.0622701520913,0.186330828063,0.99904990919
YbYag15,YbYag15.opju Book12 (2026-08-27 11:22),YbYag15.opju Book11 (2026-08-27 10:35),17,16.3,0.0012287,0.10535,0.0116630280019,0.0065656,0.1054,0.0622922201139,0.187230893049,1.00387578718
YbYag15,YbYag15.opju Book12 (2026-08-27 11:22),YbYag15.opju Book11 (2026-08-27 10:35),17.1,16.3,0.00122667,0.1054,0.0116382352941,0.00658754,0.10535,0.0625300427148,0.186122298799,0.997931837938
YbYag15,YbYag15.opju Book12 (2026-08-27 11:22),YbYag15.opju Book11 (2026-08-27 10:35),17.2,16.3,0.0012287,0.10535,0.0116630280019,0.00659087,0.10515,0.0626806466952,0.186070639293,0.99765485519
YbYag15,YbYag15.opju Book12 (2026-08-27 11:22),YbYag15.opju Book11 (2026-08-27 10:35),17.3,16.3,0.00123025,0.1054,0.0116722011385,0.00660422,0.10535,0.062688372093,0.186194038046,0.998316482219
YbYag15,YbYag15.opju Book12 (2026-08-27 11:22),YbYag15.opju Book11 (2026-08-27 10:35),17.4,16.3,0.00122762,0.1055,0.0116362085308,0.00660089,0.10525,0.0627162945368,0.185537245412,0.994794957478
YbYag15,YbYag15.opju Book12 (2026-08-27 11:22),YbYag15.opju Book11 (2026-08-27 10:35),17.5,16.3,0.00122345,0.1055,0.0115966824645,0.0065985,0.1057,0.062426679281,0.185764846025,0.996015283575
YbYag15,YbYag15.opju Book12 (2026-08-27 11:22),YbYag15.opju Book11 (2026-08-27 10:35),17.6,16.3,0.0012312,0.1059,0.0116260623229,0.00659707,0.1054,0.0625907969639,0.185747152726,0.995920417421
YbYag15,YbYag15.opju Book12 (2026-08-27 11:22),YbYag15.opju Book11 (2026-08-27 10:35),17.7,16.3,0.0012405,0.1057,0.0117360454115,0.00662711,0.1056,0.0627567234848,0.187008574696,1.00268378298
YbYag15,YbYag15.opju Book12 (2026-08-27 11:22),YbYag15.opju Book11 (2026-08-27 10:35),17.8,16.3,0.00123859,0.1055,0.0117401895735,0.00664285,0.10545,0.0629952584163,0.186366241978,0.999239787961
YbYag15,YbYag15.opju Book12 (2026-08-27 11:22),YbYag15.opju Book11 (2026-08-27 10:35),17.9,16.3,0.00124276,0.1057,0.0117574266793,0.0066562,0.10565,0.0630023663038,0.186618810833,1.00059398627
YbYag15,YbYag15.opju Book12 (2026-08-27 11:22),YbYag15.opju Book11 (2026-08-27 10:35),18,16.3,0.00123561,0.10565,0.0116953147184,0.00664666,0.1056,0.0629418560606,0.185811405166,0.996264919699
YbYag15,YbYag15.opju Book12 (2026-08-27 11:22),YbYag15.opju Book11 (2026-08-27 10:35),18.1,16.3,0.00123943,0.10595,0.0116982538933,0.00664285,0.10545,0.0629952584163,0.185700546158,0.995670527011
YbYag15,YbYag15.opju Book12 (2026-08-27 11:22),YbYag15.opju Book11 (2026-08-27 10:35),18.2,16.3,0.00124205,0.10585,0.0117340576287,0.00663665,0.10515,0.0631160247266,0.185912494957,0.99680693278
YbYag15,YbYag15.opju Book12 (2026-08-27 11:22),YbYag15.opju Book11 (2026-08-27 10:35),18.3,16.3,0.00124145,0.10585,0.01172838923,0.00666144,0.1055,0.0631416113744,0.185747385515,0.995921665566
YbYag15,YbYag15.opju Book12 (2026-08-27 11:22),YbYag15.opju Book11 (2026-08-27 10:35),18.4,16.3,0.00123633,0.10575,0.0116910638298,0.00668147,0.10535,0.0634216421452,0.18433871206,0.988368781797
YbYag15,YbYag15.opju Book12 (2026-08-27 11:22),YbYag15.opju Book11 (2026-08-27 10:35),18.5,16.3,0.00124086,0.1058,0.0117283553875,0.00667861,0.10525,0.0634547268409,0.18483028722,0.991004460091
YbYag15,YbYag15.opju Book12 (2026-08-27 11:22),YbYag15.opju Book11 (2026-08-27 10:35),18.6,16.3,0.00124098,0.1056,0.0117517045455,0.00669625,0.1056,0.0634114583333,0.185324621991,0.993654934585
YbYag15,YbYag15.opju Book12 (2026-08-27 11:22),YbYag15.opju Book11 (2026-08-27 10:35),18.7,16.3,0.00125063,0.10575,0.0118262884161,0.00668052,0.1055,0.063322464455,0.186762920835,1.00136666079
YbYag15,YbYag15.opju Book12 (2026-08-27 11:22),YbYag15.opju Book11 (2026-08-27 10:35),18.8,16.3,0.00124133,0.10585,0.0117272555503,0.00667718,0.10575,0.0631411820331,0.185730693862,0.99583216994
YbYag15,YbYag15.opju Book12 (2026-08-27 11:22),YbYag15.opju Book11 (2026-08-27 10:35),18.9,16.3,0.00124741,0.1059,0.0117791312559,0.00669196,0.1055,0.0634309004739,0.185700205545,0.995668700743
YbYag15,YbYag15.opju Book12 (2026-08-27 11:22),YbYag15.opju Book11 (2026-08-27 10:35),19,16.3,0.00123382,0.10585,0.0116563060935,0.00668529,0.1054,0.0634277988615,0.183772829938,0.985334691898
YbYag15,YbYag15.opju Book12 (2026-08-27 11:22),YbYag15.opju Book11 (2026-08-27 10:35),19.1,16.3,0.00124551,0.1062,0.0117279661017,0.00667909,0.10555,0.0632789199432,0.185337646601,0.99372476863
YbYag15,YbYag15.opju Book12 (2026-08-27 11:22),YbYag15.opju Book11 (2026-08-27 10:35),19.2,16.3,0.00119746,0.10595,0.0113021236432,0.00638154,0.1056,0.06043125,0.187024488873,1.00276911001
YbYag15,YbYag15.opju Book12 (2026-08-27 11:22),YbYag15.opju Book11 (2026-08-27 10:35),19.3,16.3,0.00106931,0.1057,0.010116461684,0.00568679,0.1056,0.0538521780303,0.187856128647,1.00722811258
YbYag15,YbYag15.opju Book12 (2026-08-27 11:22),YbYag15.opju Book11 (2026-08-27 10:35),19.4,16.3,0.00079811,0.10585,0.00754000944733,0.00421432,0.10535,0.0400030374941,0.188485923061,1.01060488098
YbYag15,YbYag15.opju Book12 (2026-08-27 11:22),YbYag15.opju Book11 (2026-08-27 10:35),15.2,16.4,0.000908379,0.10555,0.00860614874467,0.0048838,0.10525,0.0464019002375,0.185469748019,0.994433056742
YbYag15,YbYag15.opju Book12 (2026-08-27 11:22),YbYag15.opju Book11 (2026-08-27 10:35),15.3,16.4,0.00114537,0.10545,0.0108617354196,0.00611261,0.10545,0.0579669037459,0.18737822305,1.00466572637
YbYag15,YbYag15.opju Book12 (2026-08-27 11:22),YbYag15.opju Book11 (2026-08-27 10:35),15.4,16.4,0.0011921,0.1056,0.0112888257576,0.00644305,0.10485,0.0614501669051,0.183706999121,0.984981726839
YbYag15,YbYag15.opju Book12 (2026-08-27 11:22),YbYag15.opju Book11 (2026-08-27 10:35),15.5,16.4,0.00120915,0.1057,0.0114394512772,0.00648692,0.10515,0.0616920589634,0.185428262072,0.994210621556
YbYag15,YbYag15.opju Book12 (2026-08-27 11:22),YbYag15.opju Book11 (2026-08-27 10:35),15.6,16.4,0.0012169,0.10555,0.0115291331123,0.00650886,0.10525,0.0618419002375,0.186429153503,0.999577100652
YbYag15,YbYag15.opju Book12 (2026-08-27 11:22),YbYag15.opju Book11 (2026-08-27 10:35),15.7,16.4,0.00121702,0.10525,0.0115631353919,0.00652364,0.10555,0.0618061582189,0.187087107905,1.00310485445
YbYag15,YbYag15.opju Book12 (2026-08-27 11:22),YbYag15.opju Book11 (2026-08-27 10:35),15.8,16.4,0.0012219,0.1055,0.0115819905213,0.00655225,0.10545,0.0621360834519,0.186397176614,0.999405650183
YbYag15,YbYag15.opju Book12 (2026-08-27 11:22),YbYag15.opju Book11 (2026-08-27 10:35),15.9,16.4,0.00122977,0.10535,0.0116731846227,0.00658181,0.10525,0.0625350118765,0.186666385316,1.00084906635
YbYag15,YbYag15.opju Book12 (2026-08-27 11:22),YbYag15.opju Book11 (2026-08-27 10:35),16,16.4,0.00122178,0.1053,0.0116028490028,0.00656274,0.105,0.0625022857143,0.185638794969,0.995339435688
YbYag15,YbYag15.opju Book12 (2026-08-27 11:22),YbYag15.opju Book11 (2026-08-27 10:35),16.1,16.4,0.00122023,0.10555,0.0115606821412,0.00654557,0.1055,0.0620433175355,0.186332430315,0.999058499982
YbYag15,YbYag15.opju Book12 (2026-08-27 11:22),YbYag15.opju Book11 (2026-08-27 10:35),16.2,16.4,0.00122238,0.1055,0.0115865402844,0.00650838,0.10525,0.0618373396675,0.18737126058,1.0046283957
YbYag15,YbYag15.opju Book12 (2026-08-27 11:22),YbYag15.opju Book11 (2026-08-27 10:35),16.3,16.4,0.00121797,0.1056,0.0115338068182,0.00650695,0.1053,0.0617943969611,0.186648100563,1.00075102899
YbYag15,YbYag15.opju Book12 (2026-08-27 11:22),YbYag15.opju Book11 (2026-08-27 10:35),16.4,16.4,0.00122798,0.10535,0.0116561936402,0.00656131,0.1053,0.0623106362773,0.187065874088,1.0029910051
YbYag15,YbYag15.opju Book12 (2026-08-27 11:22),YbYag15.opju Book11 (2026-08-27 10:35),16.5,16.4,0.00122405,0.10555,0.0115968735197,0.00655034,0.1053,0.0622064577398,0.186425556784,0.999557816125
YbYag15,YbYag15.opju Book12 (2026-08-27 11:22),YbYag15.opju Book11 (2026-08-27 10:35),16.6,16.4,0.00123621,0.1057,0.0116954588458,0.00655654,0.1053,0.062265337132,0.187832578839,1.00710184559
YbYag15,YbYag15.opju Book12 (2026-08-27 11:22),YbYag15.opju Book11 (2026-08-27 10:35),16.7,16.4,0.0012169,0.1056,0.0115236742424,0.00654081,0.1053,0.062115954416,0.185518750388,0.994695792716
YbYag15,YbYag15.opju Book12 (2026-08-27 11:22),YbYag15.opju Book11 (2026-08-27 10:35),16.8,16.4,0.00122178,0.10555,0.0115753671246,0.00656036,0.10535,0.0622720455624,0.185883842743,0.996653308217
YbYag15,YbYag15.opju Book12 (2026-08-27 11:22),YbYag15.opju Book11 (2026-08-27 10:35),16.9,16.4,0.0012281,0.10555,0.0116352439602,0.00655797,0.1054,0.062219829222,0.187002184122,1.00264951864
YbYag15,YbYag15.opju Book12 (2026-08-27 11:22),YbYag15.opju Book11 (2026-08-27 10:35),17,16.4,0.00122846,0.10565,0.0116276384288,0.00656751,0.10535,0.0623399145705,0.18651996091,1.00006398268
YbYag15,YbYag15.opju Book12 (2026-08-27 11:22),YbYag15.opju Book11 (2026-08-27 10:35),17.1,16.4,0.00122143,0.10575,0.0115501654846,0.00659373,0.10525,0.0626482660333,0.184365285999,0.988511263273
YbYag15,YbYag15.opju Book12 (2026-08-27 11:22),YbYag15.opju Book11 (2026-08-27 10:35),17.2,16.4,0.00123513,0.1053,0.0117296296296,0.00658181,0.1052,0.0625647338403,0.187479893378,1.00521085212
YbYag15,YbYag15.opju Book12 (2026-08-27 11:22),YbYag15.opju Book11 (2026-08-27 10:35),17.3,16.4,0.00122476,0.10555,0.0116036001895,0.00658324,0.1054,0.0624595825427,0.185777741655,0.996084426067
YbYag15,YbYag15.opju Book12 (2026-08-27 11:22),YbYag15.opju Book11 (2026-08-27 10:35),17.4,16.4,0.00122691,0.10565,0.011612967345,0.00659183,0.10545,0.0625114272167,0.185773511533,0.996061745425
YbYag15,YbYag15.opju Book12 (2026-08-27 11:22),YbYag15.opju Book11 (2026-08-27 10:35),17.5,16.4,0.00123251,0.1053,0.0117047483381,0.0065904,0.10525,0.0626166270784,0.186927161111,1.0022472678
YbYag15,YbYag15.opju Book12 (2026-08-27 11:22),YbYag15.opju Book11 (2026-08-27 10:35),17.6,16.4,0.00122667,0.10565,0.0116106956933,0.00658944,0.10525,0.0626075059382,0.185452135799,0.99433862531
YbYag15,YbYag15.opju Book12 (2026-08-27 11:22),YbYag15.opju Book11 (2026-08-27 10:35),17.7,16.4,0.00123788,0.1055,0.0117334597156,0.00661519,0.10545,0.0627329540066,0.187038214626,1.00284270337
YbYag15,YbYag15.opju Book12 (2026-08-27 11:22),YbYag15.opju Book11 (2026-08-27 10:35),17.8,16.4,0.00123335,0.10565,0.0116739233318,0.00661042,0.1053,0.0627770180437,0.185958551323,0.997053873176
YbYag15,YbYag15.opju Book12 (2026-08-27 11:22),YbYag15.opju Book11 (2026-08-27 10:35),17.9,16.4,0.0012318,0.10565,0.011659252248,0.00660279,0.10515,0.0627940085592,0.185674597235,0.99553139668
YbYag15,YbYag15.opju Book12 (2026-08-27 11:22),YbYag15.opju Book11 (2026-08-27 10:35),18,16.4,0.00123335,0.10565,0.0116739233318,0.0065966,0.10555,0.0624973945997,0.186790559936,1.00151485334
YbYag15,YbYag15.opju Book12 (2026-08-27 11:22),YbYag15.opju Book11 (2026-08-27 10:35),18.1,16.4,0.00123621,0.1056,0.0117065340909,0.00660613,0.10525,0.0627660807601,0.186510515698,1.00001334029
YbYag15,YbYag15.opju Book12 (2026-08-27 11:22),YbYag15.opju Book11 (2026-08-27 10:35),18.2,16.4,0.00123668,0.1057,0.0116999053926,0.00660661,0.1054,0.0626813092979,0.186657003876,1.00079876589
YbYag15,YbYag15.opju Book12 (2026-08-27 11:22),YbYag15.opju Book11 (2026-08-27 10:35),18.3,16.4,0.00123966,0.10565,0.0117336488405,0.00663617,0.10545,0.0629319108582,0.186449905628,0.99968836731
YbYag15,YbYag15.opju Book12 (2026-08-27 11:22),YbYag15.opju Book11 (2026-08-27 10:35),18.4,16.4,0.00123478,0.10575,0.0116764066194,0.00664428,0.10545,0.0630088193457,0.185313845596,0.993597154794
YbYag15,YbYag15.opju Book12 (2026-08-27 11:22),YbYag15.opju Book11 (2026-08-27 10:35),18.5,16.4,0.00124086,0.1057,0.0117394512772,0.00663522,0.1056,0.0628335227273,0.186834205177,1.00174886601
YbYag15,YbYag15.opju Book12 (2026-08-27 11:22),YbYag15.opju Book11 (2026-08-27 10:35),18.6,16.4,0.00123931,0.10585,0.0117081719414,0.00661948,0.1056,0.062684469697,0.186779468631,1.0014553851
YbYag15,YbYag15.opju Book12 (2026-08-27 11:22),YbYag15.opju Book11 (2026-08-27 10:35),18.7,16.4,0.00123311,0.10595,0.0116386031147,0.00665238,0.1056,0.0629960227273,0.184751395577,0.990581466807
YbYag15,YbYag15.opju Book12 (2026-08-27 11:22),YbYag15.opju Book11 (2026-08-27 10:35),18.8,16.4,0.00124312,0.106,0.0117275471698,0.00664046,0.10585,0.0627346244686,0.186938987348,1.00231067653
YbYag15,YbYag15.opju Book12 (2026-08-27 11:22),YbYag15.opju Book11 (2026-08-27 10:35),18.9,16.4,0.00123788,0.1058,0.0117001890359,0.00666431,0.1057,0.0630492904447,0.1855720969,0.994981820686
YbYag15,YbYag15.opju Book12 (2026-08-27 11:22),YbYag15.opju Book11 (2026-08-27 10:35),19,16.4,0.00124515,0.1058,0.0117689035917,0.00668719,0.10585,0.0631760982522,0.186287281382,0.998816424968
YbYag15,YbYag15.opju Book12 (2026-08-27 11:22),YbYag15.opju Book11 (2026-08-27 10:35),19.1,16.4,0.00125349,0.10585,0.0118421350968,0.00668052,0.10535,0.0634126245847,0.186747279021,1.00128279409
YbYag15,YbYag15.opju Book12 (2026-08-27 11:22),YbYag15.opju Book11 (2026-08-27 10:35),19.2,16.4,0.00120343,0.1056,0.0113961174242,0.00641254,0.1054,0.0608400379507,0.187312792826,1.00431490918
YbYag15,YbYag15.opju Book12 (2026-08-27 11:22),YbYag15.opju Book11 (2026-08-27 10:35),19.3,16.4,0.00109602,0.10585,0.010354463864,0.00578931,0.10535,0.0549531086853,0.188423623553,1.01027084974
YbYag15,YbYag15.opju Book12 (2026-08-27 11:22),YbYag15.opju Book11 (2026-08-27 10:35),19.4,16.4,0.000849847,0.10585,0.00802878601795,0.00448993,0.1054,0.0425989563567,0.188473772708,1.01053973443
YbYag15,YbYag15.opju Book12 (2026-08-27 11:22),YbYag15.opju Book11 (2026-08-27 10:35),15.2,16.5,0.000943605,0.1052,0.00896962927757,0.00509265,0.10495,0.0485245354931,0.184847298102,0.991095667328
YbYag15,YbYag15.opju Book12 (2026-08-27 11:22),YbYag15.opju Book11 (2026-08-27 10:35),15.3,16.5,0.00114859,0.1052,0.0109181558935,0.00617889,0.105,0.0588465714286,0.185535973098,0.994788135715
YbYag15,YbYag15.opju Book12 (2026-08-27 11:22),YbYag15.opju Book11 (2026-08-27 10:35),15.4,16.5,0.0012039,0.1052,0.0114439163498,0.00642827,0.10525,0.0610761995249,0.187371127196,1.00462768054
YbYag15,YbYag15.opju Book12 (2026-08-27 11:22),YbYag15.opju Book11 (2026-08-27 10:35),15.5,16.5,0.00121165,0.1053,0.0115066476733,0.00651363,0.10485,0.0621233190272,0.185222680525,0.993108355076
YbYag15,YbYag15.opju Book12 (2026-08-27 11:22),YbYag15.opju Book11 (2026-08-27 10:35),15.6,16.5,0.00121415,0.10545,0.0115139876719,0.00652888,0.10535,0.0619732320835,0.18578969153,0.996148497705
YbYag15,YbYag15.opju Book12 (2026-08-27 11:22),YbYag15.opju Book11 (2026-08-27 10:35),15.7,16.5,0.00122131,0.10515,0.0116149310509,0.00655416,0.1052,0.0623019011407,0.18642980131,0.999580573998
YbYag15,YbYag15.opju Book12 (2026-08-27 11:22),YbYag15.opju Book11 (2026-08-27 10:35),15.8,16.5,0.00122417,0.1055,0.011603507109,0.00654891,0.10535,0.0621633602278,0.186661516792,1.00082296278
YbYag15,YbYag15.opju Book12 (2026-08-27 11:22),YbYag15.opju Book11 (2026-08-27 10:35),15.9,16.5,0.00122631,0.10535,0.0116403417181,0.00655463,0.10525,0.0622767695962,0.186913062344,1.00217167444
YbYag15,YbYag15.opju Book12 (2026-08-27 11:22),YbYag15.opju Book11 (2026-08-27 10:35),16,16.5,0.00122,0.10515,0.0116024726581,0.00652841,0.1052,0.0620571292776,0.186964379325,1.00244682068
YbYag15,YbYag15.opju Book12 (2026-08-27 11:22),YbYag15.opju Book11 (2026-08-27 10:35),16.1,16.5,0.0012219,0.10565,0.0115655466162,0.00653079,0.1055,0.0619032227488,0.186832705999,1.00174082787
YbYag15,YbYag15.opju Book12 (2026-08-27 11:22),YbYag15.opju Book11 (2026-08-27 10:35),16.2,16.5,0.00122751,0.10505,0.0116850071395,0.00655463,0.10545,0.0621586533902,0.187986812812,1.0079288018
YbYag15,YbYag15.opju Book12 (2026-08-27 11:22),YbYag15.opju Book11 (2026-08-27 10:35),16.3,16.5,0.00122083,0.1054,0.0115828273245,0.00659087,0.10515,0.0626806466952,0.184791126691,0.990794493097
YbYag15,YbYag15.opju Book12 (2026-08-27 11:22),YbYag15.opju Book11 (2026-08-27 10:35),16.4,16.5,0.00123287,0.1056,0.011674905303,0.00659326,0.1052,0.0626735741445,0.186281147395,0.998783536377
YbYag15,YbYag15.opju Book12 (2026-08-27 11:22),YbYag15.opju Book11 (2026-08-27 10:35),16.5,16.5,0.00122882,0.1055,0.0116475829384,0.00660518,0.1051,0.0628466222645,0.18533347567,0.993702405353
YbYag15,YbYag15.opju Book12 (2026-08-27 11:22),YbYag15.opju Book11 (2026-08-27 10:35),16.6,16.5,0.00121868,0.1056,0.011540530303,0.00658372,0.10525,0.0625531591449,0.184491566226,0.989188339899
YbYag15,YbYag15.opju Book12 (2026-08-27 11:22),YbYag15.opju Book11 (2026-08-27 10:35),16.7,16.5,0.00122405,0.10555,0.0115968735197,0.00656989,0.1053,0.0623921177588,0.18587081087,0.996583435229
YbYag15,YbYag15.opju Book12 (2026-08-27 11:22),YbYag15.opju Book11 (2026-08-27 10:35),16.8,16.5,0.00122083,0.10565,0.0115554188358,0.00656942,0.1054,0.0623284629981,0.185395536485,0.994035156793
YbYag15,YbYag15.opju Book12 (2026-08-27 11:22),YbYag15.opju Book11 (2026-08-27 10:35),16.9,16.5,0.00122643,0.1057,0.0116029328288,0.00656894,0.1055,0.0622648341232,0.186348088647,0.999142455255
YbYag15,YbYag15.opju Book12 (2026-08-27 11:22),YbYag15.opju Book11 (2026-08-27 10:35),17,16.5,0.00123263,0.1056,0.0116726325758,0.00658467,0.10525,0.0625621852732,0.186576484258,1.00036704389
YbYag15,YbYag15.opju Book12 (2026-08-27 11:22),YbYag15.opju Book11 (2026-08-27 10:35),17.1,16.5,0.00122882,0.1056,0.0116365530303,0.00657895,0.1054,0.0624188804554,0.186426814217,0.999564558104
YbYag15,YbYag15.opju Book12 (2026-08-27 11:22),YbYag15.opju Book11 (2026-08-27 10:35),17.2,16.5,0.00123108,0.1056,0.0116579545455,0.00655654,0.10555,0.0621178588347,0.187674764781,1.00625569403
YbYag15,YbYag15.opju Book12 (2026-08-27 11:22),YbYag15.opju Book11 (2026-08-27 10:35),17.3,16.5,0.00122846,0.10545,0.0116496917971,0.00657228,0.10525,0.0624444655582,0.186560837585,1.00028315113
YbYag15,YbYag15.opju Book12 (2026-08-27 11:22),YbYag15.opju Book11 (2026-08-27 10:35),17.4,16.5,0.0012306,0.10555,0.0116589294173,0.00659326,0.10545,0.062524988146,0.186468318716,0.999787092753
YbYag15,YbYag15.opju Book12 (2026-08-27 11:22),YbYag15.opju Book11 (2026-08-27 10:35),17.5,16.5,0.00121976,0.1057,0.0115398297067,0.00660184,0.1054,0.0626360531309,0.184236220673,0.987819253775
YbYag15,YbYag15.opju Book12 (2026-08-27 11:22),YbYag15.opju Book11 (2026-08-27 10:35),17.6,16.5,0.00123406,0.1057,0.0116751182592,0.00659326,0.1052,0.0626735741445,0.186284545258,0.998801754695
YbYag15,YbYag15.opju Book12 (2026-08-27 11:22),YbYag15.opju Book11 (2026-08-27 10:35),17.7,16.5,0.00123382,0.10575,0.0116673286052,0.00660661,0.10545,0.0626515884305,0.186225583381,0.998485618827
YbYag15,YbYag15.opju Book12 (2026-08-27 11:22),YbYag15.opju Book11 (2026-08-27 10:35),17.8,16.5,0.00123931,0.1056,0.0117358901515,0.00661281,0.10535,0.0627699098244,0.186966815538,1.00245988292
YbYag15,YbYag15.opju Book12 (2026-08-27 11:22),YbYag15.opju Book11 (2026-08-27 10:35),17.9,16.5,0.00123466,0.1058,0.0116697542533,0.0065861,0.10525,0.0625757719715,0.186489976642,0.999903216044
YbYag15,YbYag15.opju Book12 (2026-08-27 11:22),YbYag15.opju Book11 (2026-08-27 10:35),18,16.5,0.00123001,0.10575,0.0116313002364,0.00660184,0.1054,0.0626360531309,0.185696570186,0.995649209041
YbYag15,YbYag15.opju Book12 (2026-08-27 11:22),YbYag15.opju Book11 (2026-08-27 10:35),18.1,16.5,0.00123609,0.1056,0.0117053977273,0.00662282,0.1052,0.0629545627376,0.185934064479,0.996922582075
YbYag15,YbYag15.opju Book12 (2026-08-27 11:22),YbYag15.opju Book11 (2026-08-27 10:35),18.2,16.5,0.00123263,0.10575,0.0116560756501,0.00662425,0.1054,0.0628486717268,0.185462561576,0.994394525192
YbYag15,YbYag15.opju Book12 (2026-08-27 11:22),YbYag15.opju Book11 (2026-08-27 10:35),18.3,16.5,0.0012411,0.1059,0.0117195467422,0.00667146,0.1051,0.0634772597526,0.184625908363,0.98990864207
YbYag15,YbYag15.opju Book12 (2026-08-27 11:22),YbYag15.opju Book11 (2026-08-27 10:35),18.4,16.5,0.00124086,0.1055,0.0117617061611,0.00668195,0.1052,0.063516634981,0.185175209055,0.992853827323
YbYag15,YbYag15.opju Book12 (2026-08-27 11:22),YbYag15.opju Book11 (2026-08-27 10:35),18.5,16.5,0.00123287,0.10585,0.011647331129,0.00664809,0.1056,0.0629553977273,0.185009253368,0.991964022795
YbYag15,YbYag15.opju Book12 (2026-08-27 11:22),YbYag15.opju Book11 (2026-08-27 10:35),18.6,16.5,0.0012467,0.1059,0.0117724268178,0.00666144,0.1057,0.0630221381268,0.186798277045,1.00155623017
YbYag15,YbYag15.opju Book12 (2026-08-27 11:22),YbYag15.opju Book11 (2026-08-27 10:35),18.7,16.5,0.00124014,0.10555,0.0117493131217,0.00665525,0.10555,0.063053055424,0.186340107433,0.999099662383
YbYag15,YbYag15.opju Book12 (2026-08-27 11:22),YbYag15.opju Book11 (2026-08-27 10:35),18.8,16.5,0.00124467,0.1058,0.0117643667297,0.00666431,0.10565,0.0630791292002,0.18650173011,0.999966234612
YbYag15,YbYag15.opju Book12 (2026-08-27 11:22),YbYag15.opju Book11 (2026-08-27 10:35),18.9,16.5,0.00124527,0.1059,0.0117589235127,0.00669292,0.1056,0.0633799242424,0.185530728433,0.994760015394
YbYag15,YbYag15.opju Book12 (2026-08-27 11:22),YbYag15.opju Book11 (2026-08-27 10:35),19,16.5,0.00124634,0.1059,0.0117690273843,0.00670245,0.1056,0.0634701704545,0.185426119073,0.994199131443
YbYag15,YbYag15.opju Book12 (2026-08-27 11:22),YbYag15.opju Book11 (2026-08-27 10:35),19.1,16.5,0.00125004,0.1057,0.0118263008515,0.00668672,0.1056,0.0633212121212,0.186766810921,1.00138751826
YbYag15,YbYag15.opju Book12 (2026-08-27 11:22),YbYag15.opju Book11 (2026-08-27 10:35),19.2,16.5,0.00121022,0.10595,0.0114225578103,0.00644782,0.10545,0.0611457562826,0.186808676591,1.00161198941
YbYag15,YbYag15.opju Book12 (2026-08-27 11:22),YbYag15.opju Book11 (2026-08-27 10:35),19.3,16.5,0.00110901,0.10595,0.0104672958943,0.00585607,0.1054,0.0555604364326,0.188394774526,1.01011616993
YbYag15,YbYag15.opju Book12 (2026-08-27 11:22),YbYag15.opju Book11 (2026-08-27 10:35),19.4,16.5,0.000886325,0.10545,0.00840516832622,0.00469163,0.10565,0.0444072882158,0.189274523708,1.01483312068
YbYag15,YbYag15.opju Book12 (2026-08-27 11:22),YbYag15.opju Book11 (2026-08-27 10:35),15.2,16.6,0.000978239,0.1056,0.00926362689394,0.00525478,0.105,0.0500455238095,0.185104005089,0.992472053055
YbYag15,YbYag15.opju Book12 (2026-08-27 11:22),YbYag15.opju Book11 (2026-08-27 10:35),15.3,16.6,0.00115979,0.1053,0.0110141500475,0.00623801,0.105,0.0594096190476,0.185393379457,0.99402359146
YbYag15,YbYag15.opju Book12 (2026-08-27 11:22),YbYag15.opju Book11 (2026-08-27 10:35),15.4,16.6,0.00120497,0.10535,0.0114377788325,0.0064545,0.10515,0.0613837375178,0.18633239511,0.999058311224
YbYag15,YbYag15.opju Book12 (2026-08-27 11:22),YbYag15.opju Book11 (2026-08-27 10:35),15.5,16.6,0.00120629,0.1054,0.0114448766603,0.00649551,0.1055,0.0615688151659,0.185887557353,0.99667322484
YbYag15,YbYag15.opju Book12 (2026-08-27 11:22),YbYag15.opju Book11 (2026-08-27 10:35),15.6,16.6,0.0012157,0.10535,0.0115396298054,0.00653651,0.10525,0.062104608076,0.185809558468,0.996255018255
YbYag15,YbYag15.opju Book12 (2026-08-27 11:22),YbYag15.opju Book11 (2026-08-27 10:35),15.7,16.6,0.00122739,0.1054,0.0116450664137,0.00654319,0.10525,0.0621680760095,0.187315856645,1.00433133645
YbYag15,YbYag15.opju Book12 (2026-08-27 11:22),YbYag15.opju Book11 (2026-08-27 10:35),15.8,16.6,0.00121785,0.1055,0.0115436018957,0.00654462,0.10515,0.0622407988588,0.185466801637,0.994417259127
YbYag15,YbYag15.opju Book12 (2026-08-27 11:22),YbYag15.opju Book11 (2026-08-27 10:35),15.9,16.6,0.0012163,0.1055,0.0115289099526,0.00654557,0.1051,0.0622794481446,0.185115801377,0.992535301203
YbYag15,YbYag15.opju Book12 (2026-08-27 11:22),YbYag15.opju Book11 (2026-08-27 10:35),16,16.6,0.00122321,0.10555,0.0115889152061,0.00655082,0.1052,0.0622701520913,0.18610706441,0.997850155722
YbYag15,YbYag15.opju Book12 (2026-08-27 11:22),YbYag15.opju Book11 (2026-08-27 10:35),16.1,16.6,0.0012281,0.1056,0.0116297348485,0.00655559,0.1052,0.0623154942966,0.186626696615,1.00063626746
YbYag15,YbYag15.opju Book12 (2026-08-27 11:22),YbYag15.opju Book11 (2026-08-27 10:35),16.2,16.6,0.0012225,0.10555,0.0115821885362,0.00658086,0.10515,0.0625854493581,0.185062001711,0.992246843561
YbYag15,YbYag15.opju Book12 (2026-08-27 11:22),YbYag15.opju Book11 (2026-08-27 10:35),16.3,16.6,0.00123323,0.1056,0.0116783143939,0.00658181,0.1054,0.0624460151803,0.187014565464,1.00271590367
YbYag15,YbYag15.opju Book12 (2026-08-27 11:22),YbYag15.opju Book11 (2026-08-27 10:35),16.4,16.6,0.00123513,0.10535,0.0117240626483,0.00659135,0.1051,0.0627150333016,0.186941822895,1.00232587988
YbYag15,YbYag15.opju Book12 (2026-08-27 11:22),YbYag15.opju Book11 (2026-08-27 10:35),16.5,16.6,0.00122739,0.10535,0.0116505932606,0.00658467,0.10525,0.0625621852732,0.18622420572,0.998478232223
YbYag15,YbYag15.opju Book12 (2026-08-27 11:22),YbYag15.opju Book11 (2026-08-27 10:35),16.6,16.6,0.00122083,0.10555,0.0115663666509,0.0065513,0.10525,0.0622451306413,0.185819622061,0.996308976218
YbYag15,YbYag15.opju Book12 (2026-08-27 11:22),YbYag15.opju Book11 (2026-08-27 10:35),16.7,16.6,0.00122822,0.10565,0.0116253667771,0.00656036,0.10525,0.0623312114014,0.186509559428,1.00000821306
YbYag15,YbYag15.opju Book12 (2026-08-27 11:22),YbYag15.opju Book11 (2026-08-27 10:35),16.8,16.6,0.00122703,0.1056,0.0116196022727,0.00656322,0.10565,0.0621222905821,0.187044008903,1.00287377055
YbYag15,YbYag15.opju Book12 (2026-08-27 11:22),YbYag15.opju Book11 (2026-08-27 10:35),16.9,16.6,0.00123466,0.10555,0.0116973945997,0.00659946,0.10535,0.0626431893688,0.186730508417,1.00119287515
YbYag15,YbYag15.opju Book12 (2026-08-27 11:22),YbYag15.opju Book11 (2026-08-27 10:35),17,16.6,0.00123513,0.1053,0.0117296296296,0.00657848,0.1054,0.0624144212524,0.187931401017,1.00763170041
YbYag15,YbYag15.opju Book12 (2026-08-27 11:22),YbYag15.opju Book11 (2026-08-27 10:35),17.1,16.6,0.00122727,0.1053,0.011654985755,0.0065842,0.10555,0.0623799147324,0.186838757395,1.00177327364
YbYag15,YbYag15.opju Book12 (2026-08-27 11:22),YbYag15.opju Book11 (2026-08-27 10:35),17.2,16.6,0.00122906,0.10545,0.0116553816975,0.00655892,0.1054,0.0622288425047,0.187298706329,1.00423938161
YbYag15,YbYag15.opju Book12 (2026-08-27 11:22),YbYag15.opju Book11 (2026-08-27 10:35),17.3,16.6,0.00123525,0.1054,0.0117196394687,0.00656131,0.1054,0.0622515180266,0.188262709733,1.00940807819
YbYag15,YbYag15.opju Book12 (2026-08-27 11:22),YbYag15.opju Book11 (2026-08-27 10:35),17.4,16.6,0.00122715,0.10555,0.0116262434865,0.0065985,0.1052,0.0627233840304,0.185357401649,0.993830689262
YbYag15,YbYag15.opju Book12 (2026-08-27 11:22),YbYag15.opju Book11 (2026-08-27 10:35),17.5,16.6,0.00123597,0.1054,0.0117264705882,0.00661948,0.1051,0.0629826831589,0.186185630717,0.998271404651
YbYag15,YbYag15.opju Book12 (2026-08-27 11:22),YbYag15.opju Book11 (2026-08-27 10:35),17.6,16.6,0.00122882,0.1058,0.0116145557656,0.00658324,0.1055,0.0624003791469,0.186129570435,0.997970826264
YbYag15,YbYag15.opju Book12 (2026-08-27 11:22),YbYag15.opju Book11 (2026-08-27 10:35),17.7,16.6,0.00122584,0.10565,0.0116028395646,0.00660947,0.10515,0.0628575368521,0.184589472411,0.989713283447
YbYag15,YbYag15.opju Book12 (2026-08-27 11:22),YbYag15.opju Book11 (2026-08-27 10:35),17.8,16.6,0.00123943,0.10565,0.011731471841,0.00662616,0.1053,0.0629264957265,0.186431354639,0.999588902483
YbYag15,YbYag15.opju Book12 (2026-08-27 11:22),YbYag15.opju Book11 (2026-08-27 10:35),17.9,16.6,0.00124121,0.10585,0.0117261218706,0.00660947,0.10555,0.062619327333,0.187260425335,1.00403413043
YbYag15,YbYag15.opju Book12 (2026-08-27 11:22),YbYag15.opju Book11 (2026-08-27 10:35),18,16.6,0.00122798,0.10575,0.0116121040189,0.00660804,0.1054,0.0626948766603,0.18521615541,0.993073369371
YbYag15,YbYag15.opju Book12 (2026-08-27 11:22),YbYag15.opju Book11 (2026-08-27 10:35),18.1,16.6,0.00123144,0.10545,0.0116779516358,0.00661424,0.10555,0.0626645191852,0.186356678191,0.999188509808
YbYag15,YbYag15.opju Book12 (2026-08-27 11:22),YbYag15.opju Book11 (2026-08-27 10:35),18.2,16.6,0.00123478,0.10575,0.0116764066194,0.00659421,0.1053,0.0626230769231,0.186455332333,0.999717463671
YbYag15,YbYag15.opju Book12 (2026-08-27 11:22),YbYag15.opju Book11 (2026-08-27 10:35),18.3,16.6,0.00124443,0.1057,0.0117732261116,0.00663379,0.1055,0.0628795260664,0.187234650897,1.00389593563
YbYag15,YbYag15.opju Book12 (2026-08-27 11:22),YbYag15.opju Book11 (2026-08-27 10:35),18.4,16.6,0.00124539,0.10575,0.0117767375887,0.00662664,0.10555,0.0627819990526,0.18758143682,1.00575529754
YbYag15,YbYag15.opju Book12 (2026-08-27 11:22),YbYag15.opju Book11 (2026-08-27 10:35),18.5,16.6,0.00124706,0.10555,0.0118148744671,0.00663379,0.10535,0.0629690555292,0.187629850373,1.00601487647
YbYag15,YbYag15.opju Book12 (2026-08-27 11:22),YbYag15.opju Book11 (2026-08-27 10:35),18.6,16.6,0.0012436,0.10555,0.0117820937944,0.00663283,0.10545,0.0629002370792,0.187313980702,1.00432127821
YbYag15,YbYag15.opju Book12 (2026-08-27 11:22),YbYag15.opju Book11 (2026-08-27 10:35),18.7,16.6,0.00124002,0.10565,0.011737056318,0.00665048,0.1056,0.062978030303,0.1863674723,0.999246384576
YbYag15,YbYag15.opju Book12 (2026-08-27 11:22),YbYag15.opju Book11 (2026-08-27 10:35),18.8,16.6,0.00124765,0.10595,0.0117758376593,0.0066562,0.10545,0.0631218587008,0.186557206991,1.00026368498
YbYag15,YbYag15.opju Book12 (2026-08-27 11:22),YbYag15.opju Book11 (2026-08-27 10:35),18.9,16.6,0.00123895,0.10585,0.0117047709022,0.00666621,0.1056,0.0631269886364,0.185416272105,0.99414633496
YbYag15,YbYag15.opju Book12 (2026-08-27 11:22),YbYag15.opju Book11 (2026-08-27 10:35),19,16.6,0.00124443,0.10545,0.0118011379801,0.00668195,0.10545,0.0633660502608,0.186237550416,0.998549782474
YbYag15,YbYag15.opju Book12 (2026-08-27 11:22),YbYag15.opju Book11 (2026-08-27 10:35),19.1,16.6,0.00124574,0.1058,0.0117744801512,0.00667003,0.10565,0.0631332702319,0.186501983945,0.999967595598
YbYag15,YbYag15.opju Book12 (2026-08-27 11:22),YbYag15.opju Book11 (2026-08-27 10:35),19.2,16.6,0.00122369,0.10535,0.0116154722354,0.00642875,0.1056,0.0608783143939,0.190798190637,1.02300256491
YbYag15,YbYag15.opju Book12 (2026-08-27 11:22),YbYag15.opju Book11 (2026-08-27 10:35),19.3,16.6,0.00110579,0.1057,0.010461589404,0.00587133,0.10535,0.0557316563835,0.187713591931,1.00646387354
YbYag15,YbYag15.opju Book12 (2026-08-27 11:22),YbYag15.opju Book11 (2026-08-27 10:35),19.4,16.6,0.000895146,0.10585,0.00845674067076,0.0047417,0.10565,0.0448812115476,0.188424964014,1.01027803689
YbYag15,YbYag15.opju Book12 (2026-08-27 11:22),YbYag15.opju Book11 (2026-08-27 10:35),15.2,16.7,0.000974063,0.10525,0.00925475534442,0.00528148,0.10505,0.050275868634,0.18407947184,0.986978813632
YbYag15,YbYag15.opju Book12 (2026-08-27 11:22),YbYag15.opju Book11 (2026-08-27 10:35),15.3,16.7,0.00112582,0.1055,0.0106712796209,0.00610688,0.1051,0.0581054234063,0.18365376234,0.984696287215
YbYag15,YbYag15.opju Book12 (2026-08-27 11:22),YbYag15.opju Book11 (2026-08-27 10:35),15.4,16.7,0.00119115,0.10525,0.0113173396675,0.00633004,0.1055,0.0600003791469,0.188621135873,1.01132985145
YbYag15,YbYag15.opju Book12 (2026-08-27 11:22),YbYag15.opju Book11 (2026-08-27 10:35),15.5,16.7,0.00121582,0.1054,0.0115352941176,0.00647357,0.10545,0.0613899478426,0.187902002249,1.00747407305
YbYag15,YbYag15.opju Book12 (2026-08-27 11:22),YbYag15.opju Book11 (2026-08-27 10:35),15.6,16.7,0.00121725,0.1055,0.0115379146919,0.00652793,0.10515,0.0620820732287,0.185849377958,0.996468518397
YbYag15,YbYag15.opju Book12 (2026-08-27 11:22),YbYag15.opju Book11 (2026-08-27 10:35),15.7,16.7,0.00121964,0.1056,0.0115496212121,0.00657132,0.10505,0.0625542122799,0.184633788695,0.989950894046
YbYag15,YbYag15.opju Book12 (2026-08-27 11:22),YbYag15.opju Book11 (2026-08-27 10:35),15.8,16.7,0.0012219,0.1055,0.0115819905213,0.00654319,0.1056,0.0619620265152,0.186920783142,1.00221307105
YbYag15,YbYag15.opju Book12 (2026-08-27 11:22),YbYag15.opju Book11 (2026-08-27 10:35),15.9,16.7,0.00122512,0.1053,0.0116345679012,0.00652555,0.10505,0.0621185149929,0.187296298093,1.00422646937
YbYag15,YbYag15.opju Book12 (2026-08-27 11:22),YbYag15.opju Book11 (2026-08-27 10:35),16,16.7,0.00122739,0.10555,0.0116285172904,0.00658229,0.10525,0.0625395724466,0.185938547954,0.996946621122
YbYag15,YbYag15.opju Book12 (2026-08-27 11:22),YbYag15.opju Book11 (2026-08-27 10:35),16.1,16.7,0.00123442,0.1054,0.0117117647059,0.00661185,0.1051,0.0629100856327,0.186166726497,0.998170045904
YbYag15,YbYag15.opju Book12 (2026-08-27 11:22),YbYag15.opju Book11 (2026-08-27 10:35),16.2,16.7,0.00123239,0.10535,0.0116980541054,0.0065923,0.1055,0.0624862559242,0.187210034149,1.00376394803
YbYag15,YbYag15.opju Book12 (2026-08-27 11:22),YbYag15.opju Book11 (2026-08-27 10:35),16.3,16.7,0.00122846,0.1054,0.0116552182163,0.00658849,0.1054,0.0625093927894,0.186455470069,0.999718202173
YbYag15,YbYag15.opju Book12 (2026-08-27 11:22),YbYag15.opju Book11 (2026-08-27 10:35),16.4,16.7,0.00122381,0.10555,0.0115945997158,0.00658277,0.1051,0.062633396765,0.185118488133,0.992549706784
YbYag15,YbYag15.opju Book12 (2026-08-27 11:22),YbYag15.opju Book11 (2026-08-27 10:35),16.5,16.7,0.00122095,0.10585,0.0115347189419,0.00654367,0.10525,0.0621726365796,0.185527260488,0.994741421314
YbYag15,YbYag15.opju Book12 (2026-08-27 11:22),YbYag15.opju Book11 (2026-08-27 10:35),16.6,16.7,0.00122059,0.1057,0.0115476821192,0.00657991,0.10515,0.0625764146457,0.184537292278,0.989433509253
YbYag15,YbYag15.opju Book12 (2026-08-27 11:22),YbYag15.opju Book11 (2026-08-27 10:35),16.7,16.7,0.00122309,0.10565,0.0115768102224,0.00659135,0.10545,0.0625068752963,0.185208589735,0.9930328045
YbYag15,YbYag15.opju Book12 (2026-08-27 11:22),YbYag15.opju Book11 (2026-08-27 10:35),16.8,16.7,0.00123215,0.1059,0.01163503305,0.00659087,0.1053,0.0625913580247,0.185888809848,0.996679940344
YbYag15,YbYag15.opju Book12 (2026-08-27 11:22),YbYag15.opju Book11 (2026-08-27 10:35),16.9,16.7,0.00123049,0.10555,0.0116578872572,0.00660709,0.10525,0.0627752019002,0.185708478895,0.995713059959
YbYag15,YbYag15.opju Book12 (2026-08-27 11:22),YbYag15.opju Book11 (2026-08-27 10:35),17,16.7,0.00122929,0.1056,0.0116410037879,0.00658754,0.10535,0.0625300427148,0.186166573418,0.998169225139
YbYag15,YbYag15.opju Book12 (2026-08-27 11:22),YbYag15.opju Book11 (2026-08-27 10:35),17.1,16.7,0.00123168,0.10535,0.0116913146654,0.00656798,0.1053,0.0623739791073,0.187438974276,1.00499145619
YbYag15,YbYag15.opju Book12 (2026-08-27 11:22),YbYag15.opju Book11 (2026-08-27 10:35),17.2,16.7,0.00122882,0.10565,0.0116310459063,0.00656989,0.10545,0.0623033665244,0.186684067895,1.00094387502
YbYag15,YbYag15.opju Book12 (2026-08-27 11:22),YbYag15.opju Book11 (2026-08-27 10:35),17.3,16.7,0.00123049,0.1058,0.0116303402647,0.00657704,0.1057,0.0622236518448,0.186911888324,1.0021653797
YbYag15,YbYag15.opju Book12 (2026-08-27 11:22),YbYag15.opju Book11 (2026-08-27 10:35),17.4,16.7,0.00123513,0.10565,0.011690771415,0.00658134,0.10555,0.0623528185694,0.187493872502,1.00528580399
YbYag15,YbYag15.opju Book12 (2026-08-27 11:22),YbYag15.opju Book11 (2026-08-27 10:35),17.5,16.7,0.00122238,0.1056,0.0115755681818,0.00657848,0.1054,0.0624144212524,0.185463038021,0.994397079747
YbYag15,YbYag15.opju Book12 (2026-08-27 11:22),YbYag15.opju Book11 (2026-08-27 10:35),17.6,16.7,0.00121678,0.1056,0.0115225378788,0.00656179,0.10535,0.062285619364,0.184995156128,0.991888437634
YbYag15,YbYag15.opju Book12 (2026-08-27 11:22),YbYag15.opju Book11 (2026-08-27 10:35),17.7,16.7,0.00123096,0.1059,0.011623796034,0.0065923,0.1053,0.0626049382716,0.185668996008,0.995501364582
YbYag15,YbYag15.opju Book12 (2026-08-27 11:22),YbYag15.opju Book11 (2026-08-27 10:35),17.8,16.7,0.00123287,0.1057,0.0116638599811,0.00657657,0.1054,0.0623962998102,0.186931917703,1.00227277122
YbYag15,YbYag15.opju Book12 (2026-08-27 11:22),YbYag15.opju Book11 (2026-08-27 10:35),17.9,16.7,0.00124348,0.1055,0.0117865402844,0.00662664,0.10565,0.0627225745386,0.187915441468,1.0075461301
YbYag15,YbYag15.opju Book12 (2026-08-27 11:22),YbYag15.opju Book11 (2026-08-27 10:35),18,16.7,0.00123311,0.10555,0.0116827096163,0.00662091,0.1052,0.0629364068441,0.185627210102,0.995277321112
YbYag15,YbYag15.opju Book12 (2026-08-27 11:22),YbYag15.opju Book11 (2026-08-27 10:35),18.1,16.7,0.00123359,0.10545,0.0116983404457,0.00661042,0.1054,0.0627174573055,0.186524469395,1.00008815582
YbYag15,YbYag15.opju Book12 (2026-08-27 11:22),YbYag15.opju Book11 (2026-08-27 10:35),18.2,16.7,0.00123931,0.10535,0.0117637399146,0.00662282,0.10505,0.0630444550214,0.186594362829,1.00046290341
YbYag15,YbYag15.opju Book12 (2026-08-27 11:22),YbYag15.opju Book11 (2026-08-27 10:35),18.3,16.7,0.00123931,0.10545,0.0117525841631,0.00664285,0.10535,0.06305505458,0.186386075492,0.999346129301
YbYag15,YbYag15.opju Book12 (2026-08-27 11:22),YbYag15.opju Book11 (2026-08-27 10:35),18.4,16.7,0.0012405,0.1058,0.011724952741,0.00663379,0.1055,0.0628795260664,0.186466938835,0.999779694248
YbYag15,YbYag15.opju Book12 (2026-08-27 11:22),YbYag15.opju Book11 (2026-08-27 10:35),18.5,16.7,0.00124086,0.10575,0.0117339007092,0.00665382,0.1054,0.0631292220114,0.185871143907,0.996585220874
YbYag15,YbYag15.opju Book12 (2026-08-27 11:22),YbYag15.opju Book11 (2026-08-27 10:35),18.6,16.7,0.00123537,0.10585,0.0116709494568,0.00662616,0.1056,0.0627477272727,0.185997963019,0.997265186846
YbYag15,YbYag15.opju Book12 (2026-08-27 11:22),YbYag15.opju Book11 (2026-08-27 10:35),18.7,16.7,0.00123859,0.1056,0.0117290719697,0.00663283,0.10575,0.0627217966903,0.187001530387,1.00264601351
YbYag15,YbYag15.opju Book12 (2026-08-27 11:22),YbYag15.opju Book11 (2026-08-27 10:35),18.8,16.7,0.00124193,0.1058,0.0117384688091,0.00666764,0.10565,0.0631106483673,0.185998228711,0.997266611404
YbYag15,YbYag15.opju Book12 (2026-08-27 11:22),YbYag15.opju Book11 (2026-08-27 10:35),18.9,16.7,0.00124849,0.1058,0.0118004725898,0.00669387,0.1056,0.0633889204545,0.186159860512,0.998133232553
YbYag15,YbYag15.opju Book12 (2026-08-27 11:22),YbYag15.opju Book11 (2026-08-27 10:35),19,16.7,0.00124503,0.1059,0.0117566572238,0.00668433,0.1057,0.0632386944182,0.185909233768,0.996789447266
YbYag15,YbYag15.opju Book12 (2026-08-27 11:22),YbYag15.opju Book11 (2026-08-27 10:35),19.1,16.7,0.00125933,0.10585,0.0118973075106,0.00673583,0.10545,0.0638770033191,0.186253375901,0.998634633968
YbYag15,YbYag15.opju Book12 (2026-08-27 11:22),YbYag15.opju Book11 (2026-08-27 10:35),19.2,16.7,0.0012225,0.1058,0.0115548204159,0.00648406,0.10555,0.0614311700616,0.188093770708,1.0085022779
YbYag15,YbYag15.opju Book12 (2026-08-27 11:22),YbYag15.opju Book11 (2026-08-27 10:35),19.3,16.7,0.00110758,0.10575,0.01047356974,0.00589088,0.10555,0.0558112742776,0.187660466018,1.00617902836
YbYag15,YbYag15.opju Book12 (2026-08-27 11:22),YbYag15.opju Book11 (2026-08-27 10:35),19.4,16.7,0.000906829,0.1058,0.00857116257089,0.00479034,0.10555,0.045384557082,0.188856367055,1.01259109036
YbYag15,YbYag15.opju Book12 (2026-08-27 11:22),YbYag15.opju Book11 (2026-08-27 10:35),15.2,16.8,0.000925545,0.10505,0.00881051880057,0.00493672,0.10515,0.0469493105088,0.187660238353,1.00617780768
YbYag15,YbYag15.opju Book12 (2026-08-27 11:22),YbYag15.opju Book11 (2026-08-27 10:35),15.3,16.8,0.00110019,0.1052,0.0104580798479,0.00590518,0.10515,0.0561595815502,0.186220758047,0.998459746839
YbYag15,YbYag15.opju Book12 (2026-08-27 11:22),YbYag15.opju Book11 (2026-08-27 10:35),15.4,16.8,0.00118018,0.10535,0.0112024679639,0.0062795,0.10505,0.0597762970014,0.18740652275,1.00481746086
YbYag15,YbYag15.opju Book12 (2026-08-27 11:22),YbYag15.opju Book11 (2026-08-27 10:35),15.5,16.8,0.00121141,0.10545,0.0114880037933,0.00648406,0.1051,0.0616941960038,0.186208825747,0.998395769433
YbYag15,YbYag15.opju Book12 (2026-08-27 11:22),YbYag15.opju Book11 (2026-08-27 10:35),15.6,16.8,0.00122262,0.10535,0.0116053156146,0.00657943,0.10505,0.0626314136126,0.185295444334,0.993498492757
YbYag15,YbYag15.opju Book12 (2026-08-27 11:22),YbYag15.opju Book11 (2026-08-27 10:35),15.7,16.8,0.00122762,0.10545,0.0116417259365,0.00657418,0.10525,0.0624625178147,0.186379389493,0.999310280984
YbYag15,YbYag15.opju Book12 (2026-08-27 11:22),YbYag15.opju Book11 (2026-08-27 10:35),15.8,16.8,0.0012318,0.10555,0.0116702984368,0.00658467,0.1053,0.0625324786325,0.186627792341,1.00064214241
YbYag15,YbYag15.opju Book12 (2026-08-27 11:22),YbYag15.opju Book11 (2026-08-27 10:35),15.9,16.8,0.0012337,0.1056,0.0116827651515,0.00660041,0.1052,0.062741539924,0.186204628794,0.998373266629
YbYag15,YbYag15.opju Book12 (2026-08-27 11:22),YbYag15.opju Book11 (2026-08-27 10:35),16,16.8,0.00123311,0.10545,0.0116937885254,0.00661138,0.10535,0.0627563360228,0.186336380778,0.99907968118
YbYag15,YbYag15.opju Book12 (2026-08-27 11:22),YbYag15.opju Book11 (2026-08-27 10:35),16.1,16.8,0.00122441,0.1058,0.0115728733459,0.00658849,0.10515,0.0626580123633,0.184699017881,0.99030063334
YbYag15,YbYag15.opju Book12 (2026-08-27 11:22),YbYag15.opju Book11 (2026-08-27 10:35),16.2,16.8,0.0012374,0.10505,0.0117791527844,0.00655702,0.1052,0.0623290874525,0.188983238257,1.01327133562
YbYag15,YbYag15.opju Book12 (2026-08-27 11:22),YbYag15.opju Book11 (2026-08-27 10:35),16.3,16.8,0.00122584,0.10555,0.011613832307,0.0065966,0.1051,0.0627649857279,0.185036803121,0.992111736291
YbYag15,YbYag15.opju Book12 (2026-08-27 11:22),YbYag15.opju Book11 (2026-08-27 10:35),16.4,16.8,0.00123108,0.10565,0.0116524372929,0.00655749,0.10505,0.0624225606854,0.186670286591,1.00086998381
YbYag15,YbYag15.opju Book12 (2026-08-27 11:22),YbYag15.opju Book11 (2026-08-27 10:35),16.5,16.8,0.00123013,0.1056,0.0116489583333,0.0065656,0.10515,0.0624403233476,0.186561467154,1.00028652669
YbYag15,YbYag15.opju Book12 (2026-08-27 11:22),YbYag15.opju Book11 (2026-08-27 10:35),16.6,16.8,0.00122798,0.1056,0.0116285984848,0.00655892,0.1051,0.0624064700285,0.186336424404,0.999079915088
YbYag15,YbYag15.opju Book12 (2026-08-27 11:22),YbYag15.opju Book11 (2026-08-27 10:35),16.7,16.8,0.00123192,0.1057,0.01165487228,0.00658515,0.1052,0.0625964828897,0.186190529275,0.998297669247
YbYag15,YbYag15.opju Book12 (2026-08-27 11:22),YbYag15.opju Book11 (2026-08-27 10:35),16.8,16.8,0.00123323,0.1056,0.0116783143939,0.00658563,0.10525,0.0625713064133,0.186640092134,1.0007080902
YbYag15,YbYag15.opju Book12 (2026-08-27 11:22),YbYag15.opju Book11 (2026-08-27 10:35),16.9,16.8,0.0012343,0.10555,0.0116939838939,0.00660279,0.10515,0.0627940085592,0.18622770169,0.998496976566
YbYag15,YbYag15.opju Book12 (2026-08-27 11:22),YbYag15.opju Book11 (2026-08-27 10:35),17,16.8,0.00123335,0.1056,0.0116794507576,0.00659803,0.10525,0.0626891211401,0.186307457262,0.998924601976
YbYag15,YbYag15.opju Book12 (2026-08-27 11:22),YbYag15.opju Book11 (2026-08-27 10:35),17.1,16.8,0.00123144,0.1057,0.0116503311258,0.00658563,0.1054,0.0624822580645,0.18645822809,0.999732989853
YbYag15,YbYag15.opju Book12 (2026-08-27 11:22),YbYag15.opju Book11 (2026-08-27 10:35),17.2,16.8,0.0012281,0.1057,0.0116187322611,0.00659373,0.1053,0.0626185185185,0.185547862453,0.994851882864
YbYag15,YbYag15.opju Book12 (2026-08-27 11:22),YbYag15.opju Book11 (2026-08-27 10:35),17.3,16.8,0.00122917,0.1059,0.0116068932956,0.0065842,0.10535,0.0624983388704,0.185715228683,0.995749250293
YbYag15,YbYag15.opju Book12 (2026-08-27 11:22),YbYag15.opju Book11 (2026-08-27 10:35),17.4,16.8,0.00123168,0.1056,0.0116636363636,0.0065861,0.1053,0.0625460588794,0.186480756303,0.999853779359
YbYag15,YbYag15.opju Book12 (2026-08-27 11:22),YbYag15.opju Book11 (2026-08-27 10:35),17.5,16.8,0.00122703,0.10565,0.0116141031708,0.0065656,0.1054,0.0622922201139,0.186445484678,0.999664663504
YbYag15,YbYag15.opju Book12 (2026-08-27 11:22),YbYag15.opju Book11 (2026-08-27 10:35),17.6,16.8,0.00121761,0.106,0.0114868867925,0.00655511,0.1054,0.0621926944972,0.184698329689,0.99029694346
YbYag15,YbYag15.opju Book12 (2026-08-27 11:22),YbYag15.opju Book11 (2026-08-27 10:35),17.7,16.8,0.00122202,0.1057,0.0115612109745,0.00655702,0.1054,0.0622108159393,0.185839243545,0.996414180722
YbYag15,YbYag15.opju Book12 (2026-08-27 11:22),YbYag15.opju Book11 (2026-08-27 10:35),17.8,16.8,0.00123513,0.106,0.0116521698113,0.00659803,0.1053,0.062659354226,0.185960579314,0.997064746652
YbYag15,YbYag15.opju Book12 (2026-08-27 11:22),YbYag15.opju Book11 (2026-08-27 10:35),17.9,16.8,0.00124086,0.10565,0.0117450070989,0.00661853,0.10535,0.0628242050308,0.18695034968,1.00237159794
YbYag15,YbYag15.opju Book12 (2026-08-27 11:22),YbYag15.opju Book11 (2026-08-27 10:35),18,16.8,0.00123442,0.10565,0.0116840511122,0.00660756,0.1056,0.0625715909091,0.186730926007,1.00119511414
YbYag15,YbYag15.opju Book12 (2026-08-27 11:22),YbYag15.opju Book11 (2026-08-27 10:35),18.1,16.8,0.00124706,0.10575,0.0117925295508,0.00661853,0.10535,0.0628242050308,0.187706785068,1.00642737719
YbYag15,YbYag15.opju Book12 (2026-08-27 11:22),YbYag15.opju Book11 (2026-08-27 10:35),18.2,16.8,0.00124169,0.10595,0.0117195847098,0.00660756,0.10555,0.0626012316438,0.18721012993,1.00376446157
YbYag15,YbYag15.opju Book12 (2026-08-27 11:22),YbYag15.opju Book11 (2026-08-27 10:35),18.3,16.8,0.00123752,0.10575,0.0117023167849,0.0066047,0.1053,0.062722697056,0.186572282988,1.00034451794
YbYag15,YbYag15.opju Book12 (2026-08-27 11:22),YbYag15.opju Book11 (2026-08-27 10:35),18.4,16.8,0.0012399,0.10565,0.0117359204922,0.00662187,0.10555,0.0627368072004,0.187065950849,1.00299141667
YbYag15,YbYag15.opju Book12 (2026-08-27 11:22),YbYag15.opju Book11 (2026-08-27 10:35),18.5,16.8,0.00124181,0.10575,0.0117428841608,0.00663522,0.10565,0.0628037860861,0.186977328798,1.00251625186
YbYag15,YbYag15.opju Book12 (2026-08-27 11:22),YbYag15.opju Book11 (2026-08-27 10:35),18.6,16.8,0.001238,0.10585,0.0116957959376,0.00661853,0.10565,0.0626458116422,0.186697173059,1.00101414097
YbYag15,YbYag15.opju Book12 (2026-08-27 11:22),YbYag15.opju Book11 (2026-08-27 10:35),18.7,16.8,0.00124622,0.1061,0.0117457115928,0.00663856,0.10545,0.0629545756283,0.18657439075,1.00035581913
YbYag15,YbYag15.opju Book12 (2026-08-27 11:22),YbYag15.opju Book11 (2026-08-27 10:35),18.8,16.8,0.00124765,0.10585,0.011786962683,0.00666144,0.10535,0.0632315140009,0.186409622943,0.999472383656
YbYag15,YbYag15.opju Book12 (2026-08-27 11:22),YbYag15.opju Book11 (2026-08-27 10:35),18.9,16.8,0.00124503,0.1059,0.0117566572238,0.00666621,0.1056,0.0631269886364,0.186238207742,0.998553306859
YbYag15,YbYag15.opju Book12 (2026-08-27 11:22),YbYag15.opju Book11 (2026-08-27 10:35),19,16.8,0.00125182,0.10575,0.0118375413712,0.0066891,0.1058,0.0632240075614,0.187231746733,1.00388036438
YbYag15,YbYag15.opju Book12 (2026-08-27 11:22),YbYag15.opju Book11 (2026-08-27 10:35),19.1,16.8,0.00125325,0.10575,0.0118510638298,0.00673011,0.10565,0.0637019403691,0.186039291129,0.997486775752
YbYag15,YbYag15.opju Book12 (2026-08-27 11:22),YbYag15.opju Book11 (2026-08-27 10:35),19.2,16.8,0.00122059,0.1057,0.0115476821192,0.00648549,0.1056,0.061415625,0.188025150264,1.0081343557
YbYag15,YbYag15.opju Book12 (2026-08-27 11:22),YbYag15.opju Book11 (2026-08-27 10:35),19.3,16.8,0.0011108,0.10575,0.0105040189125,0.00585702,0.1057,0.055411731315,0.189563088235,1.01638031696
YbYag15,YbYag15.opju Book12 (2026-08-27 11:22),YbYag15.opju Book11 (2026-08-27 10:35),19.4,16.8,0.000898365,0.10575,0.00849517730496,0.00474265,0.10535,0.045018035121,0.188706088174,1.01178534016
YbYag15,YbYag15.opju Book12 (2026-08-27 11:22),YbYag15.opju Book11 (2026-08-27 10:35),15.2,16.9,0.00087345,0.10565,0.00826739233318,0.00473121,0.1052,0.0449734790875,0.183828169422,0.985631405582
YbYag15,YbYag15.opju Book12 (2026-08-27 11:22),YbYag15.opju Book11 (2026-08-27 10:35),15.3,16.9,0.00109399,0.1053,0.0103892687559,0.00583413,0.1052,0.0554575095057,0.187337456162,1.00444714657
YbYag15,YbYag15.opju Book12 (2026-08-27 11:22),YbYag15.opju Book11 (2026-08-27 10:35),15.4,16.9,0.00118078,0.10535,0.0112081632653,0.00633624,0.105,0.0603451428571,0.185734306601,0.995851540359
YbYag15,YbYag15.opju Book12 (2026-08-27 11:22),YbYag15.opju Book11 (2026-08-27 10:35),15.5,16.9,0.00121797,0.10535,0.011561177029,0.00650457,0.1053,0.0617717948718,0.187159480358,1.00349289379
YbYag15,YbYag15.opju Book12 (2026-08-27 11:22),YbYag15.opju Book11 (2026-08-27 10:35),15.6,16.9,0.00122727,0.1053,0.011654985755,0.00656608,0.10515,0.0624448882549,0.186644352816,1.0007309347
YbYag15,YbYag15.opju Book12 (2026-08-27 11:22),YbYag15.opju Book11 (2026-08-27 10:35),15.7,16.9,0.00124157,0.1054,0.011779601518,0.00659993,0.1053,0.0626773979107,0.18794018116,1.0076787769
YbYag15,YbYag15.opju Book12 (2026-08-27 11:22),YbYag15.opju Book11 (2026-08-27 10:35),15.8,16.9,0.00124086,0.1056,0.0117505681818,0.00661233,0.10505,0.0629445978106,0.186681122614,1.00092808331
YbYag15,YbYag15.opju Book12 (2026-08-27 11:22),YbYag15.opju Book11 (2026-08-27 10:35),15.9,16.9,0.00123752,0.1054,0.0117411764706,0.00660852,0.1052,0.0628186311787,0.186905958476,1.00213358564
YbYag15,YbYag15.opju Book12 (2026-08-27 11:22),YbYag15.opju Book11 (2026-08-27 10:35),16,16.9,0.00123561,0.1056,0.0117008522727,0.00658658,0.1053,0.062550617284,0.187062139124,1.00297097935
YbYag15,YbYag15.opju Book12 (2026-08-27 11:22),YbYag15.opju Book11 (2026-08-27 10:35),16.1,16.9,0.00123323,0.1056,0.0116783143939,0.0065861,0.1051,0.0626650808754,0.186360796647,0.999210591731
YbYag15,YbYag15.opju Book12 (2026-08-27 11:22),YbYag15.opju Book11 (2026-08-27 10:35),16.2,16.9,0.00121606,0.1057,0.0115048249763,0.0065718,0.1051,0.062529019981,0.183991768619,0.986508575316
YbYag15,YbYag15.opju Book12 (2026-08-27 11:22),YbYag15.opju Book11 (2026-08-27 10:35),16.3,16.9,0.00122882,0.1056,0.0116365530303,0.00659564,0.10525,0.0626664133017,0.185690426773,0.995616269904
YbYag15,YbYag15.opju Book12 (2026-08-27 11:22),YbYag15.opju Book11 (2026-08-27 10:35),16.4,16.9,0.00123406,0.10565,0.0116806436346,0.00662234,0.1053,0.0628902184236,0.185730689563,0.995832146889
YbYag15,YbYag15.opju Book12 (2026-08-27 11:22),YbYag15.opju Book11 (2026-08-27 10:35),16.5,16.9,0.00124038,0.10565,0.0117404637956,0.00661233,0.10545,0.0627058321479,0.187230810811,1.00387534624
YbYag15,YbYag15.opju Book12 (2026-08-27 11:22),YbYag15.opju Book11 (2026-08-27 10:35),16.6,16.9,0.00123359,0.10575,0.0116651536643,0.00662616,0.1053,0.0629264957265,0.185377455548,0.993938212241
YbYag15,YbYag15.opju Book12 (2026-08-27 11:22),YbYag15.opju Book11 (2026-08-27 10:35),16.7,16.9,0.00123657,0.1059,0.0116767705382,0.00657848,0.10545,0.0623848269322,0.187173245682,1.00356669932
YbYag15,YbYag15.opju Book12 (2026-08-27 11:22),YbYag15.opju Book11 (2026-08-27 10:35),16.8,16.9,0.00123359,0.1058,0.0116596408318,0.00659946,0.1054,0.0626134724858,0.186216166727,0.998435129562
YbYag15,YbYag15.opju Book12 (2026-08-27 11:22),YbYag15.opju Book11 (2026-08-27 10:35),16.9,16.9,0.00123525,0.10585,0.011669815777,0.00658324,0.1054,0.0624595825427,0.186837876622,1.0017685512
YbYag15,YbYag15.opju Book12 (2026-08-27 11:22),YbYag15.opju Book11 (2026-08-27 10:35),17,16.9,0.00123537,0.10565,0.0116930430667,0.00657848,0.10525,0.0625033729216,0.187078593044,1.00305920032
YbYag15,YbYag15.opju Book12 (2026-08-27 11:22),YbYag15.opju Book11 (2026-08-27 10:35),17.1,16.9,0.00122977,0.10565,0.0116400378609,0.00657418,0.10525,0.0624625178147,0.186352364076,0.999165378818
YbYag15,YbYag15.opju Book12 (2026-08-27 11:22),YbYag15.opju Book11 (2026-08-27 10:35),17.2,16.9,0.00122727,0.10575,0.0116053900709,0.00658849,0.1054,0.0625093927894,0.185658339539,0.995444227802
YbYag15,YbYag15.opju Book12 (2026-08-27 11:22),YbYag15.opju Book11 (2026-08-27 10:35),17.3,16.9,0.00123049,0.1058,0.0116303402647,0.00659326,0.1053,0.0626140550807,0.185746478961,0.995916804895
YbYag15,YbYag15.opju Book12 (2026-08-27 11:22),YbYag15.opju Book11 (2026-08-27 10:35),17.4,16.9,0.00123585,0.1058,0.0116810018904,0.00658372,0.10545,0.0624345187293,0.187092046646,1.00313133449
YbYag15,YbYag15.opju Book12 (2026-08-27 11:22),YbYag15.opju Book11 (2026-08-27 10:35),17.5,16.9,0.00122131,0.10565,0.0115599621391,0.0065985,0.1055,0.0625450236967,0.18482624925,0.990982809705
YbYag15,YbYag15.opju Book12 (2026-08-27 11:22),YbYag15.opju Book11 (2026-08-27 10:35),17.6,16.9,0.00122965,0.1059,0.0116114258735,0.00660232,0.1053,0.0627000949668,0.185189924826,0.992932728865
YbYag15,YbYag15.opju Book12 (2026-08-27 11:22),YbYag15.opju Book11 (2026-08-27 10:35),17.7,16.9,0.00123513,0.1057,0.0116852412488,0.00657752,0.10545,0.0623757230915,0.18733636533,1.00444129786
YbYag15,YbYag15.opju Book12 (2026-08-27 11:22),YbYag15.opju Book11 (2026-08-27 10:35),17.8,16.9,0.00123788,0.10555,0.0117279014685,0.00660709,0.1057,0.0625079470199,0.187622566852,1.00597582442
YbYag15,YbYag15.opju Book12 (2026-08-27 11:22),YbYag15.opju Book11 (2026-08-27 10:35),17.9,16.9,0.00123883,0.1056,0.011731344697,0.00663188,0.10525,0.063010736342,0.186180092125,0.998241708382
YbYag15,YbYag15.opju Book12 (2026-08-27 11:22),YbYag15.opju Book11 (2026-08-27 10:35),18,16.9,0.00124026,0.1056,0.0117448863636,0.00662187,0.10535,0.0628559088752,0.186854133108,1.00185571359
YbYag15,YbYag15.opju Book12 (2026-08-27 11:22),YbYag15.opju Book11 (2026-08-27 10:35),18.1,16.9,0.00123883,0.1055,0.011742464455,0.00661376,0.1055,0.0626896682464,0.187311000097,1.0043052971
YbYag15,YbYag15.opju Book12 (2026-08-27 11:22),YbYag15.opju Book11 (2026-08-27 10:35),18.2,16.9,0.00124324,0.10545,0.0117898530109,0.00662854,0.10575,0.0626812293144,0.188092242923,1.00849408638
YbYag15,YbYag15.opju Book12 (2026-08-27 11:22),YbYag15.opju Book11 (2026-08-27 10:35),18.3,16.9,0.00123478,0.1057,0.0116819299905,0.00663283,0.10575,0.0627217966903,0.186249925974,0.998616136495
YbYag15,YbYag15.opju Book12 (2026-08-27 11:22),YbYag15.opju Book11 (2026-08-27 10:35),18.4,16.9,0.00123597,0.1057,0.0116931882687,0.00662425,0.10545,0.0628188715031,0.18614132965,0.998033875641
YbYag15,YbYag15.opju Book12 (2026-08-27 11:22),YbYag15.opju Book11 (2026-08-27 10:35),18.5,16.9,0.00124062,0.10565,0.0117427354472,0.00664189,0.10525,0.0631058432304,0.186080002201,0.997705056287
YbYag15,YbYag15.opju Book12 (2026-08-27 11:22),YbYag15.opju Book11 (2026-08-27 10:35),18.6,16.9,0.00124634,0.10585,0.0117745866793,0.00661615,0.1055,0.0627123222749,0.187755551894,1.00668885025
YbYag15,YbYag15.opju Book12 (2026-08-27 11:22),YbYag15.opju Book11 (2026-08-27 10:35),18.7,16.9,0.0012461,0.10605,0.0117501178689,0.00666574,0.1056,0.0631225378788,0.186147741579,0.998068254479
YbYag15,YbYag15.opju Book12 (2026-08-27 11:22),YbYag15.opju Book11 (2026-08-27 10:35),18.8,16.9,0.00124872,0.10605,0.0117748231966,0.00664952,0.1055,0.0630286255924,0.186817070592,1.00165699552
YbYag15,YbYag15.opju Book12 (2026-08-27 11:22),YbYag15.opju Book11 (2026-08-27 10:35),18.9,16.9,0.00125147,0.1059,0.0118174693107,0.00668004,0.10555,0.0632879204169,0.186725511486,1.0011660831
YbYag15,YbYag15.opju Book12 (2026-08-27 11:22),YbYag15.opju Book11 (2026-08-27 10:35),19,16.9,0.00125814,0.10565,0.0119085660199,0.00669816,0.10575,0.0633395744681,0.188011462343,1.00806096518
YbYag15,YbYag15.opju Book12 (2026-08-27 11:22),YbYag15.opju Book11 (2026-08-27 10:35),19.1,16.9,0.00124169,0.10585,0.0117306565895,0.00666526,0.10555,0.0631478919943,0.18576481683,0.996015127037
YbYag15,YbYag15.opju Book12 (2026-08-27 11:22),YbYag15.opju Book11 (2026-08-27 10:35),19.2,16.9,0.00119627,0.1058,0.011306899811,0.00634149,0.10565,0.0600235683862,0.188374335532,1.01000658218
YbYag15,YbYag15.opju Book12 (2026-08-27 11:22),YbYag15.opju Book11 (2026-08-27 10:35),19.3,16.9,0.00108863,0.10575,0.0102943735225,0.0057421,0.1054,0.0544791271347,0.188959957032,1.01314650869
YbYag15,YbYag15.opju Book12 (2026-08-27 11:22),YbYag15.opju Book11 (2026-08-27 10:35),19.4,16.9,0.000875715,0.10585,0.00827316957959,0.00462392,0.1056,0.0437871212121,0.188940705636,1.01304328849
YbYag15,YbYag15.opju Book12 (2026-08-27 11:22),YbYag15.opju Book11 (2026-08-27 10:35),15.2,17,0.000877265,0.10555,0.00831136901942,0.00471786,0.1051,0.0448892483349,0.18515277773,0.992733557297
YbYag15,YbYag15.opju Book12 (2026-08-27 11:22),YbYag15.opju Book11 (2026-08-27 10:35),15.3,17,0.00113142,0.10555,0.0107192799621,0.00601295,0.10485,0.0573481163567,0.186915990325,1.0021873734
YbYag15,YbYag15.opju Book12 (2026-08-27 11:22),YbYag15.opju Book11 (2026-08-27 10:35),15.4,17,0.00121117,0.10565,0.0114639848557,0.00640586,0.1052,0.0608922053232,0.188266869213,1.00943038007
YbYag15,YbYag15.opju Book12 (2026-08-27 11:22),YbYag15.opju Book11 (2026-08-27 10:35),15.5,17,0.00121558,0.1056,0.0115111742424,0.0064936,0.1053,0.0616676163343,0.186664815776,1.00084065095
YbYag15,YbYag15.opju Book12 (2026-08-27 11:22),YbYag15.opju Book11 (2026-08-27 10:35),15.6,17,0.00122584,0.1054,0.0116303605313,0.0065389,0.10525,0.0621273159145,0.187202044062,1.00372110758
YbYag15,YbYag15.opju Book12 (2026-08-27 11:22),YbYag15.opju Book11 (2026-08-27 10:35),15.7,17,0.00122286,0.1056,0.0115801136364,0.00655177,0.1053,0.0622200379867,0.186115502515,0.997895398304
YbYag15,YbYag15.opju Book12 (2026-08-27 11:22),YbYag15.opju Book11 (2026-08-27 10:35),15.8,17,0.00122774,0.10555,0.0116318332544,0.00656942,0.10535,0.0623580446132,0.186533001901,1.00013390456
YbYag15,YbYag15.opju Book12 (2026-08-27 11:22),YbYag15.opju Book11 (2026-08-27 10:35),15.9,17,0.00123204,0.1055,0.0116781042654,0.00658658,0.10545,0.062461640588,0.186964417768,1.0024470268
YbYag15,YbYag15.opju Book12 (2026-08-27 11:22),YbYag15.opju Book11 (2026-08-27 10:35),16,17,0.00122858,0.1056,0.011634280303,0.00655606,0.1052,0.0623199619772,0.186686254835,1.00095560074
YbYag15,YbYag15.opju Book12 (2026-08-27 11:22),YbYag15.opju Book11 (2026-08-27 10:35),16.1,17,0.00122774,0.1056,0.0116263257576,0.00656798,0.10515,0.0624629576795,0.186131528021,0.997981322251
YbYag15,YbYag15.opju Book12 (2026-08-27 11:22),YbYag15.opju Book11 (2026-08-27 10:35),16.2,17,0.00122572,0.10545,0.0116237079184,0.00656465,0.1052,0.0624016159696,0.186272546597,0.998737421479
YbYag15,YbYag15.opju Book12 (2026-08-27 11:22),YbYag15.opju Book11 (2026-08-27 10:35),16.3,17,0.00123728,0.1055,0.0117277725118,0.00658086,0.1053,0.0624962962963,0.187655480514,1.00615229758
YbYag15,YbYag15.opju Book12 (2026-08-27 11:22),YbYag15.opju Book11 (2026-08-27 10:35),16.4,17,0.00122798,0.1055,0.0116396208531,0.00659755,0.1056,0.0624767992424,0.186303091615,0.998901194691
YbYag15,YbYag15.opju Book12 (2026-08-27 11:22),YbYag15.opju Book11 (2026-08-27 10:35),16.5,17,0.00123752,0.1056,0.0117189393939,0.00661233,0.1052,0.0628548479087,0.186444479365,0.999659273318
YbYag15,YbYag15.opju Book12 (2026-08-27 11:22),YbYag15.opju Book11 (2026-08-27 10:35),16.6,17,0.00123323,0.10595,0.0116397357244,0.00662187,0.1052,0.0629455323194,0.184917583433,0.99147251615
YbYag15,YbYag15.opju Book12 (2026-08-27 11:22),YbYag15.opju Book11 (2026-08-27 10:35),16.7,17,0.00123251,0.10555,0.0116770251066,0.00659278,0.1056,0.0624316287879,0.187037008858,1.00283623841
YbYag15,YbYag15.opju Book12 (2026-08-27 11:22),YbYag15.opju Book11 (2026-08-27 10:35),16.8,17,0.00122405,0.10555,0.0115968735197,0.00657371,0.10505,0.0625769633508,0.185321768567,0.993639635383
YbYag15,YbYag15.opju Book12 (2026-08-27 11:22),YbYag15.opju Book11 (2026-08-27 10:35),16.9,17,0.00122989,0.10555,0.0116522027475,0.00658324,0.1053,0.0625188983856,0.186378887799,0.999307591049
YbYag15,YbYag15.opju Book12 (2026-08-27 11:22),YbYag15.opju Book11 (2026-08-27 10:35),17,17,0.00123466,0.10535,0.0117196013289,0.00656798,0.1053,0.0623739791073,0.187892475302,1.00742299242
YbYag15,YbYag15.opju Book12 (2026-08-27 11:22),YbYag15.opju Book11 (2026-08-27 10:35),17.1,17,0.00123013,0.1054,0.0116710626186,0.00654653,0.1052,0.0622293726236,0.187549096617,1.0055818991
YbYag15,YbYag15.opju Book12 (2026-08-27 11:22),YbYag15.opju Book11 (2026-08-27 10:35),17.2,17,0.00123406,0.1056,0.0116861742424,0.00655177,0.10535,0.062190507831,0.187909291144,1.00751315391
YbYag15,YbYag15.opju Book12 (2026-08-27 11:22),YbYag15.opju Book11 (2026-08-27 10:35),17.3,17,0.00123502,0.10565,0.0116897302414,0.0065594,0.1051,0.0624110371075,0.18730229112,1.00425860218
YbYag15,YbYag15.opju Book12 (2026-08-27 11:22),YbYag15.opju Book11 (2026-08-27 10:35),17.4,17,0.0012337,0.10545,0.0116993835941,0.00653413,0.10515,0.0621410366144,0.188271458468,1.00945498628
YbYag15,YbYag15.opju Book12 (2026-08-27 11:22),YbYag15.opju Book11 (2026-08-27 10:35),17.5,17,0.00123263,0.1057,0.011661589404,0.00656655,0.10525,0.062390023753,0.186914328646,1.00217846398
YbYag15,YbYag15.opju Book12 (2026-08-27 11:22),YbYag15.opju Book11 (2026-08-27 10:35),17.6,17,0.0012349,0.1055,0.0117052132701,0.00658897,0.10545,0.062484305358,0.187330453672,1.00440960132
YbYag15,YbYag15.opju Book12 (2026-08-27 11:22),YbYag15.opju Book11 (2026-08-27 10:35),17.7,17,0.00123466,0.1055,0.0117029383886,0.00654843,0.1053,0.0621883190883,0.188185475346,1.00899397061
YbYag15,YbYag15.opju Book12 (2026-08-27 11:22),YbYag15.opju Book11 (2026-08-27 10:35),17.8,17,0.00124348,0.10535,0.0118033222591,0.00656655,0.1056,0.0621832386364,0.189815173959,1.01773192487
YbYag15,YbYag15.opju Book12 (2026-08-27 11:22),YbYag15.opju Book11 (2026-08-27 10:35),17.9,17,0.00123359,0.1057,0.0116706717124,0.00660518,0.10525,0.0627570546318,0.185965893092,0.997093237532
YbYag15,YbYag15.opju Book12 (2026-08-27 11:22),YbYag15.opju Book11 (2026-08-27 10:35),18,17,0.00123978,0.1054,0.0117626185958,0.00660756,0.1054,0.0626903225806,0.187630532299,1.00601853275
YbYag15,YbYag15.opju Book12 (2026-08-27 11:22),YbYag15.opju Book11 (2026-08-27 10:35),18.1,17,0.00123215,0.10555,0.0116736144008,0.00659135,0.1053,0.0625959164292,0.186491628635,0.999912073538
YbYag15,YbYag15.opju Book12 (2026-08-27 11:22),YbYag15.opju Book11 (2026-08-27 10:35),18.2,17,0.00123931,0.10575,0.0117192434988,0.00657848,0.10545,0.0623848269322,0.187854067649,1.00721706213
YbYag15,YbYag15.opju Book12 (2026-08-27 11:22),YbYag15.opju Book11 (2026-08-27 10:35),18.3,17,0.00124086,0.1058,0.0117283553875,0.00659898,0.1056,0.0624903409091,0.187682691707,1.00629819582
YbYag15,YbYag15.opju Book12 (2026-08-27 11:22),YbYag15.opju Book11 (2026-08-27 10:35),18.4,17,0.0012318,0.1057,0.0116537369915,0.00660327,0.10535,0.0626793545325,0.18592624443,0.99688065332
YbYag15,YbYag15.opju Book12 (2026-08-27 11:22),YbYag15.opju Book11 (2026-08-27 10:35),18.5,17,0.00123859,0.10585,0.011701369863,0.00661281,0.10545,0.0627103840683,0.18659381595,1.00045997121
YbYag15,YbYag15.opju Book12 (2026-08-27 11:22),YbYag15.opju Book11 (2026-08-27 10:35),18.6,17,0.0012467,0.1058,0.0117835538752,0.0066314,0.10555,0.062827096163,0.187555284182,1.00561507496
YbYag15,YbYag15.opju Book12 (2026-08-27 11:22),YbYag15.opju Book11 (2026-08-27 10:35),18.7,17,0.00123919,0.1059,0.0117015108593,0.00661042,0.10535,0.0627472235406,0.186486512056,0.999884639978
YbYag15,YbYag15.opju Book12 (2026-08-27 11:22),YbYag15.opju Book11 (2026-08-27 10:35),18.8,17,0.00124348,0.10595,0.0117364794714,0.00665143,0.1054,0.0631065464896,0.185978794979,0.997162413573
YbYag15,YbYag15.opju Book12 (2026-08-27 11:22),YbYag15.opju Book11 (2026-08-27 10:35),18.9,17,0.00124408,0.1064,0.011692481203,0.00667956,0.10545,0.0633433854908,0.184588826638,0.989709821002
YbYag15,YbYag15.opju Book12 (2026-08-27 11:22),YbYag15.opju Book11 (2026-08-27 10:35),19,17,0.00125683,0.10595,0.011862482303,0.00668576,0.1055,0.0633721327014,0.187187676938,1.00364407538
YbYag15,YbYag15.opju Book12 (2026-08-27 11:22),YbYag15.opju Book11 (2026-08-27 10:35),19.1,17,0.00124336,0.10585,0.0117464336325,0.00664285,0.10555,0.0629355755566,0.186642189709,1.00071933677
YbYag15,YbYag15.opju Book12 (2026-08-27 11:22),YbYag15.opju Book11 (2026-08-27 10:35),19.2,17,0.0011896,0.10595,0.0112279377065,0.00630382,0.1056,0.0596952651515,0.188087575757,1.00846906243
YbYag15,YbYag15.opju Book12 (2026-08-27 11:22),YbYag15.opju Book11 (2026-08-27 10:35),19.3,17,0.00107516,0.10595,0.0101478055687,0.0056496,0.10555,0.0535253434391,0.189588798814,1.01651816936
YbYag15,YbYag15.opju Book12 (2026-08-27 11:22),YbYag15.opju Book11 (2026-08-27 10:35),19.4,17,0.00085694,0.1055,0.00812265402844,0.00449875,0.1054,0.0426826375712,0.190303469763,1.02035002024
YbYag15,YbYag15.opju Book12 (2026-08-27 11:22),YbYag15.opju Book11 (2026-08-27 10:35),15.2,17.1,0.000863496,0.1057,0.00816930936613,0.00464562,0.1051,0.0442019029496,0.184818046758,0.990938830409
YbYag15,YbYag15.opju Book12 (2026-08-27 11:22),YbYag15.opju Book11 (2026-08-27 10:35),15.3,17.1,0.00114227,0.10545,0.0108323376008,0.00605634,0.10505,0.0576519752499,0.187891872808,1.00741976203
YbYag15,YbYag15.opju Book12 (2026-08-27 11:22),YbYag15.opju Book11 (2026-08-27 10:35),15.4,17.1,0.00121439,0.10555,0.0115053529133,0.00644115,0.10505,0.0613150880533,0.187643095339,1.006085892
YbYag15,YbYag15.opju Book12 (2026-08-27 11:22),YbYag15.opju Book11 (2026-08-27 10:35),15.5,17.1,0.00121451,0.10545,0.0115174016121,0.00651792,0.1051,0.0620163653663,0.185715521122,0.995750818266
YbYag15,YbYag15.opju Book12 (2026-08-27 11:22),YbYag15.opju Book11 (2026-08-27 10:35),15.6,17.1,0.00122131,0.1055,0.0115763981043,0.00648788,0.1051,0.0617305423406,0.187531125847,1.00548554523
YbYag15,YbYag15.opju Book12 (2026-08-27 11:22),YbYag15.opju Book11 (2026-08-27 10:35),15.7,17.1,0.00122822,0.10535,0.0116584717608,0.00651792,0.10525,0.0619279809976,0.188258547639,1.00938576229
YbYag15,YbYag15.opju Book12 (2026-08-27 11:22),YbYag15.opju Book11 (2026-08-27 10:35),15.8,17.1,0.00122715,0.10535,0.01164831514,0.00653699,0.10525,0.0621091686461,0.187545822846,1.00556434612
YbYag15,YbYag15.opju Book12 (2026-08-27 11:22),YbYag15.opju Book11 (2026-08-27 10:35),15.9,17.1,0.00122631,0.1055,0.0116237914692,0.00654987,0.1053,0.062201994302,0.186871684737,1.00194982015
YbYag15,YbYag15.opju Book12 (2026-08-27 11:22),YbYag15.opju Book11 (2026-08-27 10:35),16,17.1,0.00123549,0.10575,0.0116831205674,0.00656942,0.1052,0.0624469581749,0.187088705501,1.00311342027
YbYag15,YbYag15.opju Book12 (2026-08-27 11:22),YbYag15.opju Book11 (2026-08-27 10:35),16.1,17.1,0.00123883,0.1058,0.011709168242,0.00661471,0.105,0.0629972380952,0.185867961772,0.996568159222
YbYag15,YbYag15.opju Book12 (2026-08-27 11:22),YbYag15.opju Book11 (2026-08-27 10:35),16.2,17.1,0.00123835,0.10555,0.0117323543344,0.00657561,0.1053,0.0624464387464,0.18787867763,1.00734901345
YbYag15,YbYag15.opju Book12 (2026-08-27 11:22),YbYag15.opju Book11 (2026-08-27 10:35),16.3,17.1,0.0012349,0.1054,0.0117163187856,0.00658944,0.1051,0.0626968601332,0.186872496656,1.00195417342
YbYag15,YbYag15.opju Book12 (2026-08-27 11:22),YbYag15.opju Book11 (2026-08-27 10:35),16.4,17.1,0.00123442,0.1056,0.0116895833333,0.00658134,0.105,0.0626794285714,0.186497924434,0.999945829721
YbYag15,YbYag15.opju Book12 (2026-08-27 11:22),YbYag15.opju Book11 (2026-08-27 10:35),16.5,17.1,0.00123442,0.1056,0.0116895833333,0.00656846,0.1054,0.0623193548387,0.187575486998,1.00572339639
YbYag15,YbYag15.opju Book12 (2026-08-27 11:22),YbYag15.opju Book11 (2026-08-27 10:35),16.6,17.1,0.00122453,0.1058,0.0115740075614,0.00658324,0.10515,0.06260808369,0.18486442771,0.991187511139
YbYag15,YbYag15.opju Book12 (2026-08-27 11:22),YbYag15.opju Book11 (2026-08-27 10:35),16.7,17.1,0.00122894,0.10605,0.0115883074022,0.00656465,0.1054,0.0622832068311,0.186058297121,0.997588680168
YbYag15,YbYag15.opju Book12 (2026-08-27 11:22),YbYag15.opju Book11 (2026-08-27 10:35),16.8,17.1,0.00123132,0.106,0.0116162264151,0.00655225,0.10545,0.0621360834519,0.186948159101,1.00235985271
YbYag15,YbYag15.opju Book12 (2026-08-27 11:22),YbYag15.opju Book11 (2026-08-27 10:35),16.9,17.1,0.00122798,0.10565,0.0116230951254,0.00656226,0.105,0.0624977142857,0.185976323426,0.997149161852
YbYag15,YbYag15.opju Book12 (2026-08-27 11:22),YbYag15.opju Book11 (2026-08-27 10:35),17,17.1,0.0012287,0.1057,0.0116244087039,0.00657848,0.10515,0.0625628150262,0.185803798934,0.996224137369
YbYag15,YbYag15.opju Book12 (2026-08-27 11:22),YbYag15.opju Book11 (2026-08-27 10:35),17.1,17.1,0.00122679,0.1056,0.0116173295455,0.0065656,0.10525,0.0623809976247,0.186231865277,0.998519300468
YbYag15,YbYag15.opju Book12 (2026-08-27 11:22),YbYag15.opju Book11 (2026-08-27 10:35),17.2,17.1,0.00124002,0.1055,0.0117537440758,0.00655988,0.10545,0.062208440019,0.188941308803,1.01304652249
YbYag15,YbYag15.opju Book12 (2026-08-27 11:22),YbYag15.opju Book11 (2026-08-27 10:35),17.3,17.1,0.00123335,0.1058,0.0116573724008,0.00657657,0.10555,0.0623076267172,0.187093828075,1.00314088598
YbYag15,YbYag15.opju Book12 (2026-08-27 11:22),YbYag15.opju Book11 (2026-08-27 10:35),17.4,17.1,0.00123239,0.10575,0.0116538061466,0.00658754,0.10545,0.0624707444286,0.186548219542,1.00021549697
YbYag15,YbYag15.opju Book12 (2026-08-27 11:22),YbYag15.opju Book11 (2026-08-27 10:35),17.5,17.1,0.0012318,0.1058,0.0116427221172,0.00658658,0.1054,0.0624912713472,0.18630957358,0.99893594904
YbYag15,YbYag15.opju Book12 (2026-08-27 11:22),YbYag15.opju Book11 (2026-08-27 10:35),17.6,17.1,0.0012343,0.10605,0.0116388495992,0.00659755,0.10495,0.0628637446403,0.185144070971,0.992686874273
YbYag15,YbYag15.opju Book12 (2026-08-27 11:22),YbYag15.opju Book11 (2026-08-27 10:35),17.7,17.1,0.00123096,0.10555,0.0116623401232,0.00655845,0.10535,0.0622539155197,0.18733504593,1.00443422363
YbYag15,YbYag15.opju Book12 (2026-08-27 11:22),YbYag15.opju Book11 (2026-08-27 10:35),17.8,17.1,0.00123943,0.1057,0.0117259224219,0.00658467,0.1053,0.0625324786325,0.187517313856,1.00541148948
YbYag15,YbYag15.opju Book12 (2026-08-27 11:22),YbYag15.opju Book11 (2026-08-27 10:35),17.9,17.1,0.00123466,0.1059,0.0116587346553,0.00658515,0.10545,0.0624480796586,0.186694846648,1.00100166745
YbYag15,YbYag15.opju Book12 (2026-08-27 11:22),YbYag15.opju Book11 (2026-08-27 10:35),18,17.1,0.00123812,0.1055,0.0117357345972,0.00658372,0.10525,0.0625531591449,0.187612180706,1.00592013702
YbYag15,YbYag15.opju Book12 (2026-08-27 11:22),YbYag15.opju Book11 (2026-08-27 10:35),18.1,17.1,0.00123895,0.106,0.0116882075472,0.00657085,0.1054,0.0623420303605,0.187485192247,1.00523926307
YbYag15,YbYag15.opju Book12 (2026-08-27 11:22),YbYag15.opju Book11 (2026-08-27 10:35),18.2,17.1,0.00123931,0.10545,0.0117525841631,0.00660136,0.10545,0.0626018018018,0.187735557521,1.00658164643
YbYag15,YbYag15.opju Book12 (2026-08-27 11:22),YbYag15.opju Book11 (2026-08-27 10:35),18.3,17.1,0.00124574,0.1056,0.011796780303,0.0066109,0.10555,0.0626328754145,0.188348055633,1.00986567726
YbYag15,YbYag15.opju Book12 (2026-08-27 11:22),YbYag15.opju Book11 (2026-08-27 10:35),18.4,17.1,0.00125135,0.1057,0.0118386944182,0.00662282,0.1056,0.0627160984848,0.188766436437,1.01210890941
YbYag15,YbYag15.opju Book12 (2026-08-27 11:22),YbYag15.opju Book11 (2026-08-27 10:35),18.5,17.1,0.0012405,0.10595,0.0117083529967,0.00664666,0.1056,0.0629418560606,0.186018553146,0.997375584918
YbYag15,YbYag15.opju Book12 (2026-08-27 11:22),YbYag15.opju Book11 (2026-08-27 10:35),18.6,17.1,0.00124503,0.10605,0.0117400282885,0.00665,0.10555,0.063003315964,0.186339847496,0.99909826868
YbYag15,YbYag15.opju Book12 (2026-08-27 11:22),YbYag15.opju Book11 (2026-08-27 10:35),18.7,17.1,0.00124503,0.106,0.0117455660377,0.00664619,0.10555,0.0629672193273,0.186534615363,1.00014255545
YbYag15,YbYag15.opju Book12 (2026-08-27 11:22),YbYag15.opju Book11 (2026-08-27 10:35),18.8,17.1,0.00124181,0.10615,0.0116986340085,0.00667718,0.1055,0.0632908056872,0.184839391464,0.99105327431
YbYag15,YbYag15.opju Book12 (2026-08-27 11:22),YbYag15.opju Book11 (2026-08-27 10:35),18.9,17.1,0.00125731,0.10605,0.0118558227251,0.00668147,0.1057,0.0632116367077,0.187557597661,1.00562747914
YbYag15,YbYag15.opju Book12 (2026-08-27 11:22),YbYag15.opju Book11 (2026-08-27 10:35),19,17.1,0.00125159,0.1059,0.0118186024551,0.00669435,0.1058,0.0632736294896,0.186785593784,1.00148822633
YbYag15,YbYag15.opju Book12 (2026-08-27 11:22),YbYag15.opju Book11 (2026-08-27 10:35),19.1,17.1,0.00125755,0.10595,0.0118692779613,0.00669625,0.10555,0.0634414969209,0.187090130867,1.00312106266
YbYag15,YbYag15.opju Book12 (2026-08-27 11:22),YbYag15.opju Book11 (2026-08-27 10:35),19.2,17.1,0.00119484,0.10575,0.0112987234043,0.0063453,0.1055,0.0601450236967,0.187857992396,1.00723810544
YbYag15,YbYag15.opju Book12 (2026-08-27 11:22),YbYag15.opju Book11 (2026-08-27 10:35),19.3,17.1,0.00107122,0.10575,0.0101297399527,0.00565675,0.1056,0.0535677083333,0.189101611174,1.01390601563
YbYag15,YbYag15.opju Book12 (2026-08-27 11:22),YbYag15.opju Book11 (2026-08-27 10:35),19.4,17.1,0.000824098,0.10605,0.00777084394154,0.0043731,0.1059,0.0412946175637,0.188180552334,1.0089675749
YbYag15,YbYag15.opju Book12 (2026-08-27 11:22),YbYag15.opju Book11 (2026-08-27 10:35),15.2,17.2,0.000833277,0.10535,0.00790960607499,0.00447848,0.1049,0.0426928503337,0.185267697358,0.993349721812
YbYag15,YbYag15.opju Book12 (2026-08-27 11:22),YbYag15.opju Book11 (2026-08-27 10:35),15.3,17.2,0.0011325,0.1053,0.010754985755,0.00604966,0.1052,0.0575062737643,0.187022824659,1.002760187
YbYag15,YbYag15.opju Book12 (2026-08-27 11:22),YbYag15.opju Book11 (2026-08-27 10:35),15.4,17.2,0.00120295,0.1053,0.0114240265907,0.00644115,0.1049,0.0614027645377,0.186050688055,0.997547882644
YbYag15,YbYag15.opju Book12 (2026-08-27 11:22),YbYag15.opju Book11 (2026-08-27 10:35),15.5,17.2,0.00120772,0.10545,0.0114530109056,0.00652221,0.1054,0.0618805502846,0.185082563955,0.992357092133
YbYag15,YbYag15.opju Book12 (2026-08-27 11:22),YbYag15.opju Book11 (2026-08-27 10:35),15.6,17.2,0.00123263,0.10565,0.0116671083767,0.00654843,0.1052,0.0622474334601,0.187431155442,1.00494953395
YbYag15,YbYag15.opju Book12 (2026-08-27 11:22),YbYag15.opju Book11 (2026-08-27 10:35),15.7,17.2,0.0012343,0.10535,0.0117161841481,0.00652793,0.10535,0.061964214523,0.189079846138,1.01378931805
YbYag15,YbYag15.opju Book12 (2026-08-27 11:22),YbYag15.opju Book11 (2026-08-27 10:35),15.8,17.2,0.00123263,0.1054,0.0116947817837,0.00657466,0.10515,0.0625264859724,0.187037246726,1.00283751378
YbYag15,YbYag15.opju Book12 (2026-08-27 11:22),YbYag15.opju Book11 (2026-08-27 10:35),15.9,17.2,0.00124086,0.1055,0.0117617061611,0.00659755,0.1052,0.0627143536122,0.187544086539,1.00555503656
YbYag15,YbYag15.opju Book12 (2026-08-27 11:22),YbYag15.opju Book11 (2026-08-27 10:35),16,17.2,0.00124574,0.10535,0.011824774561,0.00659516,0.1053,0.0626320987654,0.188797354617,1.0122746834
YbYag15,YbYag15.opju Book12 (2026-08-27 11:22),YbYag15.opju Book11 (2026-08-27 10:35),16.1,17.2,0.00123978,0.10555,0.0117459024159,0.00660184,0.1053,0.0626955365622,0.187348303563,1.00450530708
YbYag15,YbYag15.opju Book12 (2026-08-27 11:22),YbYag15.opju Book11 (2026-08-27 10:35),16.2,17.2,0.00124443,0.10545,0.0118011379801,0.00658277,0.1054,0.0624551233397,0.188953881588,1.01311393398
YbYag15,YbYag15.opju Book12 (2026-08-27 11:22),YbYag15.opju Book11 (2026-08-27 10:35),16.3,17.2,0.00124133,0.10575,0.0117383451537,0.00654176,0.10545,0.0620366050261,0.189216433568,1.0145216588
YbYag15,YbYag15.opju Book12 (2026-08-27 11:22),YbYag15.opju Book11 (2026-08-27 10:35),16.4,17.2,0.00121916,0.10565,0.0115396119262,0.00653508,0.10535,0.0620320835311,0.186026508692,0.997418240168
YbYag15,YbYag15.opju Book12 (2026-08-27 11:22),YbYag15.opju Book11 (2026-08-27 10:35),16.5,17.2,0.00121296,0.10575,0.011470070922,0.00650361,0.1054,0.0617040796964,0.185888372024,0.996677592861
YbYag15,YbYag15.opju Book12 (2026-08-27 11:22),YbYag15.opju Book11 (2026-08-27 10:35),16.6,17.2,0.00121022,0.1056,0.0114604166667,0.00644115,0.1054,0.0611114800759,0.18753295866,1.00549537222
YbYag15,YbYag15.opju Book12 (2026-08-27 11:22),YbYag15.opju Book11 (2026-08-27 10:35),16.7,17.2,0.00120772,0.10565,0.0114313298628,0.00647691,0.10515,0.0615968616262,0.185582991747,0.995040235579
YbYag15,YbYag15.opju Book12 (2026-08-27 11:22),YbYag15.opju Book11 (2026-08-27 10:35),16.8,17.2,0.00122596,0.10555,0.0116149692089,0.00654224,0.10515,0.0622181645269,0.186681322042,1.00092915258
YbYag15,YbYag15.opju Book12 (2026-08-27 11:22),YbYag15.opju Book11 (2026-08-27 10:35),16.9,17.2,0.0012287,0.1057,0.0116244087039,0.00657323,0.10535,0.0623942097769,0.186305888727,0.998916191962
YbYag15,YbYag15.opju Book12 (2026-08-27 11:22),YbYag15.opju Book11 (2026-08-27 10:35),17,17.2,0.00122929,0.1057,0.0116299905393,0.00655797,0.1053,0.0622789173789,0.186740409576,1.00124596219
YbYag15,YbYag15.opju Book12 (2026-08-27 11:22),YbYag15.opju Book11 (2026-08-27 10:35),17.1,17.2,0.00123335,0.1056,0.0116794507576,0.00657704,0.1053,0.0624600189934,0.186990829427,1.00258863818
YbYag15,YbYag15.opju Book12 (2026-08-27 11:22),YbYag15.opju Book11 (2026-08-27 10:35),17.2,17.2,0.00123263,0.1058,0.0116505671078,0.00655368,0.10525,0.0622677434679,0.18710437313,1.0031974254
YbYag15,YbYag15.opju Book12 (2026-08-27 11:22),YbYag15.opju Book11 (2026-08-27 10:35),17.3,17.2,0.00123513,0.10565,0.011690771415,0.00654414,0.1054,0.0620886148008,0.188291709398,1.00956356568
YbYag15,YbYag15.opju Book12 (2026-08-27 11:22),YbYag15.opju Book11 (2026-08-27 10:35),17.4,17.2,0.00123239,0.10575,0.0116538061466,0.00656179,0.10545,0.0622265528687,0.187280278424,1.00414057672
YbYag15,YbYag15.opju Book12 (2026-08-27 11:22),YbYag15.opju Book11 (2026-08-27 10:35),17.5,17.2,0.00122941,0.1058,0.0116201323251,0.00654653,0.10565,0.0619643161382,0.187529420952,1.00547640409
YbYag15,YbYag15.opju Book12 (2026-08-27 11:22),YbYag15.opju Book11 (2026-08-27 10:35),17.6,17.2,0.00123478,0.1058,0.0116708884688,0.00655082,0.1054,0.0621519924099,0.18777979621,1.00681884099
YbYag15,YbYag15.opju Book12 (2026-08-27 11:22),YbYag15.opju Book11 (2026-08-27 10:35),17.7,17.2,0.00123299,0.10575,0.0116594799054,0.0065842,0.10565,0.0623208707998,0.187087884938,1.00310902066
YbYag15,YbYag15.opju Book12 (2026-08-27 11:22),YbYag15.opju Book11 (2026-08-27 10:35),17.8,17.2,0.00123394,0.1058,0.0116629489603,0.0065718,0.1053,0.0624102564103,0.186875517441,1.00197036996
YbYag15,YbYag15.opju Book12 (2026-08-27 11:22),YbYag15.opju Book11 (2026-08-27 10:35),17.9,17.2,0.00124157,0.10585,0.0117295229098,0.00655749,0.1054,0.0622152751423,0.18853123904,1.01084785164
YbYag15,YbYag15.opju Book12 (2026-08-27 11:22),YbYag15.opju Book11 (2026-08-27 10:35),18,17.2,0.00123668,0.10575,0.0116943735225,0.00658754,0.1055,0.0624411374408,0.187286362834,1.0041731995
YbYag15,YbYag15.opju Book12 (2026-08-27 11:22),YbYag15.opju Book11 (2026-08-27 10:35),18.1,17.2,0.00123204,0.1057,0.0116560075686,0.00658324,0.10545,0.0624299668089,0.186705330219,1.00105787721
YbYag15,YbYag15.opju Book12 (2026-08-27 11:22),YbYag15.opju Book11 (2026-08-27 10:35),18.2,17.2,0.00124002,0.10575,0.0117259574468,0.00659326,0.1053,0.0626140550807,0.18727356712,1.00410459273
YbYag15,YbYag15.opju Book12 (2026-08-27 11:22),YbYag15.opju Book11 (2026-08-27 10:35),18.3,17.2,0.00124658,0.1058,0.0117824196597,0.00660375,0.10545,0.0626244665718,0.188144032272,1.0087717653
YbYag15,YbYag15.opju Book12 (2026-08-27 11:22),YbYag15.opju Book11 (2026-08-27 10:35),18.4,17.2,0.00124753,0.10585,0.0117858290033,0.00662377,0.1054,0.0628441176471,0.187540687093,1.00553680976
YbYag15,YbYag15.opju Book12 (2026-08-27 11:22),YbYag15.opju Book11 (2026-08-27 10:35),18.5,17.2,0.00124622,0.10585,0.0117734529995,0.00662282,0.10555,0.0627458076741,0.187637285038,1.00605473891
YbYag15,YbYag15.opju Book12 (2026-08-27 11:22),YbYag15.opju Book11 (2026-08-27 10:35),18.6,17.2,0.0012461,0.10585,0.0117723193198,0.00663427,0.10545,0.0629138928402,0.18711796057,1.00327027717
YbYag15,YbYag15.opju Book12 (2026-08-27 11:22),YbYag15.opju Book11 (2026-08-27 10:35),18.7,17.2,0.00124634,0.10575,0.0117857210402,0.00663331,0.1055,0.0628749763033,0.187446926156,1.00503409179
YbYag15,YbYag15.opju Book12 (2026-08-27 11:22),YbYag15.opju Book11 (2026-08-27 10:35),18.8,17.2,0.00124503,0.10575,0.0117733333333,0.00665477,0.1054,0.0631382352941,0.186469154205,0.999791572397
YbYag15,YbYag15.opju Book12 (2026-08-27 11:22),YbYag15.opju Book11 (2026-08-27 10:35),18.9,17.2,0.00125421,0.10605,0.0118265912306,0.00669721,0.10555,0.0634505921364,0.18639055732,0.999370159517
YbYag15,YbYag15.opju Book12 (2026-08-27 11:22),YbYag15.opju Book11 (2026-08-27 10:35),19,17.2,0.00125576,0.10565,0.0118860388074,0.00670388,0.10555,0.063513784936,0.187141087866,1.00339427877
YbYag15,YbYag15.opju Book12 (2026-08-27 11:22),YbYag15.opju Book11 (2026-08-27 10:35),19.1,17.2,0.00125826,0.10605,0.0118647807638,0.00665191,0.1056,0.0629915719697,0.188355051204,1.00990318541
YbYag15,YbYag15.opju Book12 (2026-08-27 11:22),YbYag15.opju Book11 (2026-08-27 10:35),19.2,17.2,0.00118089,0.1061,0.0111299717248,0.00626233,0.1056,0.0593023674242,0.187681743718,1.00629311299
YbYag15,YbYag15.opju Book12 (2026-08-27 11:22),YbYag15.opju Book11 (2026-08-27 10:35),19.3,17.2,0.00105084,0.10585,0.00992763344355,0.00555995,0.10565,0.0526261239943,0.188644587327,1.0114555911
YbYag15,YbYag15.opju Book12 (2026-08-27 11:22),YbYag15.opju Book11 (2026-08-27 10:35),19.4,17.2,0.000782374,0.106,0.00738088679245,0.00414374,0.1055,0.0392771563981,0.187918053885,1.0075601371
YbYag15,YbYag15.opju Book12 (2026-08-27 11:22),YbYag15.opju Book11 (2026-08-27 10:35),15.2,17.3,0.000750486,0.1054,0.00712036053131,0.00410584,0.10505,0.0390846263684,0.182178037579,0.976783894493
YbYag15,YbYag15.opju Book12 (2026-08-27 11:22),YbYag15.opju Book11 (2026-08-27 10:35),15.3,17.3,0.00108732,0.1057,0.0102868495743,0.00585321,0.105,0.0557448571429,0.184534504195,0.98941856039
YbYag15,YbYag15.opju Book12 (2026-08-27 11:22),YbYag15.opju Book11 (2026-08-27 10:35),15.4,17.3,0.00120903,0.10535,0.0114763170384,0.00639918,0.1049,0.0610026692088,0.188128112872,1.00868641026
YbYag15,YbYag15.opju Book12 (2026-08-27 11:22),YbYag15.opju Book11 (2026-08-27 10:35),15.5,17.3,0.00122572,0.1053,0.0116402659069,0.00652221,0.1051,0.0620571836346,0.187573222392,1.00571125425
YbYag15,YbYag15.opju Book12 (2026-08-27 11:22),YbYag15.opju Book11 (2026-08-27 10:35),15.6,17.3,0.00123299,0.10545,0.0116926505453,0.00657848,0.1049,0.0627119161106,0.186450219838,0.999690052011
YbYag15,YbYag15.opju Book12 (2026-08-27 11:22),YbYag15.opju Book11 (2026-08-27 10:35),15.7,17.3,0.00123251,0.1054,0.0116936432638,0.00653508,0.105,0.0622388571429,0.187883322423,1.00737391743
YbYag15,YbYag15.opju Book12 (2026-08-27 11:22),YbYag15.opju Book11 (2026-08-27 10:35),15.8,17.3,0.00123931,0.1055,0.011747014218,0.00657371,0.1051,0.0625471931494,0.187810413649,1.0069830025
YbYag15,YbYag15.opju Book12 (2026-08-27 11:22),YbYag15.opju Book11 (2026-08-27 10:35),15.9,17.3,0.0012405,0.1055,0.0117582938389,0.00658086,0.1053,0.0624962962963,0.188143850688,1.0087707917
YbYag15,YbYag15.opju Book12 (2026-08-27 11:22),YbYag15.opju Book11 (2026-08-27 10:35),16,17.3,0.00123776,0.1056,0.0117212121212,0.00655225,0.1051,0.0623430066603,0.188011659192,1.00806202062
YbYag15,YbYag15.opju Book12 (2026-08-27 11:22),YbYag15.opju Book11 (2026-08-27 10:35),16.1,17.3,0.00123454,0.1057,0.0116796594134,0.00659993,0.10515,0.06276680932,0.186080183778,0.997706029847
YbYag15,YbYag15.opju Book12 (2026-08-27 11:22),YbYag15.opju Book11 (2026-08-27 10:35),16.2,17.3,0.00123752,0.1056,0.0117189393939,0.00659993,0.10505,0.0628265587815,0.186528430352,1.00010939328
YbYag15,YbYag15.opju Book12 (2026-08-27 11:22),YbYag15.opju Book11 (2026-08-27 10:35),16.3,17.3,0.00123657,0.10575,0.0116933333333,0.00657895,0.1053,0.0624781576448,0.187158741136,1.0034889303
YbYag15,YbYag15.opju Book12 (2026-08-27 11:22),YbYag15.opju Book11 (2026-08-27 10:35),16.4,17.3,0.00123406,0.1057,0.0116751182592,0.00655845,0.1052,0.0623426806084,0.187273279642,1.00410305136
YbYag15,YbYag15.opju Book12 (2026-08-27 11:22),YbYag15.opju Book11 (2026-08-27 10:35),16.5,17.3,0.0012163,0.1059,0.0114853635505,0.00647691,0.1057,0.0612763481552,0.187435509724,1.00497288031
YbYag15,YbYag15.opju Book12 (2026-08-27 11:22),YbYag15.opju Book11 (2026-08-27 10:35),16.6,17.3,0.00118256,0.10575,0.0111826004728,0.006331,0.1053,0.0601234567901,0.185993970903,0.997243782319
YbYag15,YbYag15.opju Book12 (2026-08-27 11:22),YbYag15.opju Book11 (2026-08-27 10:35),16.7,17.3,0.00119663,0.10575,0.0113156501182,0.00638726,0.1052,0.0607153992395,0.186371995572,0.999270637
YbYag15,YbYag15.opju Book12 (2026-08-27 11:22),YbYag15.opju Book11 (2026-08-27 10:35),16.8,17.3,0.00121368,0.10575,0.0114768794326,0.0064936,0.10545,0.0615798956852,0.186373804387,0.999280335323
YbYag15,YbYag15.opju Book12 (2026-08-27 11:22),YbYag15.opju Book11 (2026-08-27 10:35),16.9,17.3,0.00123394,0.10575,0.011668463357,0.00655988,0.1052,0.0623562737643,0.187125731744,1.00331194387
YbYag15,YbYag15.opju Book12 (2026-08-27 11:22),YbYag15.opju Book11 (2026-08-27 10:35),17,17.3,0.0012405,0.10555,0.0117527238276,0.00657418,0.1052,0.0624922053232,0.18806703599,1.00835893438
YbYag15,YbYag15.opju Book12 (2026-08-27 11:22),YbYag15.opju Book11 (2026-08-27 10:35),17.1,17.3,0.00123418,0.1055,0.0116983886256,0.00657752,0.10505,0.0626132317944,0.186835726097,1.00175702073
YbYag15,YbYag15.opju Book12 (2026-08-27 11:22),YbYag15.opju Book11 (2026-08-27 10:35),17.2,17.3,0.00122774,0.1055,0.0116373459716,0.00654748,0.10505,0.0623272727273,0.186713543885,1.00110191642
YbYag15,YbYag15.opju Book12 (2026-08-27 11:22),YbYag15.opju Book11 (2026-08-27 10:35),17.3,17.3,0.00123323,0.1055,0.0116893838863,0.00655797,0.10525,0.0623085035629,0.187604953062,1.00588138457
YbYag15,YbYag15.opju Book12 (2026-08-27 11:22),YbYag15.opju Book11 (2026-08-27 10:35),17.4,17.3,0.00122762,0.1057,0.0116141911069,0.00658181,0.10505,0.0626540694907,0.185370099681,0.993898772294
YbYag15,YbYag15.opju Book12 (2026-08-27 11:22),YbYag15.opju Book11 (2026-08-27 10:35),17.5,17.3,0.00123132,0.1056,0.0116602272727,0.00657275,0.1051,0.0625380589914,0.18645009872,0.999689402611
YbYag15,YbYag15.opju Book12 (2026-08-27 11:22),YbYag15.opju Book11 (2026-08-27 10:35),17.6,17.3,0.00123776,0.1055,0.0117323222749,0.00656846,0.105,0.0625567619048,0.187546828155,1.00556973628
YbYag15,YbYag15.opju Book12 (2026-08-27 11:22),YbYag15.opju Book11 (2026-08-27 10:35),17.7,17.3,0.00123466,0.10585,0.0116642418517,0.00655988,0.1053,0.0622970560304,0.187235843793,1.00390233159
YbYag15,YbYag15.opju Book12 (2026-08-27 11:22),YbYag15.opju Book11 (2026-08-27 10:35),17.8,17.3,0.00124372,0.1058,0.0117553875236,0.00656512,0.1054,0.0622876660342,0.188727372079,1.01189945806
YbYag15,YbYag15.opju Book12 (2026-08-27 11:22),YbYag15.opju Book11 (2026-08-27 10:35),17.9,17.3,0.00123835,0.10575,0.0117101654846,0.00659183,0.1051,0.0627196003806,0.186706634187,1.0010648687
YbYag15,YbYag15.opju Book12 (2026-08-27 11:22),YbYag15.opju Book11 (2026-08-27 10:35),18,17.3,0.00124431,0.10575,0.0117665248227,0.00660518,0.10545,0.0626380275012,0.187849542715,1.00719280079
YbYag15,YbYag15.opju Book12 (2026-08-27 11:22),YbYag15.opju Book11 (2026-08-27 10:35),18.1,17.3,0.00123752,0.1058,0.0116967863894,0.00660756,0.10535,0.0627200759374,0.18649190414,0.999913550714
YbYag15,YbYag15.opju Book12 (2026-08-27 11:22),YbYag15.opju Book11 (2026-08-27 10:35),18.2,17.3,0.00123883,0.1055,0.011742464455,0.00658754,0.10555,0.0624115585031,0.188145669434,1.00878054328
YbYag15,YbYag15.opju Book12 (2026-08-27 11:22),YbYag15.opju Book11 (2026-08-27 10:35),18.3,17.3,0.00124491,0.10575,0.0117721985816,0.0066109,0.1053,0.0627815764482,0.187510401102,1.00537442537
YbYag15,YbYag15.opju Book12 (2026-08-27 11:22),YbYag15.opju Book11 (2026-08-27 10:35),18.4,17.3,0.00123823,0.1059,0.0116924457035,0.00657418,0.1056,0.0622554924242,0.187813881928,1.00700159836
YbYag15,YbYag15.opju Book12 (2026-08-27 11:22),YbYag15.opju Book11 (2026-08-27 10:35),18.5,17.3,0.00123418,0.10595,0.011648702218,0.00658181,0.10585,0.0621805384979,0.187336785744,1.00444355199
YbYag15,YbYag15.opju Book12 (2026-08-27 11:22),YbYag15.opju Book11 (2026-08-27 10:35),18.6,17.3,0.00124121,0.106,0.0117095283019,0.00660756,0.10555,0.0626012316438,0.187049487597,1.00290314566
YbYag15,YbYag15.opju Book12 (2026-08-27 11:22),YbYag15.opju Book11 (2026-08-27 10:35),18.7,17.3,0.00124992,0.1058,0.0118139886578,0.00666049,0.10575,0.062983356974,0.187573181637,1.00571103574
YbYag15,YbYag15.opju Book12 (2026-08-27 11:22),YbYag15.opju Book11 (2026-08-27 10:35),18.8,17.3,0.00125004,0.106,0.0117928301887,0.00667909,0.1057,0.0631891201514,0.186627542217,1.00064080132
YbYag15,YbYag15.opju Book12 (2026-08-27 11:22),YbYag15.opju Book11 (2026-08-27 10:35),18.9,17.3,0.00127114,0.10595,0.0119975460123,0.00671533,0.1055,0.0636524170616,0.188485317073,1.01060163185
YbYag15,YbYag15.opju Book12 (2026-08-27 11:22),YbYag15.opju Book11 (2026-08-27 10:35),19,17.3,0.00126231,0.10615,0.0118917569477,0.00673202,0.1056,0.0637501893939,0.186536809706,1.00015432086
YbYag15,YbYag15.opju Book12 (2026-08-27 11:22),YbYag15.opju Book11 (2026-08-27 10:35),19.1,17.3,0.00124491,0.10595,0.011749976404,0.00661662,0.10575,0.0625685106383,0.187793768529,1.00689375636
YbYag15,YbYag15.opju Book12 (2026-08-27 11:22),YbYag15.opju Book11 (2026-08-27 10:35),19.2,17.3,0.00116885,0.10575,0.0110529550827,0.00616363,0.10565,0.0583400851869,0.189457301053,1.01581311788
YbYag15,YbYag15.opju Book12 (2026-08-27 11:22),YbYag15.opju Book11 (2026-08-27 10:35),19.3,17.3,0.00102783,0.1058,0.00971483931947,0.00535491,0.10575,0.0506374468085,0.191850891618,1.02864683124
YbYag15,YbYag15.opju Book12 (2026-08-27 11:22),YbYag15.opju Book11 (2026-08-27 10:35),19.4,17.3,0.00071967,0.1059,0.00679575070822,0.00381996,0.10595,0.0360543652666,0.188486211253,1.01060642618
YbYag15,YbYag15.opju Book12 (2026-08-27 11:22),YbYag15.opju Book11 (2026-08-27 10:35),15.2,17.4,0.000657801,0.1054,0.00624099620493,0.00359823,0.1051,0.0342362511893,0.182292043905,0.977395162153
YbYag15,YbYag15.opju Book12 (2026-08-27 11:22),YbYag15.opju Book11 (2026-08-27 10:35),15.3,17.4,0.00102723,0.1055,0.00973677725118,0.0054951,0.10495,0.0523592186756,0.185961087607,0.997067471968
YbYag15,YbYag15.opju Book12 (2026-08-27 11:22),YbYag15.opju Book11 (2026-08-27 10:35),15.4,17.4,0.00119651,0.10545,0.0113467045993,0.00633577,0.10485,0.0604269909394,0.187775436488,1.00679546547
YbYag15,YbYag15.opju Book12 (2026-08-27 11:22),YbYag15.opju Book11 (2026-08-27 10:35),15.5,17.4,0.00123108,0.1054,0.0116800759013,0.0065389,0.10525,0.0621273159145,0.188002261636,1.00801163375
YbYag15,YbYag15.opju Book12 (2026-08-27 11:22),YbYag15.opju Book11 (2026-08-27 10:35),15.6,17.4,0.00123418,0.1055,0.0116983886256,0.00656989,0.10535,0.0623625059326,0.187586891365,1.00578454317
YbYag15,YbYag15.opju Book12 (2026-08-27 11:22),YbYag15.opju Book11 (2026-08-27 10:35),15.7,17.4,0.00123978,0.10545,0.0117570412518,0.00657848,0.1048,0.0627717557252,0.187298269994,1.00423704211
YbYag15,YbYag15.opju Book12 (2026-08-27 11:22),YbYag15.opju Book11 (2026-08-27 10:35),15.8,17.4,0.00123049,0.1056,0.0116523674242,0.00659421,0.1052,0.0626826045627,0.1858947551,0.996711816996
YbYag15,YbYag15.opju Book12 (2026-08-27 11:22),YbYag15.opju Book11 (2026-08-27 10:35),15.9,17.4,0.00123776,0.10545,0.0117378852537,0.00656131,0.10525,0.0623402375297,0.188287464386,1.0095408052
YbYag15,YbYag15.opju Book12 (2026-08-27 11:22),YbYag15.opju Book11 (2026-08-27 10:35),16,17.4,0.00123978,0.10535,0.011768201234,0.00655416,0.10505,0.0623908614945,0.188620592056,1.01132693567
YbYag15,YbYag15.opju Book12 (2026-08-27 11:22),YbYag15.opju Book11 (2026-08-27 10:35),16.1,17.4,0.00123502,0.10545,0.0117119013751,0.00655034,0.1053,0.0622064577398,0.188274687237,1.00947229797
YbYag15,YbYag15.opju Book12 (2026-08-27 11:22),YbYag15.opju Book11 (2026-08-27 10:35),16.2,17.4,0.001238,0.1053,0.0117568850902,0.00654987,0.1051,0.0623203615604,0.188652388976,1.01149742119
YbYag15,YbYag15.opju Book12 (2026-08-27 11:22),YbYag15.opju Book11 (2026-08-27 10:35),16.3,17.4,0.00123442,0.10565,0.0116840511122,0.00655368,0.10525,0.0622677434679,0.187642115508,1.00608063843
YbYag15,YbYag15.opju Book12 (2026-08-27 11:22),YbYag15.opju Book11 (2026-08-27 10:35),16.4,17.4,0.00122214,0.10545,0.0115897581792,0.00652412,0.1053,0.0619574548908,0.18705994621,1.0029592216
YbYag15,YbYag15.opju Book12 (2026-08-27 11:22),YbYag15.opju Book11 (2026-08-27 10:35),16.5,17.4,0.00121618,0.1057,0.0115059602649,0.00648215,0.10515,0.0616466951973,0.186643586133,1.00072682398
YbYag15,YbYag15.opju Book12 (2026-08-27 11:22),YbYag15.opju Book11 (2026-08-27 10:35),16.6,17.4,0.00116862,0.1056,0.0110664772727,0.00627187,0.1054,0.0595054079696,0.185974311416,0.99713837406
YbYag15,YbYag15.opju Book12 (2026-08-27 11:22),YbYag15.opju Book11 (2026-08-27 10:35),16.7,17.4,0.00119258,0.10555,0.0112987209853,0.00634816,0.10535,0.060257807309,0.187506341334,1.00535265811
YbYag15,YbYag15.opju Book12 (2026-08-27 11:22),YbYag15.opju Book11 (2026-08-27 10:35),16.8,17.4,0.00120152,0.10585,0.0113511572981,0.00635865,0.10535,0.0603573801614,0.188065772036,1.00835215743
YbYag15,YbYag15.opju Book12 (2026-08-27 11:22),YbYag15.opju Book11 (2026-08-27 10:35),16.9,17.4,0.0012399,0.1055,0.0117526066351,0.00652936,0.10555,0.0618603505448,0.189986098229,1.01864836944
YbYag15,YbYag15.opju Book12 (2026-08-27 11:22),YbYag15.opju Book11 (2026-08-27 10:35),17,17.4,0.00124038,0.10565,0.0117404637956,0.00656274,0.1055,0.0622060663507,0.188735029947,1.01194051725
YbYag15,YbYag15.opju Book12 (2026-08-27 11:22),YbYag15.opju Book11 (2026-08-27 10:35),17.1,17.4,0.00123168,0.1058,0.0116415879017,0.00653937,0.1053,0.0621022792023,0.187458303483,1.00509509359
YbYag15,YbYag15.opju Book12 (2026-08-27 11:22),YbYag15.opju Book11 (2026-08-27 10:35),17.2,17.4,0.00123323,0.1059,0.0116452313503,0.00655654,0.10535,0.062235785477,0.187114716413,1.00325288297
YbYag15,YbYag15.opju Book12 (2026-08-27 11:22),YbYag15.opju Book11 (2026-08-27 10:35),17.3,17.4,0.0012287,0.10595,0.0115969797074,0.00652793,0.1054,0.0619348197343,0.18724490936,1.00395093843
YbYag15,YbYag15.opju Book12 (2026-08-27 11:22),YbYag15.opju Book11 (2026-08-27 10:35),17.4,17.4,0.00123752,0.10595,0.0116802265219,0.0065594,0.10525,0.0623220902613,0.187417117637,1.00487426746
YbYag15,YbYag15.opju Book12 (2026-08-27 11:22),YbYag15.opju Book11 (2026-08-27 10:35),17.5,17.4,0.00123215,0.10585,0.0116405290505,0.00654319,0.1053,0.0621385565052,0.187331822707,1.00441694168
YbYag15,YbYag15.opju Book12 (2026-08-27 11:22),YbYag15.opju Book11 (2026-08-27 10:35),17.6,17.4,0.00123537,0.10575,0.0116819858156,0.00652793,0.1055,0.0618761137441,0.18879637244,1.01226941726
YbYag15,YbYag15.opju Book12 (2026-08-27 11:22),YbYag15.opju Book11 (2026-08-27 10:35),17.7,17.4,0.00123359,0.10565,0.0116761949834,0.00653508,0.1054,0.0620026565465,0.188317656593,1.00970268674
YbYag15,YbYag15.opju Book12 (2026-08-27 11:22),YbYag15.opju Book11 (2026-08-27 10:35),17.8,17.4,0.00123776,0.1055,0.0117323222749,0.0065265,0.1053,0.0619800569801,0.189291892369,1.01492624622
YbYag15,YbYag15.opju Book12 (2026-08-27 11:22),YbYag15.opju Book11 (2026-08-27 10:35),17.9,17.4,0.0012349,0.10585,0.0116665092111,0.00657418,0.10535,0.0624032273374,0.18695361937,1.00238912903
YbYag15,YbYag15.opju Book12 (2026-08-27 11:22),YbYag15.opju Book11 (2026-08-27 10:35),18,17.4,0.00123263,0.1057,0.011661589404,0.00655654,0.10535,0.062235785477,0.187377556411,1.00466215206
YbYag15,YbYag15.opju Book12 (2026-08-27 11:22),YbYag15.opju Book11 (2026-08-27 10:35),18.1,17.4,0.00123704,0.1058,0.0116922495274,0.00658515,0.10555,0.0623889152061,0.187409085232,1.00483120012
YbYag15,YbYag15.opju Book12 (2026-08-27 11:22),YbYag15.opju Book11 (2026-08-27 10:35),18.2,17.4,0.00124682,0.1058,0.0117846880907,0.00660422,0.1053,0.0627181386515,0.187899200201,1.00745904931
YbYag15,YbYag15.opju Book12 (2026-08-27 11:22),YbYag15.opju Book11 (2026-08-27 10:35),18.3,17.4,0.00123883,0.10565,0.0117257927118,0.00658563,0.1055,0.0624230331754,0.187844007497,1.00716312262
YbYag15,YbYag15.opju Book12 (2026-08-27 11:22),YbYag15.opju Book11 (2026-08-27 10:35),18.4,17.4,0.0012337,0.1058,0.0116606805293,0.00655559,0.1055,0.0621382938389,0.187656915066,1.00615998922
YbYag15,YbYag15.opju Book12 (2026-08-27 11:22),YbYag15.opju Book11 (2026-08-27 10:35),18.5,17.4,0.00123382,0.1059,0.011650802644,0.00658277,0.1055,0.0623959241706,0.186723777216,1.00115678447
YbYag15,YbYag15.opju Book12 (2026-08-27 11:22),YbYag15.opju Book11 (2026-08-27 10:35),18.6,17.4,0.00123955,0.1063,0.0116608654751,0.00660327,0.1056,0.0625309659091,0.186481454517,0.999857522974
YbYag15,YbYag15.opju Book12 (2026-08-27 11:22),YbYag15.opju Book11 (2026-08-27 10:35),18.7,17.4,0.00125623,0.10575,0.0118792434988,0.00667098,0.1056,0.0631721590909,0.188045551549,1.00824374126
YbYag15,YbYag15.opju Book12 (2026-08-27 11:22),YbYag15.opju Book11 (2026-08-27 10:35),18.8,17.4,0.00125564,0.10605,0.0118400754361,0.0067015,0.10555,0.0634912363809,0.186483617441,0.99986911992
YbYag15,YbYag15.opju Book12 (2026-08-27 11:22),YbYag15.opju Book11 (2026-08-27 10:35),18.9,17.4,0.00125755,0.1061,0.0118524976437,0.00673917,0.1056,0.0638178977273,0.185723724312,0.995794801307
YbYag15,YbYag15.opju Book12 (2026-08-27 11:22),YbYag15.opju Book11 (2026-08-27 10:35),19,17.4,0.00126649,0.10575,0.0119762647754,0.00673392,0.1057,0.0637078524125,0.18798726251,1.00793121295
YbYag15,YbYag15.opju Book12 (2026-08-27 11:22),YbYag15.opju Book11 (2026-08-27 10:35),19.1,17.4,0.00123132,0.1059,0.0116271954674,0.00653985,0.10575,0.0618425531915,0.188012862784,1.00806847392
YbYag15,YbYag15.opju Book12 (2026-08-27 11:22),YbYag15.opju Book11 (2026-08-27 10:35),19.2,17.4,0.00115455,0.10605,0.0108868458274,0.0061107,0.10565,0.0578390913393,0.188226432596,1.00921357108
YbYag15,YbYag15.opju Book12 (2026-08-27 11:22),YbYag15.opju Book11 (2026-08-27 10:35),19.3,17.4,0.000965599,0.1062,0.0090922693032,0.00511745,0.10565,0.0484377662092,0.187710334616,1.0064464088
YbYag15,YbYag15.opju Book12 (2026-08-27 11:22),YbYag15.opju Book11 (2026-08-27 10:35),19.4,17.4,0.000641171,0.10625,0.00603455058824,0.00343539,0.10555,0.032547513027,0.185407425238,0.994098900716
YbYag15,YbYag15.opju Book12 (2026-08-27 11:22),YbYag15.opju Book11 (2026-08-27 10:35),15.3,17.5,0.000902835,0.10535,0.00856986236355,0.00486663,0.10525,0.0462387648456,0.185339344426,0.993733871859
YbYag15,YbYag15.opju Book12 (2026-08-27 11:22),YbYag15.opju Book11 (2026-08-27 10:35),15.4,17.5,0.0011567,0.1054,0.0109743833017,0.00614932,0.10505,0.0585370775821,0.18747747163,1.00519786744
YbYag15,YbYag15.opju Book12 (2026-08-27 11:22),YbYag15.opju Book11 (2026-08-27 10:35),15.5,17.5,0.00121845,0.1054,0.0115602466793,0.00647596,0.10515,0.0615878269139,0.187703435217,1.00640941629
YbYag15,YbYag15.opju Book12 (2026-08-27 11:22),YbYag15.opju Book11 (2026-08-27 10:35),15.6,17.5,0.00123597,0.1057,0.0116931882687,0.00656417,0.10515,0.062426723728,0.187310619081,1.00430325421
YbYag15,YbYag15.opju Book12 (2026-08-27 11:22),YbYag15.opju Book11 (2026-08-27 10:35),15.7,17.5,0.00123478,0.1054,0.0117151802657,0.00657848,0.1051,0.0625925784967,0.187165644028,1.00352594154
YbYag15,YbYag15.opju Book12 (2026-08-27 11:22),YbYag15.opju Book11 (2026-08-27 10:35),15.8,17.5,0.00123144,0.1055,0.0116724170616,0.00657228,0.1053,0.0624148148148,0.187013565549,1.00271054243
YbYag15,YbYag15.opju Book12 (2026-08-27 11:22),YbYag15.opju Book11 (2026-08-27 10:35),15.9,17.5,0.00123478,0.1056,0.0116929924242,0.00657132,0.1052,0.0624650190114,0.18719264973,1.003670738
YbYag15,YbYag15.opju Book12 (2026-08-27 11:22),YbYag15.opju Book11 (2026-08-27 10:35),16,17.5,0.0012349,0.10555,0.0116996684036,0.00653794,0.10525,0.0621181947743,0.188345273814,1.00985076198
YbYag15,YbYag15.opju Book12 (2026-08-27 11:22),YbYag15.opju Book11 (2026-08-27 10:35),16.1,17.5,0.00123263,0.10545,0.011689236605,0.00652888,0.1053,0.0620026590693,0.188527988645,1.010830424
YbYag15,YbYag15.opju Book12 (2026-08-27 11:22),YbYag15.opju Book11 (2026-08-27 10:35),16.2,17.5,0.00122762,0.10545,0.0116417259365,0.00650457,0.10525,0.0618011401425,0.188373967044,1.01000460646
YbYag15,YbYag15.opju Book12 (2026-08-27 11:22),YbYag15.opju Book11 (2026-08-27 10:35),16.3,17.5,0.0012107,0.1056,0.0114649621212,0.00647119,0.105,0.0616303809524,0.186027766566,0.99742498451
YbYag15,YbYag15.opju Book12 (2026-08-27 11:22),YbYag15.opju Book11 (2026-08-27 10:35),16.4,17.5,0.00120819,0.1057,0.0114303689688,0.00646785,0.10495,0.0616279180562,0.185473878225,0.994455201662
YbYag15,YbYag15.opju Book12 (2026-08-27 11:22),YbYag15.opju Book11 (2026-08-27 10:35),16.5,17.5,0.00119139,0.1058,0.0112607750473,0.00641349,0.1052,0.0609647338403,0.184709656517,0.990357674508
YbYag15,YbYag15.opju Book12 (2026-08-27 11:22),YbYag15.opju Book11 (2026-08-27 10:35),16.6,17.5,0.00116659,0.1057,0.0110368022706,0.00625375,0.105,0.0595595238095,0.18530709389,0.993560954175
YbYag15,YbYag15.opju Book12 (2026-08-27 11:22),YbYag15.opju Book11 (2026-08-27 10:35),16.7,17.5,0.00117791,0.10585,0.0111281058101,0.00629285,0.1051,0.0598748810657,0.185855998576,0.996504016163
YbYag15,YbYag15.opju Book12 (2026-08-27 11:22),YbYag15.opju Book11 (2026-08-27 10:35),16.8,17.5,0.00119758,0.1059,0.0113085930123,0.00636581,0.10505,0.0605979057592,0.186616894934,1.00058371379
YbYag15,YbYag15.opju Book12 (2026-08-27 11:22),YbYag15.opju Book11 (2026-08-27 10:35),16.9,17.5,0.00123895,0.1059,0.0116992445703,0.00652125,0.10545,0.0618421052632,0.189179273903,1.01432241985
YbYag15,YbYag15.opju Book12 (2026-08-27 11:22),YbYag15.opju Book11 (2026-08-27 10:35),17,17.5,0.00124503,0.10555,0.0117956418759,0.0065656,0.10535,0.0623217845278,0.189269963389,1.01480866962
YbYag15,YbYag15.opju Book12 (2026-08-27 11:22),YbYag15.opju Book11 (2026-08-27 10:35),17.1,17.5,0.00124396,0.1056,0.0117799242424,0.00656369,0.1052,0.0623924904943,0.188803558715,1.01230794791
YbYag15,YbYag15.opju Book12 (2026-08-27 11:22),YbYag15.opju Book11 (2026-08-27 10:35),17.2,17.5,0.00123478,0.1056,0.0116929924242,0.00653461,0.1055,0.0619394312796,0.188781075038,1.01218739719
YbYag15,YbYag15.opju Book12 (2026-08-27 11:22),YbYag15.opju Book11 (2026-08-27 10:35),17.3,17.5,0.00123323,0.10535,0.0117060275273,0.00653365,0.1054,0.0619890891841,0.188840127858,1.01250402066
YbYag15,YbYag15.opju Book12 (2026-08-27 11:22),YbYag15.opju Book11 (2026-08-27 10:35),17.4,17.5,0.00123871,0.10545,0.0117468942627,0.00653937,0.10545,0.062013940256,0.18942344599,1.01563159721
YbYag15,YbYag15.opju Book12 (2026-08-27 11:22),YbYag15.opju Book11 (2026-08-27 10:35),17.5,17.5,0.00123859,0.1057,0.0117179754021,0.00657132,0.10525,0.0624353444181,0.187681761209,1.00629320677
YbYag15,YbYag15.opju Book12 (2026-08-27 11:22),YbYag15.opju Book11 (2026-08-27 10:35),17.6,17.5,0.00122774,0.10565,0.0116208234737,0.00653699,0.1053,0.062079677113,0.187192073383,1.00366764779
YbYag15,YbYag15.opju Book12 (2026-08-27 11:22),YbYag15.opju Book11 (2026-08-27 10:35),17.7,17.5,0.00123931,0.1058,0.011713705104,0.00654748,0.10545,0.0620908487435,0.188654291913,1.01150762417
YbYag15,YbYag15.opju Book12 (2026-08-27 11:22),YbYag15.opju Book11 (2026-08-27 10:35),17.8,17.5,0.00124121,0.10545,0.0117706021811,0.00654271,0.1054,0.0620750474383,0.189618899491,1.01667956015
YbYag15,YbYag15.opju Book12 (2026-08-27 11:22),YbYag15.opju Book11 (2026-08-27 10:35),17.9,17.5,0.00124741,0.1056,0.011812594697,0.00655273,0.1056,0.0620523674242,0.190364931869,1.02067956158
YbYag15,YbYag15.opju Book12 (2026-08-27 11:22),YbYag15.opju Book11 (2026-08-27 10:35),18,17.5,0.00123895,0.10565,0.0117269285376,0.0065923,0.10545,0.0625158843054,0.187583182545,1.0057646576
YbYag15,YbYag15.opju Book12 (2026-08-27 11:22),YbYag15.opju Book11 (2026-08-27 10:35),18.1,17.5,0.0012411,0.10595,0.0117140160453,0.00660232,0.10545,0.0626109056425,0.187092263322,1.00313249624
YbYag15,YbYag15.opju Book12 (2026-08-27 11:22),YbYag15.opju Book11 (2026-08-27 10:35),18.2,17.5,0.00124479,0.1059,0.0117543909348,0.00661519,0.1056,0.062643844697,0.187638402331,1.0060607295
YbYag15,YbYag15.opju Book12 (2026-08-27 11:22),YbYag15.opju Book11 (2026-08-27 10:35),18.3,17.5,0.00124348,0.10565,0.0117698059631,0.00666144,0.10535,0.0632315140009,0.186138291152,0.998017584129
YbYag15,YbYag15.opju Book12 (2026-08-27 11:22),YbYag15.opju Book11 (2026-08-27 10:35),18.4,17.5,0.00125063,0.1058,0.0118206994329,0.00669339,0.10545,0.0634745376956,0.186227420664,0.998495469789
YbYag15,YbYag15.opju Book12 (2026-08-27 11:22),YbYag15.opju Book11 (2026-08-27 10:35),18.5,17.5,0.00125325,0.10575,0.0118510638298,0.00668481,0.10555,0.0633331122691,0.18712271362,1.00329576159
YbYag15,YbYag15.opju Book12 (2026-08-27 11:22),YbYag15.opju Book11 (2026-08-27 10:35),18.6,17.5,0.00125755,0.1057,0.0118973509934,0.0067077,0.10525,0.0637311163895,0.186680410879,1.0009242672
YbYag15,YbYag15.opju Book12 (2026-08-27 11:22),YbYag15.opju Book11 (2026-08-27 10:35),18.7,17.5,0.00125802,0.10535,0.0119413383958,0.0067158,0.1055,0.0636568720379,0.187589148092,1.00579664307
YbYag15,YbYag15.opju Book12 (2026-08-27 11:22),YbYag15.opju Book11 (2026-08-27 10:35),18.8,17.5,0.0012591,0.10575,0.0119063829787,0.0067158,0.10565,0.0635664931377,0.187305959335,1.00427827005
YbYag15,YbYag15.opju Book12 (2026-08-27 11:22),YbYag15.opju Book11 (2026-08-27 10:35),18.9,17.5,0.00126029,0.1059,0.0119007554297,0.00676015,0.10585,0.0638653755314,0.186341273823,0.999105916214
YbYag15,YbYag15.opju Book12 (2026-08-27 11:22),YbYag15.opju Book11 (2026-08-27 10:35),19,17.5,0.00126434,0.1057,0.011961589404,0.00674012,0.1057,0.0637665089877,0.187584197314,1.00577009849
YbYag15,YbYag15.opju Book12 (2026-08-27 11:22),YbYag15.opju Book11 (2026-08-27 10:35),19.1,17.5,0.00122798,0.10565,0.0116230951254,0.00650075,0.10555,0.0615892941734,0.188719407835,1.01185675618
YbYag15,YbYag15.opju Book12 (2026-08-27 11:22),YbYag15.opju Book11 (2026-08-27 10:35),19.2,17.5,0.00113929,0.10575,0.010773427896,0.0060263,0.10555,0.0570942681194,0.188695437403,1.01172823392
YbYag15,YbYag15.opju Book12 (2026-08-27 11:22),YbYag15.opju Book11 (2026-08-27 10:35),19.3,17.5,0.000904683,0.10605,0.00853072135785,0.00476936,0.10565,0.0451430194037,0.188970996414,1.01320569854
YbYag15,YbYag15.opju Book12 (2026-08-27 11:22),YbYag15.opju Book11 (2026-08-27 10:35),15.3,17.6,0.0007664,0.10535,0.00727479829141,0.00422147,0.105,0.0402044761905,0.180944983761,0.970172630443
YbYag15,YbYag15.opju Book12 (2026-08-27 11:22),YbYag15.opju Book11 (2026-08-27 10:35),15.4,17.6,0.00110174,0.1054,0.0104529411765,0.00585082,0.10525,0.0555897387173,0.188037242442,1.00819919033
YbYag15,YbYag15.opju Book12 (2026-08-27 11:22),YbYag15.opju Book11 (2026-08-27 10:35),15.5,17.6,0.00121022,0.1055,0.0114712796209,0.00641587,0.10495,0.0611326345879,0.187645759065,1.0061001741
YbYag15,YbYag15.opju Book12 (2026-08-27 11:22),YbYag15.opju Book11 (2026-08-27 10:35),15.6,17.6,0.00123823,0.10525,0.0117646555819,0.00653556,0.1052,0.062125095057,0.189370423838,1.01534730836
YbYag15,YbYag15.opju Book12 (2026-08-27 11:22),YbYag15.opju Book11 (2026-08-27 10:35),15.7,17.6,0.00123812,0.1056,0.0117246212121,0.00658086,0.10535,0.0624666350261,0.187694137954,1.00635956716
YbYag15,YbYag15.opju Book12 (2026-08-27 11:22),YbYag15.opju Book11 (2026-08-27 10:35),15.8,17.6,0.00124014,0.10565,0.0117381921439,0.00658372,0.10525,0.0625531591449,0.187651468037,1.00613078389
YbYag15,YbYag15.opju Book12 (2026-08-27 11:22),YbYag15.opju Book11 (2026-08-27 10:35),15.9,17.6,0.00123883,0.10565,0.0117257927118,0.00658992,0.10505,0.0627312708234,0.186921013362,1.00221430542
YbYag15,YbYag15.opju Book12 (2026-08-27 11:22),YbYag15.opju Book11 (2026-08-27 10:35),16,17.6,0.00123883,0.1057,0.0117202459792,0.00656942,0.10535,0.0623580446132,0.187950825782,1.00773585016
YbYag15,YbYag15.opju Book12 (2026-08-27 11:22),YbYag15.opju Book11 (2026-08-27 10:35),16.1,17.6,0.00123311,0.10575,0.0116606146572,0.00654557,0.105,0.0623387619048,0.187052394063,1.00291872925
YbYag15,YbYag15.opju Book12 (2026-08-27 11:22),YbYag15.opju Book11 (2026-08-27 10:35),16.2,17.6,0.0012225,0.1057,0.0115657521287,0.00651124,0.1052,0.0618939163498,0.186864118653,1.00190925308
YbYag15,YbYag15.opju Book12 (2026-08-27 11:22),YbYag15.opju Book11 (2026-08-27 10:35),16.3,17.6,0.00120021,0.1057,0.01135487228,0.00643829,0.1051,0.0612587059943,0.185359323148,0.993840991761
YbYag15,YbYag15.opju Book12 (2026-08-27 11:22),YbYag15.opju Book11 (2026-08-27 10:35),16.4,17.6,0.00119496,0.10565,0.0113105537151,0.00642064,0.1052,0.0610326996198,0.185319571075,0.993627853094
YbYag15,YbYag15.opju Book12 (2026-08-27 11:22),YbYag15.opju Book11 (2026-08-27 10:35),16.5,17.6,0.00118531,0.1057,0.0112139072848,0.00637582,0.10525,0.0605778622328,0.185115599519,0.992534218901
YbYag15,YbYag15.opju Book12 (2026-08-27 11:22),YbYag15.opju Book11 (2026-08-27 10:35),16.6,17.6,0.00116599,0.10545,0.011057278331,0.00626758,0.10525,0.0595494536817,0.185682279977,0.995572589234
YbYag15,YbYag15.opju Book12 (2026-08-27 11:22),YbYag15.opju Book11 (2026-08-27 10:35),16.7,17.6,0.00115407,0.1055,0.0109390521327,0.00617793,0.10545,0.058586344239,0.186716755838,1.00111913795
YbYag15,YbYag15.opju Book12 (2026-08-27 11:22),YbYag15.opju Book11 (2026-08-27 10:35),16.8,17.6,0.00118626,0.10555,0.0112388441497,0.00631049,0.1056,0.0597584280303,0.188071281661,1.00838169839
YbYag15,YbYag15.opju Book12 (2026-08-27 11:22),YbYag15.opju Book11 (2026-08-27 10:35),16.9,17.6,0.00122715,0.10565,0.0116152389967,0.0065265,0.1053,0.0619800569801,0.187402844764,1.00479774061
YbYag15,YbYag15.opju Book12 (2026-08-27 11:22),YbYag15.opju Book11 (2026-08-27 10:35),17,17.6,0.00124646,0.10545,0.0118203888099,0.0065861,0.1055,0.0624274881517,0.189345898095,1.0152158087
YbYag15,YbYag15.opju Book12 (2026-08-27 11:22),YbYag15.opju Book11 (2026-08-27 10:35),17.1,17.6,0.00124038,0.1058,0.0117238185255,0.00657371,0.1053,0.0624283950617,0.187796250631,1.00690706465
YbYag15,YbYag15.opju Book12 (2026-08-27 11:22),YbYag15.opju Book11 (2026-08-27 10:35),17.2,17.6,0.00123931,0.10585,0.0117081719414,0.00654843,0.1056,0.0620116477273,0.188806012588,1.01232110484
YbYag15,YbYag15.opju Book12 (2026-08-27 11:22),YbYag15.opju Book11 (2026-08-27 10:35),17.3,17.6,0.00123871,0.1055,0.0117413270142,0.00653985,0.1056,0.0619303977273,0.189589078144,1.01651966704
YbYag15,YbYag15.opju Book12 (2026-08-27 11:22),YbYag15.opju Book11 (2026-08-27 10:35),17.4,17.6,0.00124086,0.1057,0.0117394512772,0.00654605,0.10525,0.0621952494062,0.188751574908,1.01202922636
YbYag15,YbYag15.opju Book12 (2026-08-27 11:22),YbYag15.opju Book11 (2026-08-27 10:35),17.5,17.6,0.00123359,0.10545,0.0116983404457,0.00655511,0.1054,0.0621926944972,0.18809830544,1.00852659177
YbYag15,YbYag15.opju Book12 (2026-08-27 11:22),YbYag15.opju Book11 (2026-08-27 10:35),17.6,17.6,0.00123204,0.10555,0.0116725722406,0.00655702,0.10535,0.0622403417181,0.187540298115,1.00553472417
YbYag15,YbYag15.opju Book12 (2026-08-27 11:22),YbYag15.opju Book11 (2026-08-27 10:35),17.7,17.6,0.00123621,0.10565,0.0117009938476,0.00655749,0.10545,0.0621857752489,0.188161903599,1.00886758599
YbYag15,YbYag15.opju Book12 (2026-08-27 11:22),YbYag15.opju Book11 (2026-08-27 10:35),17.8,17.6,0.00124038,0.10565,0.0117404637956,0.00657895,0.1053,0.0624781576448,0.187913092162,1.00753353383
YbYag15,YbYag15.opju Book12 (2026-08-27 11:22),YbYag15.opju Book11 (2026-08-27 10:35),17.9,17.6,0.00123823,0.10555,0.0117312174325,0.00657323,0.10545,0.0623350403035,0.188196195517,1.00905144895
YbYag15,YbYag15.opju Book12 (2026-08-27 11:22),YbYag15.opju Book11 (2026-08-27 10:35),18,17.6,0.00124622,0.10555,0.0118069161535,0.00657418,0.1054,0.0623736242884,0.18929341189,1.01493439344
YbYag15,YbYag15.opju Book12 (2026-08-27 11:22),YbYag15.opju Book11 (2026-08-27 10:35),18.1,17.6,0.00124121,0.1059,0.011720585458,0.00658086,0.10555,0.0623482709616,0.187985733642,1.00792301562
YbYag15,YbYag15.opju Book12 (2026-08-27 11:22),YbYag15.opju Book11 (2026-08-27 10:35),18.2,17.6,0.00123871,0.1057,0.0117191106906,0.00661281,0.1054,0.0627401328273,0.186788107747,1.00150170544
YbYag15,YbYag15.opju Book12 (2026-08-27 11:22),YbYag15.opju Book11 (2026-08-27 10:35),18.3,17.6,0.00125194,0.10575,0.0118386761229,0.00665143,0.1053,0.0631664767331,0.187420238316,1.00489099961
YbYag15,YbYag15.opju Book12 (2026-08-27 11:22),YbYag15.opju Book11 (2026-08-27 10:35),18.4,17.6,0.00124741,0.10615,0.0117513895431,0.00668719,0.10555,0.0633556608243,0.185482865938,0.994503391081
YbYag15,YbYag15.opju Book12 (2026-08-27 11:22),YbYag15.opju Book11 (2026-08-27 10:35),18.5,17.6,0.00125623,0.1059,0.0118624173749,0.00670293,0.1056,0.0634747159091,0.186884134966,1.00201657454
YbYag15,YbYag15.opju Book12 (2026-08-27 11:22),YbYag15.opju Book11 (2026-08-27 10:35),18.6,17.6,0.0012523,0.1062,0.0117919020716,0.00668672,0.10565,0.0632912446758,0.186311742359,0.998947577377
YbYag15,YbYag15.opju Book12 (2026-08-27 11:22),YbYag15.opju Book11 (2026-08-27 10:35),18.7,17.6,0.00125743,0.1059,0.0118737488196,0.00670865,0.10555,0.0635589767883,0.186814662847,1.00164408591
YbYag15,YbYag15.opju Book12 (2026-08-27 11:22),YbYag15.opju Book11 (2026-08-27 10:35),18.8,17.6,0.00125802,0.10595,0.011873714016,0.00672582,0.10535,0.0638426198386,0.185984128565,0.997191010661
YbYag15,YbYag15.opju Book12 (2026-08-27 11:22),YbYag15.opju Book11 (2026-08-27 10:35),18.9,17.6,0.00126899,0.10615,0.011954686764,0.00677446,0.10545,0.0642433380749,0.186084458284,0.997728948463
YbYag15,YbYag15.opju Book12 (2026-08-27 11:22),YbYag15.opju Book11 (2026-08-27 10:35),19,17.6,0.00127102,0.1061,0.0119794533459,0.00673249,0.10535,0.0639059326056,0.187454479693,1.00507459158
YbYag15,YbYag15.opju Book12 (2026-08-27 11:22),YbYag15.opju Book11 (2026-08-27 10:35),19.1,17.6,0.00122262,0.10605,0.0115287128713,0.00652984,0.1053,0.0620117758784,0.185911670937,0.99680251463
YbYag15,YbYag15.opju Book12 (2026-08-27 11:22),YbYag15.opju Book11 (2026-08-27 10:35),19.2,17.6,0.0010891,0.1061,0.0102648444863,0.0057421,0.10565,0.0543502129673,0.188864843869,1.01263654049
YbYag15,YbYag15.opju Book12 (2026-08-27 11:22),YbYag15.opju Book11 (2026-08-27 10:35),19.3,17.6,0.000800375,0.1062,0.00753648775895,0.00428608,0.1057,0.0405494796594,0.185859049789,0.996520375851
YbYag15,YbYag15.opju Book12 (2026-08-27 11:22),YbYag15.opju Book11 (2026-08-27 10:35),15.4,17.7,0.000990279,0.1054,0.00939543643264,0.00527337,0.10515,0.0501509272468,0.187343224711,1.0044780758
YbYag15,YbYag15.opju Book12 (2026-08-27 11:22),YbYag15.opju Book11 (2026-08-27 10:35),15.5,17.7,0.00118829,0.1054,0.0112740986717,0.00628427,0.1049,0.0599072449952,0.188192574581,1.00903203458
YbYag15,YbYag15.opju Book12 (2026-08-27 11:22),YbYag15.opju Book11 (2026-08-27 10:35),15.6,17.7,0.00123299,0.10545,0.0116926505453,0.00652602,0.10515,0.0620639087019,0.18839694099,1.01012778585
YbYag15,YbYag15.opju Book12 (2026-08-27 11:22),YbYag15.opju Book11 (2026-08-27 10:35),15.7,17.7,0.00124944,0.1056,0.0118318181818,0.00658658,0.1053,0.062550617284,0.189155897984,1.01419708519
YbYag15,YbYag15.opju Book12 (2026-08-27 11:22),YbYag15.opju Book11 (2026-08-27 10:35),15.8,17.7,0.00124813,0.1054,0.0118418406072,0.00658038,0.10535,0.062462078785,0.189584478095,1.01649500297
YbYag15,YbYag15.opju Book12 (2026-08-27 11:22),YbYag15.opju Book11 (2026-08-27 10:35),15.9,17.7,0.00124598,0.10555,0.0118046423496,0.00656703,0.1053,0.062364957265,0.189283258857,1.01487995592
YbYag15,YbYag15.opju Book12 (2026-08-27 11:22),YbYag15.opju Book11 (2026-08-27 10:35),16,17.7,0.00123359,0.10565,0.0116761949834,0.00655892,0.1054,0.0622288425047,0.187633169981,1.00603267521
YbYag15,YbYag15.opju Book12 (2026-08-27 11:22),YbYag15.opju Book11 (2026-08-27 10:35),16.1,17.7,0.00122071,0.10555,0.0115652297489,0.00649026,0.10515,0.0617238231098,0.187370599652,1.00462485201
YbYag15,YbYag15.opju Book12 (2026-08-27 11:22),YbYag15.opju Book11 (2026-08-27 10:35),16.2,17.7,0.0012107,0.10545,0.0114812707444,0.00645068,0.10515,0.0613474084641,0.187151683043,1.00345108693
YbYag15,YbYag15.opju Book12 (2026-08-27 11:22),YbYag15.opju Book11 (2026-08-27 10:35),16.3,17.7,0.00121582,0.10565,0.011507998107,0.00644448,0.10515,0.0612884450785,0.187767826256,1.00675466169
YbYag15,YbYag15.opju Book12 (2026-08-27 11:22),YbYag15.opju Book11 (2026-08-27 10:35),16.4,17.7,0.00122023,0.1058,0.0115333648393,0.00649884,0.1053,0.0617173789174,0.186873860193,1.00196148429
YbYag15,YbYag15.opju Book12 (2026-08-27 11:22),YbYag15.opju Book11 (2026-08-27 10:35),16.5,17.7,0.00120402,0.1058,0.0113801512287,0.00644162,0.10535,0.06114494542,0.186117612021,0.997906708839
YbYag15,YbYag15.opju Book12 (2026-08-27 11:22),YbYag15.opju Book11 (2026-08-27 10:35),16.6,17.7,0.00117303,0.10575,0.0110924822695,0.0062876,0.10575,0.0594572104019,0.186562440359,1.00029174472
YbYag15,YbYag15.opju Book12 (2026-08-27 11:22),YbYag15.opju Book11 (2026-08-27 10:35),16.7,17.7,0.001135,0.1059,0.0107176581681,0.00605729,0.10545,0.0574422949265,0.186581301841,1.00039287432
YbYag15,YbYag15.opju Book12 (2026-08-27 11:22),YbYag15.opju Book11 (2026-08-27 10:35),16.8,17.7,0.00116874,0.1062,0.0110050847458,0.00618556,0.10525,0.0587701662708,0.187256314626,1.00401209004
YbYag15,YbYag15.opju Book12 (2026-08-27 11:22),YbYag15.opju Book11 (2026-08-27 10:35),16.9,17.7,0.00121022,0.1059,0.0114279508971,0.00643304,0.1057,0.0608613055818,0.187770386913,1.00676839116
YbYag15,YbYag15.opju Book12 (2026-08-27 11:22),YbYag15.opju Book11 (2026-08-27 10:35),17,17.7,0.00124956,0.1058,0.0118105860113,0.00663045,0.10535,0.0629373516849,0.187656227902,1.00615630485
YbYag15,YbYag15.opju Book12 (2026-08-27 11:22),YbYag15.opju Book11 (2026-08-27 10:35),17.1,17.7,0.00125063,0.1059,0.0118095372993,0.00663856,0.1052,0.0631041825095,0.18714349556,1.00340718811
YbYag15,YbYag15.opju Book12 (2026-08-27 11:22),YbYag15.opju Book11 (2026-08-27 10:35),17.2,17.7,0.00125278,0.10585,0.0118354274917,0.00658372,0.10545,0.0624345187293,0.189565447649,1.01639296743
YbYag15,YbYag15.opju Book12 (2026-08-27 11:22),YbYag15.opju Book11 (2026-08-27 10:35),17.3,17.7,0.00125111,0.1056,0.0118476325758,0.00656322,0.1055,0.0622106161137,0.190443903564,1.02110298408
YbYag15,YbYag15.opju Book12 (2026-08-27 11:22),YbYag15.opju Book11 (2026-08-27 10:35),17.4,17.7,0.00123919,0.1059,0.0117015108593,0.00653318,0.1053,0.0620434947768,0.188601736595,1.01122583835
YbYag15,YbYag15.opju Book12 (2026-08-27 11:22),YbYag15.opju Book11 (2026-08-27 10:35),17.5,17.7,0.00124145,0.1059,0.0117228517469,0.006547,0.10525,0.0622042755344,0.188457331047,1.01045157919
YbYag15,YbYag15.opju Book12 (2026-08-27 11:22),YbYag15.opju Book11 (2026-08-27 10:35),17.6,17.7,0.00124503,0.10595,0.0117511090137,0.00656226,0.10545,0.0622310099573,0.188830440351,1.01245207916
YbYag15,YbYag15.opju Book12 (2026-08-27 11:22),YbYag15.opju Book11 (2026-08-27 10:35),17.7,17.7,0.00123633,0.1059,0.0116745042493,0.00657466,0.10515,0.0625264859724,0.186712943607,1.00109869791
YbYag15,YbYag15.opju Book12 (2026-08-27 11:22),YbYag15.opju Book11 (2026-08-27 10:35),17.8,17.7,0.00124527,0.1055,0.011803507109,0.00655845,0.1053,0.0622834757835,0.189512659024,1.01610993069
YbYag15,YbYag15.opju Book12 (2026-08-27 11:22),YbYag15.opju Book11 (2026-08-27 10:35),17.9,17.7,0.00124825,0.1058,0.0117982041588,0.00658754,0.1055,0.0624411374408,0.188949219094,1.01308893509
YbYag15,YbYag15.opju Book12 (2026-08-27 11:22),YbYag15.opju Book11 (2026-08-27 10:35),18,17.7,0.00123776,0.1059,0.0116880075543,0.00659946,0.10525,0.0627027078385,0.186403553486,0.999439841054
YbYag15,YbYag15.opju Book12 (2026-08-27 11:22),YbYag15.opju Book11 (2026-08-27 10:35),18.1,17.7,0.00124586,0.1058,0.0117756143667,0.00658754,0.10545,0.0624707444286,0.188498063764,1.01066997578
YbYag15,YbYag15.opju Book12 (2026-08-27 11:22),YbYag15.opju Book11 (2026-08-27 10:35),18.2,17.7,0.00124491,0.1059,0.0117555240793,0.0066438,0.1058,0.0627958412098,0.187202270928,1.00372232397
YbYag15,YbYag15.opju Book12 (2026-08-27 11:22),YbYag15.opju Book11 (2026-08-27 10:35),18.3,17.7,0.00125612,0.10575,0.0118782033097,0.00667718,0.10555,0.0632608242539,0.187765547632,1.0067424444
YbYag15,YbYag15.opju Book12 (2026-08-27 11:22),YbYag15.opju Book11 (2026-08-27 10:35),18.4,17.7,0.00125051,0.10575,0.0118251536643,0.00670436,0.10555,0.0635183325438,0.186169145044,0.998183013425
YbYag15,YbYag15.opju Book12 (2026-08-27 11:22),YbYag15.opju Book11 (2026-08-27 10:35),18.5,17.7,0.00126231,0.106,0.0119085849057,0.00671819,0.10565,0.0635891150024,0.187273952551,1.00410665929
YbYag15,YbYag15.opju Book12 (2026-08-27 11:22),YbYag15.opju Book11 (2026-08-27 10:35),18.6,17.7,0.00126291,0.106,0.011914245283,0.00672248,0.1056,0.0636598484848,0.187154785419,1.00346772094
YbYag15,YbYag15.opju Book12 (2026-08-27 11:22),YbYag15.opju Book11 (2026-08-27 10:35),18.7,17.7,0.00126172,0.1059,0.0119142587347,0.00672582,0.10555,0.0637216485078,0.186973485679,1.00249564621
YbYag15,YbYag15.opju Book12 (2026-08-27 11:22),YbYag15.opju Book11 (2026-08-27 10:35),18.8,17.7,0.00126851,0.106,0.0119670754717,0.00677159,0.1055,0.0641856872038,0.186444610832,0.999659978205
YbYag15,YbYag15.opju Book12 (2026-08-27 11:22),YbYag15.opju Book11 (2026-08-27 10:35),18.9,17.7,0.00128151,0.10585,0.0121068493151,0.00685027,0.10575,0.0647779669031,0.186897642731,1.00208899912
YbYag15,YbYag15.opju Book12 (2026-08-27 11:22),YbYag15.opju Book11 (2026-08-27 10:35),19,17.7,0.0012802,0.1059,0.0120887629839,0.00678685,0.1056,0.0642694128788,0.188095120873,1.00850951708
YbYag15,YbYag15.opju Book12 (2026-08-27 11:22),YbYag15.opju Book11 (2026-08-27 10:35),19.1,17.7,0.00121439,0.10605,0.0114511079679,0.00640729,0.1056,0.060675094697,0.188728308132,1.01190447689
YbYag15,YbYag15.opju Book12 (2026-08-27 11:22),YbYag15.opju Book11 (2026-08-27 10:35),19.2,17.7,0.00100244,0.106,0.00945698113208,0.0053468,0.1054,0.0507286527514,0.186422871871,0.99954342043
YbYag15,YbYag15.opju Book12 (2026-08-27 11:22),YbYag15.opju Book11 (2026-08-27 10:35),19.3,17.7,0.000688676,0.10625,0.00648165647059,0.00372936,0.10565,0.0352991954567,0.183620515616,0.984518028274
YbYag15,YbYag15.opju Book12 (2026-08-27 11:22),YbYag15.opju Book11 (2026-08-27 10:35),15.4,17.8,0.000828031,0.1055,0.00784863507109,0.00444558,0.10485,0.0423994277539,0.185111816052,0.992513933088
YbYag15,YbYag15.opju Book12 (2026-08-27 11:22),YbYag15.opju Book11 (2026-08-27 10:35),15.5,17.8,0.00111151,0.10565,0.0105206814955,0.00594571,0.10525,0.0564913064133,0.18623540795,0.998538295214
YbYag15,YbYag15.opju Book12 (2026-08-27 11:22),YbYag15.opju Book11 (2026-08-27 10:35),15.6,17.8,0.00121773,0.10555,0.011536996684,0.00643352,0.1051,0.061213320647,0.188471995344,1.01053020475
YbYag15,YbYag15.opju Book12 (2026-08-27 11:22),YbYag15.opju Book11 (2026-08-27 10:35),15.7,17.8,0.00124396,0.10545,0.0117966808914,0.00659326,0.1053,0.0626140550807,0.188403081005,1.01016070677
YbYag15,YbYag15.opju Book12 (2026-08-27 11:22),YbYag15.opju Book11 (2026-08-27 10:35),15.8,17.8,0.00124849,0.1057,0.0118116367077,0.00663522,0.1052,0.0630724334601,0.187270984481,1.00409074539
YbYag15,YbYag15.opju Book12 (2026-08-27 11:22),YbYag15.opju Book11 (2026-08-27 10:35),15.9,17.8,0.00124551,0.1057,0.0117834437086,0.0065842,0.1052,0.0625874524715,0.188271662183,1.00945607853
YbYag15,YbYag15.opju Book12 (2026-08-27 11:22),YbYag15.opju Book11 (2026-08-27 10:35),16,17.8,0.00123311,0.10525,0.0117160095012,0.00653318,0.1052,0.0621024714829,0.188656090836,1.01151726945
YbYag15,YbYag15.opju Book12 (2026-08-27 11:22),YbYag15.opju Book11 (2026-08-27 10:35),16.1,17.8,0.00121415,0.1054,0.0115194497154,0.00645211,0.10525,0.0613027078385,0.187910944256,1.0075220174
YbYag15,YbYag15.opju Book12 (2026-08-27 11:22),YbYag15.opju Book11 (2026-08-27 10:35),16.2,17.8,0.00120796,0.1051,0.011493434824,0.00643781,0.10525,0.0611668408551,0.187903031501,1.00747959159
YbYag15,YbYag15.opju Book12 (2026-08-27 11:22),YbYag15.opju Book11 (2026-08-27 10:35),16.3,17.8,0.00122536,0.10545,0.0116202939782,0.0064936,0.1053,0.0616676163343,0.188434297755,1.0103280816
YbYag15,YbYag15.opju Book12 (2026-08-27 11:22),YbYag15.opju Book11 (2026-08-27 10:35),16.4,17.8,0.00123204,0.1053,0.0117002849003,0.00657657,0.1054,0.0623962998102,0.187515684999,1.00540275604
YbYag15,YbYag15.opju Book12 (2026-08-27 11:22),YbYag15.opju Book11 (2026-08-27 10:35),16.5,17.8,0.00121475,0.1055,0.0115142180095,0.00652364,0.10555,0.0618061582189,0.186295643368,0.998861259427
YbYag15,YbYag15.opju Book12 (2026-08-27 11:22),YbYag15.opju Book11 (2026-08-27 10:35),16.6,17.8,0.00118542,0.10545,0.0112415362731,0.00636914,0.1053,0.060485660019,0.185854568993,0.996496351168
YbYag15,YbYag15.opju Book12 (2026-08-27 11:22),YbYag15.opju Book11 (2026-08-27 10:35),16.7,17.8,0.0011524,0.1055,0.0109232227488,0.0061312,0.1055,0.0581156398104,0.187956680584,1.00776724185
YbYag15,YbYag15.opju Book12 (2026-08-27 11:22),YbYag15.opju Book11 (2026-08-27 10:35),16.8,17.8,0.00117172,0.1056,0.0110958333333,0.00620416,0.1054,0.0588629981025,0.188502687443,1.01069476656
YbYag15,YbYag15.opju Book12 (2026-08-27 11:22),YbYag15.opju Book11 (2026-08-27 10:35),16.9,17.8,0.00120974,0.1056,0.0114558712121,0.00638393,0.10545,0.0605398767188,0.189228519003,1.01458645727
YbYag15,YbYag15.opju Book12 (2026-08-27 11:22),YbYag15.opju Book11 (2026-08-27 10:35),17,17.8,0.00123215,0.10565,0.0116625650734,0.00661328,0.1054,0.0627445920304,0.185873629838,0.996598549691
YbYag15,YbYag15.opju Book12 (2026-08-27 11:22),YbYag15.opju Book11 (2026-08-27 10:35),17.1,17.8,0.00124431,0.1058,0.0117609640832,0.00662521,0.10535,0.0628876127195,0.18701559138,1.00272140433
YbYag15,YbYag15.opju Book12 (2026-08-27 11:22),YbYag15.opju Book11 (2026-08-27 10:35),17.2,17.8,0.0012399,0.10555,0.0117470393179,0.00659707,0.10535,0.062620503085,0.187590944486,1.00580627479
YbYag15,YbYag15.opju Book12 (2026-08-27 11:22),YbYag15.opju Book11 (2026-08-27 10:35),17.3,17.8,0.00123919,0.10575,0.011718108747,0.00654987,0.10535,0.06217247271,0.188477444056,1.0105594191
YbYag15,YbYag15.opju Book12 (2026-08-27 11:22),YbYag15.opju Book11 (2026-08-27 10:35),17.4,17.8,0.001238,0.1058,0.0117013232514,0.00656322,0.1054,0.0622696394687,0.187913778709,1.00753721489
YbYag15,YbYag15.opju Book12 (2026-08-27 11:22),YbYag15.opju Book11 (2026-08-27 10:35),17.5,17.8,0.00123943,0.1056,0.0117370265152,0.00654891,0.1054,0.0621338709677,0.188899006812,1.01281971193
YbYag15,YbYag15.opju Book12 (2026-08-27 11:22),YbYag15.opju Book11 (2026-08-27 10:35),17.6,17.8,0.00123871,0.1056,0.0117302083333,0.00658038,0.1052,0.0625511406844,0.187529886825,1.00547890196
YbYag15,YbYag15.opju Book12 (2026-08-27 11:22),YbYag15.opju Book11 (2026-08-27 10:35),17.7,17.8,0.00124229,0.1057,0.0117529801325,0.00657561,0.1053,0.0624464387464,0.188208973457,1.00911996042
YbYag15,YbYag15.opju Book12 (2026-08-27 11:22),YbYag15.opju Book11 (2026-08-27 10:35),17.8,17.8,0.00124384,0.1057,0.0117676442763,0.0065656,0.10545,0.0622626837364,0.188999952622,1.01336095302
YbYag15,YbYag15.opju Book12 (2026-08-27 11:22),YbYag15.opju Book11 (2026-08-27 10:35),17.9,17.8,0.00124825,0.1056,0.0118205492424,0.00660089,0.10545,0.0625973447131,0.188834674962,1.01247478388
YbYag15,YbYag15.opju Book12 (2026-08-27 11:22),YbYag15.opju Book11 (2026-08-27 10:35),18,17.8,0.00124157,0.10565,0.0117517274018,0.00660899,0.1054,0.0627038899431,0.187416241839,1.0048695717
YbYag15,YbYag15.opju Book12 (2026-08-27 11:22),YbYag15.opju Book11 (2026-08-27 10:35),18.1,17.8,0.00125051,0.1057,0.0118307473983,0.00662616,0.1052,0.0629863117871,0.18783045177,1.00709044088
YbYag15,YbYag15.opju Book12 (2026-08-27 11:22),YbYag15.opju Book11 (2026-08-27 10:35),18.2,17.8,0.00125051,0.1059,0.0118084041549,0.0066562,0.10535,0.0631817750356,0.186895732959,1.00207875949
YbYag15,YbYag15.opju Book12 (2026-08-27 11:22),YbYag15.opju Book11 (2026-08-27 10:35),18.3,17.8,0.00125349,0.1059,0.0118365439093,0.00668958,0.10545,0.0634384068279,0.186583246667,1.00040330189
YbYag15,YbYag15.opju Book12 (2026-08-27 11:22),YbYag15.opju Book11 (2026-08-27 10:35),18.4,17.8,0.00125659,0.10595,0.0118602170835,0.0067015,0.1053,0.0636419753086,0.186358406162,0.999197774667
YbYag15,YbYag15.opju Book12 (2026-08-27 11:22),YbYag15.opju Book11 (2026-08-27 10:35),18.5,17.8,0.00126196,0.10605,0.011899669967,0.00672534,0.10545,0.0637775248933,0.18658093093,1.00039088561
YbYag15,YbYag15.opju Book12 (2026-08-27 11:22),YbYag15.opju Book11 (2026-08-27 10:35),18.6,17.8,0.0012622,0.1059,0.0119187913126,0.00674728,0.10575,0.0638040661939,0.186803005256,1.00158158141
YbYag15,YbYag15.opju Book12 (2026-08-27 11:22),YbYag15.opju Book11 (2026-08-27 10:35),18.7,17.8,0.00127412,0.1059,0.0120313503305,0.00674775,0.10575,0.0638085106383,0.188554006513,1.01096992399
YbYag15,YbYag15.opju Book12 (2026-08-27 11:22),YbYag15.opju Book11 (2026-08-27 10:35),18.8,17.8,0.00128043,0.10595,0.0120852288815,0.00681689,0.1056,0.0645538825758,0.187211495255,1.00377178204
YbYag15,YbYag15.opju Book12 (2026-08-27 11:22),YbYag15.opju Book11 (2026-08-27 10:35),18.9,17.8,0.00130797,0.10605,0.0123335219236,0.0069423,0.10585,0.0655862068966,0.188050544576,1.00827051237
YbYag15,YbYag15.opju Book12 (2026-08-27 11:22),YbYag15.opju Book11 (2026-08-27 10:35),19,17.8,0.00129164,0.10605,0.0121795379538,0.00683454,0.10545,0.064813086771,0.187917881412,1.00755921235
YbYag15,YbYag15.opju Book12 (2026-08-27 11:22),YbYag15.opju Book11 (2026-08-27 10:35),19.1,17.8,0.00113655,0.1058,0.0107424385633,0.00603393,0.1054,0.0572479127135,0.187647689743,1.00611052581
YbYag15,YbYag15.opju Book12 (2026-08-27 11:22),YbYag15.opju Book11 (2026-08-27 10:35),19.2,17.8,0.000879589,0.10585,0.00830976854039,0.0046933,0.10545,0.0445073494547,0.186705536101,1.00105898109
YbYag15,YbYag15.opju Book12 (2026-08-27 11:22),YbYag15.opju Book11 (2026-08-27 10:35),15.5,17.9,0.000975493,0.1056,0.00923762310606,0.00522807,0.10505,0.0497674440743,0.185615783127,0.995216053104
YbYag15,YbYag15.opju Book12 (2026-08-27 11:22),YbYag15.opju Book11 (2026-08-27 10:35),15.6,17.9,0.00117851,0.1057,0.0111495742668,0.00628141,0.1052,0.0597092205323,0.186731197751,1.00119657115
YbYag15,YbYag15.opju Book12 (2026-08-27 11:22),YbYag15.opju Book11 (2026-08-27 10:35),15.7,17.9,0.00123883,0.10565,0.0117257927118,0.006578,0.1051,0.0625880114177,0.187348861966,1.00450830106
YbYag15,YbYag15.opju Book12 (2026-08-27 11:22),YbYag15.opju Book11 (2026-08-27 10:35),15.8,17.9,0.00124574,0.10565,0.0117911973497,0.00660756,0.10515,0.0628393723252,0.187640278911,1.00607079116
YbYag15,YbYag15.opju Book12 (2026-08-27 11:22),YbYag15.opju Book11 (2026-08-27 10:35),15.9,17.9,0.0012523,0.1055,0.0118701421801,0.0066295,0.1053,0.0629582146249,0.18854000627,1.01089485889
YbYag15,YbYag15.opju Book12 (2026-08-27 11:22),YbYag15.opju Book11 (2026-08-27 10:35),16,17.9,0.00122584,0.106,0.0115645283019,0.00653365,0.10535,0.0620185097295,0.186468980831,0.999790642815
YbYag15,YbYag15.opju Book12 (2026-08-27 11:22),YbYag15.opju Book11 (2026-08-27 10:35),16.1,17.9,0.00121547,0.1056,0.0115101325758,0.00645354,0.10525,0.0613162945368,0.187717354135,1.00648404535
YbYag15,YbYag15.opju Book12 (2026-08-27 11:22),YbYag15.opju Book11 (2026-08-27 10:35),16.2,17.9,0.00120915,0.10575,0.0114340425532,0.0064607,0.10525,0.0613843230404,0.186269750758,0.998722431034
YbYag15,YbYag15.opju Book12 (2026-08-27 11:22),YbYag15.opju Book11 (2026-08-27 10:35),16.3,17.9,0.00121821,0.10555,0.0115415442918,0.00652269,0.10525,0.0619733016627,0.186234136025,0.998531475538
YbYag15,YbYag15.opju Book12 (2026-08-27 11:22),YbYag15.opju Book11 (2026-08-27 10:35),16.4,17.9,0.00122023,0.10565,0.0115497397066,0.00656131,0.10535,0.0622810631229,0.185445448865,0.994302771976
YbYag15,YbYag15.opju Book12 (2026-08-27 11:22),YbYag15.opju Book11 (2026-08-27 10:35),16.5,17.9,0.0012219,0.10575,0.0115546099291,0.00654891,0.1053,0.0621928774929,0.185786707335,0.996132497349
YbYag15,YbYag15.opju Book12 (2026-08-27 11:22),YbYag15.opju Book11 (2026-08-27 10:35),16.6,17.9,0.00121344,0.1056,0.0114909090909,0.00650218,0.1055,0.0616320379147,0.186443763336,0.999655434187
YbYag15,YbYag15.opju Book12 (2026-08-27 11:22),YbYag15.opju Book11 (2026-08-27 10:35),16.7,17.9,0.00121666,0.10555,0.0115268593084,0.00644687,0.10535,0.0611947793071,0.188363442747,1.00994817834
YbYag15,YbYag15.opju Book12 (2026-08-27 11:22),YbYag15.opju Book11 (2026-08-27 10:35),16.8,17.9,0.00120986,0.10565,0.0114515854236,0.00640157,0.10545,0.0607071597914,0.188636488067,1.0114121653
YbYag15,YbYag15.opju Book12 (2026-08-27 11:22),YbYag15.opju Book11 (2026-08-27 10:35),16.9,17.9,0.00120962,0.1057,0.011443897824,0.00642684,0.1056,0.0608602272727,0.188035739215,1.00819113047
YbYag15,YbYag15.opju Book12 (2026-08-27 11:22),YbYag15.opju Book11 (2026-08-27 10:35),17,17.9,0.00121499,0.1057,0.0114947019868,0.00646165,0.1056,0.0611898674242,0.187853029769,1.00721149733
YbYag15,YbYag15.opju Book12 (2026-08-27 11:22),YbYag15.opju Book11 (2026-08-27 10:35),17.1,17.9,0.00120784,0.1058,0.0114162570888,0.00640681,0.1054,0.0607856736243,0.187811640607,1.00698958108
YbYag15,YbYag15.opju Book12 (2026-08-27 11:22),YbYag15.opju Book11 (2026-08-27 10:35),17.2,17.9,0.00120641,0.10575,0.0114081323877,0.00643399,0.1057,0.0608702932829,0.187417076088,1.00487404469
YbYag15,YbYag15.opju Book12 (2026-08-27 11:22),YbYag15.opju Book11 (2026-08-27 10:35),17.3,17.9,0.00122238,0.1057,0.0115646168401,0.0064688,0.1059,0.0610840415486,0.189323046526,1.01509328545
YbYag15,YbYag15.opju Book12 (2026-08-27 11:22),YbYag15.opju Book11 (2026-08-27 10:35),17.4,17.9,0.00124551,0.10565,0.0117890203502,0.00657275,0.10565,0.0622124940842,0.189496025256,1.01602074542
YbYag15,YbYag15.opju Book12 (2026-08-27 11:22),YbYag15.opju Book11 (2026-08-27 10:35),17.5,17.9,0.00123812,0.1057,0.0117135288553,0.00659516,0.1054,0.0625726755218,0.187198785374,1.00370363548
YbYag15,YbYag15.opju Book12 (2026-08-27 11:22),YbYag15.opju Book11 (2026-08-27 10:35),17.6,17.9,0.00123359,0.1059,0.0116486307838,0.00659421,0.1053,0.0626230769231,0.186011792396,0.997339335808
YbYag15,YbYag15.opju Book12 (2026-08-27 11:22),YbYag15.opju Book11 (2026-08-27 10:35),17.7,17.9,0.00123931,0.10575,0.0117192434988,0.0065904,0.1053,0.0625868945869,0.187247563186,1.00396516745
YbYag15,YbYag15.opju Book12 (2026-08-27 11:22),YbYag15.opju Book11 (2026-08-27 10:35),17.8,17.9,0.00124384,0.10575,0.0117620803783,0.00659993,0.1053,0.0626773979107,0.187660636376,1.00617994176
YbYag15,YbYag15.opju Book12 (2026-08-27 11:22),YbYag15.opju Book11 (2026-08-27 10:35),17.9,17.9,0.00124431,0.1058,0.0117609640832,0.00664046,0.10525,0.0630922565321,0.18640899422,0.999469012632
YbYag15,YbYag15.opju Book12 (2026-08-27 11:22),YbYag15.opju Book11 (2026-08-27 10:35),18,17.9,0.00125063,0.10605,0.0117928335691,0.0066314,0.10555,0.062827096163,0.18770298628,1.00640700923
YbYag15,YbYag15.opju Book12 (2026-08-27 11:22),YbYag15.opju Book11 (2026-08-27 10:35),18.1,17.9,0.00125123,0.1059,0.0118152030217,0.00665334,0.10545,0.0630947368421,0.187261309153,1.00403886919
YbYag15,YbYag15.opju Book12 (2026-08-27 11:22),YbYag15.opju Book11 (2026-08-27 10:35),18.2,17.9,0.00124372,0.1061,0.0117221489161,0.00667384,0.10545,0.0632891417734,0.185215798281,0.993071454556
YbYag15,YbYag15.opju Book12 (2026-08-27 11:22),YbYag15.opju Book11 (2026-08-27 10:35),18.3,17.9,0.00125898,0.106,0.0118771698113,0.00671342,0.1052,0.0638157794677,0.186116504576,0.997900771052
YbYag15,YbYag15.opju Book12 (2026-08-27 11:22),YbYag15.opju Book11 (2026-08-27 10:35),18.4,17.9,0.00126923,0.106,0.0119738679245,0.0067468,0.1056,0.0638901515152,0.187413359345,1.00485411663
YbYag15,YbYag15.opju Book12 (2026-08-27 11:22),YbYag15.opju Book11 (2026-08-27 10:35),18.5,17.9,0.00127435,0.1058,0.0120448960302,0.00675586,0.10565,0.063945669664,0.188361402633,1.00993723986
YbYag15,YbYag15.opju Book12 (2026-08-27 11:22),YbYag15.opju Book11 (2026-08-27 10:35),18.6,17.9,0.00127733,0.1059,0.0120616619452,0.00676635,0.1057,0.0640146641438,0.18842029567,1.01025300663
YbYag15,YbYag15.opju Book12 (2026-08-27 11:22),YbYag15.opju Book11 (2026-08-27 10:35),18.7,17.9,0.00128186,0.10605,0.0120873173032,0.00685695,0.1057,0.0648718070009,0.186326200271,0.999025096359
YbYag15,YbYag15.opju Book12 (2026-08-27 11:22),YbYag15.opju Book11 (2026-08-27 10:35),18.8,17.9,0.0013181,0.106,0.0124349056604,0.0070329,0.1059,0.0664107648725,0.187242319589,1.00393705285
YbYag15,YbYag15.opju Book12 (2026-08-27 11:22),YbYag15.opju Book11 (2026-08-27 10:35),18.9,17.9,0.00134254,0.10615,0.0126475741875,0.00713256,0.10595,0.0673200566305,0.187872304638,1.00731484338
YbYag15,YbYag15.opju Book12 (2026-08-27 11:22),YbYag15.opju Book11 (2026-08-27 10:35),19,17.9,0.00124777,0.1061,0.0117603204524,0.00660756,0.1056,0.0625715909091,0.187949839241,1.00773056062
YbYag15,YbYag15.opju Book12 (2026-08-27 11:22),YbYag15.opju Book11 (2026-08-27 10:35),19.1,17.9,0.00100911,0.10595,0.00952439830109,0.00534967,0.1056,0.0506597537879,0.188007196817,1.00803809471
YbYag15,YbYag15.opju Book12 (2026-08-27 11:22),YbYag15.opju Book11 (2026-08-27 10:35),19.2,17.9,0.000682954,0.1058,0.00645514177694,0.00366546,0.10585,0.0346288143599,0.186409552168,0.999472004184
YbYag15,YbYag15.opju Book12 (2026-08-27 11:22),YbYag15.opju Book11 (2026-08-27 10:35),15.5,18,0.000775341,0.10565,0.00733876952201,0.00429633,0.10545,0.0407428165007,0.180124256306,0.965772136452
YbYag15,YbYag15.opju Book12 (2026-08-27 11:22),YbYag15.opju Book11 (2026-08-27 10:35),15.6,18,0.00108767,0.1056,0.010299905303,0.0058246,0.10525,0.0553406175772,0.186118365749,0.997910750103
YbYag15,YbYag15.opju Book12 (2026-08-27 11:22),YbYag15.opju Book11 (2026-08-27 10:35),15.7,18,0.00121475,0.1058,0.0114815689981,0.00646833,0.10515,0.0615152639087,0.186645854517,1.00073898637
YbYag15,YbYag15.opju Book12 (2026-08-27 11:22),YbYag15.opju Book11 (2026-08-27 10:35),15.8,18,0.00123871,0.1059,0.0116969782814,0.00660279,0.1052,0.0627641634981,0.186363963598,0.999227571968
YbYag15,YbYag15.opju Book12 (2026-08-27 11:22),YbYag15.opju Book11 (2026-08-27 10:35),15.9,18,0.00123287,0.1056,0.011674905303,0.00663093,0.1052,0.0630316539924,0.185222892999,0.993109494302
YbYag15,YbYag15.opju Book12 (2026-08-27 11:22),YbYag15.opju Book11 (2026-08-27 10:35),16,18,0.00122143,0.10595,0.0115283624351,0.00654224,0.1052,0.0621885931559,0.185377443838,0.993938149456
YbYag15,YbYag15.opju Book12 (2026-08-27 11:22),YbYag15.opju Book11 (2026-08-27 10:35),16.1,18,0.00121547,0.10575,0.0114938061466,0.00646451,0.10525,0.0614205225653,0.187132991817,1.00335087019
YbYag15,YbYag15.opju Book12 (2026-08-27 11:22),YbYag15.opju Book11 (2026-08-27 10:35),16.2,18,0.00122631,0.1056,0.0116127840909,0.00651935,0.1053,0.0619121557455,0.187568724608,1.00568713848
YbYag15,YbYag15.opju Book12 (2026-08-27 11:22),YbYag15.opju Book11 (2026-08-27 10:35),16.3,18,0.00122572,0.1057,0.0115962157048,0.00653937,0.1052,0.0621613117871,0.186550369859,1.00022702633
YbYag15,YbYag15.opju Book12 (2026-08-27 11:22),YbYag15.opju Book11 (2026-08-27 10:35),16.4,18,0.00121833,0.1057,0.0115263008515,0.00650218,0.1055,0.0616320379147,0.187018006243,1.0027343521
YbYag15,YbYag15.opju Book12 (2026-08-27 11:22),YbYag15.opju Book11 (2026-08-27 10:35),16.5,18,0.00121749,0.106,0.011485754717,0.00647357,0.1054,0.0614190702087,0.187006326829,1.00267173059
YbYag15,YbYag15.opju Book12 (2026-08-27 11:22),YbYag15.opju Book11 (2026-08-27 10:35),16.6,18,0.00122333,0.1053,0.0116175688509,0.00648454,0.10535,0.0615523493118,0.188742899025,1.01198270888
YbYag15,YbYag15.opju Book12 (2026-08-27 11:22),YbYag15.opju Book11 (2026-08-27 10:35),16.7,18,0.00123072,0.1057,0.0116435193945,0.0065265,0.1051,0.0620980019029,0.187502319522,1.00533109437
YbYag15,YbYag15.opju Book12 (2026-08-27 11:22),YbYag15.opju Book11 (2026-08-27 10:35),16.8,18,0.00122166,0.1057,0.0115578051088,0.00649646,0.10555,0.0615486499289,0.187783243372,1.00683732363
YbYag15,YbYag15.opju Book12 (2026-08-27 11:22),YbYag15.opju Book11 (2026-08-27 10:35),16.9,18,0.00121952,0.1055,0.0115594312796,0.00646451,0.10545,0.0613040303461,0.188559075388,1.01099710177
YbYag15,YbYag15.opju Book12 (2026-08-27 11:22),YbYag15.opju Book11 (2026-08-27 10:35),17,18,0.00119544,0.10555,0.0113258171483,0.0063372,0.1055,0.0600682464455,0.188549155644,1.01094391509
YbYag15,YbYag15.opju Book12 (2026-08-27 11:22),YbYag15.opju Book11 (2026-08-27 10:35),17.1,18,0.00118745,0.10565,0.0112394699479,0.00628617,0.1055,0.059584549763,0.188630609656,1.01138064703
YbYag15,YbYag15.opju Book12 (2026-08-27 11:22),YbYag15.opju Book11 (2026-08-27 10:35),17.2,18,0.00119651,0.10585,0.0113038261691,0.00638011,0.1057,0.0603605487228,0.187271759589,1.00409490129
YbYag15,YbYag15.opju Book12 (2026-08-27 11:22),YbYag15.opju Book11 (2026-08-27 10:35),17.3,18,0.00122941,0.1061,0.0115872761546,0.00648358,0.10545,0.061484874348,0.188457344631,1.01045165203
YbYag15,YbYag15.opju Book12 (2026-08-27 11:22),YbYag15.opju Book11 (2026-08-27 10:35),17.4,18,0.00123978,0.1057,0.0117292336802,0.0065718,0.10565,0.0622035021297,0.188562271876,1.01101424038
YbYag15,YbYag15.opju Book12 (2026-08-27 11:22),YbYag15.opju Book11 (2026-08-27 10:35),17.5,18,0.00123776,0.1059,0.0116880075543,0.00656322,0.10535,0.0622991931656,0.187610897676,1.0059132578
YbYag15,YbYag15.opju Book12 (2026-08-27 11:22),YbYag15.opju Book11 (2026-08-27 10:35),17.6,18,0.00123192,0.10565,0.0116603880738,0.00652602,0.1056,0.0617994318182,0.188681153382,1.01165164729
YbYag15,YbYag15.opju Book12 (2026-08-27 11:22),YbYag15.opju Book11 (2026-08-27 10:35),17.7,18,0.00123978,0.1054,0.0117626185958,0.00655225,0.10565,0.0620184571699,0.189663192742,1.01691704725
YbYag15,YbYag15.opju Book12 (2026-08-27 11:22),YbYag15.opju Book11 (2026-08-27 10:35),17.8,18,0.00124372,0.10545,0.0117944049312,0.00658467,0.10565,0.062325319451,0.189239381925,1.014644701
YbYag15,YbYag15.opju Book12 (2026-08-27 11:22),YbYag15.opju Book11 (2026-08-27 10:35),17.9,18,0.00125027,0.1057,0.0118284768212,0.00662187,0.1053,0.0628857549858,0.188094693685,1.00850722663
YbYag15,YbYag15.opju Book12 (2026-08-27 11:22),YbYag15.opju Book11 (2026-08-27 10:35),18,18,0.00125218,0.1055,0.0118690047393,0.00662759,0.10525,0.062969976247,0.188486727274,1.01060919293
YbYag15,YbYag15.opju Book12 (2026-08-27 11:22),YbYag15.opju Book11 (2026-08-27 10:35),18.1,18,0.00125492,0.1056,0.0118837121212,0.0066705,0.1054,0.0632874762808,0.187773518863,1.00678518374
YbYag15,YbYag15.opju Book12 (2026-08-27 11:22),YbYag15.opju Book11 (2026-08-27 10:35),18.2,18,0.0012585,0.106,0.0118726415094,0.00665858,0.1054,0.0631743833017,0.187934426723,1.00764792334
YbYag15,YbYag15.opju Book12 (2026-08-27 11:22),YbYag15.opju Book11 (2026-08-27 10:35),18.3,18,0.00126339,0.1059,0.0119300283286,0.00668719,0.10545,0.0634157420578,0.188124083098,1.00866480383
YbYag15,YbYag15.opju Book12 (2026-08-27 11:22),YbYag15.opju Book11 (2026-08-27 10:35),18.4,18,0.00126959,0.10595,0.01198291647,0.00673059,0.1055,0.0637970616114,0.18782865805,1.00708082349
YbYag15,YbYag15.opju Book12 (2026-08-27 11:22),YbYag15.opju Book11 (2026-08-27 10:35),18.5,18,0.00127519,0.10575,0.012058534279,0.00676158,0.10555,0.0640604452866,0.188236816417,1.00926924601
YbYag15,YbYag15.opju Book12 (2026-08-27 11:22),YbYag15.opju Book11 (2026-08-27 10:35),18.6,18,0.00128926,0.10575,0.0121915839243,0.00683931,0.1055,0.0648275829384,0.188061676399,1.00833019786
YbYag15,YbYag15.opju Book12 (2026-08-27 11:22),YbYag15.opju Book11 (2026-08-27 10:35),18.7,18,0.00133098,0.10585,0.012574208786,0.00703433,0.1054,0.066739373814,0.188407653045,1.01018522067
YbYag15,YbYag15.opju Book12 (2026-08-27 11:22),YbYag15.opju Book11 (2026-08-27 10:35),18.8,18,0.00137676,0.106,0.0129883018868,0.00728753,0.1056,0.0690107007576,0.188207071428,1.00910976232
YbYag15,YbYag15.opju Book12 (2026-08-27 11:22),YbYag15.opju Book11 (2026-08-27 10:35),18.9,18,0.0013311,0.1061,0.0125457115928,0.00701287,0.1056,0.0664097537879,0.188913689288,1.01289843495
YbYag15,YbYag15.opju Book12 (2026-08-27 11:22),YbYag15.opju Book11 (2026-08-27 10:35),19,18,0.0011071,0.10615,0.0104295807819,0.0058594,0.10555,0.0555130270014,0.187876275989,1.00733613657
YbYag15,YbYag15.opju Book12 (2026-08-27 11:22),YbYag15.opju Book11 (2026-08-27 10:35),19.1,18,0.00076491,0.1059,0.00722294617564,0.00411204,0.1056,0.0389397727273,0.185490198575,0.994542706474
YbYag15,YbYag15.opju Book12 (2026-08-27 11:22),YbYag15.opju Book11 (2026-08-27 10:35),15.6,18.1,0.000889245,0.10535,0.00844086378738,0.00482467,0.10515,0.0458836899667,0.183962183371,0.986349948107
YbYag15,YbYag15.opju Book12 (2026-08-27 11:22),YbYag15.opju Book11 (2026-08-27 10:35),15.7,18.1,0.00111819,0.10575,0.0105739007092,0.00600055,0.10515,0.0570665715644,0.185290624955,0.993472652695
YbYag15,YbYag15.opju Book12 (2026-08-27 11:22),YbYag15.opju Book11 (2026-08-27 10:35),15.8,18.1,0.00119973,0.1055,0.0113718483412,0.00644258,0.10525,0.0612121615202,0.185777598091,0.996083656321
YbYag15,YbYag15.opju Book12 (2026-08-27 11:22),YbYag15.opju Book11 (2026-08-27 10:35),15.9,18.1,0.00120486,0.10565,0.0114042593469,0.00648883,0.1053,0.061622317189,0.185067031996,0.992273814439
YbYag15,YbYag15.opju Book12 (2026-08-27 11:22),YbYag15.opju Book11 (2026-08-27 10:35),16,18.1,0.00121463,0.1056,0.0115021780303,0.00647357,0.10535,0.0614482202183,0.187184884923,1.00362910544
YbYag15,YbYag15.opju Book12 (2026-08-27 11:22),YbYag15.opju Book11 (2026-08-27 10:35),16.1,18.1,0.00121976,0.10555,0.0115562292752,0.00650695,0.10545,0.0617064959697,0.187277353763,1.00412489557
YbYag15,YbYag15.opju Book12 (2026-08-27 11:22),YbYag15.opju Book11 (2026-08-27 10:35),16.2,18.1,0.00123382,0.10565,0.011678371983,0.00657752,0.1053,0.0624645773979,0.186959913434,1.00242287591
YbYag15,YbYag15.opju Book12 (2026-08-27 11:22),YbYag15.opju Book11 (2026-08-27 10:35),16.3,18.1,0.00123144,0.10565,0.0116558447705,0.00660852,0.10525,0.0627887885986,0.185635764452,0.995323186966
YbYag15,YbYag15.opju Book12 (2026-08-27 11:22),YbYag15.opju Book11 (2026-08-27 10:35),16.4,18.1,0.00123096,0.10575,0.0116402836879,0.00654605,0.1053,0.0621657169991,0.187246029642,1.00395694504
YbYag15,YbYag15.opju Book12 (2026-08-27 11:22),YbYag15.opju Book11 (2026-08-27 10:35),16.5,18.1,0.00122321,0.1057,0.0115724692526,0.00650552,0.1052,0.0618395437262,0.18713704137,1.00337258268
YbYag15,YbYag15.opju Book12 (2026-08-27 11:22),YbYag15.opju Book11 (2026-08-27 10:35),16.6,18.1,0.00122119,0.10565,0.0115588263133,0.00650075,0.10505,0.0618824369348,0.186786863702,1.00149503525
YbYag15,YbYag15.opju Book12 (2026-08-27 11:22),YbYag15.opju Book11 (2026-08-27 10:35),16.7,18.1,0.00122679,0.1057,0.0116063386944,0.00653699,0.10565,0.0618740179839,0.187580168099,1.00574849505
YbYag15,YbYag15.opju Book12 (2026-08-27 11:22),YbYag15.opju Book11 (2026-08-27 10:35),16.8,18.1,0.00122357,0.1059,0.01155401322,0.00652936,0.10565,0.0618017983909,0.186952702362,1.00238421231
YbYag15,YbYag15.opju Book12 (2026-08-27 11:22),YbYag15.opju Book11 (2026-08-27 10:35),16.9,18.1,0.00122226,0.1057,0.0115634815516,0.00649455,0.10515,0.0617646219686,0.187218527096,1.00380948466
YbYag15,YbYag15.opju Book12 (2026-08-27 11:22),YbYag15.opju Book11 (2026-08-27 10:35),17,18.1,0.00121463,0.10555,0.0115076267172,0.00644782,0.10515,0.0613202092249,0.187664505106,1.00620068473
YbYag15,YbYag15.opju Book12 (2026-08-27 11:22),YbYag15.opju Book11 (2026-08-27 10:35),17.1,18.1,0.00122572,0.10575,0.0115907328605,0.00648549,0.1052,0.0616491444867,0.188011252338,1.0080598392
YbYag15,YbYag15.opju Book12 (2026-08-27 11:22),YbYag15.opju Book11 (2026-08-27 10:35),17.2,18.1,0.00123132,0.10565,0.0116547089446,0.00653413,0.1054,0.0619936432638,0.187998451632,1.00799120566
YbYag15,YbYag15.opju Book12 (2026-08-27 11:22),YbYag15.opju Book11 (2026-08-27 10:35),17.3,18.1,0.00123895,0.10555,0.0117380388441,0.00659421,0.10525,0.0626528266033,0.187350507239,1.00451712253
YbYag15,YbYag15.opju Book12 (2026-08-27 11:22),YbYag15.opju Book11 (2026-08-27 10:35),17.4,18.1,0.00123966,0.1057,0.0117280983917,0.00657085,0.10545,0.0623124703651,0.18821430643,1.00914855422
YbYag15,YbYag15.opju Book12 (2026-08-27 11:22),YbYag15.opju Book11 (2026-08-27 10:35),17.5,18.1,0.00123978,0.10575,0.0117236879433,0.00655416,0.10555,0.0620953102795,0.188801503536,1.01229692866
YbYag15,YbYag15.opju Book12 (2026-08-27 11:22),YbYag15.opju Book11 (2026-08-27 10:35),17.6,18.1,0.00123072,0.10575,0.0116380141844,0.00654653,0.10525,0.0621998099762,0.18710690899,1.00321102191
YbYag15,YbYag15.opju Book12 (2026-08-27 11:22),YbYag15.opju Book11 (2026-08-27 10:35),17.7,18.1,0.00124467,0.1055,0.0117978199052,0.00658134,0.1054,0.0624415559772,0.188941798784,1.01304914962
YbYag15,YbYag15.opju Book12 (2026-08-27 11:22),YbYag15.opju Book11 (2026-08-27 10:35),17.8,18.1,0.00125111,0.1056,0.0118476325758,0.00660947,0.1053,0.0627679962013,0.188752760847,1.012035585
YbYag15,YbYag15.opju Book12 (2026-08-27 11:22),YbYag15.opju Book11 (2026-08-27 10:35),17.9,18.1,0.00124968,0.1055,0.0118453080569,0.00662854,0.10535,0.0629192216421,0.188262151816,1.0094050868
YbYag15,YbYag15.opju Book12 (2026-08-27 11:22),YbYag15.opju Book11 (2026-08-27 10:35),18,18.1,0.00125623,0.10555,0.0119017527238,0.00666955,0.1054,0.0632784629981,0.188085363644,1.00845720175
YbYag15,YbYag15.opju Book12 (2026-08-27 11:22),YbYag15.opju Book11 (2026-08-27 10:35),18.1,18.1,0.00126315,0.10555,0.0119673140692,0.00667861,0.1053,0.0634245963913,0.1886856953,1.01167599969
YbYag15,YbYag15.opju Book12 (2026-08-27 11:22),YbYag15.opju Book11 (2026-08-27 10:35),18.2,18.1,0.00126172,0.1058,0.0119255198488,0.00669101,0.1054,0.0634820683112,0.18785651076,1.00723016136
YbYag15,YbYag15.opju Book12 (2026-08-27 11:22),YbYag15.opju Book11 (2026-08-27 10:35),18.3,18.1,0.00127483,0.10595,0.0120323737612,0.00674823,0.1054,0.0640249525617,0.187932568159,1.00763795828
YbYag15,YbYag15.opju Book12 (2026-08-27 11:22),YbYag15.opju Book11 (2026-08-27 10:35),18.4,18.1,0.00127567,0.1057,0.0120687795648,0.00679258,0.1053,0.0645069325736,0.187092752411,1.00313511859
YbYag15,YbYag15.opju Book12 (2026-08-27 11:22),YbYag15.opju Book11 (2026-08-27 10:35),18.5,18.1,0.00128771,0.10605,0.0121424799623,0.00687173,0.1056,0.0650732007576,0.186597244656,1.0004783549
YbYag15,YbYag15.opju Book12 (2026-08-27 11:22),YbYag15.opju Book11 (2026-08-27 10:35),18.6,18.1,0.00134052,0.10605,0.0126404526167,0.00714114,0.1054,0.0677527514231,0.186567369608,1.00031817387
YbYag15,YbYag15.opju Book12 (2026-08-27 11:22),YbYag15.opju Book11 (2026-08-27 10:35),18.7,18.1,0.00140155,0.10585,0.0132409069438,0.00742438,0.1056,0.0703066287879,0.188330846921,1.00977340932
YbYag15,YbYag15.opju Book12 (2026-08-27 11:22),YbYag15.opju Book11 (2026-08-27 10:35),18.8,18.1,0.00136936,0.10605,0.0129123998114,0.00722888,0.10565,0.0684229058211,0.188714578202,1.01183086114
YbYag15,YbYag15.opju Book12 (2026-08-27 11:22),YbYag15.opju Book11 (2026-08-27 10:35),18.9,18.1,0.00115717,0.10605,0.0109115511551,0.00610211,0.10565,0.0577577851396,0.188919141008,1.01292766543
YbYag15,YbYag15.opju Book12 (2026-08-27 11:22),YbYag15.opju Book11 (2026-08-27 10:35),19,18.1,0.000793699,0.10595,0.00749126002832,0.0042744,0.1054,0.0405540796964,0.184722722952,0.990427732804
YbYag15,YbYag15.opju Book12 (2026-08-27 11:22),YbYag15.opju Book11 (2026-08-27 10:35),15.7,18.2,0.000930671,0.1057,0.00880483443709,0.00511697,0.10555,0.0484791094268,0.181621208417,0.97379834385
YbYag15,YbYag15.opju Book12 (2026-08-27 11:22),YbYag15.opju Book11 (2026-08-27 10:35),15.8,18.2,0.00114811,0.1057,0.0108619678335,0.00613216,0.1054,0.058179886148,0.18669627173,1.00100930832
YbYag15,YbYag15.opju Book12 (2026-08-27 11:22),YbYag15.opju Book11 (2026-08-27 10:35),15.9,18.2,0.00119055,0.10565,0.0112688121155,0.0064092,0.10535,0.0608372093023,0.185228945324,0.993141945047
YbYag15,YbYag15.opju Book12 (2026-08-27 11:22),YbYag15.opju Book11 (2026-08-27 10:35),16,18.2,0.00120784,0.1056,0.0114378787879,0.00648025,0.1056,0.0613660037879,0.186387870839,0.99935575541
YbYag15,YbYag15.opju Book12 (2026-08-27 11:22),YbYag15.opju Book11 (2026-08-27 10:35),16.1,18.2,0.00122739,0.1056,0.0116230113636,0.00651124,0.10555,0.0616886783515,0.188414011683,1.01021931378
YbYag15,YbYag15.opju Book12 (2026-08-27 11:22),YbYag15.opju Book11 (2026-08-27 10:35),16.2,18.2,0.00125683,0.1061,0.0118457115928,0.00661758,0.10545,0.0627556187767,0.188759378422,1.01207106646
YbYag15,YbYag15.opju Book12 (2026-08-27 11:22),YbYag15.opju Book11 (2026-08-27 10:35),16.3,18.2,0.00124324,0.1056,0.0117731060606,0.00664285,0.105,0.0632652380952,0.186091231379,0.997765263764
YbYag15,YbYag15.opju Book12 (2026-08-27 11:22),YbYag15.opju Book11 (2026-08-27 10:35),16.4,18.2,0.00124598,0.1056,0.0117990530303,0.00661185,0.1052,0.0628502851711,0.187732688852,1.00656626549
YbYag15,YbYag15.opju Book12 (2026-08-27 11:22),YbYag15.opju Book11 (2026-08-27 10:35),16.5,18.2,0.00123263,0.1057,0.011661589404,0.00658181,0.10515,0.0625944840704,0.186303786623,0.99890492111
YbYag15,YbYag15.opju Book12 (2026-08-27 11:22),YbYag15.opju Book11 (2026-08-27 10:35),16.6,18.2,0.00122572,0.1058,0.0115852551985,0.00652602,0.1054,0.0619166982922,0.18711035178,1.00322948112
YbYag15,YbYag15.opju Book12 (2026-08-27 11:22),YbYag15.opju Book11 (2026-08-27 10:35),16.7,18.2,0.00122178,0.10605,0.0115207920792,0.006506,0.10515,0.0618735140276,0.186199091166,0.998343575534
YbYag15,YbYag15.opju Book12 (2026-08-27 11:22),YbYag15.opju Book11 (2026-08-27 10:35),16.8,18.2,0.0012225,0.10585,0.0115493623051,0.00653127,0.10555,0.061878446234,0.18664596492,1.00073957832
YbYag15,YbYag15.opju Book12 (2026-08-27 11:22),YbYag15.opju Book11 (2026-08-27 10:35),16.9,18.2,0.00122596,0.10585,0.0115820500709,0.00655559,0.1051,0.0623747859182,0.185684806776,0.99558613717
YbYag15,YbYag15.opju Book12 (2026-08-27 11:22),YbYag15.opju Book11 (2026-08-27 10:35),17,18.2,0.00123788,0.10575,0.0117057210402,0.00653556,0.1053,0.0620660968661,0.188600888911,1.01122129332
YbYag15,YbYag15.opju Book12 (2026-08-27 11:22),YbYag15.opju Book11 (2026-08-27 10:35),17.1,18.2,0.00124098,0.10585,0.0117239489844,0.00658849,0.1052,0.0626282319392,0.187199105282,1.00370535073
YbYag15,YbYag15.opju Book12 (2026-08-27 11:22),YbYag15.opju Book11 (2026-08-27 10:35),17.2,18.2,0.00124348,0.1056,0.0117753787879,0.00657609,0.10535,0.0624213573802,0.18864342722,1.01144937095
YbYag15,YbYag15.opju Book12 (2026-08-27 11:22),YbYag15.opju Book11 (2026-08-27 10:35),17.3,18.2,0.00124491,0.1059,0.0117555240793,0.006578,0.10535,0.0624394874229,0.188270669163,1.00945075426
YbYag15,YbYag15.opju Book12 (2026-08-27 11:22),YbYag15.opju Book11 (2026-08-27 10:35),17.4,18.2,0.00123597,0.1058,0.0116821361059,0.00652412,0.10515,0.0620458392772,0.188282344827,1.00951335566
YbYag15,YbYag15.opju Book12 (2026-08-27 11:22),YbYag15.opju Book11 (2026-08-27 10:35),17.5,18.2,0.0012399,0.10565,0.0117359204922,0.00654939,0.10545,0.0621089615932,0.188956958725,1.01313043267
YbYag15,YbYag15.opju Book12 (2026-08-27 11:22),YbYag15.opju Book11 (2026-08-27 10:35),17.6,18.2,0.00123955,0.10565,0.0117326076668,0.00653842,0.1055,0.0619755450237,0.189310278148,1.01502482524
YbYag15,YbYag15.opju Book12 (2026-08-27 11:22),YbYag15.opju Book11 (2026-08-27 10:35),17.7,18.2,0.0012467,0.1058,0.0117835538752,0.00658515,0.10535,0.0625073564309,0.188514673281,1.01075903102
YbYag15,YbYag15.opju Book12 (2026-08-27 11:22),YbYag15.opju Book11 (2026-08-27 10:35),17.8,18.2,0.00125612,0.1058,0.0118725897921,0.00663522,0.1054,0.0629527514231,0.1885952484,1.0111910506
YbYag15,YbYag15.opju Book12 (2026-08-27 11:22),YbYag15.opju Book11 (2026-08-27 10:35),17.9,18.2,0.00125099,0.1059,0.0118129367328,0.00665,0.1052,0.0632129277567,0.186875329968,1.00196936479
YbYag15,YbYag15.opju Book12 (2026-08-27 11:22),YbYag15.opju Book11 (2026-08-27 10:35),18,18.2,0.00125922,0.1059,0.0118906515581,0.00667575,0.10545,0.063307254623,0.18782447018,1.00705836939
YbYag15,YbYag15.opju Book12 (2026-08-27 11:22),YbYag15.opju Book11 (2026-08-27 10:35),18.1,18.2,0.00126518,0.10595,0.0119412930628,0.00670579,0.1055,0.0635619905213,0.187868456681,1.00729421179
YbYag15,YbYag15.opju Book12 (2026-08-27 11:22),YbYag15.opju Book11 (2026-08-27 10:35),18.2,18.2,0.00126863,0.10605,0.0119625648279,0.00673583,0.1055,0.0638467298578,0.187363782837,1.00458830229
YbYag15,YbYag15.opju Book12 (2026-08-27 11:22),YbYag15.opju Book11 (2026-08-27 10:35),18.3,18.2,0.00128234,0.1058,0.012120415879,0.00676349,0.10545,0.0641393077288,0.188970169903,1.01320126704
YbYag15,YbYag15.opju Book12 (2026-08-27 11:22),YbYag15.opju Book11 (2026-08-27 10:35),18.4,18.2,0.00129903,0.10615,0.0122376825247,0.00689223,0.1056,0.0652673295455,0.187500892252,1.00532344178
YbYag15,YbYag15.opju Book12 (2026-08-27 11:22),YbYag15.opju Book11 (2026-08-27 10:35),18.5,18.2,0.00134588,0.10585,0.0127149740198,0.00717214,0.1057,0.0678537369915,0.187387969824,1.00471798565
YbYag15,YbYag15.opju Book12 (2026-08-27 11:22),YbYag15.opju Book11 (2026-08-27 10:35),18.6,18.2,0.00141288,0.10575,0.0133605673759,0.00745109,0.1057,0.0704928098392,0.189530923883,1.01620786137
YbYag15,YbYag15.opju Book12 (2026-08-27 11:22),YbYag15.opju Book11 (2026-08-27 10:35),18.7,18.2,0.00137211,0.10575,0.012975035461,0.00725082,0.10575,0.0685656737589,0.189235148576,1.01462200306
YbYag15,YbYag15.opju Book12 (2026-08-27 11:22),YbYag15.opju Book11 (2026-08-27 10:35),18.8,18.2,0.00112749,0.10585,0.0106517713746,0.0059872,0.1056,0.056696969697,0.187871969728,1.0073130477
YbYag15,YbYag15.opju Book12 (2026-08-27 11:22),YbYag15.opju Book11 (2026-08-27 10:35),18.9,18.2,0.000764016,0.1063,0.0071873565381,0.00409272,0.1055,0.0387935545024,0.18527192546,0.993372391623
YbYag15,YbYag15.opju Book12 (2026-08-27 11:22),YbYag15.opju Book11 (2026-08-27 10:35),15.7,18.3,0.000672821,0.10535,0.00638653061224,0.0037284,0.10525,0.0354242280285,0.180287079428,0.966645145103
YbYag15,YbYag15.opju Book12 (2026-08-27 11:22),YbYag15.opju Book11 (2026-08-27 10:35),15.8,18.3,0.000989683,0.10545,0.00938532954007,0.00539783,0.10545,0.0511885253675,0.183348308487,0.983058535444
YbYag15,YbYag15.opju Book12 (2026-08-27 11:22),YbYag15.opju Book11 (2026-08-27 10:35),15.9,18.3,0.00116862,0.10555,0.0110717195642,0.00623992,0.1051,0.0593712654615,0.186482795644,0.999864713694
YbYag15,YbYag15.opju Book12 (2026-08-27 11:22),YbYag15.opju Book11 (2026-08-27 10:35),16,18.3,0.00121928,0.10565,0.011540747752,0.00652078,0.10555,0.0617790620559,0.186806781585,1.00160182895
YbYag15,YbYag15.opju Book12 (2026-08-27 11:22),YbYag15.opju Book11 (2026-08-27 10:35),16.1,18.3,0.00125182,0.1056,0.0118543560606,0.00664285,0.10505,0.0632351261304,0.187464733385,1.0051295688
YbYag15,YbYag15.opju Book12 (2026-08-27 11:22),YbYag15.opju Book11 (2026-08-27 10:35),16.2,18.3,0.00126971,0.1054,0.0120465844402,0.00671056,0.10525,0.0637582897862,0.188941461269,1.01304733996
YbYag15,YbYag15.opju Book12 (2026-08-27 11:22),YbYag15.opju Book11 (2026-08-27 10:35),16.3,18.3,0.00126243,0.10565,0.0119491717937,0.0066748,0.1053,0.0633884140551,0.18850718971,1.01071890636
YbYag15,YbYag15.opju Book12 (2026-08-27 11:22),YbYag15.opju Book11 (2026-08-27 10:35),16.4,18.3,0.00125623,0.1054,0.0119186907021,0.00666383,0.1054,0.0632241935484,0.188514713011,1.01075924404
YbYag15,YbYag15.opju Book12 (2026-08-27 11:22),YbYag15.opju Book11 (2026-08-27 10:35),16.5,18.3,0.00124014,0.10545,0.011760455192,0.00660947,0.10535,0.0627382059801,0.187452844854,1.00506582606
YbYag15,YbYag15.opju Book12 (2026-08-27 11:22),YbYag15.opju Book11 (2026-08-27 10:35),16.6,18.3,0.00122941,0.10585,0.0116146433632,0.00657561,0.10525,0.0624761045131,0.185905370601,0.996768734122
YbYag15,YbYag15.opju Book12 (2026-08-27 11:22),YbYag15.opju Book11 (2026-08-27 10:35),16.7,18.3,0.00122822,0.10565,0.0116253667771,0.00653318,0.10545,0.06195523945,0.187641382396,1.00607670771
YbYag15,YbYag15.opju Book12 (2026-08-27 11:22),YbYag15.opju Book11 (2026-08-27 10:35),16.8,18.3,0.00122655,0.1058,0.011593100189,0.00653461,0.1053,0.0620570750237,0.186813512957,1.00163792055
YbYag15,YbYag15.opju Book12 (2026-08-27 11:22),YbYag15.opju Book11 (2026-08-27 10:35),16.9,18.3,0.00122989,0.10575,0.0116301654846,0.00652125,0.1055,0.0618127962085,0.188151421679,1.00881138509
YbYag15,YbYag15.opju Book12 (2026-08-27 11:22),YbYag15.opju Book11 (2026-08-27 10:35),17,18.3,0.00122703,0.10585,0.0115921587152,0.00655559,0.10535,0.0622267679165,0.186288941292,0.99882532491
YbYag15,YbYag15.opju Book12 (2026-08-27 11:22),YbYag15.opju Book11 (2026-08-27 10:35),17.1,18.3,0.00123239,0.10575,0.0116538061466,0.00655177,0.1057,0.0619845789972,0.188011378558,1.00806051595
YbYag15,YbYag15.opju Book12 (2026-08-27 11:22),YbYag15.opju Book11 (2026-08-27 10:35),17.2,18.3,0.00122655,0.1059,0.0115821529745,0.00655559,0.10575,0.0619913947991,0.186834850418,1.0017523256
YbYag15,YbYag15.opju Book12 (2026-08-27 11:22),YbYag15.opju Book11 (2026-08-27 10:35),17.3,18.3,0.00122798,0.10595,0.0115901840491,0.0065656,0.105,0.0625295238095,0.185355386432,0.993819884273
YbYag15,YbYag15.opju Book12 (2026-08-27 11:22),YbYag15.opju Book11 (2026-08-27 10:35),17.4,18.3,0.00123561,0.1058,0.0116787334594,0.00656417,0.10545,0.062249122807,0.187612819792,1.00592356361
YbYag15,YbYag15.opju Book12 (2026-08-27 11:22),YbYag15.opju Book11 (2026-08-27 10:35),17.5,18.3,0.00123943,0.106,0.0116927358491,0.00655988,0.1053,0.0622970560304,0.187693232942,1.00635471476
YbYag15,YbYag15.opju Book12 (2026-08-27 11:22),YbYag15.opju Book11 (2026-08-27 10:35),17.6,18.3,0.00124443,0.10625,0.0117122823529,0.00658944,0.1056,0.0624,0.187696832579,1.00637401493
YbYag15,YbYag15.opju Book12 (2026-08-27 11:22),YbYag15.opju Book11 (2026-08-27 10:35),17.7,18.3,0.00125135,0.1059,0.0118163361662,0.00663617,0.1055,0.0629020853081,0.187852852705,1.00721054796
YbYag15,YbYag15.opju Book12 (2026-08-27 11:22),YbYag15.opju Book11 (2026-08-27 10:35),17.8,18.3,0.00125719,0.10585,0.011877090222,0.00664189,0.10555,0.0629264803411,0.188745503604,1.01199667385
YbYag15,YbYag15.opju Book12 (2026-08-27 11:22),YbYag15.opju Book11 (2026-08-27 10:35),17.9,18.3,0.00125719,0.1062,0.0118379472693,0.00666478,0.1056,0.0631134469697,0.187566165971,1.00567341984
YbYag15,YbYag15.opju Book12 (2026-08-27 11:22),YbYag15.opju Book11 (2026-08-27 10:35),18,18.3,0.00127066,0.10565,0.0120270705159,0.00670579,0.10565,0.0634717463322,0.189486995567,1.01597233094
YbYag15,YbYag15.opju Book12 (2026-08-27 11:22),YbYag15.opju Book11 (2026-08-27 10:35),18.1,18.3,0.00128067,0.106,0.0120817924528,0.00675014,0.1056,0.063921780303,0.18900901063,1.01340951934
YbYag15,YbYag15.opju Book12 (2026-08-27 11:22),YbYag15.opju Book11 (2026-08-27 10:35),18.2,18.3,0.00128783,0.1058,0.0121723062382,0.00679925,0.10575,0.0642955082742,0.189318143132,1.01506699492
YbYag15,YbYag15.opju Book12 (2026-08-27 11:22),YbYag15.opju Book11 (2026-08-27 10:35),18.3,18.3,0.0013131,0.10595,0.0123935818782,0.00698999,0.1053,0.066381671415,0.18670186535,1.00103929962
YbYag15,YbYag15.opju Book12 (2026-08-27 11:22),YbYag15.opju Book11 (2026-08-27 10:35),18.4,18.3,0.00136698,0.10575,0.0129265248227,0.00726512,0.1055,0.0688636966825,0.187711747197,1.00645398263
YbYag15,YbYag15.opju Book12 (2026-08-27 11:22),YbYag15.opju Book11 (2026-08-27 10:35),18.5,18.3,0.00140703,0.1059,0.0132864022663,0.00741675,0.10565,0.0702011358258,0.189261927318,1.01476558262
YbYag15,YbYag15.opju Book12 (2026-08-27 11:22),YbYag15.opju Book11 (2026-08-27 10:35),18.6,18.3,0.00131942,0.10585,0.0124649976382,0.00701478,0.10535,0.0665854769815,0.1872029488,1.00372595852
YbYag15,YbYag15.opju Book12 (2026-08-27 11:22),YbYag15.opju Book11 (2026-08-27 10:35),18.7,18.3,0.00104011,0.1058,0.0098309073724,0.00551847,0.1055,0.0523077725118,0.187943529237,1.00769672828
YbYag15,YbYag15.opju Book12 (2026-08-27 11:22),YbYag15.opju Book11 (2026-08-27 10:35),18.8,18.3,0.000664715,0.10565,0.00629167061051,0.00358869,0.1056,0.0339838068182,0.18513731096,0.992650629125
YbYag15,YbYag15.opju Book12 (2026-08-27 11:22),YbYag15.opju Book11 (2026-08-27 10:35),15.8,18.4,0.00074387,0.106,0.00701764150943,0.0041323,0.1052,0.039280418251,0.178654958931,0.957894205439
YbYag15,YbYag15.opju Book12 (2026-08-27 11:22),YbYag15.opju Book11 (2026-08-27 10:35),15.9,18.4,0.00103761,0.10555,0.00983050686878,0.00566199,0.10475,0.0540524105012,0.181869906959,0.975131790701
YbYag15,YbYag15.opju Book12 (2026-08-27 11:22),YbYag15.opju Book11 (2026-08-27 10:35),16,18.4,0.00120319,0.10545,0.0114100521574,0.00638059,0.1052,0.0606519961977,0.188123274957,1.00866047082
YbYag15,YbYag15.opju Book12 (2026-08-27 11:22),YbYag15.opju Book11 (2026-08-27 10:35),16.1,18.4,0.00124765,0.1059,0.0117813975449,0.00659421,0.1055,0.0625043601896,0.188489211139,1.01062251067
YbYag15,YbYag15.opju Book12 (2026-08-27 11:22),YbYag15.opju Book11 (2026-08-27 10:35),16.2,18.4,0.00126816,0.1057,0.0119977294229,0.00673202,0.10525,0.0639621852732,0.187575352087,1.00572267304
YbYag15,YbYag15.opju Book12 (2026-08-27 11:22),YbYag15.opju Book11 (2026-08-27 10:35),16.3,18.4,0.00126899,0.1057,0.0120055818354,0.00673059,0.10505,0.0640703474536,0.187381250649,1.00468195945
YbYag15,YbYag15.opju Book12 (2026-08-27 11:22),YbYag15.opju Book11 (2026-08-27 10:35),16.4,18.4,0.00125755,0.10575,0.0118917257683,0.00669292,0.1051,0.0636814462417,0.186737683739,1.00123134706
YbYag15,YbYag15.opju Book12 (2026-08-27 11:22),YbYag15.opju Book11 (2026-08-27 10:35),16.5,18.4,0.00123871,0.1057,0.0117191106906,0.00660422,0.1052,0.062777756654,0.18667616231,1.00090148765
YbYag15,YbYag15.opju Book12 (2026-08-27 11:22),YbYag15.opju Book11 (2026-08-27 10:35),16.6,18.4,0.00123668,0.1054,0.0117332068311,0.00656083,0.1054,0.0622469639469,0.188494443538,1.01065056522
YbYag15,YbYag15.opju Book12 (2026-08-27 11:22),YbYag15.opju Book11 (2026-08-27 10:35),16.7,18.4,0.00123204,0.10575,0.0116504964539,0.00653699,0.1055,0.0619619905213,0.188026503924,1.00814161362
YbYag15,YbYag15.opju Book12 (2026-08-27 11:22),YbYag15.opju Book11 (2026-08-27 10:35),16.8,18.4,0.00123144,0.1057,0.0116503311258,0.00652555,0.1054,0.0619122390892,0.188174927885,1.0089374183
YbYag15,YbYag15.opju Book12 (2026-08-27 11:22),YbYag15.opju Book11 (2026-08-27 10:35),16.9,18.4,0.00123156,0.106,0.011618490566,0.00660947,0.10545,0.0626787102892,0.185365820586,0.993875829071
YbYag15,YbYag15.opju Book12 (2026-08-27 11:22),YbYag15.opju Book11 (2026-08-27 10:35),17,18.4,0.00124765,0.10595,0.0117758376593,0.00664094,0.10555,0.0629174798674,0.187163212578,1.00351290483
YbYag15,YbYag15.opju Book12 (2026-08-27 11:22),YbYag15.opju Book11 (2026-08-27 10:35),17.1,18.4,0.0012517,0.106,0.011808490566,0.00664952,0.10535,0.0631183673469,0.187084854415,1.00309277191
YbYag15,YbYag15.opju Book12 (2026-08-27 11:22),YbYag15.opju Book11 (2026-08-27 10:35),17.2,18.4,0.00123835,0.10595,0.0116880604059,0.00658515,0.1056,0.062359375,0.187430685537,1.00494701446
YbYag15,YbYag15.opju Book12 (2026-08-27 11:22),YbYag15.opju Book11 (2026-08-27 10:35),17.3,18.4,0.00123442,0.106,0.0116454716981,0.00655082,0.10535,0.0621814902705,0.187281965219,1.00414962081
YbYag15,YbYag15.opju Book12 (2026-08-27 11:22),YbYag15.opju Book11 (2026-08-27 10:35),17.4,18.4,0.00124491,0.10575,0.0117721985816,0.00656989,0.1057,0.0621560075686,0.189397598754,1.01549301209
YbYag15,YbYag15.opju Book12 (2026-08-27 11:22),YbYag15.opju Book11 (2026-08-27 10:35),17.5,18.4,0.00124861,0.106,0.0117793396226,0.00660041,0.10525,0.0627117339667,0.187833103592,1.00710465915
YbYag15,YbYag15.opju Book12 (2026-08-27 11:22),YbYag15.opju Book11 (2026-08-27 10:35),17.6,18.4,0.00125075,0.10575,0.0118274231678,0.00662282,0.1052,0.0629545627376,0.187872374193,1.00731521632
YbYag15,YbYag15.opju Book12 (2026-08-27 11:22),YbYag15.opju Book11 (2026-08-27 10:35),17.7,18.4,0.00125409,0.10585,0.0118478034955,0.00664428,0.10535,0.0630686283816,0.187855734293,1.00722599817
YbYag15,YbYag15.opju Book12 (2026-08-27 11:22),YbYag15.opju Book11 (2026-08-27 10:35),17.8,18.4,0.00125147,0.10585,0.011823051488,0.00667623,0.1054,0.0633418406072,0.186654687876,1.00078634819
YbYag15,YbYag15.opju Book12 (2026-08-27 11:22),YbYag15.opju Book11 (2026-08-27 10:35),17.9,18.4,0.0012703,0.10595,0.0119896177442,0.00671485,0.1054,0.0637082542694,0.188195672314,1.00904864369
YbYag15,YbYag15.opju Book12 (2026-08-27 11:22),YbYag15.opju Book11 (2026-08-27 10:35),18,18.4,0.00127829,0.1059,0.012070727101,0.00677589,0.10525,0.0643790023753,0.187494783324,1.00529068754
YbYag15,YbYag15.opju Book12 (2026-08-27 11:22),YbYag15.opju Book11 (2026-08-27 10:35),18.1,18.4,0.00129987,0.10585,0.0122803023146,0.0068765,0.10575,0.0650260047281,0.18885217331,1.01256860476
YbYag15,YbYag15.opju Book12 (2026-08-27 11:22),YbYag15.opju Book11 (2026-08-27 10:35),18.2,18.4,0.00133634,0.10595,0.0126129306277,0.00706008,0.10535,0.0670154722354,0.188209232987,1.00912135195
YbYag15,YbYag15.opju Book12 (2026-08-27 11:22),YbYag15.opju Book11 (2026-08-27 10:35),18.3,18.4,0.00136984,0.10575,0.01295356974,0.00721076,0.10525,0.068510783848,0.189073442347,1.01375498284
YbYag15,YbYag15.opju Book12 (2026-08-27 11:22),YbYag15.opju Book11 (2026-08-27 10:35),18.4,18.4,0.00135422,0.10595,0.0127816894762,0.00716308,0.1056,0.0678321969697,0.188431011337,1.01031046081
YbYag15,YbYag15.opju Book12 (2026-08-27 11:22),YbYag15.opju Book11 (2026-08-27 10:35),18.5,18.4,0.00117839,0.10595,0.0111221330816,0.00624183,0.1055,0.0591642654028,0.187987343473,1.00793164705
YbYag15,YbYag15.opju Book12 (2026-08-27 11:22),YbYag15.opju Book11 (2026-08-27 10:35),18.6,18.4,0.000868265,0.10585,0.00820278696268,0.00465325,0.10555,0.0440857413548,0.186064398842,0.997621395764
YbYag15,YbYag15.opju Book12 (2026-08-27 11:22),YbYag15.opju Book11 (2026-08-27 10:35),15.9,18.5,0.000792507,0.10555,0.00750835622928,0.00440791,0.1054,0.0418207779886,0.179536502916,0.962620779387
YbYag15,YbYag15.opju Book12 (2026-08-27 11:22),YbYag15.opju Book11 (2026-08-27 10:35),16,18.5,0.00109459,0.1054,0.0103851043643,0.00582984,0.10555,0.0552329701563,0.188023644843,1.00812628409
YbYag15,YbYag15.opju Book12 (2026-08-27 11:22),YbYag15.opju Book11 (2026-08-27 10:35),16.1,18.5,0.00122929,0.10565,0.0116354945575,0.00648645,0.1053,0.0615997150997,0.188888772272,1.0127648374
YbYag15,YbYag15.opju Book12 (2026-08-27 11:22),YbYag15.opju Book11 (2026-08-27 10:35),16.2,18.5,0.00127519,0.10555,0.0120813832307,0.00671294,0.10535,0.0637203607024,0.189600044594,1.01657846585
YbYag15,YbYag15.opju Book12 (2026-08-27 11:22),YbYag15.opju Book11 (2026-08-27 10:35),16.3,18.5,0.00128258,0.1057,0.012134153264,0.00676635,0.10535,0.0642273374466,0.188925055068,1.01295937485
YbYag15,YbYag15.opju Book12 (2026-08-27 11:22),YbYag15.opju Book11 (2026-08-27 10:35),16.4,18.5,0.00126398,0.10565,0.0119638428774,0.00667766,0.1055,0.0632953554502,0.189016125943,1.01344766951
YbYag15,YbYag15.opju Book12 (2026-08-27 11:22),YbYag15.opju Book11 (2026-08-27 10:35),16.5,18.5,0.00124038,0.10565,0.0117404637956,0.00660709,0.1055,0.0626264454976,0.187468148676,1.00514788056
YbYag15,YbYag15.opju Book12 (2026-08-27 11:22),YbYag15.opju Book11 (2026-08-27 10:35),16.6,18.5,0.00124348,0.1058,0.0117531190926,0.00665048,0.1051,0.0632776403425,0.185738896536,0.99587615021
YbYag15,YbYag15.opju Book12 (2026-08-27 11:22),YbYag15.opju Book11 (2026-08-27 10:35),16.7,18.5,0.00125206,0.10585,0.0118286254133,0.00664905,0.1052,0.0632038973384,0.187150253567,1.00344342251
YbYag15,YbYag15.opju Book12 (2026-08-27 11:22),YbYag15.opju Book11 (2026-08-27 10:35),16.8,18.5,0.00125719,0.1056,0.0119052083333,0.0066624,0.1053,0.0632706552707,0.188163190066,1.00887448364
YbYag15,YbYag15.opju Book12 (2026-08-27 11:22),YbYag15.opju Book11 (2026-08-27 10:35),16.9,18.5,0.0012492,0.1056,0.0118295454545,0.00664476,0.1055,0.062983507109,0.187819732458,1.00703296715
YbYag15,YbYag15.opju Book12 (2026-08-27 11:22),YbYag15.opju Book11 (2026-08-27 10:35),17,18.5,0.00124801,0.10585,0.0117903637222,0.00664666,0.10545,0.063031389284,0.187055431526,1.00293501522
YbYag15,YbYag15.opju Book12 (2026-08-27 11:22),YbYag15.opju Book11 (2026-08-27 10:35),17.1,18.5,0.00124503,0.1059,0.0117566572238,0.00661042,0.10545,0.0626877192982,0.187543227851,1.00555043254
YbYag15,YbYag15.opju Book12 (2026-08-27 11:22),YbYag15.opju Book11 (2026-08-27 10:35),17.2,18.5,0.00124408,0.1058,0.0117587901701,0.00659993,0.1054,0.0626179316888,0.18778630742,1.00685375214
YbYag15,YbYag15.opju Book12 (2026-08-27 11:22),YbYag15.opju Book11 (2026-08-27 10:35),17.3,18.5,0.00125862,0.1059,0.0118849858357,0.00668338,0.10535,0.0634397721879,0.187342820218,1.00447590703
YbYag15,YbYag15.opju Book12 (2026-08-27 11:22),YbYag15.opju Book11 (2026-08-27 10:35),17.4,18.5,0.00126243,0.10595,0.0119153374233,0.00670007,0.1056,0.0634476325758,0.187797982991,1.00691635305
YbYag15,YbYag15.opju Book12 (2026-08-27 11:22),YbYag15.opju Book11 (2026-08-27 10:35),17.5,18.5,0.00126684,0.1056,0.0119965909091,0.00671676,0.10545,0.0636961593172,0.188340883308,1.0098272214
YbYag15,YbYag15.opju Book12 (2026-08-27 11:22),YbYag15.opju Book11 (2026-08-27 10:35),17.6,18.5,0.00126279,0.10575,0.0119412765957,0.00671819,0.10525,0.063830783848,0.187077079049,1.00305108273
YbYag15,YbYag15.opju Book12 (2026-08-27 11:22),YbYag15.opju Book11 (2026-08-27 10:35),17.7,18.5,0.00126196,0.10585,0.0119221539915,0.00668052,0.1054,0.0633825426945,0.188098386159,1.00852702456
YbYag15,YbYag15.opju Book12 (2026-08-27 11:22),YbYag15.opju Book11 (2026-08-27 10:35),17.8,18.5,0.0012672,0.10535,0.0120284765069,0.00671151,0.1052,0.0637976235741,0.188541137319,1.01090092324
YbYag15,YbYag15.opju Book12 (2026-08-27 11:22),YbYag15.opju Book11 (2026-08-27 10:35),17.9,18.5,0.00127459,0.1056,0.0120699810606,0.00677732,0.10545,0.0642704599336,0.187799823948,1.0069262237
YbYag15,YbYag15.opju Book12 (2026-08-27 11:22),YbYag15.opju Book11 (2026-08-27 10:35),18,18.5,0.00130654,0.1057,0.0123608325449,0.00694421,0.10535,0.0659156146179,0.187525104887,1.00545326265
YbYag15,YbYag15.opju Book12 (2026-08-27 11:22),YbYag15.opju Book11 (2026-08-27 10:35),18.1,18.5,0.00133563,0.1057,0.0126360454115,0.00705484,0.10565,0.0667755797444,0.18923153434,1.01460262461
YbYag15,YbYag15.opju Book12 (2026-08-27 11:22),YbYag15.opju Book11 (2026-08-27 10:35),18.2,18.5,0.0013001,0.10575,0.0122940898345,0.0069218,0.1053,0.0657340930674,0.187027602585,1.0027858048
YbYag15,YbYag15.opju Book12 (2026-08-27 11:22),YbYag15.opju Book11 (2026-08-27 10:35),18.3,18.5,0.00115574,0.1058,0.0109238185255,0.00621036,0.1055,0.058865971564,0.185571022363,0.994976059338
YbYag15,YbYag15.opju Book12 (2026-08-27 11:22),YbYag15.opju Book11 (2026-08-27 10:35),18.4,18.5,0.000937585,0.1059,0.00885349386213,0.00503829,0.10555,0.04773368072,0.185476873532,0.9944712616
YbYag15,YbYag15.opju Book12 (2026-08-27 11:22),YbYag15.opju Book11 (2026-08-27 10:35),16,18.6,0.000792149,0.1058,0.00748723062382,0.00434688,0.10545,0.0412221906117,0.181631070856,0.973851223281
YbYag15,YbYag15.opju Book12 (2026-08-27 11:22),YbYag15.opju Book11 (2026-08-27 10:35),16.1,18.6,0.00105179,0.1058,0.00994130434783,0.00569108,0.105,0.0542007619048,0.183416321071,0.983423198483
YbYag15,YbYag15.opju Book12 (2026-08-27 11:22),YbYag15.opju Book11 (2026-08-27 10:35),16.2,18.6,0.00121129,0.10545,0.0114868658132,0.00648454,0.10525,0.0616108313539,0.186442311535,0.999647650064
YbYag15,YbYag15.opju Book12 (2026-08-27 11:22),YbYag15.opju Book11 (2026-08-27 10:35),16.3,18.6,0.0013007,0.10565,0.0123114055845,0.00688651,0.10535,0.0653679164689,0.188340186586,1.00982348579
YbYag15,YbYag15.opju Book12 (2026-08-27 11:22),YbYag15.opju Book11 (2026-08-27 10:35),16.4,18.6,0.00129867,0.10585,0.0122689655172,0.00687411,0.10525,0.0653122090261,0.187851026633,1.00720075711
YbYag15,YbYag15.opju Book12 (2026-08-27 11:22),YbYag15.opju Book11 (2026-08-27 10:35),16.5,18.6,0.00129128,0.10555,0.0122338228328,0.00683597,0.1053,0.0649189933523,0.188447512832,1.01039893687
YbYag15,YbYag15.opju Book12 (2026-08-27 11:22),YbYag15.opju Book11 (2026-08-27 10:35),16.6,18.6,0.00128246,0.10555,0.01215026054,0.00681928,0.1052,0.0648220532319,0.187440229586,1.00499818679
YbYag15,YbYag15.opju Book12 (2026-08-27 11:22),YbYag15.opju Book11 (2026-08-27 10:35),16.7,18.6,0.00128699,0.1057,0.0121758751183,0.00680211,0.10565,0.0643834358732,0.189115025521,1.01397793933
YbYag15,YbYag15.opju Book12 (2026-08-27 11:22),YbYag15.opju Book11 (2026-08-27 10:35),16.8,18.6,0.00127912,0.1055,0.0121243601896,0.0068002,0.1058,0.0642741020794,0.188635232502,1.01140543334
YbYag15,YbYag15.opju Book12 (2026-08-27 11:22),YbYag15.opju Book11 (2026-08-27 10:35),16.9,18.6,0.00127435,0.10545,0.012084874348,0.00676683,0.1055,0.0641405687204,0.188412335423,1.01021032618
YbYag15,YbYag15.opju Book12 (2026-08-27 11:22),YbYag15.opju Book11 (2026-08-27 10:35),17,18.6,0.00125147,0.1056,0.0118510416667,0.00666335,0.1055,0.0631597156398,0.187636083327,1.0060482957
YbYag15,YbYag15.opju Book12 (2026-08-27 11:22),YbYag15.opju Book11 (2026-08-27 10:35),17.1,18.6,0.00123716,0.10575,0.0116989125296,0.00664142,0.1051,0.0631914367269,0.18513446023,0.992635344367
YbYag15,YbYag15.opju Book12 (2026-08-27 11:22),YbYag15.opju Book11 (2026-08-27 10:35),17.2,18.6,0.00124491,0.10605,0.0117388967468,0.00665763,0.10565,0.0630159015618,0.186284675072,0.998802450718
YbYag15,YbYag15.opju Book12 (2026-08-27 11:22),YbYag15.opju Book11 (2026-08-27 10:35),17.3,18.6,0.00127614,0.1052,0.012130608365,0.00672534,0.1059,0.0635065155807,0.191013603157,1.02415754211
YbYag15,YbYag15.opju Book12 (2026-08-27 11:22),YbYag15.opju Book11 (2026-08-27 10:35),17.4,18.6,0.00128365,0.10585,0.0121270666037,0.00676778,0.10545,0.0641799905168,0.188954010526,1.01311462531
YbYag15,YbYag15.opju Book12 (2026-08-27 11:22),YbYag15.opju Book11 (2026-08-27 10:35),17.5,18.6,0.00128651,0.1058,0.0121598298677,0.00677398,0.10545,0.0642387861546,0.189291090252,1.01492194551
YbYag15,YbYag15.opju Book12 (2026-08-27 11:22),YbYag15.opju Book11 (2026-08-27 10:35),17.6,18.6,0.00127185,0.10565,0.0120383341221,0.00674966,0.10545,0.0640081555239,0.188075004249,1.00840165778
YbYag15,YbYag15.opju Book12 (2026-08-27 11:22),YbYag15.opju Book11 (2026-08-27 10:35),17.7,18.6,0.00127447,0.10575,0.0120517257683,0.0067406,0.10535,0.0639829140959,0.188358500681,1.00992168047
YbYag15,YbYag15.opju Book12 (2026-08-27 11:22),YbYag15.opju Book11 (2026-08-27 10:35),17.8,18.6,0.00128008,0.1055,0.0121334597156,0.00672105,0.1054,0.0637670777989,0.190277806894,1.02021242364
YbYag15,YbYag15.opju Book12 (2026-08-27 11:22),YbYag15.opju Book11 (2026-08-27 10:35),17.9,18.6,0.00123144,0.10565,0.0116558447705,0.00650981,0.10545,0.0617336178284,0.1888087104,1.0123355697
YbYag15,YbYag15.opju Book12 (2026-08-27 11:22),YbYag15.opju Book11 (2026-08-27 10:35),18,18.6,0.00118471,0.1059,0.0111870632672,0.00629333,0.1053,0.0597657169991,0.187181946924,1.00361335277
YbYag15,YbYag15.opju Book12 (2026-08-27 11:22),YbYag15.opju Book11 (2026-08-27 10:35),18.1,18.6,0.00105859,0.10605,0.00998198962753,0.00574163,0.1056,0.0543714962121,0.183588650726,0.984347178309
YbYag15,YbYag15.opju Book12 (2026-08-27 11:22),YbYag15.opju Book11 (2026-08-27 10:35),18.2,18.6,0.000847105,0.10595,0.0079953279849,0.00460699,0.10555,0.0436474656561,0.183179661516,0.982154301061
YbYag15,YbYag15.opju Book12 (2026-08-27 11:22),YbYag15.opju Book11 (2026-08-27 10:35),16.2,18.7,0.000786308,0.1056,0.00744609848485,0.00433758,0.1052,0.0412317490494,0.180591380587,0.968276716479
YbYag15,YbYag15.opju Book12 (2026-08-27 11:22),YbYag15.opju Book11 (2026-08-27 10:35),16.3,18.7,0.000972871,0.10565,0.00920843350686,0.00541261,0.10515,0.0514751307656,0.178890920138,0.959159358523
YbYag15,YbYag15.opju Book12 (2026-08-27 11:22),YbYag15.opju Book11 (2026-08-27 10:35),16.4,18.7,0.00114418,0.10575,0.0108196690307,0.00618985,0.1053,0.0587830009497,0.184061188709,0.986880784982
YbYag15,YbYag15.opju Book12 (2026-08-27 11:22),YbYag15.opju Book11 (2026-08-27 10:35),16.5,18.7,0.00123978,0.1055,0.0117514691943,0.00665763,0.10525,0.063255391924,0.185778142177,0.996086573544
YbYag15,YbYag15.opju Book12 (2026-08-27 11:22),YbYag15.opju Book11 (2026-08-27 10:35),16.6,18.7,0.00128997,0.1056,0.012215625,0.00689414,0.1052,0.0655336501901,0.186402328644,0.99943327382
YbYag15,YbYag15.opju Book12 (2026-08-27 11:22),YbYag15.opju Book11 (2026-08-27 10:35),16.7,18.7,0.00131822,0.1058,0.0124595463138,0.0069609,0.1056,0.0659176136364,0.1890169505,1.01345209054
YbYag15,YbYag15.opju Book12 (2026-08-27 11:22),YbYag15.opju Book11 (2026-08-27 10:35),16.8,18.7,0.00131942,0.10575,0.01247678487,0.00695613,0.1056,0.0658724431818,0.189408260379,1.01555017653
YbYag15,YbYag15.opju Book12 (2026-08-27 11:22),YbYag15.opju Book11 (2026-08-27 10:35),16.9,18.7,0.00130511,0.10555,0.0123648507816,0.00691321,0.1056,0.0654660037879,0.18887437855,1.01268766258
YbYag15,YbYag15.opju Book12 (2026-08-27 11:22),YbYag15.opju Book11 (2026-08-27 10:35),17,18.7,0.00129545,0.1057,0.0122559129612,0.00685599,0.1053,0.0651091168091,0.188236510674,1.00926760671
YbYag15,YbYag15.opju Book12 (2026-08-27 11:22),YbYag15.opju Book11 (2026-08-27 10:35),17.1,18.7,0.00129295,0.10555,0.0122496447181,0.00681308,0.10565,0.0644872692854,0.189954464716,1.01847876005
YbYag15,YbYag15.opju Book12 (2026-08-27 11:22),YbYag15.opju Book11 (2026-08-27 10:35),17.2,18.7,0.00128556,0.1057,0.012162346263,0.00680068,0.10575,0.0643090307329,0.189123457847,1.01402315093
YbYag15,YbYag15.opju Book12 (2026-08-27 11:22),YbYag15.opju Book11 (2026-08-27 10:35),17.3,18.7,0.00129832,0.10575,0.0122772576832,0.0068188,0.10575,0.0644803782506,0.190403003461,1.02088369002
YbYag15,YbYag15.opju Book12 (2026-08-27 11:22),YbYag15.opju Book11 (2026-08-27 10:35),17.4,18.7,0.00129498,0.1058,0.0122398865784,0.00682309,0.10585,0.0644599905527,0.189883468388,1.01809809907
YbYag15,YbYag15.opju Book12 (2026-08-27 11:22),YbYag15.opju Book11 (2026-08-27 10:35),17.5,18.7,0.00126923,0.10555,0.0120249171009,0.00668386,0.10565,0.06326417416,0.190074671179,1.01912327098
YbYag15,YbYag15.opju Book12 (2026-08-27 11:22),YbYag15.opju Book11 (2026-08-27 10:35),17.6,18.7,0.00119186,0.1056,0.0112865530303,0.00630239,0.10555,0.0597099952629,0.189022842501,1.01348368168
YbYag15,YbYag15.opju Book12 (2026-08-27 11:22),YbYag15.opju Book11 (2026-08-27 10:35),17.7,18.7,0.00110067,0.1057,0.0104131504257,0.00588992,0.10565,0.055749361098,0.186785107858,1.00148562094
YbYag15,YbYag15.opju Book12 (2026-08-27 11:22),YbYag15.opju Book11 (2026-08-27 10:35),17.8,18.7,0.000996239,0.10585,0.00941179971658,0.0053778,0.1056,0.0509261363636,0.184812758018,0.990910473777
YbYag15,YbYag15.opju Book12 (2026-08-27 11:22),YbYag15.opju Book11 (2026-08-27 10:35),17.9,18.7,0.000827197,0.1057,0.00782589403974,0.00452569,0.1054,0.0429382352941,0.182259331017,0.977219765477
YbYag15,YbYag15.opju Book12 (2026-08-27 11:22),YbYag15.opju Book11 (2026-08-27 10:35),18,18.7,0.000653986,0.1057,0.00618719016083,0.00364734,0.10555,0.0345555660824,0.179050464579,0.960014787874
YbYag15,YbYag15.opju Book12 (2026-08-27 11:22),YbYag15.opju Book11 (2026-08-27 10:35),16.5,18.8,0.000750903,0.10565,0.00710745858968,0.00418141,0.10555,0.039615442918,0.179411312008,0.961949543357
YbYag15,YbYag15.opju Book12 (2026-08-27 11:22),YbYag15.opju Book11 (2026-08-27 10:35),16.6,18.8,0.000851635,0.10565,0.00806090866067,0.00474361,0.1054,0.0450057874763,0.179108268351,0.960324714334
YbYag15,YbYag15.opju Book12 (2026-08-27 11:22),YbYag15.opju Book11 (2026-08-27 10:35),16.7,18.8,0.000906829,0.10585,0.00856711384034,0.0050526,0.10535,0.0479601328904,0.178629902046,0.957759857952
YbYag15,YbYag15.opju Book12 (2026-08-27 11:22),YbYag15.opju Book11 (2026-08-27 10:35),16.8,18.8,0.000961307,0.10565,0.00909897775674,0.00529101,0.1054,0.0501993358634,0.181256934982,0.971845219152
YbYag15,YbYag15.opju Book12 (2026-08-27 11:22),YbYag15.opju Book11 (2026-08-27 10:35),16.9,18.8,0.000990637,0.10565,0.00937659252248,0.00547698,0.1051,0.0521120837298,0.17993125301,0.964737310775
YbYag15,YbYag15.opju Book12 (2026-08-27 11:22),YbYag15.opju Book11 (2026-08-27 10:35),17,18.8,0.00099767,0.10555,0.00945210800568,0.00547794,0.10545,0.0519482219061,0.181952483817,0.975574542997
YbYag15,YbYag15.opju Book12 (2026-08-27 11:22),YbYag15.opju Book11 (2026-08-27 10:35),17.1,18.8,0.000981458,0.10535,0.00931616516374,0.00540355,0.1056,0.0511699810606,0.182063095796,0.976167611194
YbYag15,YbYag15.opju Book12 (2026-08-27 11:22),YbYag15.opju Book11 (2026-08-27 10:35),17.2,18.8,0.000954393,0.1057,0.00902926206244,0.00522426,0.10585,0.0493553141238,0.182944070415,0.980891132375
YbYag15,YbYag15.opju Book12 (2026-08-27 11:22),YbYag15.opju Book11 (2026-08-27 10:35),17.3,18.8,0.000925366,0.10575,0.00875050591017,0.00504878,0.1056,0.0478104166667,0.183025092025,0.981325545898
YbYag15,YbYag15.opju Book12 (2026-08-27 11:22),YbYag15.opju Book11 (2026-08-27 10:35),17.4,18.8,0.000881378,0.1059,0.00832273843248,0.00480607,0.1058,0.0454259924386,0.183215335223,0.982345572761
YbYag15,YbYag15.opju Book12 (2026-08-27 11:22),YbYag15.opju Book11 (2026-08-27 10:35),17.5,18.8,0.000811342,0.1057,0.00767589403974,0.00441292,0.1054,0.0418683111954,0.183334216752,0.982982979796
YbYag15,YbYag15.opju Book12 (2026-08-27 11:22),YbYag15.opju Book11 (2026-08-27 10:35),17.6,18.8,0.000676338,0.10575,0.00639563120567,0.00369932,0.1056,0.0350314393939,0.182568324806,0.978876497323
