sample,scan_969,scan_1030,x_mm,y_mm,pl_value_969,laser_value_969,normalized_value_969,pl_value_1030,laser_value_1030,normalized_value_1030,ratio_969_1030,relative_ratio
YbYag5,Yb_Yag5_2026-09-28_14-57-53,Yb_Yag5_2026-09-28_13-03-16,16.4,12.4,0.000280859,0.09845,0.00285280853225,0.000997074,0.09785,0.0101898211548,0.279966496851,0.895970597631
YbYag5,Yb_Yag5_2026-09-28_14-57-53,Yb_Yag5_2026-09-28_13-03-16,16.5,12.4,0.000320109,0.0985,0.00324983756345,0.00116778,0.09805,0.011910045895,0.272865242678,0.873244610712
YbYag5,Yb_Yag5_2026-09-28_14-57-53,Yb_Yag5_2026-09-28_13-03-16,16.6,12.4,0.000350477,0.09855,0.00355633688483,0.00125135,0.09785,0.0127884517118,0.278089714453,0.889964372365
YbYag5,Yb_Yag5_2026-09-28_14-57-53,Yb_Yag5_2026-09-28_13-03-16,16.7,12.4,0.0003863,0.09845,0.00392381919756,0.00129796,0.09775,0.0132783631714,0.295504735554,0.945697279836
YbYag5,Yb_Yag5_2026-09-28_14-57-53,Yb_Yag5_2026-09-28_13-03-16,16.8,12.4,0.000398578,0.09835,0.00405264870361,0.00132597,0.09785,0.0135510475217,0.299065345105,0.957092219955
YbYag5,Yb_Yag5_2026-09-28_14-57-53,Yb_Yag5_2026-09-28_13-03-16,16.9,12.4,0.000396701,0.0984,0.00403151422764,0.00132859,0.0978,0.0135847648262,0.296767318332,0.949737895618
YbYag5,Yb_Yag5_2026-09-28_14-57-53,Yb_Yag5_2026-09-28_13-03-16,17,12.4,0.000390323,0.09835,0.00396871377733,0.00132347,0.098,0.0135047959184,0.293874398496,0.940479748149
YbYag5,Yb_Yag5_2026-09-28_14-57-53,Yb_Yag5_2026-09-28_13-03-16,17.1,12.4,0.000396403,0.09855,0.00402235413496,0.00131918,0.09785,0.0134816555953,0.298357579789,0.954827174243
YbYag5,Yb_Yag5_2026-09-28_14-57-53,Yb_Yag5_2026-09-28_13-03-16,17.2,12.4,0.000389757,0.09835,0.00396295882054,0.00132216,0.09795,0.0134983154671,0.293589139341,0.939566839575
YbYag5,Yb_Yag5_2026-09-28_14-57-53,Yb_Yag5_2026-09-28_13-03-16,17.3,12.4,0.000365885,0.0984,0.00371834349593,0.00129867,0.09775,0.0132856265985,0.279877164119,0.89568470806
YbYag5,Yb_Yag5_2026-09-28_14-57-53,Yb_Yag5_2026-09-28_13-03-16,17.4,12.4,0.000346871,0.09855,0.00351974632166,0.00127281,0.0979,0.0130011235955,0.270726318061,0.86639945749
YbYag5,Yb_Yag5_2026-09-28_14-57-53,Yb_Yag5_2026-09-28_13-03-16,17.5,12.4,0.00033039,0.0985,0.00335421319797,0.00124455,0.09775,0.0127319693095,0.263448105822,0.84310715558
YbYag5,Yb_Yag5_2026-09-28_14-57-53,Yb_Yag5_2026-09-28_13-03-16,17.6,12.4,0.000310244,0.09845,0.0031512849162,0.00120664,0.0977,0.0123504605937,0.255155254518,0.816567726676
YbYag5,Yb_Yag5_2026-09-28_14-57-53,Yb_Yag5_2026-09-28_13-03-16,17.7,12.4,0.000265809,0.09845,0.00269993905536,0.00116158,0.09775,0.0118831713555,0.227206944559,0.727125367472
YbYag5,Yb_Yag5_2026-09-28_14-57-53,Yb_Yag5_2026-09-28_13-03-16,16.1,12.5,0.000305953,0.09845,0.00310769933977,0.000961188,0.09775,0.00983312531969,0.316043906564,1.01142833527
YbYag5,Yb_Yag5_2026-09-28_14-57-53,Yb_Yag5_2026-09-28_13-03-16,16.2,12.5,0.000355961,0.0984,0.0036174898374,0.00115479,0.09785,0.0118016351559,0.306524459502,0.980963459047
YbYag5,Yb_Yag5_2026-09-28_14-57-53,Yb_Yag5_2026-09-28_13-03-16,16.3,12.5,0.0003922,0.0986,0.00397768762677,0.00126529,0.09785,0.0129309146653,0.307610693422,0.984439709474
YbYag5,Yb_Yag5_2026-09-28_14-57-53,Yb_Yag5_2026-09-28_13-03-16,16.4,12.5,0.000418069,0.09845,0.00424651091925,0.00130368,0.0979,0.0133164453524,0.318892227383,1.02054375349
YbYag5,Yb_Yag5_2026-09-28_14-57-53,Yb_Yag5_2026-09-28_13-03-16,16.5,12.5,0.000431599,0.0984,0.00438616869919,0.00132371,0.0979,0.0135210418795,0.324395763158,1.0381565975
YbYag5,Yb_Yag5_2026-09-28_14-57-53,Yb_Yag5_2026-09-28_13-03-16,16.6,12.5,0.00043756,0.09835,0.0044490086426,0.00134338,0.098,0.0137079591837,0.32455660124,1.03867132406
YbYag5,Yb_Yag5_2026-09-28_14-57-53,Yb_Yag5_2026-09-28_13-03-16,16.7,12.5,0.000438632,0.09845,0.00445537836465,0.0013398,0.0978,0.0136993865031,0.325224663429,1.04080930873
YbYag5,Yb_Yag5_2026-09-28_14-57-53,Yb_Yag5_2026-09-28_13-03-16,16.8,12.5,0.000444295,0.09855,0.00450832064942,0.00133122,0.09775,0.0136186189258,0.331040957529,1.05942306631
YbYag5,Yb_Yag5_2026-09-28_14-57-53,Yb_Yag5_2026-09-28_13-03-16,16.9,12.5,0.000432314,0.09855,0.00438674784373,0.00134028,0.09785,0.0136972917731,0.320263882554,1.02493343125
YbYag5,Yb_Yag5_2026-09-28_14-57-53,Yb_Yag5_2026-09-28_13-03-16,17,12.5,0.000431599,0.09845,0.00438394108685,0.00133897,0.0978,0.0136908997955,0.320208397719,1.02475586435
YbYag5,Yb_Yag5_2026-09-28_14-57-53,Yb_Yag5_2026-09-28_13-03-16,17.1,12.5,0.000436964,0.09855,0.00443393201421,0.0013311,0.09785,0.0136034747062,0.325941137097,1.04310222359
YbYag5,Yb_Yag5_2026-09-28_14-57-53,Yb_Yag5_2026-09-28_13-03-16,17.2,12.5,0.000436248,0.0985,0.00442891370558,0.00132526,0.0979,0.0135368743616,0.327174027569,1.04704781575
YbYag5,Yb_Yag5_2026-09-28_14-57-53,Yb_Yag5_2026-09-28_13-03-16,17.3,12.5,0.000427248,0.09845,0.00433974606399,0.00132836,0.0979,0.0135685393258,0.319838853674,1.02357322071
YbYag5,Yb_Yag5_2026-09-28_14-57-53,Yb_Yag5_2026-09-28_13-03-16,17.4,12.5,0.000420572,0.09855,0.00426760020294,0.00131834,0.0979,0.0134661899898,0.316912222846,1.01420718869
YbYag5,Yb_Yag5_2026-09-28_14-57-53,Yb_Yag5_2026-09-28_13-03-16,17.5,12.5,0.000421138,0.09855,0.00427334348047,0.00131381,0.09785,0.0134267756771,0.318270267057,1.01855330759
YbYag5,Yb_Yag5_2026-09-28_14-57-53,Yb_Yag5_2026-09-28_13-03-16,17.6,12.5,0.000397684,0.09835,0.00404355871886,0.00130451,0.0978,0.0133385480573,0.303148341295,0.970158942502
YbYag5,Yb_Yag5_2026-09-28_14-57-53,Yb_Yag5_2026-09-28_13-03-16,17.7,12.5,0.000395181,0.09855,0.0040099543379,0.00129879,0.09795,0.0132597243492,0.302416116074,0.967815618296
YbYag5,Yb_Yag5_2026-09-28_14-57-53,Yb_Yag5_2026-09-28_13-03-16,17.8,12.5,0.000376793,0.0986,0.00382143002028,0.00128282,0.098,0.01309,0.291935066484,0.934273346737
YbYag5,Yb_Yag5_2026-09-28_14-57-53,Yb_Yag5_2026-09-28_13-03-16,17.9,12.5,0.000341835,0.0985,0.00347040609137,0.00124408,0.0979,0.0127076608784,0.273095585771,0.873981772626
YbYag5,Yb_Yag5_2026-09-28_14-57-53,Yb_Yag5_2026-09-28_13-03-16,18,12.5,0.000317873,0.09855,0.00322549974632,0.00120891,0.0979,0.0123484167518,0.261207554875,0.835936769862
YbYag5,Yb_Yag5_2026-09-28_14-57-53,Yb_Yag5_2026-09-28_13-03-16,18.1,12.5,0.000297489,0.09855,0.00301866057839,0.00115634,0.0978,0.0118235173824,0.255309860912,0.817062510104
YbYag5,Yb_Yag5_2026-09-28_14-57-53,Yb_Yag5_2026-09-28_13-03-16,15.9,12.6,0.000328841,0.0984,0.0033418800813,0.00102568,0.0977,0.0104982599795,0.318327045418,1.01873501413
YbYag5,Yb_Yag5_2026-09-28_14-57-53,Yb_Yag5_2026-09-28_13-03-16,16,12.6,0.000377955,0.0983,0.00384491353001,0.0011747,0.0978,0.0120112474438,0.320109426436,1.02443912874
YbYag5,Yb_Yag5_2026-09-28_14-57-53,Yb_Yag5_2026-09-28_13-03-16,16.1,12.6,0.000421586,0.0984,0.00428441056911,0.00127948,0.0977,0.0130960081883,0.327153931756,1.04698350356
YbYag5,Yb_Yag5_2026-09-28_14-57-53,Yb_Yag5_2026-09-28_13-03-16,16.2,12.6,0.000434848,0.0984,0.00441918699187,0.0013249,0.0979,0.0135331971399,0.326544196925,1.04503218264
YbYag5,Yb_Yag5_2026-09-28_14-57-53,Yb_Yag5_2026-09-28_13-03-16,16.3,12.6,0.000436755,0.0984,0.00443856707317,0.00134469,0.09795,0.013728330781,0.323314403184,1.03469594506
YbYag5,Yb_Yag5_2026-09-28_14-57-53,Yb_Yag5_2026-09-28_13-03-16,16.4,12.6,0.000435533,0.0984,0.00442614837398,0.0013392,0.0979,0.0136792645557,0.323566252846,1.03550193397
YbYag5,Yb_Yag5_2026-09-28_14-57-53,Yb_Yag5_2026-09-28_13-03-16,16.5,12.6,0.000441017,0.09845,0.00447960385983,0.0013485,0.09795,0.0137672281776,0.325381681922,1.04131181155
YbYag5,Yb_Yag5_2026-09-28_14-57-53,Yb_Yag5_2026-09-28_13-03-16,16.6,12.6,0.000439348,0.0985,0.0044603857868,0.00134302,0.0978,0.0137323108384,0.324809556038,1.03948084972
YbYag5,Yb_Yag5_2026-09-28_14-57-53,Yb_Yag5_2026-09-28_13-03-16,16.7,12.6,0.000440123,0.0984,0.00447279471545,0.00134111,0.0978,0.0137127811861,0.326177064649,1.04385725733
YbYag5,Yb_Yag5_2026-09-28_14-57-53,Yb_Yag5_2026-09-28_13-03-16,16.8,12.6,0.000444474,0.09845,0.00451471813103,0.00133456,0.0977,0.0136597748209,0.330511900103,1.05772993551
YbYag5,Yb_Yag5_2026-09-28_14-57-53,Yb_Yag5_2026-09-28_13-03-16,16.9,12.6,0.000443937,0.09855,0.00450468797565,0.00134195,0.09785,0.0137143587123,0.328465083213,1.05117955262
YbYag5,Yb_Yag5_2026-09-28_14-57-53,Yb_Yag5_2026-09-28_13-03-16,17,12.6,0.000439467,0.09845,0.00446385982732,0.00134075,0.0979,0.0136950970378,0.325945834119,1.04311725537
YbYag5,Yb_Yag5_2026-09-28_14-57-53,Yb_Yag5_2026-09-28_13-03-16,17.1,12.6,0.000441672,0.09855,0.00448170471842,0.00133467,0.09795,0.0136260336907,0.328907503104,1.05259541922
YbYag5,Yb_Yag5_2026-09-28_14-57-53,Yb_Yag5_2026-09-28_13-03-16,17.2,12.6,0.000440063,0.09855,0.00446537798072,0.00133837,0.09795,0.0136638080653,0.326803330329,1.04586148156
YbYag5,Yb_Yag5_2026-09-28_14-57-53,Yb_Yag5_2026-09-28_13-03-16,17.3,12.6,0.000439527,0.0985,0.00446220304569,0.00133444,0.098,0.0136167346939,0.327699932913,1.04873085901
YbYag5,Yb_Yag5_2026-09-28_14-57-53,Yb_Yag5_2026-09-28_13-03-16,17.4,12.6,0.000431539,0.0986,0.004376663286,0.00132311,0.09785,0.0135218191109,0.323674148434,1.03584722984
YbYag5,Yb_Yag5_2026-09-28_14-57-53,Yb_Yag5_2026-09-28_13-03-16,17.5,12.6,0.000435593,0.09855,0.00442002029427,0.0013193,0.09795,0.0134691168964,0.328159620877,1.05020198825
YbYag5,Yb_Yag5_2026-09-28_14-57-53,Yb_Yag5_2026-09-28_13-03-16,17.6,12.6,0.000440182,0.0985,0.00446885279188,0.0013181,0.0979,0.0134637385087,0.331917675688,1.06222880807
YbYag5,Yb_Yag5_2026-09-28_14-57-53,Yb_Yag5_2026-09-28_13-03-16,17.7,12.6,0.000431718,0.09855,0.00438070015221,0.00131644,0.0979,0.0134467824311,0.325780548221,1.04258829456
YbYag5,Yb_Yag5_2026-09-28_14-57-53,Yb_Yag5_2026-09-28_13-03-16,17.8,12.6,0.000432255,0.0986,0.00438392494929,0.00131298,0.09795,0.0134045941807,0.327046450657,1.04663953417
YbYag5,Yb_Yag5_2026-09-28_14-57-53,Yb_Yag5_2026-09-28_13-03-16,17.9,12.6,0.000417234,0.0985,0.00423587817259,0.00131286,0.09805,0.0133896991331,0.316353499095,1.01241911741
YbYag5,Yb_Yag5_2026-09-28_14-57-53,Yb_Yag5_2026-09-28_13-03-16,18,12.6,0.000417532,0.09845,0.00424105637379,0.00130356,0.09795,0.0133084226646,0.318674607853,1.01984731052
YbYag5,Yb_Yag5_2026-09-28_14-57-53,Yb_Yag5_2026-09-28_13-03-16,18.1,12.6,0.000394465,0.09845,0.00400675469782,0.00128663,0.0979,0.013142288049,0.304874971761,0.975684639855
YbYag5,Yb_Yag5_2026-09-28_14-57-53,Yb_Yag5_2026-09-28_13-03-16,18.2,12.6,0.000368895,0.0985,0.00374512690355,0.00125814,0.0979,0.0128512768131,0.291420608086,0.932626936884
YbYag5,Yb_Yag5_2026-09-28_14-57-53,Yb_Yag5_2026-09-28_13-03-16,18.3,12.6,0.000337007,0.0984,0.00342486788618,0.00121463,0.09775,0.0124258823529,0.275623717408,0.882072496476
YbYag5,Yb_Yag5_2026-09-28_14-57-53,Yb_Yag5_2026-09-28_13-03-16,18.4,12.6,0.000296893,0.0984,0.00301720528455,0.00116838,0.098,0.011922244898,0.253073587262,0.809905812923
YbYag5,Yb_Yag5_2026-09-28_14-57-53,Yb_Yag5_2026-09-28_13-03-16,15.7,12.7,0.000371696,0.0984,0.00377739837398,0.00106884,0.09775,0.0109344245524,0.345459274594,1.10556568803
YbYag5,Yb_Yag5_2026-09-28_14-57-53,Yb_Yag5_2026-09-28_13-03-16,15.8,12.7,0.000409963,0.0985,0.00416206091371,0.00123919,0.0977,0.0126836233367,0.328144474432,1.05015351541
YbYag5,Yb_Yag5_2026-09-28_14-57-53,Yb_Yag5_2026-09-28_13-03-16,15.9,12.7,0.000427725,0.09835,0.0043490086426,0.00131107,0.0978,0.0134056237219,0.324416732322,1.03822370466
YbYag5,Yb_Yag5_2026-09-28_14-57-53,Yb_Yag5_2026-09-28_13-03-16,16,12.7,0.00044352,0.09835,0.00450960854093,0.00132538,0.09775,0.0135588746803,0.332594602964,1.06439516348
YbYag5,Yb_Yag5_2026-09-28_14-57-53,Yb_Yag5_2026-09-28_13-03-16,16.1,12.7,0.000445427,0.09855,0.00451980720446,0.00134803,0.0978,0.0137835378323,0.327913432636,1.04941411746
YbYag5,Yb_Yag5_2026-09-28_14-57-53,Yb_Yag5_2026-09-28_13-03-16,16.2,12.7,0.000441315,0.09855,0.00447808219178,0.00135387,0.09785,0.0138361778232,0.323650234118,1.03577069738
YbYag5,Yb_Yag5_2026-09-28_14-57-53,Yb_Yag5_2026-09-28_13-03-16,16.3,12.7,0.000445189,0.09845,0.00452198070086,0.00134612,0.09765,0.0137851510497,0.32803272772,1.04979589488
YbYag5,Yb_Yag5_2026-09-28_14-57-53,Yb_Yag5_2026-09-28_13-03-16,16.4,12.7,0.000439228,0.0984,0.00446369918699,0.00134111,0.0977,0.0137268167861,0.325180940093,1.04066938191
YbYag5,Yb_Yag5_2026-09-28_14-57-53,Yb_Yag5_2026-09-28_13-03-16,16.5,12.7,0.000441732,0.0986,0.00448004056795,0.00133277,0.09775,0.0136344757033,0.328581799949,1.05155307861
YbYag5,Yb_Yag5_2026-09-28_14-57-53,Yb_Yag5_2026-09-28_13-03-16,16.6,12.7,0.000445368,0.09845,0.00452379888268,0.00133432,0.0977,0.0136573183214,0.331236248304,1.06004805106
YbYag5,Yb_Yag5_2026-09-28_14-57-53,Yb_Yag5_2026-09-28_13-03-16,16.7,12.7,0.000445129,0.0985,0.00451907614213,0.00133587,0.09775,0.0136661892583,0.330675659229,1.05825401022
YbYag5,Yb_Yag5_2026-09-28_14-57-53,Yb_Yag5_2026-09-28_13-03-16,16.8,12.7,0.000444712,0.0985,0.00451484263959,0.00134242,0.0979,0.0137121552605,0.329258424647,1.05371846569
YbYag5,Yb_Yag5_2026-09-28_14-57-53,Yb_Yag5_2026-09-28_13-03-16,16.9,12.7,0.000435354,0.0985,0.00441983756345,0.00134135,0.09785,0.0137082268779,0.322422265317,1.03184085594
YbYag5,Yb_Yag5_2026-09-28_14-57-53,Yb_Yag5_2026-09-28_13-03-16,17,12.7,0.000444176,0.0985,0.00450940101523,0.00133003,0.09795,0.013578662583,0.332094636542,1.06279513199
YbYag5,Yb_Yag5_2026-09-28_14-57-53,Yb_Yag5_2026-09-28_13-03-16,17.1,12.7,0.000435831,0.09845,0.0044269273743,0.00133277,0.0978,0.0136275051125,0.324852373032,1.039617876
YbYag5,Yb_Yag5_2026-09-28_14-57-53,Yb_Yag5_2026-09-28_13-03-16,17.2,12.7,0.000445129,0.09855,0.0045167833587,0.00133074,0.09785,0.0135997956055,0.332121414889,1.06288083014
YbYag5,Yb_Yag5_2026-09-28_14-57-53,Yb_Yag5_2026-09-28_13-03-16,17.3,12.7,0.00043148,0.0985,0.00438050761421,0.00132347,0.0979,0.0135185903984,0.3240358266,1.03700470048
YbYag5,Yb_Yag5_2026-09-28_14-57-53,Yb_Yag5_2026-09-28_13-03-16,17.4,12.7,0.000436606,0.0986,0.00442805273834,0.00132132,0.098,0.0134828571429,0.328420949018,1.05103831092
YbYag5,Yb_Yag5_2026-09-28_14-57-53,Yb_Yag5_2026-09-28_13-03-16,17.5,12.7,0.000439586,0.09855,0.00446053779807,0.00131357,0.09795,0.0134106176621,0.332612405369,1.06445213613
YbYag5,Yb_Yag5_2026-09-28_14-57-53,Yb_Yag5_2026-09-28_13-03-16,17.6,12.7,0.000435295,0.0985,0.00441923857868,0.00132883,0.0981,0.013545667686,0.32624737895,1.04408228263
YbYag5,Yb_Yag5_2026-09-28_14-57-53,Yb_Yag5_2026-09-28_13-03-16,17.7,12.7,0.000436964,0.09875,0.00442495189873,0.00132216,0.09805,0.0134845486996,0.328149795541,1.05017054444
YbYag5,Yb_Yag5_2026-09-28_14-57-53,Yb_Yag5_2026-09-28_13-03-16,17.8,12.7,0.00043595,0.09865,0.00441915864166,0.0013063,0.09795,0.0133363961205,0.331360781558,1.06044659209
YbYag5,Yb_Yag5_2026-09-28_14-57-53,Yb_Yag5_2026-09-28_13-03-16,17.9,12.7,0.000428142,0.09855,0.00434441400304,0.00131131,0.0979,0.0133943820225,0.324345982946,1.03799728699
YbYag5,Yb_Yag5_2026-09-28_14-57-53,Yb_Yag5_2026-09-28_13-03-16,18,12.7,0.000435473,0.09855,0.00441880263825,0.00130904,0.09785,0.0133780275933,0.33030299926,1.05706139476
YbYag5,Yb_Yag5_2026-09-28_14-57-53,Yb_Yag5_2026-09-28_13-03-16,18.1,12.7,0.000430973,0.09835,0.00438203355363,0.00130821,0.0979,0.0133627170582,0.327929831526,1.04946659846
YbYag5,Yb_Yag5_2026-09-28_14-57-53,Yb_Yag5_2026-09-28_13-03-16,18.2,12.7,0.000427963,0.0985,0.00434480203046,0.00131202,0.09795,0.0133947932619,0.324364993584,1.03805812631
YbYag5,Yb_Yag5_2026-09-28_14-57-53,Yb_Yag5_2026-09-28_13-03-16,18.3,12.7,0.000417741,0.09855,0.00423887366819,0.00130189,0.0979,0.0132981613892,0.31875637121,1.02010897598
YbYag5,Yb_Yag5_2026-09-28_14-57-53,Yb_Yag5_2026-09-28_13-03-16,18.4,12.7,0.000395956,0.0985,0.00401985786802,0.00128389,0.09785,0.013121001533,0.306368218761,0.980463445253
YbYag5,Yb_Yag5_2026-09-28_14-57-53,Yb_Yag5_2026-09-28_13-03-16,18.5,12.7,0.00036356,0.0985,0.00369096446701,0.00124443,0.0979,0.0127112359551,0.290370226786,0.929265424805
YbYag5,Yb_Yag5_2026-09-28_14-57-53,Yb_Yag5_2026-09-28_13-03-16,18.6,12.7,0.000341,0.09855,0.00346017250127,0.00119389,0.0979,0.0121949948927,0.283737101304,0.908037579798
YbYag5,Yb_Yag5_2026-09-28_14-57-53,Yb_Yag5_2026-09-28_13-03-16,18.7,12.7,0.000292065,0.09845,0.00296663280853,0.00115085,0.098,0.0117433673469,0.252621988302,0.808460570743
YbYag5,Yb_Yag5_2026-09-28_14-57-53,Yb_Yag5_2026-09-28_13-03-16,15.5,12.8,0.000355812,0.09845,0.00361413915693,0.000997551,0.09775,0.0102051253197,0.354149414506,1.13337655089
YbYag5,Yb_Yag5_2026-09-28_14-57-53,Yb_Yag5_2026-09-28_13-03-16,15.6,12.8,0.000406506,0.09845,0.00412906043677,0.00119186,0.09765,0.0122054275474,0.338297074866,1.08264465839
YbYag5,Yb_Yag5_2026-09-28_14-57-53,Yb_Yag5_2026-09-28_13-03-16,15.7,12.8,0.000433238,0.0984,0.00440282520325,0.00127781,0.09755,0.0130990261404,0.33611851416,1.07567265867
YbYag5,Yb_Yag5_2026-09-28_14-57-53,Yb_Yag5_2026-09-28_13-03-16,15.8,12.8,0.000438781,0.09845,0.00445689182326,0.00133134,0.0979,0.0135989785495,0.327737249312,1.04885028185
YbYag5,Yb_Yag5_2026-09-28_14-57-53,Yb_Yag5_2026-09-28_13-03-16,15.9,12.8,0.00044507,0.0985,0.00451847715736,0.00134695,0.0978,0.0137724948875,0.328079784692,1.04994649027
YbYag5,Yb_Yag5_2026-09-28_14-57-53,Yb_Yag5_2026-09-28_13-03-16,16,12.8,0.000444653,0.0983,0.00452342828077,0.00134362,0.09775,0.0137454731458,0.329084945479,1.05316328414
YbYag5,Yb_Yag5_2026-09-28_14-57-53,Yb_Yag5_2026-09-28_13-03-16,16.1,12.8,0.000449957,0.0986,0.00456345841785,0.00135923,0.0978,0.0138980572597,0.32835225331,1.05081846557
YbYag5,Yb_Yag5_2026-09-28_14-57-53,Yb_Yag5_2026-09-28_13-03-16,16.2,12.8,0.000448348,0.0985,0.00455175634518,0.00135756,0.09775,0.0138880818414,0.327745501298,1.0488766905
YbYag5,Yb_Yag5_2026-09-28_14-57-53,Yb_Yag5_2026-09-28_13-03-16,16.3,12.8,0.000448884,0.09835,0.00456414844942,0.00135601,0.09785,0.0138580480327,0.329350023802,1.05401160844
YbYag5,Yb_Yag5_2026-09-28_14-57-53,Yb_Yag5_2026-09-28_13-03-16,16.4,12.8,0.000441672,0.0984,0.00448853658537,0.00135494,0.0978,0.013854192229,0.323983997853,1.03683883409
YbYag5,Yb_Yag5_2026-09-28_14-57-53,Yb_Yag5_2026-09-28_13-03-16,16.5,12.8,0.000444891,0.09845,0.00451895378365,0.00135208,0.0978,0.0138249488753,0.326869475208,1.04607316355
YbYag5,Yb_Yag5_2026-09-28_14-57-53,Yb_Yag5_2026-09-28_13-03-16,16.6,12.8,0.000440778,0.09845,0.00447717623159,0.00134958,0.0978,0.0137993865031,0.324447483994,1.03832211855
YbYag5,Yb_Yag5_2026-09-28_14-57-53,Yb_Yag5_2026-09-28_13-03-16,16.7,12.8,0.000444533,0.09845,0.00451531742001,0.00134743,0.09775,0.0137844501279,0.327566016643,1.04830228972
YbYag5,Yb_Yag5_2026-09-28_14-57-53,Yb_Yag5_2026-09-28_13-03-16,16.8,12.8,0.000444772,0.0985,0.00451545177665,0.00134171,0.0978,0.0137189161554,0.329140562235,1.05334127321
YbYag5,Yb_Yag5_2026-09-28_14-57-53,Yb_Yag5_2026-09-28_13-03-16,16.9,12.8,0.000440242,0.09835,0.00447627859685,0.00133801,0.09785,0.0136740929995,0.32735469892,1.04762601428
YbYag5,Yb_Yag5_2026-09-28_14-57-53,Yb_Yag5_2026-09-28_13-03-16,17,12.8,0.000441315,0.0985,0.00448035532995,0.00133432,0.0979,0.0136294177732,0.328726832247,1.05201722227
YbYag5,Yb_Yag5_2026-09-28_14-57-53,Yb_Yag5_2026-09-28_13-03-16,17.1,12.8,0.00043744,0.0985,0.00444101522843,0.00133932,0.0979,0.0136804902962,0.324623981471,1.03888695953
YbYag5,Yb_Yag5_2026-09-28_14-57-53,Yb_Yag5_2026-09-28_13-03-16,17.2,12.8,0.000435235,0.0985,0.00441862944162,0.00133622,0.09795,0.0136418580909,0.323902316838,1.03657743214
YbYag5,Yb_Yag5_2026-09-28_14-57-53,Yb_Yag5_2026-09-28_13-03-16,17.3,12.8,0.000441017,0.0986,0.00447278904665,0.00133205,0.098,0.0135923469388,0.329066721648,1.05310496281
YbYag5,Yb_Yag5_2026-09-28_14-57-53,Yb_Yag5_2026-09-28_13-03-16,17.4,12.8,0.000437321,0.0987,0.00443081053698,0.00132824,0.09795,0.013560387953,0.326746591052,1.0456799001
YbYag5,Yb_Yag5_2026-09-28_14-57-53,Yb_Yag5_2026-09-28_13-03-16,17.5,12.8,0.000444593,0.0986,0.00450905679513,0.00133122,0.09795,0.0135908116386,0.331772444136,1.06176402674
YbYag5,Yb_Yag5_2026-09-28_14-57-53,Yb_Yag5_2026-09-28_13-03-16,17.6,12.8,0.000448825,0.0986,0.00455197768763,0.00132514,0.09795,0.0135287391526,0.336467252143,1.07678871714
YbYag5,Yb_Yag5_2026-09-28_14-57-53,Yb_Yag5_2026-09-28_13-03-16,17.7,12.8,0.000441613,0.09865,0.00447656360872,0.00132871,0.0979,0.0135721144025,0.329835387174,1.05556490612
YbYag5,Yb_Yag5_2026-09-28_14-57-53,Yb_Yag5_2026-09-28_13-03-16,17.8,12.8,0.000445427,0.0987,0.00451293819656,0.00131596,0.09795,0.0134350178663,0.335908611471,1.07500091173
YbYag5,Yb_Yag5_2026-09-28_14-57-53,Yb_Yag5_2026-09-28_13-03-16,17.9,12.8,0.000445308,0.09855,0.00451859969559,0.00131906,0.09795,0.0134666666667,0.335539581355,1.0738199128
YbYag5,Yb_Yag5_2026-09-28_14-57-53,Yb_Yag5_2026-09-28_13-03-16,18,12.8,0.000440599,0.0986,0.00446854969574,0.00132228,0.09795,0.0134995405819,0.331014945926,1.05933982195
YbYag5,Yb_Yag5_2026-09-28_14-57-53,Yb_Yag5_2026-09-28_13-03-16,18.1,12.8,0.000440182,0.0986,0.00446432048682,0.0013218,0.09795,0.0134946401225,0.330821751917,1.05872154743
YbYag5,Yb_Yag5_2026-09-28_14-57-53,Yb_Yag5_2026-09-28_13-03-16,18.2,12.8,0.00044048,0.09865,0.00446507856057,0.00133098,0.09795,0.0135883614089,0.328595805352,1.05159789979
YbYag5,Yb_Yag5_2026-09-28_14-57-53,Yb_Yag5_2026-09-28_13-03-16,18.3,12.8,0.000437142,0.09855,0.00443573820396,0.00132681,0.09795,0.0135457886677,0.327462528227,1.04797109803
YbYag5,Yb_Yag5_2026-09-28_14-57-53,Yb_Yag5_2026-09-28_13-03-16,18.4,12.8,0.000427784,0.09855,0.00434078132927,0.00131727,0.09785,0.0134621359223,0.322443730647,1.03190955096
YbYag5,Yb_Yag5_2026-09-28_14-57-53,Yb_Yag5_2026-09-28_13-03-16,18.5,12.8,0.000422658,0.0985,0.00429094416244,0.0013187,0.09795,0.0134629913221,0.318721453485,1.01999722956
YbYag5,Yb_Yag5_2026-09-28_14-57-53,Yb_Yag5_2026-09-28_13-03-16,18.6,12.8,0.000413122,0.09855,0.00419200405885,0.0013001,0.0979,0.0132798774259,0.315665869828,1.01021851265
YbYag5,Yb_Yag5_2026-09-28_14-57-53,Yb_Yag5_2026-09-28_13-03-16,18.7,12.8,0.000388088,0.09865,0.00393398884947,0.00127483,0.0979,0.0130217568948,0.302108915199,0.966832490118
YbYag5,Yb_Yag5_2026-09-28_14-57-53,Yb_Yag5_2026-09-28_13-03-16,18.8,12.8,0.000349345,0.0986,0.00354305273834,0.00122381,0.0978,0.012513394683,0.283140812553,0.906129290076
YbYag5,Yb_Yag5_2026-09-28_14-57-53,Yb_Yag5_2026-09-28_13-03-16,18.9,12.8,0.000306072,0.09865,0.00310260516979,0.00115395,0.09785,0.0117930505876,0.263087582534,0.841953380862
YbYag5,Yb_Yag5_2026-09-28_14-57-53,Yb_Yag5_2026-09-28_13-03-16,15.3,12.9,0.00035453,0.09845,0.00360111731844,0.000907425,0.0978,0.00927837423313,0.388119429973,1.24209004126
YbYag5,Yb_Yag5_2026-09-28_14-57-53,Yb_Yag5_2026-09-28_13-03-16,15.4,12.9,0.00040436,0.0985,0.00410517766497,0.0011313,0.0978,0.0115674846626,0.354889397713,1.13574470281
YbYag5,Yb_Yag5_2026-09-28_14-57-53,Yb_Yag5_2026-09-28_13-03-16,15.5,12.9,0.000431182,0.09845,0.00437970543423,0.00127257,0.09775,0.0130186189258,0.336418590881,1.07663298757
YbYag5,Yb_Yag5_2026-09-28_14-57-53,Yb_Yag5_2026-09-28_13-03-16,15.6,12.9,0.000439586,0.0983,0.0044718819939,0.00133467,0.0978,0.0136469325153,0.327684041002,1.04868000048
YbYag5,Yb_Yag5_2026-09-28_14-57-53,Yb_Yag5_2026-09-28_13-03-16,15.7,12.9,0.000448765,0.0984,0.0045606199187,0.00134123,0.09775,0.0137210230179,0.332381915893,1.06371450575
YbYag5,Yb_Yag5_2026-09-28_14-57-53,Yb_Yag5_2026-09-28_13-03-16,15.8,12.9,0.0004496,0.0985,0.00456446700508,0.00134481,0.09775,0.0137576470588,0.3317767192,1.06177770814
YbYag5,Yb_Yag5_2026-09-28_14-57-53,Yb_Yag5_2026-09-28_13-03-16,15.9,12.9,0.000443937,0.09845,0.00450926358558,0.00135721,0.09775,0.0138845012788,0.324769575445,1.03935290071
YbYag5,Yb_Yag5_2026-09-28_14-57-53,Yb_Yag5_2026-09-28_13-03-16,16,12.9,0.000444653,0.09845,0.00451653631285,0.00135244,0.0978,0.0138286298569,0.326607650909,1.04523525303
YbYag5,Yb_Yag5_2026-09-28_14-57-53,Yb_Yag5_2026-09-28_13-03-16,16.1,12.9,0.00044954,0.0984,0.00456849593496,0.0013516,0.0978,0.0138200408998,0.330570362858,1.05791703257
YbYag5,Yb_Yag5_2026-09-28_14-57-53,Yb_Yag5_2026-09-28_13-03-16,16.2,12.9,0.000448825,0.09835,0.00456354855109,0.00135208,0.0978,0.0138249488753,0.330095148434,1.05639621435
YbYag5,Yb_Yag5_2026-09-28_14-57-53,Yb_Yag5_2026-09-28_13-03-16,16.3,12.9,0.00044811,0.0984,0.00455396341463,0.00135804,0.09785,0.0138787940726,0.328123855056,1.05008752768
YbYag5,Yb_Yag5_2026-09-28_14-57-53,Yb_Yag5_2026-09-28_13-03-16,16.4,12.9,0.000449421,0.09845,0.00456496698832,0.00135029,0.0979,0.0137925434116,0.330973545059,1.05920732767
YbYag5,Yb_Yag5_2026-09-28_14-57-53,Yb_Yag5_2026-09-28_13-03-16,16.5,12.9,0.000448884,0.09835,0.00456414844942,0.00134862,0.0978,0.0137895705521,0.330985539555,1.05924571339
YbYag5,Yb_Yag5_2026-09-28_14-57-53,Yb_Yag5_2026-09-28_13-03-16,16.6,12.9,0.000451924,0.0984,0.00459272357724,0.00135852,0.0979,0.0138766087845,0.330968729361,1.0591919161
YbYag5,Yb_Yag5_2026-09-28_14-57-53,Yb_Yag5_2026-09-28_13-03-16,16.7,12.9,0.000448706,0.09845,0.00455770441849,0.00135005,0.0978,0.013804192229,0.330168136091,1.05662979513
YbYag5,Yb_Yag5_2026-09-28_14-57-53,Yb_Yag5_2026-09-28_13-03-16,16.8,12.9,0.00044799,0.09845,0.00455043169121,0.00135363,0.0978,0.013840797546,0.328769471274,1.05215367901
YbYag5,Yb_Yag5_2026-09-28_14-57-53,Yb_Yag5_2026-09-28_13-03-16,16.9,12.9,0.00044805,0.0984,0.00455335365854,0.00134445,0.0978,0.0137469325153,0.331226886687,1.06001809129
YbYag5,Yb_Yag5_2026-09-28_14-57-53,Yb_Yag5_2026-09-28_13-03-16,17,12.9,0.000445427,0.09845,0.00452439817166,0.0013429,0.0979,0.0137170582227,0.329837352748,1.0555711965
YbYag5,Yb_Yag5_2026-09-28_14-57-53,Yb_Yag5_2026-09-28_13-03-16,17.1,12.9,0.000444414,0.0986,0.00450724137931,0.00133718,0.09785,0.0136656106285,0.329823635536,1.05552729761
YbYag5,Yb_Yag5_2026-09-28_14-57-53,Yb_Yag5_2026-09-28_13-03-16,17.2,12.9,0.000443878,0.09845,0.0045086642966,0.00133348,0.0979,0.0136208375894,0.331012264628,1.05933124105
YbYag5,Yb_Yag5_2026-09-28_14-57-53,Yb_Yag5_2026-09-28_13-03-16,17.3,12.9,0.000440897,0.09855,0.00447384069001,0.00133098,0.09795,0.0135883614089,0.329240631404,1.05366152236
YbYag5,Yb_Yag5_2026-09-28_14-57-53,Yb_Yag5_2026-09-28_13-03-16,17.4,12.9,0.000445427,0.0986,0.00451751521298,0.00134075,0.09795,0.0136881061766,0.330032157458,1.05619462572
YbYag5,Yb_Yag5_2026-09-28_14-57-53,Yb_Yag5_2026-09-28_13-03-16,17.5,12.9,0.000439348,0.09865,0.00445360364927,0.00134111,0.09805,0.0136778174401,0.325607771033,1.04203535954
YbYag5,Yb_Yag5_2026-09-28_14-57-53,Yb_Yag5_2026-09-28_13-03-16,17.6,12.9,0.000444414,0.0987,0.00450267477204,0.00133491,0.09795,0.0136284839204,0.330387062739,1.05733042125
YbYag5,Yb_Yag5_2026-09-28_14-57-53,Yb_Yag5_2026-09-28_13-03-16,17.7,12.9,0.000441255,0.09865,0.00447293461733,0.00132418,0.098,0.0135120408163,0.33103323755,1.05939836023
YbYag5,Yb_Yag5_2026-09-28_14-57-53,Yb_Yag5_2026-09-28_13-03-16,17.8,12.9,0.000446798,0.0986,0.0045314198783,0.0013224,0.0981,0.0134801223242,0.336155694238,1.07579164525
YbYag5,Yb_Yag5_2026-09-28_14-57-53,Yb_Yag5_2026-09-28_13-03-16,17.9,12.9,0.00044507,0.09865,0.00451160669032,0.00132454,0.09805,0.0135088220296,0.333974841066,1.068812309
YbYag5,Yb_Yag5_2026-09-28_14-57-53,Yb_Yag5_2026-09-28_13-03-16,18,12.9,0.000441613,0.0986,0.0044788336714,0.00132418,0.09805,0.0135051504335,0.33163893238,1.06133675202
YbYag5,Yb_Yag5_2026-09-28_14-57-53,Yb_Yag5_2026-09-28_13-03-16,18.1,12.9,0.000444831,0.09865,0.00450918398378,0.00132085,0.09795,0.0134849412966,0.334386623167,1.07013012617
YbYag5,Yb_Yag5_2026-09-28_14-57-53,Yb_Yag5_2026-09-28_13-03-16,18.2,12.9,0.000440957,0.0985,0.00447672081218,0.00132859,0.09805,0.013550127486,0.330382191371,1.05731483152
YbYag5,Yb_Yag5_2026-09-28_14-57-53,Yb_Yag5_2026-09-28_13-03-16,18.3,12.9,0.000445606,0.09865,0.00451704004055,0.0013305,0.09795,0.0135834609495,0.332539700842,1.06421946144
YbYag5,Yb_Yag5_2026-09-28_14-57-53,Yb_Yag5_2026-09-28_13-03-16,18.4,12.9,0.000439348,0.09855,0.00445812278031,0.00132776,0.098,0.0135485714286,0.329047442662,1.0530432647
YbYag5,Yb_Yag5_2026-09-28_14-57-53,Yb_Yag5_2026-09-28_13-03-16,18.5,12.9,0.000440659,0.0986,0.00446915821501,0.00133003,0.098,0.0135717346939,0.329298966993,1.05384821246
YbYag5,Yb_Yag5_2026-09-28_14-57-53,Yb_Yag5_2026-09-28_13-03-16,18.6,12.9,0.000438156,0.09865,0.00444152052712,0.0013305,0.098,0.0135765306122,0.327146946005,1.04696114721
YbYag5,Yb_Yag5_2026-09-28_14-57-53,Yb_Yag5_2026-09-28_13-03-16,18.7,12.9,0.000426652,0.0986,0.00432709939148,0.00132204,0.09785,0.0135108840061,0.32026767379,1.02494556425
YbYag5,Yb_Yag5_2026-09-28_14-57-53,Yb_Yag5_2026-09-28_13-03-16,18.8,12.9,0.00041789,0.09855,0.00424038559107,0.00129963,0.098,0.0132615306122,0.319750842875,1.02329156169
YbYag5,Yb_Yag5_2026-09-28_14-57-53,Yb_Yag5_2026-09-28_13-03-16,18.9,12.9,0.000389012,0.0985,0.00394936040609,0.00127126,0.09805,0.0129654258032,0.304607073153,0.974827289853
YbYag5,Yb_Yag5_2026-09-28_14-57-53,Yb_Yag5_2026-09-28_13-03-16,19,12.9,0.000352385,0.09855,0.00357569761542,0.00121749,0.0978,0.0124487730061,0.287232935621,0.919225221167
YbYag5,Yb_Yag5_2026-09-28_14-57-53,Yb_Yag5_2026-09-28_13-03-16,19.1,12.9,0.000314267,0.0986,0.00318729208925,0.00114179,0.0979,0.0116628192033,0.273286589948,0.874593039075
YbYag5,Yb_Yag5_2026-09-28_14-57-53,Yb_Yag5_2026-09-28_13-03-16,15.2,13,0.000381621,0.09845,0.00387629253428,0.0010196,0.09785,0.0104200306592,0.372003947115,1.19051601733
YbYag5,Yb_Yag5_2026-09-28_14-57-53,Yb_Yag5_2026-09-28_13-03-16,15.3,13,0.000422837,0.09845,0.00429494159472,0.00122512,0.09785,0.0125203883495,0.343035812854,1.09780993693
YbYag5,Yb_Yag5_2026-09-28_14-57-53,Yb_Yag5_2026-09-28_13-03-16,15.4,13,0.000438901,0.0984,0.00446037601626,0.00131429,0.0978,0.0134385480573,0.331909072114,1.06220127424
YbYag5,Yb_Yag5_2026-09-28_14-57-53,Yb_Yag5_2026-09-28_13-03-16,15.5,13,0.000444802,0.0984,0.00452034552846,0.00134874,0.09785,0.0137837506387,0.327947424975,1.04952290239
YbYag5,Yb_Yag5_2026-09-28_14-57-53,Yb_Yag5_2026-09-28_13-03-16,15.6,13,0.000453772,0.0984,0.00461150406504,0.00135947,0.09785,0.013893408278,0.331920287144,1.06223716546
YbYag5,Yb_Yag5_2026-09-28_14-57-53,Yb_Yag5_2026-09-28_13-03-16,15.7,13,0.000449957,0.0984,0.00457273373984,0.00136817,0.0979,0.0139751787538,0.327203953552,1.04714358721
YbYag5,Yb_Yag5_2026-09-28_14-57-53,Yb_Yag5_2026-09-28_13-03-16,15.8,13,0.000449719,0.09845,0.00456799390554,0.00135494,0.0978,0.013854192229,0.329719252486,1.05519324284
YbYag5,Yb_Yag5_2026-09-28_14-57-53,Yb_Yag5_2026-09-28_13-03-16,15.9,13,0.0004496,0.0984,0.00456910569106,0.00135995,0.0978,0.0139054192229,0.328584533686,1.05156182732
YbYag5,Yb_Yag5_2026-09-28_14-57-53,Yb_Yag5_2026-09-28_13-03-16,16,13,0.000444176,0.0985,0.00450940101523,0.00137163,0.0979,0.0140105209397,0.321858197467,1.03003568206
YbYag5,Yb_Yag5_2026-09-28_14-57-53,Yb_Yag5_2026-09-28_13-03-16,16.1,13,0.000453414,0.09845,0.00460552564754,0.00136591,0.09785,0.013959223301,0.329927070313,1.05585831765
YbYag5,Yb_Yag5_2026-09-28_14-57-53,Yb_Yag5_2026-09-28_13-03-16,16.2,13,0.000448467,0.0984,0.00455759146341,0.00136305,0.0977,0.013951381781,0.326676707365,1.04545625288
YbYag5,Yb_Yag5_2026-09-28_14-57-53,Yb_Yag5_2026-09-28_13-03-16,16.3,13,0.000453057,0.0985,0.00459956345178,0.00135458,0.0978,0.0138505112474,0.332086185818,1.06276808732
YbYag5,Yb_Yag5_2026-09-28_14-57-53,Yb_Yag5_2026-09-28_13-03-16,16.4,13,0.000452222,0.0984,0.00459575203252,0.00136114,0.09785,0.0139104752172,0.330380663548,1.05730994206
YbYag5,Yb_Yag5_2026-09-28_14-57-53,Yb_Yag5_2026-09-28_13-03-16,16.5,13,0.000449123,0.09835,0.00456657854601,0.00136162,0.09785,0.0139153806847,0.32816770518,1.05022786026
YbYag5,Yb_Yag5_2026-09-28_14-57-53,Yb_Yag5_2026-09-28_13-03-16,16.6,13,0.000452222,0.0984,0.00459575203252,0.00135995,0.0979,0.013891215526,0.330838724942,1.05877586583
YbYag5,Yb_Yag5_2026-09-28_14-57-53,Yb_Yag5_2026-09-28_13-03-16,16.7,13,0.000448348,0.0984,0.00455638211382,0.00136817,0.09795,0.0139680449209,0.326200419574,1.04393199958
YbYag5,Yb_Yag5_2026-09-28_14-57-53,Yb_Yag5_2026-09-28_13-03-16,16.8,13,0.000448884,0.09845,0.00455951244286,0.00136007,0.0979,0.0138924412666,0.328200951536,1.05033425784
YbYag5,Yb_Yag5_2026-09-28_14-57-53,Yb_Yag5_2026-09-28_13-03-16,16.9,13,0.000451567,0.0985,0.00458443654822,0.00135375,0.0979,0.0138278855975,0.331535614458,1.06100610595
YbYag5,Yb_Yag5_2026-09-28_14-57-53,Yb_Yag5_2026-09-28_13-03-16,17,13,0.000448527,0.0985,0.00455357360406,0.00135923,0.09795,0.0138767738642,0.328143533117,1.05015050294
YbYag5,Yb_Yag5_2026-09-28_14-57-53,Yb_Yag5_2026-09-28_13-03-16,17.1,13,0.000449063,0.0985,0.00455901522843,0.00136042,0.098,0.0138818367347,0.328415851271,1.05102199672
YbYag5,Yb_Yag5_2026-09-28_14-57-53,Yb_Yag5_2026-09-28_13-03-16,17.2,13,0.000444176,0.0985,0.00450940101523,0.00134707,0.0979,0.0137596527068,0.327726368631,1.04881546065
YbYag5,Yb_Yag5_2026-09-28_14-57-53,Yb_Yag5_2026-09-28_13-03-16,17.3,13,0.000448348,0.0984,0.00455638211382,0.00135065,0.098,0.0137821428571,0.330600412509,1.05801319981
YbYag5,Yb_Yag5_2026-09-28_14-57-53,Yb_Yag5_2026-09-28_13-03-16,17.4,13,0.000453712,0.09855,0.00460387620497,0.00134874,0.09795,0.0137696784074,0.33434885469,1.07000925655
YbYag5,Yb_Yag5_2026-09-28_14-57-53,Yb_Yag5_2026-09-28_13-03-16,17.5,13,0.000444593,0.09845,0.00451592686643,0.00134755,0.098,0.0137505102041,0.328418858602,1.05103162101
YbYag5,Yb_Yag5_2026-09-28_14-57-53,Yb_Yag5_2026-09-28_13-03-16,17.6,13,0.000439765,0.09855,0.00446235413496,0.00133992,0.09805,0.0136656807751,0.326537273071,1.04501002439
YbYag5,Yb_Yag5_2026-09-28_14-57-53,Yb_Yag5_2026-09-28_13-03-16,17.7,13,0.000440897,0.0986,0.00447157200811,0.00134838,0.0981,0.0137449541284,0.325324622137,1.04112920438
YbYag5,Yb_Yag5_2026-09-28_14-57-53,Yb_Yag5_2026-09-28_13-03-16,17.8,13,0.000443818,0.0986,0.00450119675456,0.0013336,0.098,0.0136081632653,0.330771807099,1.05856171013
YbYag5,Yb_Yag5_2026-09-28_14-57-53,Yb_Yag5_2026-09-28_13-03-16,17.9,13,0.000447812,0.09865,0.004539401926,0.00133646,0.098,0.0136373469388,0.332865472028,1.06526201977
YbYag5,Yb_Yag5_2026-09-28_14-57-53,Yb_Yag5_2026-09-28_13-03-16,18,13,0.000444653,0.0986,0.0045096653144,0.0013367,0.09815,0.0136189505858,0.33113163059,1.0597132453
YbYag5,Yb_Yag5_2026-09-28_14-57-53,Yb_Yag5_2026-09-28_13-03-16,18.1,13,0.000448884,0.0986,0.00455257606491,0.00133527,0.09805,0.0136182559918,0.334299492362,1.06985128338
YbYag5,Yb_Yag5_2026-09-28_14-57-53,Yb_Yag5_2026-09-28_13-03-16,18.2,13,0.000443997,0.09865,0.00450072985302,0.00132609,0.098,0.0135315306122,0.332610551016,1.06444620169
YbYag5,Yb_Yag5_2026-09-28_14-57-53,Yb_Yag5_2026-09-28_13-03-16,18.3,13,0.000444831,0.09865,0.00450918398378,0.00133754,0.09815,0.0136275089149,0.330888353252,1.05893469021
YbYag5,Yb_Yag5_2026-09-28_14-57-53,Yb_Yag5_2026-09-28_13-03-16,18.4,13,0.00044805,0.09875,0.00453721518987,0.00133408,0.09805,0.0136061193269,0.333468719541,1.06719257947
YbYag5,Yb_Yag5_2026-09-28_14-57-53,Yb_Yag5_2026-09-28_13-03-16,18.5,13,0.000447931,0.09875,0.00453601012658,0.0013435,0.09805,0.0137021927588,0.331042644519,1.05942846514
YbYag5,Yb_Yag5_2026-09-28_14-57-53,Yb_Yag5_2026-09-28_13-03-16,18.6,13,0.000453653,0.09865,0.0045986112519,0.00134123,0.098,0.0136860204082,0.336007920107,1.07531872696
YbYag5,Yb_Yag5_2026-09-28_14-57-53,Yb_Yag5_2026-09-28_13-03-16,18.7,13,0.000449004,0.0986,0.00455379310345,0.00133503,0.09795,0.0136297090352,0.334107873594,1.06923805007
YbYag5,Yb_Yag5_2026-09-28_14-57-53,Yb_Yag5_2026-09-28_13-03-16,18.8,13,0.000443937,0.0985,0.00450697461929,0.00134171,0.09795,0.0136979070955,0.329026513895,1.05297628683
YbYag5,Yb_Yag5_2026-09-28_14-57-53,Yb_Yag5_2026-09-28_13-03-16,18.9,13,0.000431659,0.0986,0.00437788032454,0.00131834,0.09795,0.0134593159775,0.325267668272,1.04094693619
YbYag5,Yb_Yag5_2026-09-28_14-57-53,Yb_Yag5_2026-09-28_13-03-16,19,13,0.000412824,0.09875,0.00418049620253,0.00129915,0.09795,0.0132633996937,0.315190396058,1.00869686444
YbYag5,Yb_Yag5_2026-09-28_14-57-53,Yb_Yag5_2026-09-28_13-03-16,19.1,13,0.000389697,0.09855,0.00395430745814,0.00126434,0.09805,0.0128948495665,0.306657897616,0.981390498097
YbYag5,Yb_Yag5_2026-09-28_14-57-53,Yb_Yag5_2026-09-28_13-03-16,19.2,13,0.00034708,0.0987,0.00351651469098,0.00119842,0.098,0.0122287755102,0.287560654625,0.920274013061
YbYag5,Yb_Yag5_2026-09-28_14-57-53,Yb_Yag5_2026-09-28_13-03-16,19.3,13,0.000292303,0.0986,0.00296453346856,0.00111759,0.09805,0.0113981642019,0.260088678848,0.832356055617
YbYag5,Yb_Yag5_2026-09-28_14-57-53,Yb_Yag5_2026-09-28_13-03-16,15.1,13.1,0.000412526,0.0985,0.00418808121827,0.00111497,0.0978,0.0114005112474,0.367359070781,1.17565112217
YbYag5,Yb_Yag5_2026-09-28_14-57-53,Yb_Yag5_2026-09-28_13-03-16,15.2,13.1,0.000441136,0.0984,0.00448308943089,0.00128234,0.09805,0.0130784293728,0.342785001402,1.09700727058
YbYag5,Yb_Yag5_2026-09-28_14-57-53,Yb_Yag5_2026-09-28_13-03-16,15.3,13.1,0.000449898,0.09845,0.00456981208735,0.00133944,0.0979,0.0136817160368,0.3340086927,1.06892064364
YbYag5,Yb_Yag5_2026-09-28_14-57-53,Yb_Yag5_2026-09-28_13-03-16,15.4,13.1,0.000449004,0.09845,0.0045607313357,0.00135434,0.09785,0.0138409810935,0.329509252624,1.05452118492
YbYag5,Yb_Yag5_2026-09-28_14-57-53,Yb_Yag5_2026-09-28_13-03-16,15.5,13.1,0.000449182,0.09845,0.00456253936008,0.00136114,0.09785,0.0139104752172,0.32799306198,1.04966895348
YbYag5,Yb_Yag5_2026-09-28_14-57-53,Yb_Yag5_2026-09-28_13-03-16,15.6,13.1,0.000450136,0.0985,0.00456990862944,0.00137485,0.09795,0.0140362429811,0.325579190642,1.04194389435
YbYag5,Yb_Yag5_2026-09-28_14-57-53,Yb_Yag5_2026-09-28_13-03-16,15.7,13.1,0.000453236,0.09835,0.00460839857651,0.00136841,0.0978,0.0139919222904,0.329361361567,1.05404789244
YbYag5,Yb_Yag5_2026-09-28_14-57-53,Yb_Yag5_2026-09-28_13-03-16,15.8,13.1,0.000453832,0.09845,0.00460977145759,0.00136281,0.0978,0.0139346625767,0.330813281787,1.05869444066
YbYag5,Yb_Yag5_2026-09-28_14-57-53,Yb_Yag5_2026-09-28_13-03-16,15.9,13.1,0.000449898,0.09835,0.00457445856634,0.00136781,0.09795,0.0139643695763,0.327580743359,1.04834941931
YbYag5,Yb_Yag5_2026-09-28_14-57-53,Yb_Yag5_2026-09-28_13-03-16,16,13.1,0.000448765,0.0983,0.00456525940997,0.00136805,0.09795,0.013966819806,0.326864631561,1.04605766254
YbYag5,Yb_Yag5_2026-09-28_14-57-53,Yb_Yag5_2026-09-28_13-03-16,16.1,13.1,0.000458064,0.09835,0.00465748856126,0.00137223,0.0978,0.0140309815951,0.331943173733,1.0623104089
YbYag5,Yb_Yag5_2026-09-28_14-57-53,Yb_Yag5_2026-09-28_13-03-16,16.2,13.1,0.000449182,0.0984,0.00456485772358,0.00137473,0.09795,0.0140350178663,0.325247731572,1.0408831332
YbYag5,Yb_Yag5_2026-09-28_14-57-53,Yb_Yag5_2026-09-28_13-03-16,16.3,13.1,0.000449004,0.0983,0.00456769074262,0.00137401,0.09795,0.0140276671771,0.325620125211,1.04207489634
YbYag5,Yb_Yag5_2026-09-28_14-57-53,Yb_Yag5_2026-09-28_13-03-16,16.4,13.1,0.000453057,0.09835,0.00460657854601,0.00136638,0.09795,0.013949770291,0.330226122002,1.05681536616
YbYag5,Yb_Yag5_2026-09-28_14-57-53,Yb_Yag5_2026-09-28_13-03-16,16.5,13.1,0.00045407,0.09845,0.00461218892839,0.00136889,0.098,0.0139682653061,0.330190530271,1.05670146273
YbYag5,Yb_Yag5_2026-09-28_14-57-53,Yb_Yag5_2026-09-28_13-03-16,16.6,13.1,0.000453236,0.09835,0.00460839857651,0.00136698,0.09795,0.0139558958652,0.330211590931,1.0567688627
YbYag5,Yb_Yag5_2026-09-28_14-57-53,Yb_Yag5_2026-09-28_13-03-16,16.7,13.1,0.000454428,0.0985,0.0046134822335,0.00137044,0.098,0.0139840816327,0.329909561076,1.05580228322
YbYag5,Yb_Yag5_2026-09-28_14-57-53,Yb_Yag5_2026-09-28_13-03-16,16.8,13.1,0.000454189,0.09865,0.00460404460213,0.00136483,0.098,0.0139268367347,0.330587964075,1.05797336136
YbYag5,Yb_Yag5_2026-09-28_14-57-53,Yb_Yag5_2026-09-28_13-03-16,16.9,13.1,0.000453653,0.0986,0.00460094320487,0.00136281,0.098,0.0139062244898,0.330854949756,1.05882778974
YbYag5,Yb_Yag5_2026-09-28_14-57-53,Yb_Yag5_2026-09-28_13-03-16,17,13.1,0.000449004,0.09845,0.0045607313357,0.00135363,0.0979,0.013826659857,0.329850548351,1.0556134261
YbYag5,Yb_Yag5_2026-09-28_14-57-53,Yb_Yag5_2026-09-28_13-03-16,17.1,13.1,0.000455083,0.0985,0.0046201319797,0.00135148,0.098,0.0137906122449,0.335020077256,1.0721573553
YbYag5,Yb_Yag5_2026-09-28_14-57-53,Yb_Yag5_2026-09-28_13-03-16,17.2,13.1,0.000449957,0.0986,0.00456345841785,0.00135637,0.098,0.0138405102041,0.329717499612,1.05518763316
YbYag5,Yb_Yag5_2026-09-28_14-57-53,Yb_Yag5_2026-09-28_13-03-16,17.3,13.1,0.000443818,0.0984,0.00451034552846,0.00134767,0.098,0.0137517346939,0.327983751058,1.04963915595
YbYag5,Yb_Yag5_2026-09-28_14-57-53,Yb_Yag5_2026-09-28_13-03-16,17.4,13.1,0.000448348,0.09855,0.00454944698123,0.00134218,0.098,0.0136957142857,0.332180336587,1.06306939595
YbYag5,Yb_Yag5_2026-09-28_14-57-53,Yb_Yag5_2026-09-28_13-03-16,17.5,13.1,0.000449838,0.0986,0.0045622515213,0.00134254,0.0979,0.013713381001,0.332686120291,1.06468804437
YbYag5,Yb_Yag5_2026-09-28_14-57-53,Yb_Yag5_2026-09-28_13-03-16,17.6,13.1,0.000452759,0.0986,0.00459187626775,0.00134004,0.09795,0.0136808575804,0.335642428902,1.07414905353
YbYag5,Yb_Yag5_2026-09-28_14-57-53,Yb_Yag5_2026-09-28_13-03-16,17.7,13.1,0.000449004,0.0987,0.00454917933131,0.0013423,0.09805,0.013689954105,0.332300553853,1.06345412461
YbYag5,Yb_Yag5_2026-09-28_14-57-53,Yb_Yag5_2026-09-28_13-03-16,17.8,13.1,0.000449898,0.0987,0.00455823708207,0.00134159,0.09805,0.0136827129016,0.333138399881,1.06613546475
YbYag5,Yb_Yag5_2026-09-28_14-57-53,Yb_Yag5_2026-09-28_13-03-16,17.9,13.1,0.000444414,0.0986,0.00450724137931,0.00133646,0.0981,0.0136234454638,0.330844454238,1.05879420116
YbYag5,Yb_Yag5_2026-09-28_14-57-53,Yb_Yag5_2026-09-28_13-03-16,18,13.1,0.000448527,0.0987,0.00454434650456,0.0013429,0.09815,0.0136821192053,0.332137619646,1.06293268986
YbYag5,Yb_Yag5_2026-09-28_14-57-53,Yb_Yag5_2026-09-28_13-03-16,18.1,13.1,0.00044948,0.0987,0.00455400202634,0.00134195,0.09805,0.0136863844977,0.332739594383,1.06485917632
YbYag5,Yb_Yag5_2026-09-28_14-57-53,Yb_Yag5_2026-09-28_13-03-16,18.2,13.1,0.000440659,0.0987,0.0044646301925,0.00133503,0.098,0.013622755102,0.327733278553,1.04883757432
YbYag5,Yb_Yag5_2026-09-28_14-57-53,Yb_Yag5_2026-09-28_13-03-16,18.3,13.1,0.000452878,0.0986,0.0045930831643,0.00133301,0.0981,0.0135882772681,0.338018063194,1.0817517435
YbYag5,Yb_Yag5_2026-09-28_14-57-53,Yb_Yag5_2026-09-28_13-03-16,18.4,13.1,0.000449659,0.09885,0.00454890237734,0.00133122,0.098,0.013583877551,0.334875101771,1.07169339346
YbYag5,Yb_Yag5_2026-09-28_14-57-53,Yb_Yag5_2026-09-28_13-03-16,18.5,13.1,0.000453355,0.09865,0.00459559047136,0.00133634,0.098,0.013636122449,0.337015928725,1.07854463469
YbYag5,Yb_Yag5_2026-09-28_14-57-53,Yb_Yag5_2026-09-28_13-03-16,18.6,13.1,0.00045413,0.0988,0.00459645748988,0.00133956,0.09805,0.013662009179,0.33644081406,1.07670410792
YbYag5,Yb_Yag5_2026-09-28_14-57-53,Yb_Yag5_2026-09-28_13-03-16,18.7,13.1,0.000450077,0.09875,0.00455774177215,0.00135422,0.09825,0.0137834096692,0.330668672087,1.05823164943
YbYag5,Yb_Yag5_2026-09-28_14-57-53,Yb_Yag5_2026-09-28_13-03-16,18.8,13.1,0.000449838,0.09865,0.00455993917892,0.00134683,0.09805,0.0137361550229,0.331966199516,1.06238409781
YbYag5,Yb_Yag5_2026-09-28_14-57-53,Yb_Yag5_2026-09-28_13-03-16,18.9,13.1,0.000444533,0.0987,0.0045038804458,0.00133909,0.09805,0.0136572157063,0.329780281915,1.05538855398
YbYag5,Yb_Yag5_2026-09-28_14-57-53,Yb_Yag5_2026-09-28_13-03-16,19,13.1,0.000438573,0.0989,0.00443450960566,0.00134636,0.0982,0.0137103869654,0.323441607947,1.03510303565
YbYag5,Yb_Yag5_2026-09-28_14-57-53,Yb_Yag5_2026-09-28_13-03-16,19.1,13.1,0.000429096,0.09865,0.00434968068931,0.00131262,0.0981,0.0133804281346,0.325077840974,1.04033943608
YbYag5,Yb_Yag5_2026-09-28_14-57-53,Yb_Yag5_2026-09-28_13-03-16,19.2,13.1,0.000402125,0.0986,0.00407834685598,0.00128592,0.0981,0.0131082568807,0.311128084619,0.99569633885
YbYag5,Yb_Yag5_2026-09-28_14-57-53,Yb_Yag5_2026-09-28_13-03-16,19.3,13.1,0.000375273,0.09865,0.00380408514952,0.00123418,0.09815,0.0125744268976,0.302525529036,0.968165770181
YbYag5,Yb_Yag5_2026-09-28_14-57-53,Yb_Yag5_2026-09-28_13-03-16,19.4,13.1,0.000328423,0.09865,0.00332917384693,0.00115741,0.098,0.0118103061224,0.281887176541,0.90211730643
YbYag5,Yb_Yag5_2026-09-28_14-57-53,Yb_Yag5_2026-09-28_13-03-16,14.9,13.2,0.000384184,0.0985,0.00390034517766,0.000948552,0.0979,0.00968898876404,0.402554412297,1.28828599644
YbYag5,Yb_Yag5_2026-09-28_14-57-53,Yb_Yag5_2026-09-28_13-03-16,15,13.2,0.000424566,0.09845,0.00431250380904,0.0011983,0.09795,0.0122337927514,0.352507509051,1.12812199712
YbYag5,Yb_Yag5_2026-09-28_14-57-53,Yb_Yag5_2026-09-28_13-03-16,15.1,13.2,0.000443401,0.09845,0.00450381919756,0.00131942,0.0979,0.0134772216547,0.334180093862,1.06946917499
YbYag5,Yb_Yag5_2026-09-28_14-57-53,Yb_Yag5_2026-09-28_13-03-16,15.2,13.2,0.000448169,0.09845,0.00455224987303,0.00135577,0.0979,0.0138485188968,0.328717453971,1.05198720918
YbYag5,Yb_Yag5_2026-09-28_14-57-53,Yb_Yag5_2026-09-28_13-03-16,15.3,13.2,0.000450553,0.09835,0.0045811184545,0.00136722,0.09785,0.0139726111395,0.32786416288,1.04925644054
YbYag5,Yb_Yag5_2026-09-28_14-57-53,Yb_Yag5_2026-09-28_13-03-16,15.4,13.2,0.000454487,0.0985,0.00461408121827,0.00136996,0.0979,0.0139934627171,0.329731197456,1.05523147007
YbYag5,Yb_Yag5_2026-09-28_14-57-53,Yb_Yag5_2026-09-28_13-03-16,15.5,13.2,0.00045556,0.09845,0.00462732351447,0.0013696,0.09785,0.0139969340828,0.330595506637,1.05799749966
YbYag5,Yb_Yag5_2026-09-28_14-57-53,Yb_Yag5_2026-09-28_13-03-16,15.6,13.2,0.000457766,0.09845,0.00464973082783,0.00138033,0.0979,0.0140993871297,0.329782478136,1.0553955825
YbYag5,Yb_Yag5_2026-09-28_14-57-53,Yb_Yag5_2026-09-28_13-03-16,15.7,13.2,0.000449719,0.09845,0.00456799390554,0.00136567,0.0977,0.013978198567,0.326794177636,1.04583219039
YbYag5,Yb_Yag5_2026-09-28_14-57-53,Yb_Yag5_2026-09-28_13-03-16,15.8,13.2,0.000451209,0.09855,0.00457847792998,0.00137664,0.09795,0.014054517611,0.325765569243,1.04254035767
YbYag5,Yb_Yag5_2026-09-28_14-57-53,Yb_Yag5_2026-09-28_13-03-16,15.9,13.2,0.000458064,0.0983,0.00465985757884,0.00137854,0.098,0.0140667346939,0.331267894095,1.06014932639
YbYag5,Yb_Yag5_2026-09-28_14-57-53,Yb_Yag5_2026-09-28_13-03-16,16,13.2,0.000462057,0.09835,0.00469808845958,0.0013727,0.09785,0.0140286152274,0.334893243804,1.07175145301
YbYag5,Yb_Yag5_2026-09-28_14-57-53,Yb_Yag5_2026-09-28_13-03-16,16.1,13.2,0.000454428,0.0984,0.00461817073171,0.00137795,0.09805,0.0140535441101,0.328612533289,1.05165143384
YbYag5,Yb_Yag5_2026-09-28_14-57-53,Yb_Yag5_2026-09-28_13-03-16,16.2,13.2,0.000457468,0.09845,0.00464670391061,0.00138391,0.09805,0.0141143294238,0.329218893161,1.05359195395
YbYag5,Yb_Yag5_2026-09-28_14-57-53,Yb_Yag5_2026-09-28_13-03-16,16.3,13.2,0.000461819,0.0984,0.00469328252033,0.00137962,0.0979,0.0140921348315,0.333042692001,1.06582917294
YbYag5,Yb_Yag5_2026-09-28_14-57-53,Yb_Yag5_2026-09-28_13-03-16,16.4,13.2,0.000459971,0.09855,0.00466738711314,0.00137795,0.09805,0.0140535441101,0.332114595192,1.06285900521
YbYag5,Yb_Yag5_2026-09-28_14-57-53,Yb_Yag5_2026-09-28_13-03-16,16.5,13.2,0.000453951,0.0985,0.00460863959391,0.00138057,0.098,0.0140874489796,0.327145077905,1.04695516878
YbYag5,Yb_Yag5_2026-09-28_14-57-53,Yb_Yag5_2026-09-28_13-03-16,16.6,13.2,0.000463011,0.0985,0.00470061928934,0.00137413,0.098,0.0140217346939,0.335238070892,1.07285499552
YbYag5,Yb_Yag5_2026-09-28_14-57-53,Yb_Yag5_2026-09-28_13-03-16,16.7,13.2,0.00045866,0.09845,0.00465881157948,0.00137902,0.098,0.0140716326531,0.331078254694,1.0595424276
YbYag5,Yb_Yag5_2026-09-28_14-57-53,Yb_Yag5_2026-09-28_13-03-16,16.8,13.2,0.00045866,0.0985,0.00465644670051,0.00137151,0.09805,0.013987863335,0.332891921303,1.0653466648
YbYag5,Yb_Yag5_2026-09-28_14-57-53,Yb_Yag5_2026-09-28_13-03-16,16.9,13.2,0.000453593,0.0985,0.00460500507614,0.00136698,0.098,0.0139487755102,0.330136869202,1.0565297324
YbYag5,Yb_Yag5_2026-09-28_14-57-53,Yb_Yag5_2026-09-28_13-03-16,17,13.2,0.000454964,0.0986,0.00461423935091,0.00136722,0.09805,0.0139441101479,0.330909559805,1.05900255707
YbYag5,Yb_Yag5_2026-09-28_14-57-53,Yb_Yag5_2026-09-28_13-03-16,17.1,13.2,0.00045562,0.09845,0.00462793296089,0.00137974,0.0981,0.0140646279307,0.329047663663,1.05304397197
YbYag5,Yb_Yag5_2026-09-28_14-57-53,Yb_Yag5_2026-09-28_13-03-16,17.2,13.2,0.000453176,0.09855,0.00459843734145,0.00136221,0.098,0.0139001020408,0.330820401746,1.05871722651
YbYag5,Yb_Yag5_2026-09-28_14-57-53,Yb_Yag5_2026-09-28_13-03-16,17.3,13.2,0.000454249,0.09845,0.00461400711021,0.0013609,0.0981,0.013872579001,0.33259908701,1.06440951368
YbYag5,Yb_Yag5_2026-09-28_14-57-53,Yb_Yag5_2026-09-28_13-03-16,17.4,13.2,0.000453653,0.0985,0.0046056142132,0.00135697,0.09805,0.0138395716471,0.332785893281,1.06500734566
YbYag5,Yb_Yag5_2026-09-28_14-57-53,Yb_Yag5_2026-09-28_13-03-16,17.5,13.2,0.000448825,0.0985,0.00455659898477,0.00135172,0.0981,0.0137790010194,0.330691534049,1.05830481406
YbYag5,Yb_Yag5_2026-09-28_14-57-53,Yb_Yag5_2026-09-28_13-03-16,17.6,13.2,0.000450434,0.0987,0.00456366767984,0.00135411,0.09805,0.0138104028557,0.330451452251,1.05753648558
YbYag5,Yb_Yag5_2026-09-28_14-57-53,Yb_Yag5_2026-09-28_13-03-16,17.7,13.2,0.0004496,0.0986,0.00455983772819,0.00135148,0.09805,0.0137835798062,0.330816652299,1.05870522723
YbYag5,Yb_Yag5_2026-09-28_14-57-53,Yb_Yag5_2026-09-28_13-03-16,17.8,13.2,0.000444831,0.0986,0.00451147058824,0.00135101,0.09815,0.0137647478349,0.327755411312,1.0489084053
YbYag5,Yb_Yag5_2026-09-28_14-57-53,Yb_Yag5_2026-09-28_13-03-16,17.9,13.2,0.0004496,0.09875,0.00455291139241,0.00134326,0.09805,0.013699745028,0.332335483843,1.06356591029
YbYag5,Yb_Yag5_2026-09-28_14-57-53,Yb_Yag5_2026-09-28_13-03-16,18,13.2,0.000450315,0.0988,0.00455784412955,0.00134409,0.0981,0.0137012232416,0.332659650104,1.06460333241
YbYag5,Yb_Yag5_2026-09-28_14-57-53,Yb_Yag5_2026-09-28_13-03-16,18.1,13.2,0.000453295,0.09865,0.00459498226052,0.00135029,0.0982,0.013750407332,0.334170628519,1.06943888327
YbYag5,Yb_Yag5_2026-09-28_14-57-53,Yb_Yag5_2026-09-28_13-03-16,18.2,13.2,0.000445785,0.09865,0.00451885453624,0.00134409,0.09815,0.0136942435048,0.329982049367,1.0560342659
YbYag5,Yb_Yag5_2026-09-28_14-57-53,Yb_Yag5_2026-09-28_13-03-16,18.3,13.2,0.000454249,0.09865,0.00460465281298,0.00134218,0.09825,0.0136608651399,0.337068901993,1.07871416387
YbYag5,Yb_Yag5_2026-09-28_14-57-53,Yb_Yag5_2026-09-28_13-03-16,18.4,13.2,0.000449004,0.09865,0.00455148504815,0.00134981,0.0983,0.0137315361139,0.331462191149,1.06077113096
YbYag5,Yb_Yag5_2026-09-28_14-57-53,Yb_Yag5_2026-09-28_13-03-16,18.5,13.2,0.000450136,0.0987,0.00456064842958,0.00134874,0.09815,0.0137416199694,0.331885792194,1.06212677203
YbYag5,Yb_Yag5_2026-09-28_14-57-53,Yb_Yag5_2026-09-28_13-03-16,18.6,13.2,0.00045866,0.0987,0.00464701114488,0.00135422,0.0982,0.0137904276986,0.336973678152,1.07840942111
YbYag5,Yb_Yag5_2026-09-28_14-57-53,Yb_Yag5_2026-09-28_13-03-16,18.7,13.2,0.000453772,0.0986,0.00460215010142,0.00136936,0.09845,0.0139091924835,0.330871120439,1.05887954042
YbYag5,Yb_Yag5_2026-09-28_14-57-53,Yb_Yag5_2026-09-28_13-03-16,18.8,13.2,0.0004586,0.0986,0.00465111561866,0.00135935,0.0982,0.0138426680244,0.335998494688,1.075288563
YbYag5,Yb_Yag5_2026-09-28_14-57-53,Yb_Yag5_2026-09-28_13-03-16,18.9,13.2,0.000459077,0.09875,0.00464888101266,0.00135375,0.0982,0.0137856415479,0.337226308729,1.07921790917
YbYag5,Yb_Yag5_2026-09-28_14-57-53,Yb_Yag5_2026-09-28_13-03-16,19,13.2,0.000448825,0.09855,0.00455428716388,0.00136305,0.0982,0.0138803462322,0.328110487137,1.05004474662
YbYag5,Yb_Yag5_2026-09-28_14-57-53,Yb_Yag5_2026-09-28_13-03-16,19.1,13.2,0.000449421,0.09855,0.0045603348554,0.00134815,0.0982,0.0137286150713,0.332177341394,1.0630598105
YbYag5,Yb_Yag5_2026-09-28_14-57-53,Yb_Yag5_2026-09-28_13-03-16,19.2,13.2,0.000441434,0.0986,0.00447701825558,0.00134147,0.09815,0.0136675496689,0.327565537645,1.0483007568
YbYag5,Yb_Yag5_2026-09-28_14-57-53,Yb_Yag5_2026-09-28_13-03-16,19.3,13.2,0.000422062,0.09855,0.00428271943176,0.00130952,0.09805,0.0133556348802,0.320667603613,1.02622545083
YbYag5,Yb_Yag5_2026-09-28_14-57-53,Yb_Yag5_2026-09-28_13-03-16,19.4,13.2,0.000395121,0.0986,0.00400731237323,0.00125981,0.09805,0.0128486486486,0.311885901998,0.998121565077
YbYag5,Yb_Yag5_2026-09-28_14-57-53,Yb_Yag5_2026-09-28_13-03-16,19.5,13.2,0.000359775,0.0986,0.0036488336714,0.0012095,0.0981,0.0123292558614,0.295949221301,0.947119757755
YbYag5,Yb_Yag5_2026-09-28_14-57-53,Yb_Yag5_2026-09-28_13-03-16,19.6,13.2,0.000305535,0.09855,0.003100304414,0.00112272,0.0981,0.011444648318,0.270895559903,0.866941078421
YbYag5,Yb_Yag5_2026-09-28_14-57-53,Yb_Yag5_2026-09-28_13-03-16,14.8,13.3,0.000395598,0.0984,0.00402030487805,0.00098563,0.09795,0.0100625829505,0.399530110492,1.27860739015
YbYag5,Yb_Yag5_2026-09-28_14-57-53,Yb_Yag5_2026-09-28_13-03-16,14.9,13.3,0.000435771,0.0986,0.0044195841785,0.0012126,0.09795,0.0123797856049,0.357000057961,1.14249940219
YbYag5,Yb_Yag5_2026-09-28_14-57-53,Yb_Yag5_2026-09-28_13-03-16,15,13.3,0.000444056,0.09845,0.00451047232098,0.00132871,0.0979,0.0135721144025,0.33233379761,1.06356051387
YbYag5,Yb_Yag5_2026-09-28_14-57-53,Yb_Yag5_2026-09-28_13-03-16,15.1,13.3,0.000453355,0.09845,0.00460492635856,0.00136126,0.098,0.0138904081633,0.331518433758,1.06095112294
YbYag5,Yb_Yag5_2026-09-28_14-57-53,Yb_Yag5_2026-09-28_13-03-16,15.2,13.3,0.000459434,0.0985,0.00466430456853,0.00137306,0.09795,0.0140179683512,0.332737558801,1.06485266189
YbYag5,Yb_Yag5_2026-09-28_14-57-53,Yb_Yag5_2026-09-28_13-03-16,15.3,13.3,0.000453832,0.09845,0.00460977145759,0.00137664,0.0979,0.0140616956078,0.327824722293,1.0491302197
YbYag5,Yb_Yag5_2026-09-28_14-57-53,Yb_Yag5_2026-09-28_13-03-16,15.4,13.3,0.000453534,0.0983,0.00461377416073,0.00137771,0.09795,0.0140654415518,0.328021992323,1.04976153863
YbYag5,Yb_Yag5_2026-09-28_14-57-53,Yb_Yag5_2026-09-28_13-03-16,15.5,13.3,0.000460746,0.0986,0.00467288032454,0.00137521,0.0979,0.0140470888662,0.332658273116,1.06459892567
YbYag5,Yb_Yag5_2026-09-28_14-57-53,Yb_Yag5_2026-09-28_13-03-16,15.6,13.3,0.000459136,0.09845,0.00466364652108,0.00137509,0.0979,0.0140458631256,0.332029899436,1.06258795525
YbYag5,Yb_Yag5_2026-09-28_14-57-53,Yb_Yag5_2026-09-28_13-03-16,15.7,13.3,0.000457289,0.0983,0.00465197355036,0.0013919,0.0981,0.0141885830785,0.32786737933,1.04926673408
YbYag5,Yb_Yag5_2026-09-28_14-57-53,Yb_Yag5_2026-09-28_13-03-16,15.8,13.3,0.000453712,0.09845,0.00460855256475,0.00138272,0.09795,0.014116590097,0.326463581721,1.04477419159
YbYag5,Yb_Yag5_2026-09-28_14-57-53,Yb_Yag5_2026-09-28_13-03-16,15.9,13.3,0.000458302,0.0984,0.00465754065041,0.00137771,0.09795,0.0140654415518,0.331133625152,1.05971962846
YbYag5,Yb_Yag5_2026-09-28_14-57-53,Yb_Yag5_2026-09-28_13-03-16,16,13.3,0.000453832,0.0984,0.00461211382114,0.00138033,0.0979,0.0140993871297,0.327114489354,1.04685727691
YbYag5,Yb_Yag5_2026-09-28_14-57-53,Yb_Yag5_2026-09-28_13-03-16,16.1,13.3,0.000454487,0.09845,0.00461642458101,0.0013814,0.098,0.0140959183673,0.327500802766,1.04809358719
YbYag5,Yb_Yag5_2026-09-28_14-57-53,Yb_Yag5_2026-09-28_13-03-16,16.2,13.3,0.000467958,0.09855,0.00474843226788,0.00137831,0.0979,0.0140787538304,0.337276461048,1.07937841053
YbYag5,Yb_Yag5_2026-09-28_14-57-53,Yb_Yag5_2026-09-28_13-03-16,16.3,13.3,0.000458064,0.0984,0.00465512195122,0.00138498,0.09805,0.0141252422234,0.329560504351,1.05468520469
YbYag5,Yb_Yag5_2026-09-28_14-57-53,Yb_Yag5_2026-09-28_13-03-16,16.4,13.3,0.00045866,0.09845,0.00465881157948,0.00138057,0.098,0.0140874489796,0.33070654497,1.05835285318
YbYag5,Yb_Yag5_2026-09-28_14-57-53,Yb_Yag5_2026-09-28_13-03-16,16.5,13.3,0.000459256,0.0985,0.00466249746193,0.0013789,0.0979,0.0140847803882,0.331030895294,1.05939086436
YbYag5,Yb_Yag5_2026-09-28_14-57-53,Yb_Yag5_2026-09-28_13-03-16,16.6,13.3,0.000452938,0.09855,0.00459602232369,0.0013857,0.09805,0.0141325854156,0.325207468311,1.04075427958
YbYag5,Yb_Yag5_2026-09-28_14-57-53,Yb_Yag5_2026-09-28_13-03-16,16.7,13.3,0.000453414,0.09845,0.00460552564754,0.00138188,0.09805,0.0140936257012,0.326780755015,1.04578923428
YbYag5,Yb_Yag5_2026-09-28_14-57-53,Yb_Yag5_2026-09-28_13-03-16,16.8,13.3,0.000455322,0.09845,0.00462490604368,0.00137091,0.09795,0.0139960183767,0.330444410632,1.05751395045
YbYag5,Yb_Yag5_2026-09-28_14-57-53,Yb_Yag5_2026-09-28_13-03-16,16.9,13.3,0.000454964,0.0985,0.00461892385787,0.00137318,0.098,0.0140120408163,0.329639623409,1.05493840767
YbYag5,Yb_Yag5_2026-09-28_14-57-53,Yb_Yag5_2026-09-28_13-03-16,17,13.3,0.000461938,0.09855,0.00468734652461,0.00137604,0.098,0.0140412244898,0.333827475518,1.0683406983
YbYag5,Yb_Yag5_2026-09-28_14-57-53,Yb_Yag5_2026-09-28_13-03-16,17.1,13.3,0.000451388,0.0985,0.00458261928934,0.00137831,0.0981,0.0140500509684,0.326163890768,1.04381509725
YbYag5,Yb_Yag5_2026-09-28_14-57-53,Yb_Yag5_2026-09-28_13-03-16,17.2,13.3,0.00045401,0.0986,0.00460456389452,0.00137318,0.09805,0.0140048954615,0.328782453763,1.05219522658
YbYag5,Yb_Yag5_2026-09-28_14-57-53,Yb_Yag5_2026-09-28_13-03-16,17.3,13.3,0.000457468,0.0986,0.00463963488844,0.00135661,0.09795,0.0138500255232,0.334991071364,1.07206452839
YbYag5,Yb_Yag5_2026-09-28_14-57-53,Yb_Yag5_2026-09-28_13-03-16,17.4,13.3,0.00045401,0.0986,0.00460456389452,0.00136126,0.0981,0.0138762487258,0.331830596691,1.06195013108
YbYag5,Yb_Yag5_2026-09-28_14-57-53,Yb_Yag5_2026-09-28_13-03-16,17.5,13.3,0.000457646,0.09855,0.0046437950279,0.00136042,0.09815,0.0138606214977,0.335035122968,1.07220550576
YbYag5,Yb_Yag5_2026-09-28_14-57-53,Yb_Yag5_2026-09-28_13-03-16,17.6,13.3,0.000453116,0.09855,0.00459782851344,0.00135184,0.09805,0.0137872514023,0.333484055616,1.06724165917
YbYag5,Yb_Yag5_2026-09-28_14-57-53,Yb_Yag5_2026-09-28_13-03-16,17.7,13.3,0.000454249,0.0987,0.00460232016211,0.00134767,0.09795,0.0137587544666,0.334501220534,1.07049686959
YbYag5,Yb_Yag5_2026-09-28_14-57-53,Yb_Yag5_2026-09-28_13-03-16,17.8,13.3,0.000453236,0.09855,0.00459904616946,0.00134803,0.098,0.0137554081633,0.334344580318,1.06999557737
YbYag5,Yb_Yag5_2026-09-28_14-57-53,Yb_Yag5_2026-09-28_13-03-16,17.9,13.3,0.000448586,0.0985,0.00455417258883,0.00135256,0.0981,0.0137875637105,0.330310175493,1.05708436069
YbYag5,Yb_Yag5_2026-09-28_14-57-53,Yb_Yag5_2026-09-28_13-03-16,18,13.3,0.000451388,0.09875,0.00457101772152,0.0013491,0.09805,0.0137593064763,0.332212799344,1.06317328579
YbYag5,Yb_Yag5_2026-09-28_14-57-53,Yb_Yag5_2026-09-28_13-03-16,18.1,13.3,0.000454487,0.0987,0.00460473150963,0.00134815,0.09805,0.0137496175421,0.334898879589,1.07176948909
YbYag5,Yb_Yag5_2026-09-28_14-57-53,Yb_Yag5_2026-09-28_13-03-16,18.2,13.3,0.000452997,0.09875,0.00458731139241,0.0013516,0.09815,0.0137707590423,0.333119719713,1.06607568302
YbYag5,Yb_Yag5_2026-09-28_14-57-53,Yb_Yag5_2026-09-28_13-03-16,18.3,13.3,0.000454487,0.0987,0.00460473150963,0.00135518,0.0982,0.013800203666,0.333671271894,1.06784080329
YbYag5,Yb_Yag5_2026-09-28_14-57-53,Yb_Yag5_2026-09-28_13-03-16,18.4,13.3,0.000455501,0.0987,0.00461500506586,0.00134707,0.0981,0.0137316004077,0.336086466897,1.07557009852
YbYag5,Yb_Yag5_2026-09-28_14-57-53,Yb_Yag5_2026-09-28_13-03-16,18.5,13.3,0.000457825,0.0987,0.00463855116515,0.00134862,0.09805,0.0137544110148,0.337240988375,1.07926488812
YbYag5,Yb_Yag5_2026-09-28_14-57-53,Yb_Yag5_2026-09-28_13-03-16,18.6,13.3,0.000459196,0.0988,0.00464773279352,0.0013615,0.09815,0.0138716250637,0.335053230763,1.07226345574
YbYag5,Yb_Yag5_2026-09-28_14-57-53,Yb_Yag5_2026-09-28_13-03-16,18.7,13.3,0.000453951,0.0987,0.00459930091185,0.00135363,0.0981,0.013798470948,0.333319606874,1.06671537749
YbYag5,Yb_Yag5_2026-09-28_14-57-53,Yb_Yag5_2026-09-28_13-03-16,18.8,13.3,0.000458898,0.09865,0.00465177901673,0.00135697,0.09815,0.0138254712175,0.336464410041,1.07677962162
YbYag5,Yb_Yag5_2026-09-28_14-57-53,Yb_Yag5_2026-09-28_13-03-16,18.9,13.3,0.000463786,0.09875,0.00469656708861,0.00135518,0.09815,0.0138072338258,0.340152643742,1.08858299449
YbYag5,Yb_Yag5_2026-09-28_14-57-53,Yb_Yag5_2026-09-28_13-03-16,19,13.3,0.000458481,0.09875,0.00464284556962,0.00135804,0.0981,0.0138434250765,0.335382720964,1.07331791595
YbYag5,Yb_Yag5_2026-09-28_14-57-53,Yb_Yag5_2026-09-28_13-03-16,19.1,13.3,0.000461461,0.09865,0.00467775975672,0.00135101,0.09815,0.0137647478349,0.339836211519,1.08757032343
YbYag5,Yb_Yag5_2026-09-28_14-57-53,Yb_Yag5_2026-09-28_13-03-16,19.2,13.3,0.000453832,0.0987,0.0045980952381,0.00135637,0.09815,0.0138193581253,0.332728567883,1.06482388846
YbYag5,Yb_Yag5_2026-09-28_14-57-53,Yb_Yag5_2026-09-28_13-03-16,19.3,13.3,0.000445278,0.0987,0.00451142857143,0.00134111,0.0981,0.0136708460754,0.330003611082,1.05610326938
YbYag5,Yb_Yag5_2026-09-28_14-57-53,Yb_Yag5_2026-09-28_13-03-16,19.4,13.3,0.000434609,0.0986,0.00440779918864,0.00131596,0.09805,0.0134213156553,0.328417816989,1.05102828756
YbYag5,Yb_Yag5_2026-09-28_14-57-53,Yb_Yag5_2026-09-28_13-03-16,19.5,13.3,0.000415893,0.09855,0.0042201217656,0.00127865,0.09805,0.0130407955125,0.323609227792,1.03563946574
YbYag5,Yb_Yag5_2026-09-28_14-57-53,Yb_Yag5_2026-09-28_13-03-16,19.6,13.3,0.000381859,0.09865,0.00387084642676,0.00123835,0.098,0.0126362244898,0.306329349394,0.980339052478
YbYag5,Yb_Yag5_2026-09-28_14-57-53,Yb_Yag5_2026-09-28_13-03-16,19.7,13.3,0.000332417,0.0987,0.00336795339412,0.00116158,0.09805,0.0118468128506,0.284291938819,0.909813214045
YbYag5,Yb_Yag5_2026-09-28_14-57-53,Yb_Yag5_2026-09-28_13-03-16,14.7,13.4,0.000394763,0.09845,0.00400978161503,0.000986107,0.09785,0.010077741441,0.397884946593,1.27334240845
YbYag5,Yb_Yag5_2026-09-28_14-57-53,Yb_Yag5_2026-09-28_13-03-16,14.8,13.4,0.000438841,0.0984,0.00445976626016,0.00123072,0.09795,0.0125647779479,0.354941908138,1.13591275076
YbYag5,Yb_Yag5_2026-09-28_14-57-53,Yb_Yag5_2026-09-28_13-03-16,14.9,13.4,0.000457468,0.0984,0.00464906504065,0.00133181,0.0979,0.0136037793667,0.341748047754,1.09368873072
YbYag5,Yb_Yag5_2026-09-28_14-57-53,Yb_Yag5_2026-09-28_13-03-16,15,13.4,0.000455262,0.0985,0.00462194923858,0.00136984,0.09795,0.0139850944359,0.330491099632,1.05766336822
YbYag5,Yb_Yag5_2026-09-28_14-57-53,Yb_Yag5_2026-09-28_13-03-16,15.1,13.4,0.000455024,0.0985,0.00461953299492,0.00137378,0.0979,0.0140324821246,0.329202841942,1.05354058558
YbYag5,Yb_Yag5_2026-09-28_14-57-53,Yb_Yag5_2026-09-28_13-03-16,15.2,13.4,0.000453534,0.09845,0.00460674454038,0.00137842,0.0979,0.0140798774259,0.327186409443,1.04708744119
YbYag5,Yb_Yag5_2026-09-28_14-57-53,Yb_Yag5_2026-09-28_13-03-16,15.3,13.4,0.000449004,0.0983,0.00456769074262,0.00138939,0.0979,0.0141919305414,0.32185126113,1.03001348385
YbYag5,Yb_Yag5_2026-09-28_14-57-53,Yb_Yag5_2026-09-28_13-03-16,15.4,13.4,0.000459256,0.09825,0.00467436132316,0.00137676,0.0979,0.0140629213483,0.332389068202,1.06373739513
YbYag5,Yb_Yag5_2026-09-28_14-57-53,Yb_Yag5_2026-09-28_13-03-16,15.5,13.4,0.000457825,0.09845,0.00465033011681,0.00138522,0.098,0.0141348979592,0.328996369852,1.05287981751
YbYag5,Yb_Yag5_2026-09-28_14-57-53,Yb_Yag5_2026-09-28_13-03-16,15.6,13.4,0.000453951,0.0983,0.0046180162767,0.00138272,0.0979,0.0141237997957,0.326966987886,1.04638523122
YbYag5,Yb_Yag5_2026-09-28_14-57-53,Yb_Yag5_2026-09-28_13-03-16,15.7,13.4,0.000458183,0.09835,0.00465869852567,0.00138701,0.09795,0.014160387953,0.328995119423,1.05287581579
YbYag5,Yb_Yag5_2026-09-28_14-57-53,Yb_Yag5_2026-09-28_13-03-16,15.8,13.4,0.000459911,0.09855,0.00466677828513,0.00138367,0.09785,0.0141407256004,0.330023961783,1.05616839728
YbYag5,Yb_Yag5_2026-09-28_14-57-53,Yb_Yag5_2026-09-28_13-03-16,15.9,13.4,0.000458719,0.09845,0.00465941086846,0.0013789,0.09785,0.0140919775166,0.330642797505,1.05814884357
YbYag5,Yb_Yag5_2026-09-28_14-57-53,Yb_Yag5_2026-09-28_13-03-16,16,13.4,0.000463964,0.09855,0.00470790461695,0.00138522,0.09795,0.0141421133231,0.33289965293,1.06537140815
YbYag5,Yb_Yag5_2026-09-28_14-57-53,Yb_Yag5_2026-09-28_13-03-16,16.1,13.4,0.000462772,0.0985,0.0046981928934,0.00138665,0.09795,0.0141567126085,0.331870330586,1.06207729059
YbYag5,Yb_Yag5_2026-09-28_14-57-53,Yb_Yag5_2026-09-28_13-03-16,16.2,13.4,0.000463488,0.0985,0.00470546192893,0.00138355,0.09785,0.0141394992335,0.332788442591,1.06501550416
YbYag5,Yb_Yag5_2026-09-28_14-57-53,Yb_Yag5_2026-09-28_13-03-16,16.3,13.4,0.000463488,0.09855,0.00470307458143,0.00138307,0.0979,0.0141273748723,0.332905060136,1.06538871272
YbYag5,Yb_Yag5_2026-09-28_14-57-53,Yb_Yag5_2026-09-28_13-03-16,16.4,13.4,0.000463249,0.0985,0.00470303553299,0.00139142,0.09805,0.0141909229985,0.33141153211,1.06060900796
YbYag5,Yb_Yag5_2026-09-28_14-57-53,Yb_Yag5_2026-09-28_13-03-16,16.5,13.4,0.000459256,0.09855,0.00466013191273,0.00138462,0.098,0.0141287755102,0.329832681492,1.05555624719
YbYag5,Yb_Yag5_2026-09-28_14-57-53,Yb_Yag5_2026-09-28_13-03-16,16.6,13.4,0.0004586,0.0985,0.00465583756345,0.00138844,0.09805,0.0141605303417,0.328789773483,1.05221865172
YbYag5,Yb_Yag5_2026-09-28_14-57-53,Yb_Yag5_2026-09-28_13-03-16,16.7,13.4,0.000454428,0.09845,0.00461582529203,0.0013907,0.0979,0.0142053115424,0.324936575889,1.03988734854
YbYag5,Yb_Yag5_2026-09-28_14-57-53,Yb_Yag5_2026-09-28_13-03-16,16.8,13.4,0.000455024,0.0984,0.00462422764228,0.00137878,0.09805,0.014062009179,0.328845443309,1.05239681063
YbYag5,Yb_Yag5_2026-09-28_14-57-53,Yb_Yag5_2026-09-28_13-03-16,16.9,13.4,0.000453116,0.0984,0.00460483739837,0.00137544,0.09805,0.0140279449261,0.328261724909,1.05052874953
YbYag5,Yb_Yag5_2026-09-28_14-57-53,Yb_Yag5_2026-09-28_13-03-16,17,13.4,0.00045407,0.09845,0.00461218892839,0.00137628,0.0981,0.0140293577982,0.328752676689,1.05209993167
YbYag5,Yb_Yag5_2026-09-28_14-57-53,Yb_Yag5_2026-09-28_13-03-16,17.1,13.4,0.000459494,0.09855,0.00466254693049,0.00136734,0.0979,0.013966700715,0.333833095277,1.06835868309
YbYag5,Yb_Yag5_2026-09-28_14-57-53,Yb_Yag5_2026-09-28_13-03-16,17.2,13.4,0.000462892,0.0987,0.00468988855117,0.00137413,0.09805,0.0140145843957,0.334643427072,1.07095197004
YbYag5,Yb_Yag5_2026-09-28_14-57-53,Yb_Yag5_2026-09-28_13-03-16,17.3,13.4,0.000459077,0.09855,0.00465831557585,0.00137628,0.09815,0.0140222109017,0.332209778366,1.06316361782
YbYag5,Yb_Yag5_2026-09-28_14-57-53,Yb_Yag5_2026-09-28_13-03-16,17.4,13.4,0.000454249,0.0986,0.00460698782961,0.00137521,0.09815,0.0140113092206,0.328804950135,1.05226722122
YbYag5,Yb_Yag5_2026-09-28_14-57-53,Yb_Yag5_2026-09-28_13-03-16,17.5,13.4,0.000461461,0.09855,0.00468250634196,0.00136781,0.0981,0.0139430173293,0.335831637541,1.07475457376
YbYag5,Yb_Yag5_2026-09-28_14-57-53,Yb_Yag5_2026-09-28_13-03-16,17.6,13.4,0.000458958,0.0986,0.0046547464503,0.00136352,0.0982,0.0138851323829,0.335232414207,1.07283689256
YbYag5,Yb_Yag5_2026-09-28_14-57-53,Yb_Yag5_2026-09-28_13-03-16,17.7,13.4,0.000458004,0.09855,0.00464742770167,0.00136543,0.0981,0.013918756371,0.333896763317,1.06856243851
YbYag5,Yb_Yag5_2026-09-28_14-57-53,Yb_Yag5_2026-09-28_13-03-16,17.8,13.4,0.000457408,0.09855,0.00464138001015,0.00135613,0.09815,0.0138169128884,0.33592019054,1.07503796797
YbYag5,Yb_Yag5_2026-09-28_14-57-53,Yb_Yag5_2026-09-28_13-03-16,17.9,13.4,0.000454249,0.0985,0.00461166497462,0.0013634,0.0982,0.013883910387,0.332158941255,1.06300092494
YbYag5,Yb_Yag5_2026-09-28_14-57-53,Yb_Yag5_2026-09-28_13-03-16,18,13.4,0.00045407,0.09865,0.00460283831728,0.00135434,0.0982,0.0137916496945,0.333740953348,1.0680638033
YbYag5,Yb_Yag5_2026-09-28_14-57-53,Yb_Yag5_2026-09-28_13-03-16,18.1,13.4,0.000462236,0.09865,0.00468561581348,0.00135458,0.0981,0.0138081549439,0.339336850761,1.08597223023
YbYag5,Yb_Yag5_2026-09-28_14-57-53,Yb_Yag5_2026-09-28_13-03-16,18.2,13.4,0.000462653,0.09855,0.00469460172501,0.00135816,0.0982,0.0138305498982,0.339437098276,1.08629305014
YbYag5,Yb_Yag5_2026-09-28_14-57-53,Yb_Yag5_2026-09-28_13-03-16,18.3,13.4,0.000461103,0.09875,0.00466939746835,0.00135935,0.0981,0.0138567787971,0.336975680764,1.07841583003
YbYag5,Yb_Yag5_2026-09-28_14-57-53,Yb_Yag5_2026-09-28_13-03-16,18.4,13.4,0.000457229,0.0986,0.00463721095335,0.00135613,0.0981,0.0138239551478,0.33544748256,1.07352517106
YbYag5,Yb_Yag5_2026-09-28_14-57-53,Yb_Yag5_2026-09-28_13-03-16,18.5,13.4,0.000458064,0.0986,0.00464567951318,0.00136555,0.09825,0.0138987277354,0.334252141752,1.06969974827
YbYag5,Yb_Yag5_2026-09-28_14-57-53,Yb_Yag5_2026-09-28_13-03-16,18.6,13.4,0.000462176,0.0987,0.00468263424519,0.0013665,0.09825,0.0139083969466,0.336676776135,1.07745925214
YbYag5,Yb_Yag5_2026-09-28_14-57-53,Yb_Yag5_2026-09-28_13-03-16,18.7,13.4,0.000466468,0.09875,0.00472372658228,0.0013671,0.0982,0.0139215885947,0.33930945094,1.08588454319
YbYag5,Yb_Yag5_2026-09-28_14-57-53,Yb_Yag5_2026-09-28_13-03-16,18.8,13.4,0.00046158,0.09865,0.00467896604156,0.00137485,0.09825,0.0139933842239,0.33436986841,1.07007650629
YbYag5,Yb_Yag5_2026-09-28_14-57-53,Yb_Yag5_2026-09-28_13-03-16,18.9,13.4,0.000458064,0.0988,0.00463627530364,0.00136615,0.09815,0.0139190015283,0.333089646855,1.06597944152
YbYag5,Yb_Yag5_2026-09-28_14-57-53,Yb_Yag5_2026-09-28_13-03-16,19,13.4,0.000458004,0.09855,0.00464742770167,0.0013671,0.09815,0.0139286805909,0.333658861034,1.06780108509
YbYag5,Yb_Yag5_2026-09-28_14-57-53,Yb_Yag5_2026-09-28_13-03-16,19.1,13.4,0.000464382,0.09865,0.00470736948809,0.00136841,0.09825,0.0139278371501,0.337982806473,1.08163891219
YbYag5,Yb_Yag5_2026-09-28_14-57-53,Yb_Yag5_2026-09-28_13-03-16,19.2,13.4,0.000461461,0.0987,0.00467539007092,0.00136638,0.0982,0.0139142566191,0.336014362744,1.07533934519
YbYag5,Yb_Yag5_2026-09-28_14-57-53,Yb_Yag5_2026-09-28_13-03-16,19.3,13.4,0.000462057,0.09865,0.00468380131779,0.00136519,0.09815,0.0139092205807,0.336740746228,1.07766397422
YbYag5,Yb_Yag5_2026-09-28_14-57-53,Yb_Yag5_2026-09-28_13-03-16,19.4,13.4,0.00045258,0.09875,0.00458308860759,0.00135172,0.09825,0.0137579643766,0.333122581374,1.06608484113
YbYag5,Yb_Yag5_2026-09-28_14-57-53,Yb_Yag5_2026-09-28_13-03-16,19.5,13.4,0.000443937,0.0986,0.00450240365112,0.00134183,0.09815,0.0136712175242,0.329334504637,1.0539619428
YbYag5,Yb_Yag5_2026-09-28_14-57-53,Yb_Yag5_2026-09-28_13-03-16,19.6,13.4,0.000427069,0.09875,0.00432474936709,0.00130964,0.09815,0.0133432501274,0.3241151388,1.03725852157
YbYag5,Yb_Yag5_2026-09-28_14-57-53,Yb_Yag5_2026-09-28_13-03-16,19.7,13.4,0.000391247,0.09865,0.00396601115053,0.0012591,0.0982,0.0128217922607,0.309318000939,0.98990356802
YbYag5,Yb_Yag5_2026-09-28_14-57-53,Yb_Yag5_2026-09-28_13-03-16,19.8,13.4,0.000348868,0.0986,0.00353821501014,0.00117458,0.09805,0.0119793982662,0.295358325311,0.945228726368
YbYag5,Yb_Yag5_2026-09-28_14-57-53,Yb_Yag5_2026-09-28_13-03-16,14.6,13.5,0.000403466,0.0984,0.00410026422764,0.00100995,0.09805,0.0103003569607,0.398070109928,1.27393498259
YbYag5,Yb_Yag5_2026-09-28_14-57-53,Yb_Yag5_2026-09-28_13-03-16,14.7,13.5,0.000445189,0.0984,0.00452427845528,0.00124634,0.0981,0.0127047910296,0.356108057562,1.13964475301
YbYag5,Yb_Yag5_2026-09-28_14-57-53,Yb_Yag5_2026-09-28_13-03-16,14.8,13.5,0.000459434,0.0985,0.00466430456853,0.00134028,0.09795,0.0136833078101,0.340875512943,1.09089637683
YbYag5,Yb_Yag5_2026-09-28_14-57-53,Yb_Yag5_2026-09-28_13-03-16,14.9,13.5,0.00045258,0.09825,0.00460641221374,0.00137163,0.098,0.0139962244898,0.329118200204,1.0532697085
YbYag5,Yb_Yag5_2026-09-28_14-57-53,Yb_Yag5_2026-09-28_13-03-16,15,13.5,0.000453951,0.09835,0.00461566853076,0.00137211,0.09785,0.0140225855902,0.32915959051,1.05340216898
YbYag5,Yb_Yag5_2026-09-28_14-57-53,Yb_Yag5_2026-09-28_13-03-16,15.1,13.5,0.000463905,0.0985,0.00470969543147,0.00138891,0.09785,0.0141942769545,0.331802419142,1.06185995509
YbYag5,Yb_Yag5_2026-09-28_14-57-53,Yb_Yag5_2026-09-28_13-03-16,15.2,13.5,0.000462832,0.0983,0.00470836215666,0.00138617,0.09795,0.0141518121491,0.33270383376,1.06474473239
YbYag5,Yb_Yag5_2026-09-28_14-57-53,Yb_Yag5_2026-09-28_13-03-16,15.3,13.5,0.000457825,0.09845,0.00465033011681,0.00138081,0.0979,0.0141042900919,0.329710328312,1.05516468301
YbYag5,Yb_Yag5_2026-09-28_14-57-53,Yb_Yag5_2026-09-28_13-03-16,15.4,13.5,0.000462832,0.09845,0.00470118842052,0.00138379,0.0979,0.0141347293156,0.332598404649,1.06440732994
YbYag5,Yb_Yag5_2026-09-28_14-57-53,Yb_Yag5_2026-09-28_13-03-16,15.5,13.5,0.000457468,0.0984,0.00464906504065,0.0013907,0.098,0.0141908163265,0.327610824753,1.04844568813
YbYag5,Yb_Yag5_2026-09-28_14-57-53,Yb_Yag5_2026-09-28_13-03-16,15.6,13.5,0.000462892,0.0984,0.00470418699187,0.00138784,0.098,0.0141616326531,0.332178295194,1.06306286292
YbYag5,Yb_Yag5_2026-09-28_14-57-53,Yb_Yag5_2026-09-28_13-03-16,15.7,13.5,0.000459136,0.09835,0.00466838840874,0.00139583,0.098,0.0142431632653,0.327763455476,1.04893414886
YbYag5,Yb_Yag5_2026-09-28_14-57-53,Yb_Yag5_2026-09-28_13-03-16,15.8,13.5,0.000457289,0.0983,0.00465197355036,0.00139249,0.09805,0.0142018357981,0.327561423501,1.04828759039
YbYag5,Yb_Yag5_2026-09-28_14-57-53,Yb_Yag5_2026-09-28_13-03-16,15.9,13.5,0.00046307,0.09845,0.00470360589132,0.00139261,0.098,0.0142103061224,0.330999617517,1.05929076678
YbYag5,Yb_Yag5_2026-09-28_14-57-53,Yb_Yag5_2026-09-28_13-03-16,16,13.5,0.000459971,0.0985,0.00466975634518,0.00138617,0.09785,0.0141662749106,0.329638975288,1.0549363335
YbYag5,Yb_Yag5_2026-09-28_14-57-53,Yb_Yag5_2026-09-28_13-03-16,16.1,13.5,0.000462117,0.09835,0.00469869852567,0.00138653,0.0979,0.0141627170582,0.331765331918,1.06174126567
YbYag5,Yb_Yag5_2026-09-28_14-57-53,Yb_Yag5_2026-09-28_13-03-16,16.2,13.5,0.00046158,0.0984,0.00469085365854,0.00139035,0.09805,0.0141800101989,0.330807495393,1.05867592259
YbYag5,Yb_Yag5_2026-09-28_14-57-53,Yb_Yag5_2026-09-28_13-03-16,16.3,13.5,0.000464262,0.09845,0.00471571356018,0.00139118,0.098,0.0141957142857,0.332192763624,1.06310916592
YbYag5,Yb_Yag5_2026-09-28_14-57-53,Yb_Yag5_2026-09-28_13-03-16,16.4,13.5,0.000459554,0.0984,0.00467026422764,0.00139142,0.09795,0.0142054109239,0.328766570194,1.05214439474
YbYag5,Yb_Yag5_2026-09-28_14-57-53,Yb_Yag5_2026-09-28_13-03-16,16.5,13.5,0.000462117,0.09835,0.00469869852567,0.0013876,0.09795,0.0141664114344,0.331678812763,1.06146438033
YbYag5,Yb_Yag5_2026-09-28_14-57-53,Yb_Yag5_2026-09-28_13-03-16,16.6,13.5,0.000462117,0.0985,0.00469154314721,0.00139035,0.098,0.014187244898,0.33068740132,1.05829158818
YbYag5,Yb_Yag5_2026-09-28_14-57-53,Yb_Yag5_2026-09-28_13-03-16,16.7,13.5,0.000467958,0.0986,0.00474602434077,0.00138593,0.098,0.0141421428571,0.335594427855,1.07399543684
YbYag5,Yb_Yag5_2026-09-28_14-57-53,Yb_Yag5_2026-09-28_13-03-16,16.8,13.5,0.000465633,0.0985,0.00472723857868,0.00137914,0.09805,0.0140656807751,0.336083169685,1.07555954653
YbYag5,Yb_Yag5_2026-09-28_14-57-53,Yb_Yag5_2026-09-28_13-03-16,16.9,13.5,0.000458958,0.09855,0.00465710806697,0.00137115,0.0981,0.0139770642202,0.333196441942,1.06632121548
YbYag5,Yb_Yag5_2026-09-28_14-57-53,Yb_Yag5_2026-09-28_13-03-16,17,13.5,0.000462176,0.0985,0.00469214213198,0.00136483,0.09805,0.0139197348292,0.337085597503,1.07876759414
YbYag5,Yb_Yag5_2026-09-28_14-57-53,Yb_Yag5_2026-09-28_13-03-16,17.1,13.5,0.000462892,0.09845,0.00470179786694,0.00134397,0.09805,0.0137069862315,0.343022002615,1.09776574033
YbYag5,Yb_Yag5_2026-09-28_14-57-53,Yb_Yag5_2026-09-28_13-03-16,17.2,13.5,0.000462892,0.09855,0.0046970268899,0.00134254,0.09815,0.01367845135,0.343388792321,1.09893956933
YbYag5,Yb_Yag5_2026-09-28_14-57-53,Yb_Yag5_2026-09-28_13-03-16,17.3,13.5,0.000455024,0.0985,0.00461953299492,0.0013336,0.09805,0.0136012238654,0.339640979417,1.08694552645
YbYag5,Yb_Yag5_2026-09-28_14-57-53,Yb_Yag5_2026-09-28_13-03-16,17.4,13.5,0.000458123,0.0986,0.00464627789047,0.00136305,0.0981,0.0138944954128,0.334397022161,1.07016340584
YbYag5,Yb_Yag5_2026-09-28_14-57-53,Yb_Yag5_2026-09-28_13-03-16,17.5,13.5,0.000456931,0.0986,0.00463418864097,0.0013696,0.0981,0.0139612640163,0.331931882067,1.06227427243
YbYag5,Yb_Yag5_2026-09-28_14-57-53,Yb_Yag5_2026-09-28_13-03-16,17.6,13.5,0.000458898,0.09865,0.00465177901673,0.00136901,0.09805,0.0139623661397,0.333165522963,1.06622226615
YbYag5,Yb_Yag5_2026-09-28_14-57-53,Yb_Yag5_2026-09-28_13-03-16,17.7,13.5,0.000453355,0.09845,0.00460492635856,0.00136317,0.09805,0.0139028046915,0.331222833144,1.06000511882
YbYag5,Yb_Yag5_2026-09-28_14-57-53,Yb_Yag5_2026-09-28_13-03-16,17.8,13.5,0.000454487,0.0985,0.00461408121827,0.00136019,0.09815,0.0138582781457,0.332947655528,1.06552502981
YbYag5,Yb_Yag5_2026-09-28_14-57-53,Yb_Yag5_2026-09-28_13-03-16,17.9,13.5,0.000455262,0.09855,0.0046196042618,0.00135327,0.098,0.013808877551,0.334538722987,1.07061688787
YbYag5,Yb_Yag5_2026-09-28_14-57-53,Yb_Yag5_2026-09-28_13-03-16,18,13.5,0.000462594,0.0986,0.00469162271805,0.00135625,0.09815,0.0138181355069,0.339526466194,1.08657905231
YbYag5,Yb_Yag5_2026-09-28_14-57-53,Yb_Yag5_2026-09-28_13-03-16,18.1,13.5,0.0004586,0.0986,0.00465111561866,0.00136281,0.09805,0.0138991330954,0.334633504603,1.07092021538
YbYag5,Yb_Yag5_2026-09-28_14-57-53,Yb_Yag5_2026-09-28_13-03-16,18.2,13.5,0.000458004,0.0986,0.00464507099391,0.00135983,0.09805,0.0138687404386,0.334930992073,1.07187225796
YbYag5,Yb_Yag5_2026-09-28_14-57-53,Yb_Yag5_2026-09-28_13-03-16,18.3,13.5,0.000459792,0.0987,0.00465848024316,0.0013609,0.0981,0.013872579001,0.335804917227,1.07466906133
YbYag5,Yb_Yag5_2026-09-28_14-57-53,Yb_Yag5_2026-09-28_13-03-16,18.4,13.5,0.000458004,0.09855,0.00464742770167,0.00135566,0.0981,0.0138191641182,0.336303097779,1.07626337755
YbYag5,Yb_Yag5_2026-09-28_14-57-53,Yb_Yag5_2026-09-28_13-03-16,18.5,13.5,0.000463964,0.09875,0.00469836962025,0.00135995,0.09815,0.0138558329088,0.339089656405,1.08518113959
YbYag5,Yb_Yag5_2026-09-28_14-57-53,Yb_Yag5_2026-09-28_13-03-16,18.6,13.5,0.000466647,0.0986,0.00473272819473,0.00135768,0.098,0.013853877551,0.341617585207,1.09327121431
YbYag5,Yb_Yag5_2026-09-28_14-57-53,Yb_Yag5_2026-09-28_13-03-16,18.7,13.5,0.000462653,0.09865,0.00468984287886,0.00136555,0.0982,0.0139058044807,0.337257933216,1.07931911631
YbYag5,Yb_Yag5_2026-09-28_14-57-53,Yb_Yag5_2026-09-28_13-03-16,18.8,13.5,0.000466825,0.09865,0.00473213380639,0.0013665,0.0981,0.0139296636086,0.339716301797,1.087186579
YbYag5,Yb_Yag5_2026-09-28_14-57-53,Yb_Yag5_2026-09-28_13-03-16,18.9,13.5,0.000457825,0.0986,0.00464325557809,0.00135983,0.09815,0.0138546102904,0.335141550774,1.07254610432
YbYag5,Yb_Yag5_2026-09-28_14-57-53,Yb_Yag5_2026-09-28_13-03-16,19,13.5,0.000462534,0.09865,0.00468863659402,0.00136936,0.0982,0.0139446028513,0.336233067662,1.07603926171
YbYag5,Yb_Yag5_2026-09-28_14-57-53,Yb_Yag5_2026-09-28_13-03-16,19.1,13.5,0.00045866,0.09865,0.00464936644703,0.0013727,0.09815,0.0139857361182,0.332436305657,1.06388856811
YbYag5,Yb_Yag5_2026-09-28_14-57-53,Yb_Yag5_2026-09-28_13-03-16,19.2,13.5,0.0004586,0.0987,0.00464640324215,0.00137187,0.0983,0.0139559511699,0.332933469427,1.06547963034
YbYag5,Yb_Yag5_2026-09-28_14-57-53,Yb_Yag5_2026-09-28_13-03-16,19.3,13.5,0.000462772,0.0986,0.00469342799189,0.00135363,0.098,0.0138125510204,0.339794436593,1.08743663206
YbYag5,Yb_Yag5_2026-09-28_14-57-53,Yb_Yag5_2026-09-28_13-03-16,19.4,13.5,0.000458779,0.09875,0.00464586329114,0.00136448,0.0982,0.0138949083503,0.334357246123,1.07003611147
YbYag5,Yb_Yag5_2026-09-28_14-57-53,Yb_Yag5_2026-09-28_13-03-16,19.5,13.5,0.000450315,0.0987,0.00456246200608,0.00135124,0.09805,0.0137811320755,0.331065835599,1.05950268305
YbYag5,Yb_Yag5_2026-09-28_14-57-53,Yb_Yag5_2026-09-28_13-03-16,19.6,13.5,0.000444772,0.09865,0.00450858590978,0.00134254,0.0981,0.0136854230377,0.329444394767,1.05431362175
YbYag5,Yb_Yag5_2026-09-28_14-57-53,Yb_Yag5_2026-09-28_13-03-16,19.7,13.5,0.000426563,0.0985,0.00433058883249,0.00131548,0.0981,0.0134095820591,0.32294733821,1.03352123512
YbYag5,Yb_Yag5_2026-09-28_14-57-53,Yb_Yag5_2026-09-28_13-03-16,19.8,13.5,0.000402542,0.09865,0.00408050684237,0.00126541,0.09815,0.0128926133469,0.316499590314,1.01288664991
YbYag5,Yb_Yag5_2026-09-28_14-57-53,Yb_Yag5_2026-09-28_13-03-16,19.9,13.5,0.000355603,0.0986,0.00360652129817,0.00119103,0.0981,0.0121409785933,0.297053591723,0.95065405003
YbYag5,Yb_Yag5_2026-09-28_14-57-53,Yb_Yag5_2026-09-28_13-03-16,20,13.5,0.000280233,0.09875,0.00283780253165,0.00109781,0.0981,0.0111907237513,0.253585254602,0.811543290612
YbYag5,Yb_Yag5_2026-09-28_14-57-53,Yb_Yag5_2026-09-28_13-03-16,14.5,13.6,0.000407966,0.09835,0.00414810371124,0.00102926,0.09795,0.010508014293,0.394756192329,1.26332952527
YbYag5,Yb_Yag5_2026-09-28_14-57-53,Yb_Yag5_2026-09-28_13-03-16,14.6,13.6,0.000450166,0.0984,0.00457485772358,0.00125266,0.0979,0.0127953013279,0.357542007518,1.14423379139
YbYag5,Yb_Yag5_2026-09-28_14-57-53,Yb_Yag5_2026-09-28_13-03-16,14.7,13.6,0.000455977,0.09845,0.00463155916709,0.00134517,0.0979,0.0137402451481,0.337079805867,1.07874905929
YbYag5,Yb_Yag5_2026-09-28_14-57-53,Yb_Yag5_2026-09-28_13-03-16,14.8,13.6,0.000458481,0.0983,0.00466409969481,0.00136591,0.09785,0.013959223301,0.33412315243,1.06928694659
YbYag5,Yb_Yag5_2026-09-28_14-57-53,Yb_Yag5_2026-09-28_13-03-16,14.9,13.6,0.000459315,0.09835,0.00467020843925,0.00138522,0.09795,0.0141421133231,0.330234126439,1.05684098259
YbYag5,Yb_Yag5_2026-09-28_14-57-53,Yb_Yag5_2026-09-28_13-03-16,15,13.6,0.00046313,0.0984,0.00470660569106,0.0013913,0.09795,0.0142041858091,0.331353430201,1.0604230657
YbYag5,Yb_Yag5_2026-09-28_14-57-53,Yb_Yag5_2026-09-28_13-03-16,15.1,13.6,0.000461103,0.0983,0.00469077314344,0.00138832,0.09795,0.0141737621235,0.330947641323,1.05912442851
YbYag5,Yb_Yag5_2026-09-28_14-57-53,Yb_Yag5_2026-09-28_13-03-16,15.2,13.6,0.000458958,0.0984,0.00466420731707,0.00139011,0.09795,0.0141920367534,0.328649608095,1.05177008352
YbYag5,Yb_Yag5_2026-09-28_14-57-53,Yb_Yag5_2026-09-28_13-03-16,15.3,13.6,0.000462295,0.09825,0.00470529262087,0.00139488,0.09805,0.0142262111168,0.33074812276,1.05848591366
YbYag5,Yb_Yag5_2026-09-28_14-57-53,Yb_Yag5_2026-09-28_13-03-16,15.4,13.6,0.000462653,0.09835,0.00470414844942,0.0013919,0.09805,0.01419581846,0.331375641544,1.06049414817
YbYag5,Yb_Yag5_2026-09-28_14-57-53,Yb_Yag5_2026-09-28_13-03-16,15.5,13.6,0.000458004,0.09835,0.00465687849517,0.00138534,0.098,0.014136122449,0.329431108988,1.05427110357
YbYag5,Yb_Yag5_2026-09-28_14-57-53,Yb_Yag5_2026-09-28_13-03-16,15.6,13.6,0.000466408,0.09855,0.00473270421106,0.00139905,0.09805,0.0142687404386,0.331683390796,1.06147903131
YbYag5,Yb_Yag5_2026-09-28_14-57-53,Yb_Yag5_2026-09-28_13-03-16,15.7,13.6,0.000465514,0.0984,0.00473083333333,0.00139702,0.09805,0.014248036716,0.332034049857,1.06260123776
YbYag5,Yb_Yag5_2026-09-28_14-57-53,Yb_Yag5_2026-09-28_13-03-16,15.8,13.6,0.000463547,0.09845,0.00470845099035,0.00139666,0.09815,0.0142298522669,0.330885444349,1.05892538091
YbYag5,Yb_Yag5_2026-09-28_14-57-53,Yb_Yag5_2026-09-28_13-03-16,15.9,13.6,0.000463547,0.09835,0.00471323843416,0.00139416,0.098,0.014226122449,0.331308721056,1.06027998401
YbYag5,Yb_Yag5_2026-09-28_14-57-53,Yb_Yag5_2026-09-28_13-03-16,16,13.6,0.00046462,0.09835,0.00472414844942,0.00140227,0.098,0.014308877551,0.330155068599,1.05658797553
YbYag5,Yb_Yag5_2026-09-28_14-57-53,Yb_Yag5_2026-09-28_13-03-16,16.1,13.6,0.00046766,0.0984,0.00475264227642,0.00139547,0.098,0.0142394897959,0.333764927293,1.06814052659
YbYag5,Yb_Yag5_2026-09-28_14-57-53,Yb_Yag5_2026-09-28_13-03-16,16.2,13.6,0.000467243,0.0984,0.00474840447154,0.00139881,0.0981,0.0142590214067,0.333010543719,1.0657262895
YbYag5,Yb_Yag5_2026-09-28_14-57-53,Yb_Yag5_2026-09-28_13-03-16,16.3,13.6,0.000465812,0.09835,0.00473626842908,0.00139571,0.09805,0.0142346761856,0.33272751465,1.06482051782
YbYag5,Yb_Yag5_2026-09-28_14-57-53,Yb_Yag5_2026-09-28_13-03-16,16.4,13.6,0.000463845,0.09845,0.00471147790757,0.0013876,0.098,0.0141591836735,0.332750673783,1.06489463348
YbYag5,Yb_Yag5_2026-09-28_14-57-53,Yb_Yag5_2026-09-28_13-03-16,16.5,13.6,0.000462236,0.0985,0.00469275126904,0.00138677,0.0981,0.0141362895005,0.331964853215,1.06237978927
YbYag5,Yb_Yag5_2026-09-28_14-57-53,Yb_Yag5_2026-09-28_13-03-16,16.6,13.6,0.000448288,0.09845,0.00455345860843,0.00136507,0.0981,0.0139150866463,0.327231782609,1.04723264793
YbYag5,Yb_Yag5_2026-09-28_14-57-53,Yb_Yag5_2026-09-28_13-03-16,16.7,13.6,0.000449957,0.0986,0.00456345841785,0.00134505,0.09805,0.0137180010199,0.332662055589,1.06461103063
YbYag5,Yb_Yag5_2026-09-28_14-57-53,Yb_Yag5_2026-09-28_13-03-16,16.8,13.6,0.00044954,0.09855,0.00456154236428,0.00133849,0.09815,0.0136371879776,0.334492886053,1.07047019694
YbYag5,Yb_Yag5_2026-09-28_14-57-53,Yb_Yag5_2026-09-28_13-03-16,16.9,13.6,0.000448884,0.0986,0.00455257606491,0.00133634,0.09815,0.0136152827305,0.334372495601,1.07008491403
YbYag5,Yb_Yag5_2026-09-28_14-57-53,Yb_Yag5_2026-09-28_13-03-16,17,13.6,0.000445189,0.09845,0.00452198070086,0.00133503,0.09815,0.0136019358125,0.332451260114,1.06393642653
YbYag5,Yb_Yag5_2026-09-28_14-57-53,Yb_Yag5_2026-09-28_13-03-16,17.1,13.6,0.000445547,0.0987,0.00451415400203,0.0013305,0.0981,0.0135626911315,0.332836157534,1.06516820524
YbYag5,Yb_Yag5_2026-09-28_14-57-53,Yb_Yag5_2026-09-28_13-03-16,17.2,13.6,0.00044656,0.0985,0.00453360406091,0.00134218,0.0983,0.0136539165819,0.332036894595,1.06261034171
YbYag5,Yb_Yag5_2026-09-28_14-57-53,Yb_Yag5_2026-09-28_13-03-16,17.3,13.6,0.000458064,0.0986,0.00464567951318,0.00134671,0.09825,0.0137069720102,0.338928211842,1.08466447212
YbYag5,Yb_Yag5_2026-09-28_14-57-53,Yb_Yag5_2026-09-28_13-03-16,17.4,13.6,0.000463964,0.09865,0.00470313228586,0.00136793,0.0981,0.0139442405708,0.337281350102,1.07939405686
YbYag5,Yb_Yag5_2026-09-28_14-57-53,Yb_Yag5_2026-09-28_13-03-16,17.5,13.6,0.000462117,0.0985,0.00469154314721,0.00137819,0.0983,0.0140202441506,0.334626351497,1.07089732345
YbYag5,Yb_Yag5_2026-09-28_14-57-53,Yb_Yag5_2026-09-28_13-03-16,17.6,13.6,0.000464084,0.0987,0.00470196555218,0.00137747,0.09825,0.0140200508906,0.335374356974,1.07329114886
YbYag5,Yb_Yag5_2026-09-28_14-57-53,Yb_Yag5_2026-09-28_13-03-16,17.7,13.6,0.00046462,0.09875,0.00470501265823,0.00136984,0.09815,0.0139565970453,0.33711746803,1.07886958868
YbYag5,Yb_Yag5_2026-09-28_14-57-53,Yb_Yag5_2026-09-28_13-03-16,17.8,13.6,0.000467481,0.09855,0.00474359208524,0.00137223,0.09815,0.0139809475293,0.339289742365,1.08582147027
YbYag5,Yb_Yag5_2026-09-28_14-57-53,Yb_Yag5_2026-09-28_13-03-16,17.9,13.6,0.000463607,0.0986,0.00470189655172,0.00136495,0.09815,0.0139067753439,0.338101136708,1.08201760183
YbYag5,Yb_Yag5_2026-09-28_14-57-53,Yb_Yag5_2026-09-28_13-03-16,18,13.6,0.000462594,0.09865,0.00468924480487,0.00136841,0.09815,0.0139420275089,0.336338800212,1.07637763526
YbYag5,Yb_Yag5_2026-09-28_14-57-53,Yb_Yag5_2026-09-28_13-03-16,18.1,13.6,0.000467064,0.0986,0.00473695740365,0.00137151,0.09815,0.0139736118186,0.33899305814,1.08487199829
YbYag5,Yb_Yag5_2026-09-28_14-57-53,Yb_Yag5_2026-09-28_13-03-16,18.2,13.6,0.000467183,0.09855,0.00474056823947,0.00137127,0.09815,0.0139711665818,0.339310837911,1.08588898188
YbYag5,Yb_Yag5_2026-09-28_14-57-53,Yb_Yag5_2026-09-28_13-03-16,18.3,13.6,0.000464322,0.09865,0.00470676127724,0.00136174,0.09805,0.0138882202958,0.338903126318,1.08458419147
YbYag5,Yb_Yag5_2026-09-28_14-57-53,Yb_Yag5_2026-09-28_13-03-16,18.4,13.6,0.000463547,0.0987,0.0046965248227,0.00137831,0.0982,0.0140357433809,0.334611761931,1.07085063279
YbYag5,Yb_Yag5_2026-09-28_14-57-53,Yb_Yag5_2026-09-28_13-03-16,18.5,13.6,0.000461878,0.0986,0.00468436105477,0.00137568,0.0981,0.0140232415902,0.334042669424,1.0690293786
YbYag5,Yb_Yag5_2026-09-28_14-57-53,Yb_Yag5_2026-09-28_13-03-16,18.6,13.6,0.000464203,0.0986,0.00470794117647,0.00136591,0.09815,0.0139165562914,0.338297857451,1.08264716288
YbYag5,Yb_Yag5_2026-09-28_14-57-53,Yb_Yag5_2026-09-28_13-03-16,18.7,13.6,0.000472071,0.09865,0.00478531170806,0.00137938,0.0983,0.0140323499491,0.341019980646,1.09135871363
YbYag5,Yb_Yag5_2026-09-28_14-57-53,Yb_Yag5_2026-09-28_13-03-16,18.8,13.6,0.000467421,0.09875,0.00473337721519,0.00138319,0.0983,0.0140711088505,0.336389780328,1.0765407858
YbYag5,Yb_Yag5_2026-09-28_14-57-53,Yb_Yag5_2026-09-28_13-03-16,18.9,13.6,0.000462713,0.09875,0.00468570126582,0.00137354,0.0982,0.0139871690428,0.334999974011,1.07209301933
YbYag5,Yb_Yag5_2026-09-28_14-57-53,Yb_Yag5_2026-09-28_13-03-16,19,13.6,0.000471832,0.0987,0.00478046605876,0.00138057,0.0982,0.0140587576375,0.340034744323,1.08820568358
YbYag5,Yb_Yag5_2026-09-28_14-57-53,Yb_Yag5_2026-09-28_13-03-16,19.1,13.6,0.000472071,0.0987,0.00478288753799,0.00137223,0.0981,0.0139880733945,0.341926111131,1.09425858301
YbYag5,Yb_Yag5_2026-09-28_14-57-53,Yb_Yag5_2026-09-28_13-03-16,19.2,13.6,0.000468018,0.09865,0.00474422706538,0.00137389,0.0981,0.0140049949032,0.338752502102,1.08410215212
YbYag5,Yb_Yag5_2026-09-28_14-57-53,Yb_Yag5_2026-09-28_13-03-16,19.3,13.6,0.000467779,0.0987,0.00473940222898,0.00137437,0.09825,0.0139884987277,0.338807067237,1.08427677571
YbYag5,Yb_Yag5_2026-09-28_14-57-53,Yb_Yag5_2026-09-28_13-03-16,19.4,13.6,0.000466945,0.09875,0.00472855696203,0.00137187,0.09815,0.013977279674,0.338303094187,1.08266392189
YbYag5,Yb_Yag5_2026-09-28_14-57-53,Yb_Yag5_2026-09-28_13-03-16,19.5,13.6,0.000462832,0.0987,0.00468928064843,0.00137866,0.09825,0.0140321628499,0.334180888477,1.06947171798
YbYag5,Yb_Yag5_2026-09-28_14-57-53,Yb_Yag5_2026-09-28_13-03-16,19.6,13.6,0.00046772,0.0987,0.00473880445795,0.00137008,0.09825,0.0139448346056,0.339825074443,1.0875346817
YbYag5,Yb_Yag5_2026-09-28_14-57-53,Yb_Yag5_2026-09-28_13-03-16,19.7,13.6,0.000448765,0.0986,0.00455136916836,0.00135315,0.0981,0.0137935779817,0.32996291277,1.05597302347
YbYag5,Yb_Yag5_2026-09-28_14-57-53,Yb_Yag5_2026-09-28_13-03-16,19.8,13.6,0.000437202,0.09865,0.00443184997466,0.00132061,0.09815,0.0134550178299,0.329382690583,1.05411615122
YbYag5,Yb_Yag5_2026-09-28_14-57-53,Yb_Yag5_2026-09-28_13-03-16,19.9,13.6,0.000408949,0.09865,0.00414545362392,0.00127412,0.0982,0.0129747454175,0.319501731289,1.02249433538
YbYag5,Yb_Yag5_2026-09-28_14-57-53,Yb_Yag5_2026-09-28_13-03-16,20,13.6,0.000364603,0.09865,0.00369592498733,0.00120319,0.09815,0.0122586856852,0.301494391996,0.964865845082
YbYag5,Yb_Yag5_2026-09-28_14-57-53,Yb_Yag5_2026-09-28_13-03-16,20.1,13.6,0.000283601,0.0987,0.00287336372847,0.00110055,0.0981,0.0112186544343,0.256123739732,0.819667148519
YbYag5,Yb_Yag5_2026-09-28_14-57-53,Yb_Yag5_2026-09-28_13-03-16,14.4,13.7,0.0004133,0.0984,0.00420020325203,0.00100053,0.09795,0.0102147013783,0.411191976787,1.31592860334
YbYag5,Yb_Yag5_2026-09-28_14-57-53,Yb_Yag5_2026-09-28_13-03-16,14.5,13.7,0.00044507,0.09835,0.0045253685816,0.00125349,0.098,0.0127907142857,0.353801084171,1.13226179701
YbYag5,Yb_Yag5_2026-09-28_14-57-53,Yb_Yag5_2026-09-28_13-03-16,14.6,13.7,0.000458481,0.09835,0.00466172852059,0.00134683,0.098,0.0137431632653,0.339203459247,1.08554534031
YbYag5,Yb_Yag5_2026-09-28_14-57-53,Yb_Yag5_2026-09-28_13-03-16,14.7,13.7,0.00045854,0.09835,0.00466232841891,0.00137711,0.09795,0.0140593159775,0.331618439074,1.06127116774
YbYag5,Yb_Yag5_2026-09-28_14-57-53,Yb_Yag5_2026-09-28_13-03-16,14.8,13.7,0.000459494,0.0983,0.00467440488301,0.00139213,0.0979,0.014219918284,0.328722344929,1.0520028616
YbYag5,Yb_Yag5_2026-09-28_14-57-53,Yb_Yag5_2026-09-28_13-03-16,14.9,13.7,0.000458362,0.0984,0.0046581504065,0.00138331,0.0979,0.0141298263534,0.329667915939,1.05502895163
YbYag5,Yb_Yag5_2026-09-28_14-57-53,Yb_Yag5_2026-09-28_13-03-16,15,13.7,0.000463786,0.0985,0.00470848730964,0.00138975,0.09795,0.0141883614089,0.331855608547,1.06203017597
YbYag5,Yb_Yag5_2026-09-28_14-57-53,Yb_Yag5_2026-09-28_13-03-16,15.1,13.7,0.000463905,0.0984,0.00471448170732,0.00139261,0.09805,0.0142030596634,0.331934232415,1.0622817942
YbYag5,Yb_Yag5_2026-09-28_14-57-53,Yb_Yag5_2026-09-28_13-03-16,15.2,13.7,0.00046611,0.09835,0.004739298424,0.00139976,0.09795,0.0142905564063,0.331638481334,1.06133530855
YbYag5,Yb_Yag5_2026-09-28_14-57-53,Yb_Yag5_2026-09-28_13-03-16,15.3,13.7,0.000463249,0.0985,0.00470303553299,0.00139023,0.09795,0.0141932618683,0.331356919687,1.06043423302
YbYag5,Yb_Yag5_2026-09-28_14-57-53,Yb_Yag5_2026-09-28_13-03-16,15.4,13.7,0.000466587,0.09855,0.00473452054795,0.00139285,0.0979,0.0142272727273,0.332777802092,1.06498145161
YbYag5,Yb_Yag5_2026-09-28_14-57-53,Yb_Yag5_2026-09-28_13-03-16,15.5,13.7,0.000462236,0.09835,0.00469990849009,0.00139857,0.0981,0.0142565749235,0.329666032361,1.05502292365
YbYag5,Yb_Yag5_2026-09-28_14-57-53,Yb_Yag5_2026-09-28_13-03-16,15.6,13.7,0.000461819,0.0985,0.0046885177665,0.00139774,0.09785,0.014284517118,0.328223749376,1.05040721727
YbYag5,Yb_Yag5_2026-09-28_14-57-53,Yb_Yag5_2026-09-28_13-03-16,15.7,13.7,0.000459792,0.0984,0.00467268292683,0.00140215,0.098,0.0143076530612,0.326586261691,1.04516680159
YbYag5,Yb_Yag5_2026-09-28_14-57-53,Yb_Yag5_2026-09-28_13-03-16,15.8,13.7,0.000466587,0.0984,0.00474173780488,0.00139547,0.09795,0.0142467585503,0.332829238885,1.06514606364
YbYag5,Yb_Yag5_2026-09-28_14-57-53,Yb_Yag5_2026-09-28_13-03-16,15.9,13.7,0.000467243,0.0985,0.00474358375635,0.00140024,0.09805,0.0142808771035,0.332163334365,1.06301498411
YbYag5,Yb_Yag5_2026-09-28_14-57-53,Yb_Yag5_2026-09-28_13-03-16,16,13.7,0.000463845,0.09845,0.00471147790757,0.00139905,0.098,0.0142760204082,0.330027400694,1.05617940275
YbYag5,Yb_Yag5_2026-09-28_14-57-53,Yb_Yag5_2026-09-28_13-03-16,16.1,13.7,0.000459136,0.0984,0.00466601626016,0.00139464,0.098,0.0142310204082,0.327876436568,1.04929571975
YbYag5,Yb_Yag5_2026-09-28_14-57-53,Yb_Yag5_2026-09-28_13-03-16,16.2,13.7,0.000461699,0.0985,0.00468729949239,0.00140656,0.09805,0.0143453340133,0.326747323418,1.04568224388
YbYag5,Yb_Yag5_2026-09-28_14-57-53,Yb_Yag5_2026-09-28_13-03-16,16.3,13.7,0.000462653,0.0985,0.00469698477157,0.00139869,0.09805,0.0142650688424,0.329264781226,1.05373880851
YbYag5,Yb_Yag5_2026-09-28_14-57-53,Yb_Yag5_2026-09-28_13-03-16,16.4,13.7,0.000458421,0.09855,0.00465165905632,0.00139726,0.09805,0.0142504844467,0.326421117382,1.0446382939
YbYag5,Yb_Yag5_2026-09-28_14-57-53,Yb_Yag5_2026-09-28_13-03-16,16.5,13.7,0.000443401,0.0986,0.00449696754564,0.00136591,0.09805,0.0139307496175,0.322808726674,1.03307763969
YbYag5,Yb_Yag5_2026-09-28_14-57-53,Yb_Yag5_2026-09-28_13-03-16,16.6,13.7,0.000448825,0.0985,0.00455659898477,0.00134838,0.0981,0.0137449541284,0.331510672368,1.06092628433
YbYag5,Yb_Yag5_2026-09-28_14-57-53,Yb_Yag5_2026-09-28_13-03-16,16.7,13.7,0.000450851,0.0986,0.00457252535497,0.0013435,0.0981,0.0136952089704,0.333877735261,1.06850154344
YbYag5,Yb_Yag5_2026-09-28_14-57-53,Yb_Yag5_2026-09-28_13-03-16,16.8,13.7,0.000452997,0.0986,0.00459429006085,0.00135911,0.09805,0.0138613972463,0.331444945933,1.06071594147
YbYag5,Yb_Yag5_2026-09-28_14-57-53,Yb_Yag5_2026-09-28_13-03-16,16.9,13.7,0.00045109,0.0986,0.00457494929006,0.00136591,0.0981,0.0139236493374,0.328574009529,1.0515281471
YbYag5,Yb_Yag5_2026-09-28_14-57-53,Yb_Yag5_2026-09-28_13-03-16,17,13.7,0.000447633,0.0986,0.00453988843813,0.00138474,0.09815,0.0141084055018,0.32178607551,1.02980487175
YbYag5,Yb_Yag5_2026-09-28_14-57-53,Yb_Yag5_2026-09-28_13-03-16,17.1,13.7,0.000449361,0.0986,0.0045574137931,0.00138903,0.0982,0.0141449083503,0.322194649851,1.03111242319
YbYag5,Yb_Yag5_2026-09-28_14-57-53,Yb_Yag5_2026-09-28_13-03-16,17.2,13.7,0.000456097,0.09875,0.00461870379747,0.00138868,0.0982,0.0141413441955,0.326609955434,1.04524262815
YbYag5,Yb_Yag5_2026-09-28_14-57-53,Yb_Yag5_2026-09-28_13-03-16,17.3,13.7,0.000463964,0.09875,0.00469836962025,0.0013845,0.09815,0.0141059602649,0.333076907351,1.06593867157
YbYag5,Yb_Yag5_2026-09-28_14-57-53,Yb_Yag5_2026-09-28_13-03-16,17.4,13.7,0.000462117,0.0987,0.00468203647416,0.00138081,0.0981,0.0140755351682,0.33263648012,1.06452918202
YbYag5,Yb_Yag5_2026-09-28_14-57-53,Yb_Yag5_2026-09-28_13-03-16,17.5,13.7,0.000463964,0.09875,0.00469836962025,0.00138355,0.09815,0.0140962812022,0.333305611094,1.0666705871
YbYag5,Yb_Yag5_2026-09-28_14-57-53,Yb_Yag5_2026-09-28_13-03-16,17.6,13.7,0.00046015,0.09855,0.00466920345003,0.00138105,0.09815,0.0140708099847,0.331836152653,1.0619679117
YbYag5,Yb_Yag5_2026-09-28_14-57-53,Yb_Yag5_2026-09-28_13-03-16,17.7,13.7,0.000458719,0.09855,0.00465468290208,0.00137783,0.0982,0.0140308553971,0.331746195819,1.06168002484
YbYag5,Yb_Yag5_2026-09-28_14-57-53,Yb_Yag5_2026-09-28_13-03-16,17.8,13.7,0.000463666,0.09855,0.00470488077118,0.00137437,0.0982,0.0139956211813,0.336168056439,1.07583120773
YbYag5,Yb_Yag5_2026-09-28_14-57-53,Yb_Yag5_2026-09-28_13-03-16,17.9,13.7,0.000468316,0.0987,0.00474484295846,0.00137544,0.0982,0.0140065173116,0.338759654017,1.08412504023
YbYag5,Yb_Yag5_2026-09-28_14-57-53,Yb_Yag5_2026-09-28_13-03-16,18,13.7,0.000457527,0.0985,0.00464494416244,0.00137676,0.0982,0.0140199592668,0.331309390708,1.06028212708
YbYag5,Yb_Yag5_2026-09-28_14-57-53,Yb_Yag5_2026-09-28_13-03-16,18.1,13.7,0.00046772,0.09865,0.00474120628485,0.00137378,0.0982,0.0139896130346,0.338909037235,1.08460310805
YbYag5,Yb_Yag5_2026-09-28_14-57-53,Yb_Yag5_2026-09-28_13-03-16,18.2,13.7,0.000468196,0.09865,0.00474603142423,0.00137246,0.09825,0.0139690585242,0.339753134831,1.08730445494
YbYag5,Yb_Yag5_2026-09-28_14-57-53,Yb_Yag5_2026-09-28_13-03-16,18.3,13.7,0.000462832,0.0986,0.00469403651116,0.00137115,0.09815,0.0139699439633,0.336009687905,1.07532438441
YbYag5,Yb_Yag5_2026-09-28_14-57-53,Yb_Yag5_2026-09-28_13-03-16,18.4,13.7,0.0004676,0.0986,0.00474239350913,0.0013671,0.09815,0.0139286805909,0.340476865571,1.08962059445
YbYag5,Yb_Yag5_2026-09-28_14-57-53,Yb_Yag5_2026-09-28_13-03-16,18.5,13.7,0.000472846,0.0987,0.00479073961499,0.00138033,0.09815,0.0140634742741,0.340651216166,1.09017856481
YbYag5,Yb_Yag5_2026-09-28_14-57-53,Yb_Yag5_2026-09-28_13-03-16,18.6,13.7,0.000465991,0.09855,0.00472847285642,0.0013758,0.09815,0.0140173204279,0.337330724566,1.07955206887
YbYag5,Yb_Yag5_2026-09-28_14-57-53,Yb_Yag5_2026-09-28_13-03-16,18.7,13.7,0.000471296,0.09885,0.00476778958017,0.00138605,0.09815,0.0141217524198,0.337620249841,1.08047863021
YbYag5,Yb_Yag5_2026-09-28_14-57-53,Yb_Yag5_2026-09-28_13-03-16,18.8,13.7,0.000471415,0.09875,0.00477382278481,0.00138105,0.0982,0.0140636456212,0.33944418918,1.086315743
YbYag5,Yb_Yag5_2026-09-28_14-57-53,Yb_Yag5_2026-09-28_13-03-16,18.9,13.7,0.000467123,0.0986,0.00473755578093,0.00137187,0.0982,0.0139701629328,0.339119579615,1.08527690218
YbYag5,Yb_Yag5_2026-09-28_14-57-53,Yb_Yag5_2026-09-28_13-03-16,19,13.7,0.000471653,0.0988,0.00477381578947,0.00138534,0.09825,0.0141001526718,0.338564829799,1.08350154859
YbYag5,Yb_Yag5_2026-09-28_14-57-53,Yb_Yag5_2026-09-28_13-03-16,19.1,13.7,0.000472547,0.0989,0.00477802831143,0.00137723,0.0982,0.0140247454175,0.340685564635,1.09028848946
YbYag5,Yb_Yag5_2026-09-28_14-57-53,Yb_Yag5_2026-09-28_13-03-16,19.2,13.7,0.000467362,0.09885,0.00472799190693,0.00137866,0.09825,0.0140321628499,0.33693964056,1.07830049136
YbYag5,Yb_Yag5_2026-09-28_14-57-53,Yb_Yag5_2026-09-28_13-03-16,19.3,13.7,0.000471773,0.09885,0.00477261507334,0.00136531,0.0981,0.0139175331295,0.34292104994,1.09744266371
YbYag5,Yb_Yag5_2026-09-28_14-57-53,Yb_Yag5_2026-09-28_13-03-16,19.4,13.7,0.000464024,0.0987,0.00470135764944,0.0013814,0.0983,0.0140528992879,0.334547167323,1.07064391209
YbYag5,Yb_Yag5_2026-09-28_14-57-53,Yb_Yag5_2026-09-28_13-03-16,19.5,13.7,0.000468018,0.09875,0.00473942278481,0.00138045,0.09825,0.0140503816794,0.337316301646,1.07950591151
YbYag5,Yb_Yag5_2026-09-28_14-57-53,Yb_Yag5_2026-09-28_13-03-16,19.6,13.7,0.000466408,0.0987,0.00472551165147,0.00138069,0.09825,0.0140528244275,0.336267750006,1.07615025485
YbYag5,Yb_Yag5_2026-09-28_14-57-53,Yb_Yag5_2026-09-28_13-03-16,19.7,13.7,0.000462951,0.09865,0.0046928636594,0.00137699,0.0983,0.0140080366226,0.335012235179,1.07213225848
YbYag5,Yb_Yag5_2026-09-28_14-57-53,Yb_Yag5_2026-09-28_13-03-16,19.8,13.7,0.000453981,0.09875,0.00459727594937,0.00135887,0.0982,0.0138377800407,0.332226407404,1.06321683537
YbYag5,Yb_Yag5_2026-09-28_14-57-53,Yb_Yag5_2026-09-28_13-03-16,19.9,13.7,0.000428798,0.09875,0.00434225822785,0.00131965,0.0981,0.0134520897044,0.322794325883,1.03303155315
YbYag5,Yb_Yag5_2026-09-28_14-57-53,Yb_Yag5_2026-09-28_13-03-16,20,13.7,0.000409575,0.09885,0.00414339908953,0.00128449,0.09825,0.0130736895674,0.316926531578,1.01425298061
YbYag5,Yb_Yag5_2026-09-28_14-57-53,Yb_Yag5_2026-09-28_13-03-16,20.1,13.7,0.000370683,0.0987,0.00375565349544,0.00121129,0.09825,0.0123286513995,0.30462808735,0.974894541126
YbYag5,Yb_Yag5_2026-09-28_14-57-53,Yb_Yag5_2026-09-28_13-03-16,20.2,13.7,0.000298144,0.09865,0.00302224024328,0.00110961,0.09825,0.011293740458,0.267603125335,0.856404372776
YbYag5,Yb_Yag5_2026-09-28_14-57-53,Yb_Yag5_2026-09-28_13-03-16,14.3,13.8,0.000406774,0.09855,0.00412759005581,0.000937466,0.09795,0.00957086268504,0.431266249621,1.38017185541
YbYag5,Yb_Yag5_2026-09-28_14-57-53,Yb_Yag5_2026-09-28_13-03-16,14.4,13.8,0.000447394,0.0985,0.00454207106599,0.00122298,0.098,0.0124793877551,0.36396585755,1.1647918968
YbYag5,Yb_Yag5_2026-09-28_14-57-53,Yb_Yag5_2026-09-28_13-03-16,14.5,13.8,0.000455709,0.09845,0.00462883697308,0.00135542,0.09795,0.0138378764676,0.334504863078,1.07050852674
YbYag5,Yb_Yag5_2026-09-28_14-57-53,Yb_Yag5_2026-09-28_13-03-16,14.6,13.8,0.000458481,0.09845,0.00465699339766,0.00138784,0.09795,0.0141688616641,0.328678020018,1.05186100957
YbYag5,Yb_Yag5_2026-09-28_14-57-53,Yb_Yag5_2026-09-28_13-03-16,14.7,13.8,0.000465753,0.0984,0.00473326219512,0.00140239,0.098,0.0143101020408,0.330763692783,1.05853574206
YbYag5,Yb_Yag5_2026-09-28_14-57-53,Yb_Yag5_2026-09-28_13-03-16,14.8,13.8,0.000463547,0.0983,0.00471563580875,0.00139249,0.09795,0.0142163348647,0.331705453876,1.06154963929
YbYag5,Yb_Yag5_2026-09-28_14-57-53,Yb_Yag5_2026-09-28_13-03-16,14.9,13.8,0.000459434,0.09835,0.00467141840366,0.00140012,0.098,0.0142869387755,0.326971262148,1.04639891005
YbYag5,Yb_Yag5_2026-09-28_14-57-53,Yb_Yag5_2026-09-28_13-03-16,15,13.8,0.000458958,0.0983,0.00466895218718,0.00140119,0.0981,0.0142832823649,0.326882299733,1.0461142056
YbYag5,Yb_Yag5_2026-09-28_14-57-53,Yb_Yag5_2026-09-28_13-03-16,15.1,13.8,0.000462951,0.09835,0.00470717844433,0.00139774,0.0979,0.0142772216547,0.329698491638,1.05512680236
YbYag5,Yb_Yag5_2026-09-28_14-57-53,Yb_Yag5_2026-09-28_13-03-16,15.2,13.8,0.000463964,0.09845,0.00471268664297,0.00140537,0.09795,0.0143478305258,0.328459876529,1.05116288978
YbYag5,Yb_Yag5_2026-09-28_14-57-53,Yb_Yag5_2026-09-28_13-03-16,15.3,13.8,0.0004676,0.09835,0.00475444839858,0.00140215,0.09795,0.0143149566105,0.332131527042,1.06291319184
YbYag5,Yb_Yag5_2026-09-28_14-57-53,Yb_Yag5_2026-09-28_13-03-16,15.4,13.8,0.000463964,0.0983,0.00471987792472,0.00139833,0.09785,0.0142905467552,0.33027973006,1.05698692685
YbYag5,Yb_Yag5_2026-09-28_14-57-53,Yb_Yag5_2026-09-28_13-03-16,15.5,13.8,0.000464441,0.0984,0.00471992886179,0.00140692,0.09805,0.0143490056094,0.328937697167,1.05269204862
YbYag5,Yb_Yag5_2026-09-28_14-57-53,Yb_Yag5_2026-09-28_13-03-16,15.6,13.8,0.000461282,0.0982,0.00469737270876,0.0014093,0.09805,0.0143732789393,0.326812881639,1.0458920484
YbYag5,Yb_Yag5_2026-09-28_14-57-53,Yb_Yag5_2026-09-28_13-03-16,15.7,13.8,0.0004676,0.0984,0.00475203252033,0.00140739,0.09805,0.0143537990821,0.331064444552,1.05949823131
YbYag5,Yb_Yag5_2026-09-28_14-57-53,Yb_Yag5_2026-09-28_13-03-16,15.8,13.8,0.000459911,0.09845,0.00467151853733,0.00140787,0.09805,0.0143586945436,0.325344238165,1.04119198112
YbYag5,Yb_Yag5_2026-09-28_14-57-53,Yb_Yag5_2026-09-28_13-03-16,15.9,13.8,0.000466706,0.09855,0.00473572805682,0.00140179,0.09805,0.0142966853646,0.331246574716,1.06008109845
YbYag5,Yb_Yag5_2026-09-28_14-57-53,Yb_Yag5_2026-09-28_13-03-16,16,13.8,0.000468673,0.09855,0.00475568746829,0.00140239,0.0981,0.0142955147808,0.3326698997,1.06463613397
YbYag5,Yb_Yag5_2026-09-28_14-57-53,Yb_Yag5_2026-09-28_13-03-16,16.1,13.8,0.000470879,0.09855,0.00477807204465,0.00140644,0.09815,0.0143294956699,0.333443140967,1.06711072092
YbYag5,Yb_Yag5_2026-09-28_14-57-53,Yb_Yag5_2026-09-28_13-03-16,16.2,13.8,0.00046772,0.09845,0.00475083798883,0.00140286,0.098,0.0143148979592,0.331880674411,1.0621103937
YbYag5,Yb_Yag5_2026-09-28_14-57-53,Yb_Yag5_2026-09-28_13-03-16,16.3,13.8,0.000466885,0.0985,0.00473994923858,0.00140298,0.09805,0.0143088220296,0.331260618713,1.06012604314
YbYag5,Yb_Yag5_2026-09-28_14-57-53,Yb_Yag5_2026-09-28_13-03-16,16.4,13.8,0.000454905,0.09855,0.00461598173516,0.00138248,0.098,0.0141069387755,0.32721356551,1.04717434815
YbYag5,Yb_Yag5_2026-09-28_14-57-53,Yb_Yag5_2026-09-28_13-03-16,16.5,13.8,0.000453712,0.0986,0.00460154158215,0.00135589,0.09805,0.0138285568587,0.332756456742,1.06491314056
YbYag5,Yb_Yag5_2026-09-28_14-57-53,Yb_Yag5_2026-09-28_13-03-16,16.6,13.8,0.000463488,0.0986,0.00470068965517,0.00137437,0.09815,0.0140027508915,0.335697584824,1.07432556781
YbYag5,Yb_Yag5_2026-09-28_14-57-53,Yb_Yag5_2026-09-28_13-03-16,16.7,13.8,0.000464739,0.09865,0.00471098834263,0.00140608,0.0982,0.0143185336049,0.329013324452,1.05293407695
YbYag5,Yb_Yag5_2026-09-28_14-57-53,Yb_Yag5_2026-09-28_13-03-16,16.8,13.8,0.000472249,0.09865,0.0047871160669,0.00142337,0.0982,0.0144946028513,0.330268867385,1.05695216327
YbYag5,Yb_Yag5_2026-09-28_14-57-53,Yb_Yag5_2026-09-28_13-03-16,16.9,13.8,0.000476064,0.0986,0.00482823529412,0.00141371,0.0982,0.0143962321792,0.33538187173,1.07331519817
YbYag5,Yb_Yag5_2026-09-28_14-57-53,Yb_Yag5_2026-09-28_13-03-16,17,13.8,0.000471951,0.09855,0.00478894977169,0.00140417,0.09825,0.0142918066158,0.335083583233,1.07236059208
YbYag5,Yb_Yag5_2026-09-28_14-57-53,Yb_Yag5_2026-09-28_13-03-16,17.1,13.8,0.000472249,0.0986,0.00478954361055,0.0013975,0.0982,0.0142311608961,0.336553261221,1.07706397009
YbYag5,Yb_Yag5_2026-09-28_14-57-53,Yb_Yag5_2026-09-28_13-03-16,17.2,13.8,0.0004676,0.09865,0.00473998986315,0.0014025,0.0982,0.0142820773931,0.331883782218,1.06212033955
YbYag5,Yb_Yag5_2026-09-28_14-57-53,Yb_Yag5_2026-09-28_13-03-16,17.3,13.8,0.000459792,0.09865,0.00466084135834,0.00140012,0.09835,0.014236095577,0.327396042906,1.04775832653
YbYag5,Yb_Yag5_2026-09-28_14-57-53,Yb_Yag5_2026-09-28_13-03-16,17.4,13.8,0.00046766,0.0987,0.00473819655522,0.00138665,0.0983,0.0141063072228,0.335892057388,1.07494793407
YbYag5,Yb_Yag5_2026-09-28_14-57-53,Yb_Yag5_2026-09-28_13-03-16,17.5,13.8,0.000463368,0.09865,0.00469709072478,0.00139142,0.0983,0.0141548321465,0.3318365542,1.06196919677
YbYag5,Yb_Yag5_2026-09-28_14-57-53,Yb_Yag5_2026-09-28_13-03-16,17.6,13.8,0.000467302,0.09885,0.00472738492666,0.00138284,0.0983,0.0140675483215,0.336048955982,1.07545005317
YbYag5,Yb_Yag5_2026-09-28_14-57-53,Yb_Yag5_2026-09-28_13-03-16,17.7,13.8,0.000462951,0.0986,0.00469524340771,0.00137616,0.0982,0.0140138492872,0.335043092835,1.07223101155
YbYag5,Yb_Yag5_2026-09-28_14-57-53,Yb_Yag5_2026-09-28_13-03-16,17.8,13.8,0.000457766,0.09865,0.00464030410542,0.00137938,0.0983,0.0140323499491,0.330686173182,1.0582876578
YbYag5,Yb_Yag5_2026-09-28_14-57-53,Yb_Yag5_2026-09-28_13-03-16,17.9,13.8,0.000459673,0.0987,0.0046572745694,0.00137699,0.09835,0.0140009150991,0.332640726441,1.06454277143
YbYag5,Yb_Yag5_2026-09-28_14-57-53,Yb_Yag5_2026-09-28_13-03-16,18,13.8,0.000459732,0.09865,0.00466023314749,0.00137103,0.09825,0.0139545038168,0.333959072187,1.06876184421
YbYag5,Yb_Yag5_2026-09-28_14-57-53,Yb_Yag5_2026-09-28_13-03-16,18.1,13.8,0.000457527,0.0986,0.00464023326572,0.00137831,0.09835,0.0140143365531,0.331106167469,1.05963175624
YbYag5,Yb_Yag5_2026-09-28_14-57-53,Yb_Yag5_2026-09-28_13-03-16,18.2,13.8,0.000471296,0.09875,0.00477261772152,0.00137687,0.09825,0.0140139440204,0.340562065509,1.08989325793
YbYag5,Yb_Yag5_2026-09-28_14-57-53,Yb_Yag5_2026-09-28_13-03-16,18.3,13.8,0.000464501,0.09865,0.00470857577293,0.00138713,0.09825,0.0141183715013,0.333507003446,1.0673150986
YbYag5,Yb_Yag5_2026-09-28_14-57-53,Yb_Yag5_2026-09-28_13-03-16,18.4,13.8,0.00047064,0.09865,0.00477080587937,0.00137831,0.0981,0.0140500509684,0.339557905526,1.08667966691
YbYag5,Yb_Yag5_2026-09-28_14-57-53,Yb_Yag5_2026-09-28_13-03-16,18.5,13.8,0.000471594,0.09875,0.00477563544304,0.00138021,0.0983,0.0140407934893,0.340125751916,1.08849693317
YbYag5,Yb_Yag5_2026-09-28_14-57-53,Yb_Yag5_2026-09-28_13-03-16,18.6,13.8,0.000467421,0.0987,0.00473577507599,0.0013876,0.0983,0.0141159715158,0.33549055201,1.07366300527
YbYag5,Yb_Yag5_2026-09-28_14-57-53,Yb_Yag5_2026-09-28_13-03-16,18.7,13.8,0.000463249,0.0987,0.00469350557244,0.00139166,0.0983,0.0141572736521,0.331526089541,1.06097562357
YbYag5,Yb_Yag5_2026-09-28_14-57-53,Yb_Yag5_2026-09-28_13-03-16,18.8,13.8,0.000463488,0.09875,0.00469354936709,0.00138748,0.0983,0.014114750763,0.332527966374,1.06418190788
YbYag5,Yb_Yag5_2026-09-28_14-57-53,Yb_Yag5_2026-09-28_13-03-16,18.9,13.8,0.000468435,0.0987,0.00474604863222,0.00139416,0.0984,0.0141682926829,0.334976749736,1.0720186952
YbYag5,Yb_Yag5_2026-09-28_14-57-53,Yb_Yag5_2026-09-28_13-03-16,19,13.8,0.000468256,0.09865,0.00474663963507,0.00139011,0.0983,0.0141415055951,0.335653060641,1.07418307805
YbYag5,Yb_Yag5_2026-09-28_14-57-53,Yb_Yag5_2026-09-28_13-03-16,19.1,13.8,0.000467362,0.09865,0.00473757729346,0.00139261,0.09835,0.014159735638,0.33458091412,1.07075191122
YbYag5,Yb_Yag5_2026-09-28_14-57-53,Yb_Yag5_2026-09-28_13-03-16,19.2,13.8,0.000468018,0.09875,0.00473942278481,0.00139237,0.0985,0.0141357360406,0.335279519312,1.07298764198
YbYag5,Yb_Yag5_2026-09-28_14-57-53,Yb_Yag5_2026-09-28_13-03-16,19.3,13.8,0.00046766,0.0987,0.00473819655522,0.00138558,0.0984,0.014081097561,0.336493411447,1.07687243418
YbYag5,Yb_Yag5_2026-09-28_14-57-53,Yb_Yag5_2026-09-28_13-03-16,19.4,13.8,0.000470819,0.09875,0.00476778734177,0.0013814,0.09825,0.0140600508906,0.339101712993,1.08521972402
YbYag5,Yb_Yag5_2026-09-28_14-57-53,Yb_Yag5_2026-09-28_13-03-16,19.5,13.8,0.000468256,0.0988,0.00473943319838,0.00138617,0.09825,0.0141086005089,0.335925111452,1.07505371625
YbYag5,Yb_Yag5_2026-09-28_14-57-53,Yb_Yag5_2026-09-28_13-03-16,19.6,13.8,0.000471892,0.09875,0.00477865316456,0.0013907,0.0984,0.0141331300813,0.338117114685,1.0820687358
YbYag5,Yb_Yag5_2026-09-28_14-57-53,Yb_Yag5_2026-09-28_13-03-16,19.7,13.8,0.0004707,0.09875,0.00476658227848,0.00139797,0.09835,0.0142142348754,0.335338646101,1.07317686414
YbYag5,Yb_Yag5_2026-09-28_14-57-53,Yb_Yag5_2026-09-28_13-03-16,19.8,13.8,0.000459732,0.0987,0.00465787234043,0.00139309,0.0983,0.0141718209563,0.328671407492,1.05183984765
YbYag5,Yb_Yag5_2026-09-28_14-57-53,Yb_Yag5_2026-09-28_13-03-16,19.9,13.8,0.000455024,0.09865,0.00461250886974,0.00137378,0.09835,0.0139682765633,0.330213169022,1.05677391303
YbYag5,Yb_Yag5_2026-09-28_14-57-53,Yb_Yag5_2026-09-28_13-03-16,20,13.8,0.000435533,0.0987,0.00441269503546,0.00134481,0.0984,0.0136667682927,0.322877723611,1.03329844906
YbYag5,Yb_Yag5_2026-09-28_14-57-53,Yb_Yag5_2026-09-28_13-03-16,20.1,13.8,0.000408711,0.09855,0.00414724505327,0.00129271,0.0984,0.013137296748,0.315684811938,1.01027913267
YbYag5,Yb_Yag5_2026-09-28_14-57-53,Yb_Yag5_2026-09-28_13-03-16,20.2,13.8,0.000368895,0.0986,0.00374132860041,0.00121475,0.09835,0.0123512963904,0.30290979037,0.969395513242
YbYag5,Yb_Yag5_2026-09-28_14-57-53,Yb_Yag5_2026-09-28_13-03-16,20.3,13.8,0.000287535,0.0987,0.0029132218845,0.00109876,0.09835,0.0111719369598,0.260762470732,0.834512376906
YbYag5,Yb_Yag5_2026-09-28_14-57-53,Yb_Yag5_2026-09-28_13-03-16,14.2,13.9,0.000395956,0.09845,0.00402189944134,0.000908259,0.09825,0.00924436641221,0.435064910022,1.39232862441
YbYag5,Yb_Yag5_2026-09-28_14-57-53,Yb_Yag5_2026-09-28_13-03-16,14.3,13.9,0.000441195,0.09845,0.00448141188421,0.00121213,0.0983,0.0123309257375,0.363428665423,1.16307273269
YbYag5,Yb_Yag5_2026-09-28_14-57-53,Yb_Yag5_2026-09-28_13-03-16,14.4,13.9,0.000450315,0.09835,0.00457869852567,0.00134695,0.0983,0.0137024415056,0.334152021288,1.06937933496
YbYag5,Yb_Yag5_2026-09-28_14-57-53,Yb_Yag5_2026-09-28_13-03-16,14.5,13.9,0.0004586,0.0985,0.00465583756345,0.00138534,0.09835,0.0140858159634,0.330533749379,1.05779985927
YbYag5,Yb_Yag5_2026-09-28_14-57-53,Yb_Yag5_2026-09-28_13-03-16,14.6,13.9,0.000462176,0.0983,0.00470168870804,0.00139917,0.09835,0.0142264361973,0.330489564838,1.05765845645
YbYag5,Yb_Yag5_2026-09-28_14-57-53,Yb_Yag5_2026-09-28_13-03-16,14.7,13.9,0.00046468,0.09845,0.00471995937024,0.00140453,0.09815,0.0143100356597,0.329835612048,1.05556562578
YbYag5,Yb_Yag5_2026-09-28_14-57-53,Yb_Yag5_2026-09-28_13-03-16,14.8,13.9,0.000467302,0.09835,0.00475141840366,0.00140954,0.0982,0.0143537678208,0.33102238123,1.05936361699
YbYag5,Yb_Yag5_2026-09-28_14-57-53,Yb_Yag5_2026-09-28_13-03-16,14.9,13.9,0.000467004,0.0983,0.00475080366226,0.00141013,0.09825,0.0143524681934,0.331009523814,1.05932246969
YbYag5,Yb_Yag5_2026-09-28_14-57-53,Yb_Yag5_2026-09-28_13-03-16,15,13.9,0.000468614,0.09855,0.00475508878742,0.00140692,0.0983,0.0143125127162,0.332232982545,1.06323787764
YbYag5,Yb_Yag5_2026-09-28_14-57-53,Yb_Yag5_2026-09-28_13-03-16,15.1,13.9,0.000462832,0.09855,0.0046964180619,0.00140811,0.09825,0.0143319083969,0.327689651081,1.04869795428
YbYag5,Yb_Yag5_2026-09-28_14-57-53,Yb_Yag5_2026-09-28_13-03-16,15.2,13.9,0.000462653,0.09845,0.0046993702387,0.00141109,0.09845,0.0143330624683,0.327869235838,1.04927267542
YbYag5,Yb_Yag5_2026-09-28_14-57-53,Yb_Yag5_2026-09-28_13-03-16,15.3,13.9,0.000462594,0.0984,0.00470115853659,0.00140692,0.09825,0.0143197964377,0.32829786073,1.0506443942
YbYag5,Yb_Yag5_2026-09-28_14-57-53,Yb_Yag5_2026-09-28_13-03-16,15.4,13.9,0.000469031,0.09845,0.00476415439309,0.0014025,0.0982,0.0142820773931,0.333575730054,1.06753504285
YbYag5,Yb_Yag5_2026-09-28_14-57-53,Yb_Yag5_2026-09-28_13-03-16,15.5,13.9,0.000468137,0.0985,0.00475265989848,0.00140548,0.0982,0.0143124236253,0.332065345668,1.06270139305
YbYag5,Yb_Yag5_2026-09-28_14-57-53,Yb_Yag5_2026-09-28_13-03-16,15.6,13.9,0.000463428,0.09845,0.00470724225495,0.00140644,0.09815,0.0143294956699,0.328500204291,1.05129194983
YbYag5,Yb_Yag5_2026-09-28_14-57-53,Yb_Yag5_2026-09-28_13-03-16,15.7,13.9,0.000468971,0.0984,0.00476596544715,0.00139917,0.09825,0.0142409160305,0.334667056315,1.07102759018
YbYag5,Yb_Yag5_2026-09-28_14-57-53,Yb_Yag5_2026-09-28_13-03-16,15.8,13.9,0.000471117,0.09845,0.00478534281361,0.0014062,0.0983,0.0143051881994,0.334517990739,1.07055053891
YbYag5,Yb_Yag5_2026-09-28_14-57-53,Yb_Yag5_2026-09-28_13-03-16,15.9,13.9,0.000466766,0.0986,0.00473393509128,0.00139952,0.09825,0.0142444783715,0.332334745283,1.06356354669
YbYag5,Yb_Yag5_2026-09-28_14-57-53,Yb_Yag5_2026-09-28_13-03-16,16,13.9,0.000463428,0.09855,0.00470246575342,0.00140882,0.0984,0.0143172764228,0.328446948606,1.05112151683
YbYag5,Yb_Yag5_2026-09-28_14-57-53,Yb_Yag5_2026-09-28_13-03-16,16.1,13.9,0.000459256,0.0984,0.00466723577236,0.00140858,0.09835,0.0143221148958,0.325876157699,1.04289427146
YbYag5,Yb_Yag5_2026-09-28_14-57-53,Yb_Yag5_2026-09-28_13-03-16,16.2,13.9,0.000462415,0.0985,0.00469456852792,0.00139523,0.0984,0.0141791666667,0.331089170349,1.05957736073
YbYag5,Yb_Yag5_2026-09-28_14-57-53,Yb_Yag5_2026-09-28_13-03-16,16.3,13.9,0.000458302,0.0985,0.00465281218274,0.00138057,0.09835,0.0140373157092,0.331460250601,1.06076492067
YbYag5,Yb_Yag5_2026-09-28_14-57-53,Yb_Yag5_2026-09-28_13-03-16,16.4,13.9,0.000458421,0.09855,0.00465165905632,0.00138105,0.09845,0.0140279329609,0.331599749534,1.06121135602
YbYag5,Yb_Yag5_2026-09-28_14-57-53,Yb_Yag5_2026-09-28_13-03-16,16.5,13.9,0.000462176,0.09855,0.00468976154236,0.00139464,0.09845,0.0141659725749,0.331058211327,1.05947828326
YbYag5,Yb_Yag5_2026-09-28_14-57-53,Yb_Yag5_2026-09-28_13-03-16,16.6,13.9,0.000472309,0.0987,0.00478529888551,0.00141621,0.09845,0.0143850685627,0.332657356804,1.06459599321
YbYag5,Yb_Yag5_2026-09-28_14-57-53,Yb_Yag5_2026-09-28_13-03-16,16.7,13.9,0.00046772,0.0987,0.00473880445795,0.001418,0.0985,0.0143959390863,0.329176473278,1.05345619853
YbYag5,Yb_Yag5_2026-09-28_14-57-53,Yb_Yag5_2026-09-28_13-03-16,16.8,13.9,0.000465514,0.0986,0.00472123732252,0.00141192,0.0986,0.0143196754564,0.329702816024,1.0551406416
YbYag5,Yb_Yag5_2026-09-28_14-57-53,Yb_Yag5_2026-09-28_13-03-16,16.9,13.9,0.000464084,0.09865,0.00470434870755,0.00138593,0.09825,0.0141061577608,0.33349610768,1.06728022912
YbYag5,Yb_Yag5_2026-09-28_14-57-53,Yb_Yag5_2026-09-28_13-03-16,17,13.9,0.000461759,0.09875,0.00467604050633,0.00137401,0.0984,0.0139635162602,0.334875572828,1.07169490097
YbYag5,Yb_Yag5_2026-09-28_14-57-53,Yb_Yag5_2026-09-28_13-03-16,17.1,13.9,0.000461997,0.09875,0.00467845063291,0.00137616,0.09845,0.0139782630777,0.334694704693,1.07111607267
YbYag5,Yb_Yag5_2026-09-28_14-57-53,Yb_Yag5_2026-09-28_13-03-16,17.2,13.9,0.000468018,0.0987,0.00474182370821,0.00138045,0.0984,0.0140289634146,0.338002428838,1.08170170921
YbYag5,Yb_Yag5_2026-09-28_14-57-53,Yb_Yag5_2026-09-28_13-03-16,17.3,13.9,0.000464024,0.09875,0.00469897721519,0.00138522,0.09835,0.0140845958312,0.3336252791,1.06769361356
YbYag5,Yb_Yag5_2026-09-28_14-57-53,Yb_Yag5_2026-09-28_13-03-16,17.4,13.9,0.000462713,0.09865,0.00469045108971,0.00138868,0.0985,0.0140982741117,0.332696828885,1.06472231484
YbYag5,Yb_Yag5_2026-09-28_14-57-53,Yb_Yag5_2026-09-28_13-03-16,17.5,13.9,0.000466527,0.09875,0.00472432405063,0.00138403,0.0984,0.0140653455285,0.335883966807,1.07492204196
YbYag5,Yb_Yag5_2026-09-28_14-57-53,Yb_Yag5_2026-09-28_13-03-16,17.6,13.9,0.00046456,0.09875,0.00470440506329,0.00138522,0.09835,0.0140845958312,0.334010653885,1.06892691998
YbYag5,Yb_Yag5_2026-09-28_14-57-53,Yb_Yag5_2026-09-28_13-03-16,17.7,13.9,0.000465037,0.09865,0.00471400912316,0.00138856,0.09855,0.0140899036022,0.334566456681,1.07070564339
YbYag5,Yb_Yag5_2026-09-28_14-57-53,Yb_Yag5_2026-09-28_13-03-16,17.8,13.9,0.000467958,0.09875,0.00473881518987,0.0013876,0.0985,0.0140873096447,0.336388942203,1.07653810357
YbYag5,Yb_Yag5_2026-09-28_14-57-53,Yb_Yag5_2026-09-28_13-03-16,17.9,13.9,0.000466706,0.0986,0.00473332657201,0.0013789,0.09835,0.0140203355363,0.337604371861,1.08042781626
YbYag5,Yb_Yag5_2026-09-28_14-57-53,Yb_Yag5_2026-09-28_13-03-16,18,13.9,0.00046772,0.0988,0.00473400809717,0.00138081,0.09845,0.0140254951752,0.337528767294,1.08018586063
YbYag5,Yb_Yag5_2026-09-28_14-57-53,Yb_Yag5_2026-09-28_13-03-16,18.1,13.9,0.000462594,0.09865,0.00468924480487,0.00138844,0.0985,0.0140958375635,0.332668760104,1.06463248694
YbYag5,Yb_Yag5_2026-09-28_14-57-53,Yb_Yag5_2026-09-28_13-03-16,18.2,13.9,0.00047219,0.09875,0.00478167088608,0.00138248,0.0983,0.0140638860631,0.339996418104,1.08808302903
YbYag5,Yb_Yag5_2026-09-28_14-57-53,Yb_Yag5_2026-09-28_13-03-16,18.3,13.9,0.00047219,0.09865,0.0047865179929,0.00138891,0.0985,0.0141006091371,0.339454696344,1.08634936884
YbYag5,Yb_Yag5_2026-09-28_14-57-53,Yb_Yag5_2026-09-28_13-03-16,18.4,13.9,0.000471713,0.09855,0.00478653475393,0.00138331,0.0984,0.0140580284553,0.340484070661,1.08964365274
YbYag5,Yb_Yag5_2026-09-28_14-57-53,Yb_Yag5_2026-09-28_13-03-16,18.5,13.9,0.000468494,0.0987,0.00474664640324,0.0013907,0.0984,0.0141331300813,0.335852452778,1.07482118831
YbYag5,Yb_Yag5_2026-09-28_14-57-53,Yb_Yag5_2026-09-28_13-03-16,18.6,13.9,0.000462594,0.09865,0.00468924480487,0.00138748,0.09845,0.0140932453022,0.332729950009,1.06482831165
YbYag5,Yb_Yag5_2026-09-28_14-57-53,Yb_Yag5_2026-09-28_13-03-16,18.7,13.9,0.000471653,0.09855,0.00478592592593,0.00139356,0.0985,0.0141478172589,0.338280162823,1.08259053515
YbYag5,Yb_Yag5_2026-09-28_14-57-53,Yb_Yag5_2026-09-28_13-03-16,18.8,13.9,0.00047666,0.09875,0.00482693670886,0.00139046,0.09845,0.0141235144744,0.341765975998,1.09374610608
YbYag5,Yb_Yag5_2026-09-28_14-57-53,Yb_Yag5_2026-09-28_13-03-16,18.9,13.9,0.000475766,0.09865,0.00482276735935,0.00138617,0.09855,0.0140656519533,0.342875493817,1.09729687146
YbYag5,Yb_Yag5_2026-09-28_14-57-53,Yb_Yag5_2026-09-28_13-03-16,19,13.9,0.000471892,0.09875,0.00477865316456,0.0013938,0.0984,0.0141646341463,0.337365096423,1.07966206836
YbYag5,Yb_Yag5_2026-09-28_14-57-53,Yb_Yag5_2026-09-28_13-03-16,19.1,13.9,0.000471951,0.09865,0.00478409528637,0.00138582,0.0984,0.0140835365854,0.339694171088,1.08711575458
YbYag5,Yb_Yag5_2026-09-28_14-57-53,Yb_Yag5_2026-09-28_13-03-16,19.2,13.9,0.000472011,0.09865,0.00478470349721,0.00139631,0.0985,0.0141757360406,0.337527694048,1.08018242595
YbYag5,Yb_Yag5_2026-09-28_14-57-53,Yb_Yag5_2026-09-28_13-03-16,19.3,13.9,0.000475528,0.0986,0.00482279918864,0.00139535,0.0985,0.0141659898477,0.340449149017,1.08953189378
YbYag5,Yb_Yag5_2026-09-28_14-57-53,Yb_Yag5_2026-09-28_13-03-16,19.4,13.9,0.000476243,0.0987,0.00482515704154,0.00138975,0.09845,0.0141163026917,0.341814506739,1.09390141794
YbYag5,Yb_Yag5_2026-09-28_14-57-53,Yb_Yag5_2026-09-28_13-03-16,19.5,13.9,0.000467898,0.09875,0.00473820759494,0.00139237,0.0984,0.014150101626,0.334853255487,1.07162347928
YbYag5,Yb_Yag5_2026-09-28_14-57-53,Yb_Yag5_2026-09-28_13-03-16,19.6,13.9,0.000474514,0.0987,0.00480763931104,0.00139511,0.0985,0.0141635532995,0.339437372062,1.08629392633
YbYag5,Yb_Yag5_2026-09-28_14-57-53,Yb_Yag5_2026-09-28_13-03-16,19.7,13.9,0.000471653,0.09875,0.00477623291139,0.00139428,0.0985,0.0141551269036,0.337420705863,1.07984003402
YbYag5,Yb_Yag5_2026-09-28_14-57-53,Yb_Yag5_2026-09-28_13-03-16,19.8,13.9,0.000470759,0.0986,0.00477443204868,0.00139237,0.09855,0.0141285641806,0.337927618663,1.08146229586
YbYag5,Yb_Yag5_2026-09-28_14-57-53,Yb_Yag5_2026-09-28_13-03-16,19.9,13.9,0.000465574,0.09855,0.00472424150178,0.00138725,0.0985,0.0140837563452,0.335439025356,1.07349810565
YbYag5,Yb_Yag5_2026-09-28_14-57-53,Yb_Yag5_2026-09-28_13-03-16,20,13.9,0.000454964,0.09865,0.0046119006589,0.00136495,0.0985,0.0138573604061,0.332812348365,1.06509200929
YbYag5,Yb_Yag5_2026-09-28_14-57-53,Yb_Yag5_2026-09-28_13-03-16,20.1,13.9,0.000438573,0.09875,0.00444124556962,0.0013311,0.09845,0.0135205688167,0.328480674876,1.05122945027
YbYag5,Yb_Yag5_2026-09-28_14-57-53,Yb_Yag5_2026-09-28_13-03-16,20.2,13.9,0.000406327,0.0986,0.00412096348884,0.00127495,0.09845,0.0129502285424,0.318215502942,1.01837804721
YbYag5,Yb_Yag5_2026-09-28_14-57-53,Yb_Yag5_2026-09-28_13-03-16,20.3,13.9,0.000361266,0.0986,0.00366395537525,0.00119508,0.09845,0.0121389537836,0.30183452714,0.965954372073
YbYag5,Yb_Yag5_2026-09-28_14-57-53,Yb_Yag5_2026-09-28_13-03-16,14.2,14,0.000438096,0.0984,0.00445219512195,0.00117172,0.09835,0.0119137773259,0.373701387911,1.19594829963
YbYag5,Yb_Yag5_2026-09-28_14-57-53,Yb_Yag5_2026-09-28_13-03-16,14.3,14,0.000455024,0.0984,0.00462422764228,0.00134111,0.0982,0.0136569246436,0.338599484361,1.08361245282
YbYag5,Yb_Yag5_2026-09-28_14-57-53,Yb_Yag5_2026-09-28_13-03-16,14.4,14,0.00046307,0.09845,0.00470360589132,0.00139309,0.0983,0.0141718209563,0.331898484029,1.06216738943
YbYag5,Yb_Yag5_2026-09-28_14-57-53,Yb_Yag5_2026-09-28_13-03-16,14.5,14,0.000463547,0.0983,0.00471563580875,0.0013938,0.0983,0.0141790437436,0.332577844742,1.06434153252
YbYag5,Yb_Yag5_2026-09-28_14-57-53,Yb_Yag5_2026-09-28_13-03-16,14.6,14,0.000472607,0.0983,0.00480780264496,0.00140906,0.09845,0.0143124428644,0.335917682992,1.07502994312
YbYag5,Yb_Yag5_2026-09-28_14-57-53,Yb_Yag5_2026-09-28_13-03-16,14.7,14,0.00046307,0.09835,0.00470838840874,0.00141097,0.0983,0.0143537131231,0.32802581244,1.04977376406
YbYag5,Yb_Yag5_2026-09-28_14-57-53,Yb_Yag5_2026-09-28_13-03-16,14.8,14,0.0004676,0.0984,0.00475203252033,0.00141848,0.09845,0.0144081259523,0.329816142367,1.05550331739
YbYag5,Yb_Yag5_2026-09-28_14-57-53,Yb_Yag5_2026-09-28_13-03-16,14.9,14,0.000472667,0.09845,0.00480108684611,0.00141121,0.0983,0.0143561546287,0.334427078161,1.0702595934
YbYag5,Yb_Yag5_2026-09-28_14-57-53,Yb_Yag5_2026-09-28_13-03-16,15,14,0.000467779,0.09835,0.00475626842908,0.00141145,0.09825,0.0143659033079,0.331080359316,1.05954916298
YbYag5,Yb_Yag5_2026-09-28_14-57-53,Yb_Yag5_2026-09-28_13-03-16,15.1,14,0.000467004,0.0984,0.00474597560976,0.0014118,0.09835,0.0143548551093,0.33061814791,1.05806995802
YbYag5,Yb_Yag5_2026-09-28_14-57-53,Yb_Yag5_2026-09-28_13-03-16,15.2,14,0.000468256,0.0985,0.0047538680203,0.00140835,0.09835,0.0143197763091,0.331979209569,1.06242573359
YbYag5,Yb_Yag5_2026-09-28_14-57-53,Yb_Yag5_2026-09-28_13-03-16,15.3,14,0.000472428,0.09845,0.00479865921788,0.00142074,0.0983,0.0144531027467,0.332015851681,1.06254299854
YbYag5,Yb_Yag5_2026-09-28_14-57-53,Yb_Yag5_2026-09-28_13-03-16,15.4,14,0.000467123,0.0985,0.00474236548223,0.00140858,0.09825,0.014336692112,0.330785194045,1.05860455208
YbYag5,Yb_Yag5_2026-09-28_14-57-53,Yb_Yag5_2026-09-28_13-03-16,15.5,14,0.00047213,0.09845,0.00479563230066,0.00140608,0.0982,0.0143185336049,0.334924820725,1.07185250793
YbYag5,Yb_Yag5_2026-09-28_14-57-53,Yb_Yag5_2026-09-28_13-03-16,15.6,14,0.000468554,0.0985,0.00475689340102,0.00140918,0.09815,0.0143574121243,0.331319694652,1.06031510257
YbYag5,Yb_Yag5_2026-09-28_14-57-53,Yb_Yag5_2026-09-28_13-03-16,15.7,14,0.000467481,0.09845,0.00474841036059,0.00142515,0.0984,0.0144832317073,0.327855720087,1.04922942126
YbYag5,Yb_Yag5_2026-09-28_14-57-53,Yb_Yag5_2026-09-28_13-03-16,15.8,14,0.000472011,0.0985,0.00479198984772,0.00142134,0.0983,0.0144592065107,0.331414441323,1.06061831825
YbYag5,Yb_Yag5_2026-09-28_14-57-53,Yb_Yag5_2026-09-28_13-03-16,15.9,14,0.000468614,0.0985,0.00475750253807,0.00141562,0.0983,0.014401017294,0.330358782365,1.0572399162
YbYag5,Yb_Yag5_2026-09-28_14-57-53,Yb_Yag5_2026-09-28_13-03-16,16,14,0.000475885,0.0986,0.0048264198783,0.00142384,0.0983,0.0144846388606,0.333209541829,1.06636313876
YbYag5,Yb_Yag5_2026-09-28_14-57-53,Yb_Yag5_2026-09-28_13-03-16,16.1,14,0.00047368,0.0986,0.00480405679513,0.00142301,0.09835,0.0144688357905,0.332027874577,1.06258147514
YbYag5,Yb_Yag5_2026-09-28_14-57-53,Yb_Yag5_2026-09-28_13-03-16,16.2,14,0.000464262,0.0985,0.00471331979695,0.00141538,0.09835,0.0143912557194,0.327512754193,1.04813183508
YbYag5,Yb_Yag5_2026-09-28_14-57-53,Yb_Yag5_2026-09-28_13-03-16,16.3,14,0.000463964,0.0986,0.00470551724138,0.0014186,0.09835,0.0144239959329,0.326228408776,1.0440215728
YbYag5,Yb_Yag5_2026-09-28_14-57-53,Yb_Yag5_2026-09-28_13-03-16,16.4,14,0.000467541,0.09855,0.00474420091324,0.0014236,0.0984,0.0144674796748,0.327921726512,1.04944066016
YbYag5,Yb_Yag5_2026-09-28_14-57-53,Yb_Yag5_2026-09-28_13-03-16,16.5,14,0.00047213,0.09855,0.00479076610857,0.00142587,0.09835,0.0144979156075,0.330445164551,1.0575163632
YbYag5,Yb_Yag5_2026-09-28_14-57-53,Yb_Yag5_2026-09-28_13-03-16,16.6,14,0.000476601,0.09855,0.00483613394216,0.00143064,0.0986,0.0145095334686,0.333307335665,1.06667610621
YbYag5,Yb_Yag5_2026-09-28_14-57-53,Yb_Yag5_2026-09-28_13-03-16,16.7,14,0.00047523,0.0986,0.00481977687627,0.00142396,0.0985,0.0144564467005,0.333399830271,1.06697211466
YbYag5,Yb_Yag5_2026-09-28_14-57-53,Yb_Yag5_2026-09-28_13-03-16,16.8,14,0.000471951,0.0987,0.00478167173252,0.0014217,0.09845,0.0144408329101,0.331121602354,1.05968115216
YbYag5,Yb_Yag5_2026-09-28_14-57-53,Yb_Yag5_2026-09-28_13-03-16,16.9,14,0.000472786,0.0987,0.00479013171226,0.00141013,0.0984,0.0143305894309,0.334259224672,1.06972241558
YbYag5,Yb_Yag5_2026-09-28_14-57-53,Yb_Yag5_2026-09-28_13-03-16,17,14,0.000457169,0.09865,0.0046342524075,0.00140215,0.0985,0.0142350253807,0.325552802581,1.04185944522
YbYag5,Yb_Yag5_2026-09-28_14-57-53,Yb_Yag5_2026-09-28_13-03-16,17.1,14,0.00046766,0.0987,0.00473819655522,0.00139702,0.0984,0.0141973577236,0.333737914298,1.0680540775
YbYag5,Yb_Yag5_2026-09-28_14-57-53,Yb_Yag5_2026-09-28_13-03-16,17.2,14,0.000472249,0.0987,0.00478469098278,0.0014025,0.09845,0.0142458100559,0.335866543496,1.07486628252
YbYag5,Yb_Yag5_2026-09-28_14-57-53,Yb_Yag5_2026-09-28_13-03-16,17.3,14,0.000468137,0.0986,0.00474783975659,0.00139726,0.0984,0.014199796748,0.334359698301,1.07004395911
YbYag5,Yb_Yag5_2026-09-28_14-57-53,Yb_Yag5_2026-09-28_13-03-16,17.4,14,0.000470998,0.0987,0.00477201621074,0.00139535,0.09845,0.0141731843575,0.336693299852,1.07751213263
YbYag5,Yb_Yag5_2026-09-28_14-57-53,Yb_Yag5_2026-09-28_13-03-16,17.5,14,0.00047213,0.09865,0.00478590978206,0.00139762,0.09855,0.0141818366312,0.337467558435,1.07998997528
YbYag5,Yb_Yag5_2026-09-28_14-57-53,Yb_Yag5_2026-09-28_13-03-16,17.6,14,0.00047219,0.09875,0.00478167088608,0.0013944,0.0985,0.0141563451777,0.337775804846,1.08097644946
YbYag5,Yb_Yag5_2026-09-28_14-57-53,Yb_Yag5_2026-09-28_13-03-16,17.7,14,0.000465335,0.0988,0.00470986842105,0.0013969,0.09845,0.01418892839,0.331939685055,1.06229924416
YbYag5,Yb_Yag5_2026-09-28_14-57-53,Yb_Yag5_2026-09-28_13-03-16,17.8,14,0.000467898,0.0988,0.0047358097166,0.00138629,0.09845,0.0140811579482,0.336322462543,1.07632535018
YbYag5,Yb_Yag5_2026-09-28_14-57-53,Yb_Yag5_2026-09-28_13-03-16,17.9,14,0.000468316,0.09865,0.00474724784592,0.0013944,0.09865,0.014134820071,0.335854847962,1.07482885356
YbYag5,Yb_Yag5_2026-09-28_14-57-53,Yb_Yag5_2026-09-28_13-03-16,18,14,0.000471534,0.0988,0.00477261133603,0.00139368,0.0986,0.0141346855984,0.337652458048,1.08058170542
YbYag5,Yb_Yag5_2026-09-28_14-57-53,Yb_Yag5_2026-09-28_13-03-16,18.1,14,0.000467243,0.09875,0.00473157468354,0.00139166,0.09845,0.0141357034027,0.334725096357,1.07121333444
YbYag5,Yb_Yag5_2026-09-28_14-57-53,Yb_Yag5_2026-09-28_13-03-16,18.2,14,0.000468554,0.09875,0.00474485063291,0.0013944,0.0984,0.0141707317073,0.33483455413,1.07156362974
YbYag5,Yb_Yag5_2026-09-28_14-57-53,Yb_Yag5_2026-09-28_13-03-16,18.3,14,0.000467898,0.0987,0.00474060790274,0.00139893,0.09855,0.014195129376,0.333960175858,1.06876537626
YbYag5,Yb_Yag5_2026-09-28_14-57-53,Yb_Yag5_2026-09-28_13-03-16,18.4,14,0.000471296,0.0987,0.00477503546099,0.00140155,0.0985,0.0142289340102,0.335586310089,1.07396945774
YbYag5,Yb_Yag5_2026-09-28_14-57-53,Yb_Yag5_2026-09-28_13-03-16,18.5,14,0.000471951,0.09875,0.00477925063291,0.00140394,0.0986,0.0142387423935,0.335651176265,1.07417704752
YbYag5,Yb_Yag5_2026-09-28_14-57-53,Yb_Yag5_2026-09-28_13-03-16,18.6,14,0.000479819,0.09865,0.00486385200203,0.00140394,0.0986,0.0142387423935,0.341592808382,1.09319192159
YbYag5,Yb_Yag5_2026-09-28_14-57-53,Yb_Yag5_2026-09-28_13-03-16,18.7,14,0.000475945,0.0986,0.00482702839757,0.00139869,0.0984,0.0142143292683,0.339588896983,1.08677884818
YbYag5,Yb_Yag5_2026-09-28_14-57-53,Yb_Yag5_2026-09-28_13-03-16,18.8,14,0.000471832,0.09875,0.00477804556962,0.00139988,0.0985,0.0142119796954,0.336198451731,1.07592848111
YbYag5,Yb_Yag5_2026-09-28_14-57-53,Yb_Yag5_2026-09-28_13-03-16,18.9,14,0.000473501,0.09865,0.0047998073999,0.00139809,0.09845,0.014201015744,0.337990428743,1.08166330558
YbYag5,Yb_Yag5_2026-09-28_14-57-53,Yb_Yag5_2026-09-28_13-03-16,19,14,0.00047666,0.09875,0.00482693670886,0.00140322,0.09855,0.0142386605784,0.339002161213,1.08490113066
YbYag5,Yb_Yag5_2026-09-28_14-57-53,Yb_Yag5_2026-09-28_13-03-16,19.1,14,0.000467958,0.0986,0.00474602434077,0.00139702,0.0984,0.0141973577236,0.334289269396,1.06981856704
YbYag5,Yb_Yag5_2026-09-28_14-57-53,Yb_Yag5_2026-09-28_13-03-16,19.2,14,0.000477018,0.09875,0.00483056202532,0.00140167,0.0986,0.0142157200811,0.339804244721,1.0874680208
YbYag5,Yb_Yag5_2026-09-28_14-57-53,Yb_Yag5_2026-09-28_13-03-16,19.3,14,0.000471296,0.09865,0.00477745565129,0.00139511,0.09845,0.0141707465719,0.337135070975,1.078925923
YbYag5,Yb_Yag5_2026-09-28_14-57-53,Yb_Yag5_2026-09-28_13-03-16,19.4,14,0.000476362,0.0986,0.00483125760649,0.00139917,0.0985,0.0142047715736,0.340115121279,1.08846291218
YbYag5,Yb_Yag5_2026-09-28_14-57-53,Yb_Yag5_2026-09-28_13-03-16,19.5,14,0.000472607,0.0987,0.00478831813576,0.00140525,0.0986,0.0142520283976,0.335974501466,1.07521177803
YbYag5,Yb_Yag5_2026-09-28_14-57-53,Yb_Yag5_2026-09-28_13-03-16,19.6,14,0.000474991,0.0987,0.00481247213779,0.00140215,0.09855,0.0142278031456,0.338244217223,1.08247549924
YbYag5,Yb_Yag5_2026-09-28_14-57-53,Yb_Yag5_2026-09-28_13-03-16,19.7,14,0.000476124,0.0987,0.00482395136778,0.00140417,0.09835,0.0142772750381,0.337876195206,1.08129772651
YbYag5,Yb_Yag5_2026-09-28_14-57-53,Yb_Yag5_2026-09-28_13-03-16,19.8,14,0.000477018,0.0988,0.00482811740891,0.00140751,0.0985,0.0142894416244,0.337880061084,1.08131009839
YbYag5,Yb_Yag5_2026-09-28_14-57-53,Yb_Yag5_2026-09-28_13-03-16,19.9,14,0.000468077,0.0988,0.00473762145749,0.00139797,0.0984,0.0142070121951,0.333470640584,1.06719872734
YbYag5,Yb_Yag5_2026-09-28_14-57-53,Yb_Yag5_2026-09-28_13-03-16,20,14,0.000462236,0.0987,0.00468324214792,0.00139201,0.09845,0.0141392585069,0.331222612956,1.06000441416
YbYag5,Yb_Yag5_2026-09-28_14-57-53,Yb_Yag5_2026-09-28_13-03-16,20.1,14,0.000448884,0.0986,0.00455257606491,0.00136543,0.09845,0.013869273743,0.328249059703,1.05048821735
YbYag5,Yb_Yag5_2026-09-28_14-57-53,Yb_Yag5_2026-09-28_13-03-16,20.2,14,0.000432434,0.09865,0.00438351748606,0.00133098,0.09855,0.0135056316591,0.324569601534,1.03871292862
YbYag5,Yb_Yag5_2026-09-28_14-57-53,Yb_Yag5_2026-09-28_13-03-16,20.3,14,0.000403227,0.0987,0.00408537993921,0.00125707,0.0984,0.012775101626,0.319792363209,1.0234244383
YbYag5,Yb_Yag5_2026-09-28_14-57-53,Yb_Yag5_2026-09-28_13-03-16,20.4,14,0.000347557,0.09885,0.00351600404654,0.00117648,0.09845,0.0119500253936,0.294225654819,0.941603866005
YbYag5,Yb_Yag5_2026-09-28_14-57-53,Yb_Yag5_2026-09-28_13-03-16,14.1,14.1,0.000431361,0.0984,0.00438375,0.00108553,0.0983,0.0110430315361,0.396969798164,1.27041367914
YbYag5,Yb_Yag5_2026-09-28_14-57-53,Yb_Yag5_2026-09-28_13-03-16,14.2,14.1,0.000459315,0.09855,0.00466073059361,0.00131334,0.0982,0.0133741344196,0.348488391651,1.11525970445
YbYag5,Yb_Yag5_2026-09-28_14-57-53,Yb_Yag5_2026-09-28_13-03-16,14.3,14.1,0.000467839,0.09845,0.00475204672423,0.00138629,0.0984,0.0140883130081,0.337304169882,1.0794670865
YbYag5,Yb_Yag5_2026-09-28_14-57-53,Yb_Yag5_2026-09-28_13-03-16,14.4,14.1,0.00046307,0.09865,0.00469406994425,0.00140942,0.09835,0.014330655821,0.327554440137,1.04826524169
YbYag5,Yb_Yag5_2026-09-28_14-57-53,Yb_Yag5_2026-09-28_13-03-16,14.5,14.1,0.000463547,0.0984,0.00471084349593,0.00141753,0.09835,0.0144131164209,0.326844199295,1.0459922736
YbYag5,Yb_Yag5_2026-09-28_14-57-53,Yb_Yag5_2026-09-28_13-03-16,14.6,14.1,0.000464501,0.0984,0.00472053861789,0.00141216,0.09825,0.014373129771,0.328428024592,1.05106095473
YbYag5,Yb_Yag5_2026-09-28_14-57-53,Yb_Yag5_2026-09-28_13-03-16,14.7,14.1,0.000462415,0.0984,0.00469933943089,0.0014118,0.09835,0.0143548551093,0.327369339161,1.04767286712
YbYag5,Yb_Yag5_2026-09-28_14-57-53,Yb_Yag5_2026-09-28_13-03-16,14.8,14.1,0.000468614,0.09845,0.00475991874048,0.00140942,0.0982,0.0143525458248,0.331642817838,1.06134918656
YbYag5,Yb_Yag5_2026-09-28_14-57-53,Yb_Yag5_2026-09-28_13-03-16,14.9,14.1,0.000468614,0.09855,0.00475508878742,0.00140644,0.0982,0.0143221995927,0.33200827545,1.06251875249
YbYag5,Yb_Yag5_2026-09-28_14-57-53,Yb_Yag5_2026-09-28_13-03-16,15,14.1,0.000466766,0.0983,0.00474838250254,0.00141514,0.09835,0.014388815455,0.33000510135,1.05610803865
YbYag5,Yb_Yag5_2026-09-28_14-57-53,Yb_Yag5_2026-09-28_13-03-16,15.1,14.1,0.000468494,0.0984,0.00476111788618,0.00141574,0.0983,0.0144022380468,0.330581807543,1.05795365875
YbYag5,Yb_Yag5_2026-09-28_14-57-53,Yb_Yag5_2026-09-28_13-03-16,15.2,14.1,0.000468494,0.0984,0.00476111788618,0.00141228,0.0983,0.0143670396745,0.331391712841,1.06054558079
YbYag5,Yb_Yag5_2026-09-28_14-57-53,Yb_Yag5_2026-09-28_13-03-16,15.3,14.1,0.000467541,0.0983,0.00475626653103,0.00141609,0.0984,0.0143911585366,0.330499210257,1.05768932448
YbYag5,Yb_Yag5_2026-09-28_14-57-53,Yb_Yag5_2026-09-28_13-03-16,15.4,14.1,0.000468018,0.0985,0.00475145177665,0.0014217,0.0984,0.0144481707317,0.328861823748,1.05244923259
YbYag5,Yb_Yag5_2026-09-28_14-57-53,Yb_Yag5_2026-09-28_13-03-16,15.5,14.1,0.000472667,0.09835,0.00480596847992,0.0014124,0.09825,0.0143755725191,0.334314927182,1.06990067909
YbYag5,Yb_Yag5_2026-09-28_14-57-53,Yb_Yag5_2026-09-28_13-03-16,15.6,14.1,0.000469627,0.09845,0.00477020822753,0.00142206,0.0984,0.0144518292683,0.330076431085,1.05633631363
YbYag5,Yb_Yag5_2026-09-28_14-57-53,Yb_Yag5_2026-09-28_13-03-16,15.7,14.1,0.000472249,0.0984,0.00479927845528,0.00141729,0.09825,0.0144253435115,0.332697689414,1.06472506878
YbYag5,Yb_Yag5_2026-09-28_14-57-53,Yb_Yag5_2026-09-28_13-03-16,15.8,14.1,0.000473203,0.09845,0.00480653123413,0.00141228,0.0982,0.0143816700611,0.334212314266,1.06957228924
YbYag5,Yb_Yag5_2026-09-28_14-57-53,Yb_Yag5_2026-09-28_13-03-16,15.9,14.1,0.00046766,0.0984,0.00475264227642,0.00141609,0.0983,0.0144057985758,0.329911754035,1.0558093013
YbYag5,Yb_Yag5_2026-09-28_14-57-53,Yb_Yag5_2026-09-28_13-03-16,16,14.1,0.000476362,0.09845,0.00483861858812,0.00143278,0.0984,0.0145607723577,0.332305077592,1.06346860183
YbYag5,Yb_Yag5_2026-09-28_14-57-53,Yb_Yag5_2026-09-28_13-03-16,16.1,14.1,0.000476899,0.0985,0.0048416142132,0.00143207,0.0985,0.0145387817259,0.333013749328,1.06573654834
YbYag5,Yb_Yag5_2026-09-28_14-57-53,Yb_Yag5_2026-09-28_13-03-16,16.2,14.1,0.00047517,0.0985,0.00482406091371,0.00142766,0.0985,0.0144940101523,0.332831346399,1.06515280827
YbYag5,Yb_Yag5_2026-09-28_14-57-53,Yb_Yag5_2026-09-28_13-03-16,16.3,14.1,0.000476541,0.0986,0.00483307302231,0.00143481,0.09855,0.0145592085236,0.331959873676,1.06236385336
YbYag5,Yb_Yag5_2026-09-28_14-57-53,Yb_Yag5_2026-09-28_13-03-16,16.4,14.1,0.000481727,0.0988,0.00487577935223,0.00143111,0.09845,0.0145364144236,0.335418295747,1.07343176514
YbYag5,Yb_Yag5_2026-09-28_14-57-53,Yb_Yag5_2026-09-28_13-03-16,16.5,14.1,0.000476779,0.09865,0.00483303598581,0.00142921,0.0986,0.014495030426,0.333427101825,1.06705939121
YbYag5,Yb_Yag5_2026-09-28_14-57-53,Yb_Yag5_2026-09-28_13-03-16,16.6,14.1,0.000476839,0.09875,0.00482874936709,0.0014341,0.09855,0.0145520040589,0.331827104194,1.06193895412
YbYag5,Yb_Yag5_2026-09-28_14-57-53,Yb_Yag5_2026-09-28_13-03-16,16.7,14.1,0.000473263,0.09875,0.00479253670886,0.0014236,0.09855,0.0144454591578,0.331767696444,1.06174883281
YbYag5,Yb_Yag5_2026-09-28_14-57-53,Yb_Yag5_2026-09-28_13-03-16,16.8,14.1,0.00047666,0.0987,0.00482938196555,0.0014236,0.0985,0.0144527918782,0.334148724084,1.06936878299
YbYag5,Yb_Yag5_2026-09-28_14-57-53,Yb_Yag5_2026-09-28_13-03-16,16.9,14.1,0.000476124,0.0987,0.00482395136778,0.00141693,0.0985,0.0143850761421,0.335344166421,1.0731945307
YbYag5,Yb_Yag5_2026-09-28_14-57-53,Yb_Yag5_2026-09-28_13-03-16,17,14.1,0.000472965,0.09875,0.00478951898734,0.00142444,0.09865,0.0144393309681,0.331699508649,1.06153061292
YbYag5,Yb_Yag5_2026-09-28_14-57-53,Yb_Yag5_2026-09-28_13-03-16,17.1,14.1,0.000472965,0.09875,0.00478951898734,0.0014099,0.0986,0.014299188641,0.334950402263,1.07193437596
YbYag5,Yb_Yag5_2026-09-28_14-57-53,Yb_Yag5_2026-09-28_13-03-16,17.2,14.1,0.000472011,0.09865,0.00478470349721,0.00141061,0.09855,0.0143136478945,0.334275618101,1.06977487911
YbYag5,Yb_Yag5_2026-09-28_14-57-53,Yb_Yag5_2026-09-28_13-03-16,17.3,14.1,0.000468554,0.09875,0.00474485063291,0.00140692,0.0986,0.0142689655172,0.332529406367,1.06418651626
YbYag5,Yb_Yag5_2026-09-28_14-57-53,Yb_Yag5_2026-09-28_13-03-16,17.4,14.1,0.000468554,0.09875,0.00474485063291,0.00140358,0.0986,0.0142350912779,0.333320703063,1.0667188856
YbYag5,Yb_Yag5_2026-09-28_14-57-53,Yb_Yag5_2026-09-28_13-03-16,17.5,14.1,0.000467481,0.0987,0.00473638297872,0.00141049,0.09865,0.0142979219463,0.331263731646,1.0601360054
YbYag5,Yb_Yag5_2026-09-28_14-57-53,Yb_Yag5_2026-09-28_13-03-16,17.6,14.1,0.000463964,0.0987,0.00470074974671,0.00140811,0.0987,0.0142665653495,0.329494144635,1.05447283516
YbYag5,Yb_Yag5_2026-09-28_14-57-53,Yb_Yag5_2026-09-28_13-03-16,17.7,14.1,0.000468614,0.0987,0.00474786220871,0.00139678,0.09855,0.0141733130391,0.334986054115,1.0720484718
YbYag5,Yb_Yag5_2026-09-28_14-57-53,Yb_Yag5_2026-09-28_13-03-16,17.8,14.1,0.00046766,0.0987,0.00473819655522,0.00139273,0.09855,0.0141322171487,0.335276234816,1.07297713069
YbYag5,Yb_Yag5_2026-09-28_14-57-53,Yb_Yag5_2026-09-28_13-03-16,17.9,14.1,0.000472071,0.09875,0.00478046582278,0.00139499,0.0985,0.0141623350254,0.33754785593,1.08024694957
YbYag5,Yb_Yag5_2026-09-28_14-57-53,Yb_Yag5_2026-09-28_13-03-16,18,14.1,0.000468554,0.0988,0.00474244939271,0.00139988,0.0986,0.0141975659229,0.334032567164,1.06899704856
YbYag5,Yb_Yag5_2026-09-28_14-57-53,Yb_Yag5_2026-09-28_13-03-16,18.1,14.1,0.000475885,0.09865,0.0048239736442,0.00140525,0.0987,0.0142375886525,0.338819568534,1.08431678334
YbYag5,Yb_Yag5_2026-09-28_14-57-53,Yb_Yag5_2026-09-28_13-03-16,18.2,14.1,0.000471653,0.0987,0.00477865248227,0.00140179,0.0985,0.0142313705584,0.335783012793,1.07459896105
YbYag5,Yb_Yag5_2026-09-28_14-57-53,Yb_Yag5_2026-09-28_13-03-16,18.3,14.1,0.000473263,0.09875,0.00479253670886,0.00139488,0.0985,0.0141612182741,0.338426865267,1.08306002374
YbYag5,Yb_Yag5_2026-09-28_14-57-53,Yb_Yag5_2026-09-28_13-03-16,18.4,14.1,0.000467958,0.0987,0.00474121580547,0.00139249,0.09855,0.0141297818366,0.335547700616,1.07384589669
YbYag5,Yb_Yag5_2026-09-28_14-57-53,Yb_Yag5_2026-09-28_13-03-16,18.5,14.1,0.000471892,0.09865,0.00478349721237,0.00140143,0.09835,0.0142494153533,0.335697787858,1.07432621758
YbYag5,Yb_Yag5_2026-09-28_14-57-53,Yb_Yag5_2026-09-28_13-03-16,18.6,14.1,0.000480892,0.09875,0.00486979240506,0.00140298,0.09855,0.0142362252664,0.342070479634,1.09472060235
YbYag5,Yb_Yag5_2026-09-28_14-57-53,Yb_Yag5_2026-09-28_13-03-16,18.7,14.1,0.000472488,0.09875,0.00478468860759,0.0014062,0.09855,0.014268899036,0.335322900212,1.07312647292
YbYag5,Yb_Yag5_2026-09-28_14-57-53,Yb_Yag5_2026-09-28_13-03-16,18.8,14.1,0.000472309,0.0987,0.00478529888551,0.0013975,0.09845,0.0141950228542,0.337111037767,1.07884901005
YbYag5,Yb_Yag5_2026-09-28_14-57-53,Yb_Yag5_2026-09-28_13-03-16,18.9,14.1,0.000468852,0.09875,0.00474786835443,0.00139678,0.0984,0.0141949186992,0.334476614839,1.07041812453
YbYag5,Yb_Yag5_2026-09-28_14-57-53,Yb_Yag5_2026-09-28_13-03-16,19,14.1,0.000473203,0.0988,0.00478950404858,0.00139917,0.09845,0.0142119857796,0.337004562406,1.07850825931
YbYag5,Yb_Yag5_2026-09-28_14-57-53,Yb_Yag5_2026-09-28_13-03-16,19.1,14.1,0.000476303,0.09875,0.00482332151899,0.0014062,0.09855,0.014268899036,0.33803039091,1.08179119561
YbYag5,Yb_Yag5_2026-09-28_14-57-53,Yb_Yag5_2026-09-28_13-03-16,19.2,14.1,0.000472965,0.0988,0.0047870951417,0.00140703,0.0985,0.0142845685279,0.335123537848,1.07248845795
YbYag5,Yb_Yag5_2026-09-28_14-57-53,Yb_Yag5_2026-09-28_13-03-16,19.3,14.1,0.000473024,0.09865,0.00479497212367,0.00140131,0.0986,0.0142120689655,0.337387338558,1.07973324937
YbYag5,Yb_Yag5_2026-09-28_14-57-53,Yb_Yag5_2026-09-28_13-03-16,19.4,14.1,0.000467064,0.0987,0.00473215805471,0.00139511,0.0985,0.0141635532995,0.334108112184,1.06923881362
YbYag5,Yb_Yag5_2026-09-28_14-57-53,Yb_Yag5_2026-09-28_13-03-16,19.5,14.1,0.000476422,0.0988,0.00482208502024,0.00140811,0.0985,0.0142955329949,0.337314112175,1.0794989046
YbYag5,Yb_Yag5_2026-09-28_14-57-53,Yb_Yag5_2026-09-28_13-03-16,19.6,14.1,0.000480952,0.09875,0.0048704,0.00141025,0.09855,0.0143099949264,0.34034952668,1.08921307461
YbYag5,Yb_Yag5_2026-09-28_14-57-53,Yb_Yag5_2026-09-28_13-03-16,19.7,14.1,0.000481131,0.0988,0.00486974696356,0.00141085,0.09855,0.0143160832065,0.34015916877,1.08860387639
YbYag5,Yb_Yag5_2026-09-28_14-57-53,Yb_Yag5_2026-09-28_13-03-16,19.8,14.1,0.000476303,0.09875,0.00482332151899,0.00140692,0.09845,0.0142907059421,0.337514573355,1.08014043608
YbYag5,Yb_Yag5_2026-09-28_14-57-53,Yb_Yag5_2026-09-28_13-03-16,19.9,14.1,0.00047821,0.0987,0.00484508611955,0.00140441,0.0985,0.0142579695431,0.339815995882,1.08750562778
YbYag5,Yb_Yag5_2026-09-28_14-57-53,Yb_Yag5_2026-09-28_13-03-16,20,14.1,0.000480833,0.09875,0.00486919493671,0.00140584,0.0985,0.0142724873096,0.341159521188,1.09180528215
YbYag5,Yb_Yag5_2026-09-28_14-57-53,Yb_Yag5_2026-09-28_13-03-16,20.1,14.1,0.00046757,0.09875,0.00473488607595,0.00139094,0.0984,0.0141355691057,0.334962536035,1.07197320741
YbYag5,Yb_Yag5_2026-09-28_14-57-53,Yb_Yag5_2026-09-28_13-03-16,20.2,14.1,0.000446381,0.0988,0.00451802631579,0.0013733,0.0986,0.0139279918864,0.324384617154,1.03812092719
YbYag5,Yb_Yag5_2026-09-28_14-57-53,Yb_Yag5_2026-09-28_13-03-16,20.3,14.1,0.000425668,0.0987,0.00431274569402,0.00132228,0.09865,0.0134037506336,0.321756634535,1.02971065245
YbYag5,Yb_Yag5_2026-09-28_14-57-53,Yb_Yag5_2026-09-28_13-03-16,20.4,14.1,0.000393631,0.0988,0.0039841194332,0.00125469,0.09865,0.0127186011151,0.313251386465,1.00249149486
YbYag5,Yb_Yag5_2026-09-28_14-57-53,Yb_Yag5_2026-09-28_13-03-16,20.5,14.1,0.000342818,0.09895,0.0034645578575,0.00116659,0.0986,0.0118315415822,0.292823875353,0.937117782133
YbYag5,Yb_Yag5_2026-09-28_14-57-53,Yb_Yag5_2026-09-28_13-03-16,14,14.2,0.000413449,0.09835,0.00420385358414,0.000988372,0.09835,0.0100495373665,0.418313145255,1.33871832154
YbYag5,Yb_Yag5_2026-09-28_14-57-53,Yb_Yag5_2026-09-28_13-03-16,14.1,14.2,0.000450166,0.0984,0.00457485772358,0.00127328,0.09835,0.0129464158617,0.353368667626,1.13087794389
YbYag5,Yb_Yag5_2026-09-28_14-57-53,Yb_Yag5_2026-09-28_13-03-16,14.2,14.2,0.000459524,0.0983,0.00467471007121,0.00137997,0.0984,0.0140240853659,0.333334399303,1.06676271737
YbYag5,Yb_Yag5_2026-09-28_14-57-53,Yb_Yag5_2026-09-28_13-03-16,14.3,14.2,0.000467362,0.0984,0.00474961382114,0.0014099,0.09825,0.0143501272265,0.330980607083,1.05922992811
YbYag5,Yb_Yag5_2026-09-28_14-57-53,Yb_Yag5_2026-09-28_13-03-16,14.4,14.2,0.000464084,0.0984,0.00471630081301,0.00141288,0.09835,0.0143658362989,0.328299774192,1.05065051781
YbYag5,Yb_Yag5_2026-09-28_14-57-53,Yb_Yag5_2026-09-28_13-03-16,14.5,14.2,0.000458958,0.0985,0.00465947208122,0.00142611,0.0984,0.0144929878049,0.32149837866,1.02888416187
YbYag5,Yb_Yag5_2026-09-28_14-57-53,Yb_Yag5_2026-09-28_13-03-16,14.6,14.2,0.000466408,0.09835,0.00474232841891,0.00143123,0.0984,0.0145450203252,0.326044812099,1.04343401241
YbYag5,Yb_Yag5_2026-09-28_14-57-53,Yb_Yag5_2026-09-28_13-03-16,14.7,14.2,0.000462832,0.0983,0.00470836215666,0.00141812,0.0984,0.0144117886179,0.326702138193,1.0455376386
YbYag5,Yb_Yag5_2026-09-28_14-57-53,Yb_Yag5_2026-09-28_13-03-16,14.8,14.2,0.000463249,0.0983,0.00471260427263,0.00142039,0.09835,0.0144421962379,0.326308007106,1.04427630958
YbYag5,Yb_Yag5_2026-09-28_14-57-53,Yb_Yag5_2026-09-28_13-03-16,14.9,14.2,0.000467958,0.09845,0.00475325545962,0.00141717,0.09845,0.0143948197054,0.330205973878,1.05675088657
YbYag5,Yb_Yag5_2026-09-28_14-57-53,Yb_Yag5_2026-09-28_13-03-16,15,14.2,0.000468971,0.0984,0.00476596544715,0.00141943,0.09845,0.0144177755206,0.330561773579,1.05788954449
YbYag5,Yb_Yag5_2026-09-28_14-57-53,Yb_Yag5_2026-09-28_13-03-16,15.1,14.2,0.000466706,0.09855,0.00473572805682,0.00142194,0.0984,0.0144506097561,0.327718216515,1.04878937161
YbYag5,Yb_Yag5_2026-09-28_14-57-53,Yb_Yag5_2026-09-28_13-03-16,15.2,14.2,0.000467183,0.09835,0.00475020843925,0.00142206,0.09835,0.0144591764108,0.328525519317,1.05137296494
YbYag5,Yb_Yag5_2026-09-28_14-57-53,Yb_Yag5_2026-09-28_13-03-16,15.3,14.2,0.0004676,0.0985,0.00474720812183,0.00142372,0.0984,0.014468699187,0.328101929584,1.05001736008
YbYag5,Yb_Yag5_2026-09-28_14-57-53,Yb_Yag5_2026-09-28_13-03-16,15.4,14.2,0.000467958,0.0985,0.00475084263959,0.0014236,0.09845,0.0144601320467,0.328547666387,1.05144384172
YbYag5,Yb_Yag5_2026-09-28_14-57-53,Yb_Yag5_2026-09-28_13-03-16,15.5,14.2,0.00046617,0.0984,0.0047375,0.00142456,0.09835,0.0144845958312,0.327071604566,1.04672003367
YbYag5,Yb_Yag5_2026-09-28_14-57-53,Yb_Yag5_2026-09-28_13-03-16,15.6,14.2,0.000472846,0.0984,0.00480534552846,0.00143672,0.09845,0.0145933976638,0.329282161644,1.05379443067
YbYag5,Yb_Yag5_2026-09-28_14-57-53,Yb_Yag5_2026-09-28_13-03-16,15.7,14.2,0.000472428,0.0985,0.00479622335025,0.0014341,0.0984,0.0145741869919,0.329090284962,1.05318037197
YbYag5,Yb_Yag5_2026-09-28_14-57-53,Yb_Yag5_2026-09-28_13-03-16,15.8,14.2,0.000471892,0.09855,0.00478835109082,0.00141538,0.0983,0.0143985757884,0.332557272413,1.06427569535
YbYag5,Yb_Yag5_2026-09-28_14-57-53,Yb_Yag5_2026-09-28_13-03-16,15.9,14.2,0.000472667,0.0986,0.00479378296146,0.00142456,0.09845,0.0144698831894,0.331293825853,1.06023231522
YbYag5,Yb_Yag5_2026-09-28_14-57-53,Yb_Yag5_2026-09-28_13-03-16,16,14.2,0.000476899,0.09865,0.0048342524075,0.00143302,0.09835,0.01457061515,0.331780941143,1.06179121953
YbYag5,Yb_Yag5_2026-09-28_14-57-53,Yb_Yag5_2026-09-28_13-03-16,16.1,14.2,0.000476005,0.0985,0.00483253807107,0.00142957,0.0986,0.0144986815416,0.333308794817,1.0666807759
YbYag5,Yb_Yag5_2026-09-28_14-57-53,Yb_Yag5_2026-09-28_13-03-16,16.2,14.2,0.000472607,0.09865,0.00479074505829,0.0014304,0.0985,0.0145218274112,0.32989960028,1.05577040591
YbYag5,Yb_Yag5_2026-09-28_14-57-53,Yb_Yag5_2026-09-28_13-03-16,16.3,14.2,0.00047827,0.0987,0.00484569402229,0.00143803,0.09855,0.0145918822933,0.332081490577,1.06275306125
YbYag5,Yb_Yag5_2026-09-28_14-57-53,Yb_Yag5_2026-09-28_13-03-16,16.4,14.2,0.000475409,0.0986,0.00482159229209,0.00142921,0.09855,0.0145023845764,0.332468930657,1.06399297718
YbYag5,Yb_Yag5_2026-09-28_14-57-53,Yb_Yag5_2026-09-28_13-03-16,16.5,14.2,0.000476362,0.09865,0.00482880892043,0.00142968,0.09865,0.0144924480487,0.333194840803,1.06631609139
YbYag5,Yb_Yag5_2026-09-28_14-57-53,Yb_Yag5_2026-09-28_13-03-16,16.6,14.2,0.000476481,0.0987,0.00482756838906,0.00143004,0.0986,0.0145034482759,0.332856593634,1.06523360644
YbYag5,Yb_Yag5_2026-09-28_14-57-53,Yb_Yag5_2026-09-28_13-03-16,16.7,14.2,0.000462415,0.09865,0.00468743030917,0.00142182,0.0987,0.0144054711246,0.325392364375,1.04134599837
YbYag5,Yb_Yag5_2026-09-28_14-57-53,Yb_Yag5_2026-09-28_13-03-16,16.8,14.2,0.000467123,0.09875,0.00473035949367,0.00137044,0.0984,0.0139272357724,0.339648123359,1.08696838905
YbYag5,Yb_Yag5_2026-09-28_14-57-53,Yb_Yag5_2026-09-28_13-03-16,16.9,14.2,0.000468494,0.0989,0.00473704752275,0.00140441,0.0987,0.0142290780142,0.332913173856,1.06541467888
YbYag5,Yb_Yag5_2026-09-28_14-57-53,Yb_Yag5_2026-09-28_13-03-16,17,14.2,0.000467898,0.0986,0.0047454158215,0.00141466,0.09855,0.0143547437849,0.330581715188,1.05795336319
YbYag5,Yb_Yag5_2026-09-28_14-57-53,Yb_Yag5_2026-09-28_13-03-16,17.1,14.2,0.000467779,0.09875,0.00473700253165,0.00141788,0.09865,0.0143728332489,0.329580288703,1.05474852012
YbYag5,Yb_Yag5_2026-09-28_14-57-53,Yb_Yag5_2026-09-28_13-03-16,17.2,14.2,0.000468494,0.0987,0.00474664640324,0.00141085,0.0986,0.0143088235294,0.331728628387,1.06162380417
YbYag5,Yb_Yag5_2026-09-28_14-57-53,Yb_Yag5_2026-09-28_13-03-16,17.3,14.2,0.000471355,0.09865,0.00477805372529,0.00141609,0.0987,0.0143474164134,0.333025374577,1.06577375237
YbYag5,Yb_Yag5_2026-09-28_14-57-53,Yb_Yag5_2026-09-28_13-03-16,17.4,14.2,0.000470819,0.09865,0.00477262037506,0.00141288,0.0987,0.014314893617,0.333402434049,1.06698044747
YbYag5,Yb_Yag5_2026-09-28_14-57-53,Yb_Yag5_2026-09-28_13-03-16,17.5,14.2,0.000464262,0.0988,0.00469900809717,0.00141156,0.0987,0.0143015197568,0.328567045816,1.05150586128
YbYag5,Yb_Yag5_2026-09-28_14-57-53,Yb_Yag5_2026-09-28_13-03-16,17.6,14.2,0.00046772,0.0987,0.00473880445795,0.0014149,0.09865,0.0143426254435,0.330400070518,1.05737204976
YbYag5,Yb_Yag5_2026-09-28_14-57-53,Yb_Yag5_2026-09-28_13-03-16,17.7,14.2,0.000467898,0.09875,0.00473820759494,0.00140668,0.0986,0.0142665314402,0.332120502787,1.06287791116
YbYag5,Yb_Yag5_2026-09-28_14-57-53,Yb_Yag5_2026-09-28_13-03-16,17.8,14.2,0.000467064,0.0988,0.00472736842105,0.00140489,0.09865,0.0142411556006,0.331951181044,1.06233603452
YbYag5,Yb_Yag5_2026-09-28_14-57-53,Yb_Yag5_2026-09-28_13-03-16,17.9,14.2,0.00047213,0.09885,0.00477622660597,0.00140918,0.0987,0.0142774062817,0.334530412018,1.07059029046
YbYag5,Yb_Yag5_2026-09-28_14-57-53,Yb_Yag5_2026-09-28_13-03-16,18,14.2,0.000466706,0.0988,0.00472374493927,0.00140751,0.0986,0.0142749492901,0.330911504011,1.05900877907
YbYag5,Yb_Yag5_2026-09-28_14-57-53,Yb_Yag5_2026-09-28_13-03-16,18.1,14.2,0.000472786,0.09885,0.00478286292362,0.00141228,0.09865,0.0143160669032,0.334090568028,1.06918266745
YbYag5,Yb_Yag5_2026-09-28_14-57-53,Yb_Yag5_2026-09-28_13-03-16,18.2,14.2,0.000476064,0.09885,0.00481602427921,0.00140942,0.09865,0.0142870755195,0.337089579504,1.07878033765
YbYag5,Yb_Yag5_2026-09-28_14-57-53,Yb_Yag5_2026-09-28_13-03-16,18.3,14.2,0.000476779,0.0987,0.00483058763931,0.00140787,0.0987,0.0142641337386,0.338652716515,1.08378281051
YbYag5,Yb_Yag5_2026-09-28_14-57-53,Yb_Yag5_2026-09-28_13-03-16,18.4,14.2,0.000468852,0.09875,0.00474786835443,0.00141001,0.0988,0.0142713562753,0.332685153593,1.06468495066
YbYag5,Yb_Yag5_2026-09-28_14-57-53,Yb_Yag5_2026-09-28_13-03-16,18.5,14.2,0.00047213,0.0987,0.00478348530902,0.00140894,0.09865,0.0142822098327,0.334926132934,1.07185670736
YbYag5,Yb_Yag5_2026-09-28_14-57-53,Yb_Yag5_2026-09-28_13-03-16,18.6,14.2,0.000476243,0.09855,0.00483250126839,0.0014124,0.09865,0.0143172833249,0.337529205697,1.08018726365
YbYag5,Yb_Yag5_2026-09-28_14-57-53,Yb_Yag5_2026-09-28_13-03-16,18.7,14.2,0.000473024,0.0987,0.00479254305978,0.00141514,0.09855,0.0143596144089,0.333751514721,1.06809760263
YbYag5,Yb_Yag5_2026-09-28_14-57-53,Yb_Yag5_2026-09-28_13-03-16,18.8,14.2,0.000472249,0.0987,0.00478469098278,0.00140942,0.09865,0.0142870755195,0.334896457728,1.07176173846
YbYag5,Yb_Yag5_2026-09-28_14-57-53,Yb_Yag5_2026-09-28_13-03-16,18.9,14.2,0.000476303,0.0987,0.00482576494428,0.00140799,0.09855,0.0142870624049,0.337771671147,1.08096322047
YbYag5,Yb_Yag5_2026-09-28_14-57-53,Yb_Yag5_2026-09-28_13-03-16,19,14.2,0.000468792,0.09875,0.00474726075949,0.00140584,0.09855,0.014265246068,0.332785059358,1.06500467688
YbYag5,Yb_Yag5_2026-09-28_14-57-53,Yb_Yag5_2026-09-28_13-03-16,19.1,14.2,0.000482203,0.09895,0.00487319858514,0.00140978,0.0985,0.0143124873096,0.340485792562,1.0896491633
YbYag5,Yb_Yag5_2026-09-28_14-57-53,Yb_Yag5_2026-09-28_13-03-16,19.2,14.2,0.000470998,0.09865,0.00477443487076,0.00141836,0.09875,0.0143631392405,0.332408869037,1.0638007633
YbYag5,Yb_Yag5_2026-09-28_14-57-53,Yb_Yag5_2026-09-28_13-03-16,19.3,14.2,0.000477435,0.0988,0.00483233805668,0.00141156,0.09865,0.014308768373,0.337718658288,1.08079356459
YbYag5,Yb_Yag5_2026-09-28_14-57-53,Yb_Yag5_2026-09-28_13-03-16,19.4,14.2,0.000472249,0.09885,0.00477743045018,0.00140453,0.09865,0.0142375063355,0.335552472294,1.07386116739
YbYag5,Yb_Yag5_2026-09-28_14-57-53,Yb_Yag5_2026-09-28_13-03-16,19.5,14.2,0.000480117,0.0988,0.00485948380567,0.00141228,0.09865,0.0143160669032,0.339442658275,1.08631084368
YbYag5,Yb_Yag5_2026-09-28_14-57-53,Yb_Yag5_2026-09-28_13-03-16,19.6,14.2,0.000472965,0.09875,0.00478951898734,0.00141753,0.0988,0.0143474696356,0.333823253088,1.06832718535
YbYag5,Yb_Yag5_2026-09-28_14-57-53,Yb_Yag5_2026-09-28_13-03-16,19.7,14.2,0.000477554,0.09855,0.00484580416032,0.00142039,0.0986,0.0144055780933,0.336383873589,1.07652188259
YbYag5,Yb_Yag5_2026-09-28_14-57-53,Yb_Yag5_2026-09-28_13-03-16,19.8,14.2,0.000484111,0.0987,0.0049048733536,0.00142384,0.0987,0.0144259371834,0.340003792561,1.08810662934
YbYag5,Yb_Yag5_2026-09-28_14-57-53,Yb_Yag5_2026-09-28_13-03-16,19.9,14.2,0.00047666,0.09875,0.00482693670886,0.00141681,0.09865,0.0143619868221,0.336091152892,1.07558509501
YbYag5,Yb_Yag5_2026-09-28_14-57-53,Yb_Yag5_2026-09-28_13-03-16,20,14.2,0.000480892,0.0988,0.00486732793522,0.00141466,0.09855,0.0143547437849,0.339074525338,1.08513271597
YbYag5,Yb_Yag5_2026-09-28_14-57-53,Yb_Yag5_2026-09-28_13-03-16,20.1,14.2,0.000471236,0.09865,0.00477684744045,0.00140596,0.09865,0.0142520020274,0.335170275114,1.07263803019
YbYag5,Yb_Yag5_2026-09-28_14-57-53,Yb_Yag5_2026-09-28_13-03-16,20.2,14.2,0.00045866,0.0986,0.00465172413793,0.0013938,0.09855,0.0141430745814,0.328904730804,1.05258654709
YbYag5,Yb_Yag5_2026-09-28_14-57-53,Yb_Yag5_2026-09-28_13-03-16,20.3,14.2,0.000448825,0.09875,0.00454506329114,0.00136221,0.09855,0.0138225266362,0.328815665237,1.05230151253
YbYag5,Yb_Yag5_2026-09-28_14-57-53,Yb_Yag5_2026-09-28_13-03-16,20.4,14.2,0.000420989,0.0987,0.00426533941236,0.00130654,0.09865,0.0132441966548,0.322053464135,1.03066058966
YbYag5,Yb_Yag5_2026-09-28_14-57-53,Yb_Yag5_2026-09-28_13-03-16,20.5,14.2,0.00038767,0.09885,0.00392180070814,0.00123096,0.09865,0.0124780537253,0.314295866525,1.00583412133
YbYag5,Yb_Yag5_2026-09-28_14-57-53,Yb_Yag5_2026-09-28_13-03-16,20.6,14.2,0.00031537,0.09875,0.00319362025316,0.00114215,0.0986,0.0115836713996,0.275700176826,0.882317187862
YbYag5,Yb_Yag5_2026-09-28_14-57-53,Yb_Yag5_2026-09-28_13-03-16,14,14.3,0.000441374,0.09855,0.00447868087265,0.00119448,0.09835,0.0121451957295,0.368761522861,1.18013935859
YbYag5,Yb_Yag5_2026-09-28_14-57-53,Yb_Yag5_2026-09-28_13-03-16,14.1,14.3,0.000460746,0.0984,0.00468237804878,0.00136197,0.0983,0.0138552390641,0.33795000051,1.08153392399
YbYag5,Yb_Yag5_2026-09-28_14-57-53,Yb_Yag5_2026-09-28_13-03-16,14.2,14.3,0.000457348,0.0983,0.00465257375381,0.0014124,0.09835,0.0143609557702,0.323973823766,1.03680627418
YbYag5,Yb_Yag5_2026-09-28_14-57-53,Yb_Yag5_2026-09-28_13-03-16,14.3,14.3,0.000476779,0.0985,0.00484039593909,0.00143433,0.09835,0.0145839349263,0.33189917286,1.06216959388
YbYag5,Yb_Yag5_2026-09-28_14-57-53,Yb_Yag5_2026-09-28_13-03-16,14.4,14.3,0.000468494,0.0984,0.00476111788618,0.00142837,0.09815,0.01455292919,0.327158733752,1.04699887128
YbYag5,Yb_Yag5_2026-09-28_14-57-53,Yb_Yag5_2026-09-28_13-03-16,14.5,14.3,0.000467958,0.09835,0.00475808845958,0.00144149,0.09845,0.0146418486541,0.324965007629,1.03997833801
YbYag5,Yb_Yag5_2026-09-28_14-57-53,Yb_Yag5_2026-09-28_13-03-16,14.6,14.3,0.00046766,0.09835,0.00475505846467,0.0014366,0.09825,0.0146218829517,0.325201513401,1.04073522221
YbYag5,Yb_Yag5_2026-09-28_14-57-53,Yb_Yag5_2026-09-28_13-03-16,14.7,14.3,0.000472547,0.0984,0.00480230691057,0.00142813,0.0983,0.0145282807731,0.330548878121,1.05784827544
YbYag5,Yb_Yag5_2026-09-28_14-57-53,Yb_Yag5_2026-09-28_13-03-16,14.8,14.3,0.000474097,0.0984,0.00481805894309,0.00143183,0.09835,0.0145585155058,0.330944383799,1.05911400353
YbYag5,Yb_Yag5_2026-09-28_14-57-53,Yb_Yag5_2026-09-28_13-03-16,14.9,14.3,0.000461759,0.09835,0.00469505846467,0.00142742,0.0983,0.0145210579858,0.323327574978,1.03473809846
YbYag5,Yb_Yag5_2026-09-28_14-57-53,Yb_Yag5_2026-09-28_13-03-16,15,14.3,0.000467302,0.09855,0.00474177574835,0.00141657,0.0983,0.014410681587,0.329045903882,1.05303834018
YbYag5,Yb_Yag5_2026-09-28_14-57-53,Yb_Yag5_2026-09-28_13-03-16,15.1,14.3,0.000468316,0.09845,0.00475689182326,0.00141955,0.09835,0.0144336553127,0.32956944864,1.0547138289
YbYag5,Yb_Yag5_2026-09-28_14-57-53,Yb_Yag5_2026-09-28_13-03-16,15.2,14.3,0.000471117,0.09835,0.00479020843925,0.00142408,0.0983,0.0144870803662,0.33065381831,1.05818411321
YbYag5,Yb_Yag5_2026-09-28_14-57-53,Yb_Yag5_2026-09-28_13-03-16,15.3,14.3,0.00046766,0.0985,0.00474781725888,0.00143505,0.0984,0.0145838414634,0.325553268718,1.04186093699
YbYag5,Yb_Yag5_2026-09-28_14-57-53,Yb_Yag5_2026-09-28_13-03-16,15.4,14.3,0.000468554,0.0985,0.00475689340102,0.00143243,0.09835,0.0145646161668,0.326606162946,1.04523049113
YbYag5,Yb_Yag5_2026-09-28_14-57-53,Yb_Yag5_2026-09-28_13-03-16,15.5,14.3,0.00046766,0.0985,0.00474781725888,0.00142742,0.09835,0.0145136756482,0.327127143665,1.04689777422
YbYag5,Yb_Yag5_2026-09-28_14-57-53,Yb_Yag5_2026-09-28_13-03-16,15.6,14.3,0.000472488,0.09845,0.0047992686643,0.00143064,0.0983,0.0145538148525,0.329760184044,1.05532423521
YbYag5,Yb_Yag5_2026-09-28_14-57-53,Yb_Yag5_2026-09-28_13-03-16,15.7,14.3,0.000472905,0.0984,0.00480594512195,0.0014273,0.09835,0.014512455516,0.331160024343,1.0598041132
YbYag5,Yb_Yag5_2026-09-28_14-57-53,Yb_Yag5_2026-09-28_13-03-16,15.8,14.3,0.000476005,0.09845,0.00483499238192,0.00143302,0.09845,0.0145558151346,0.332169125343,1.06303351685
YbYag5,Yb_Yag5_2026-09-28_14-57-53,Yb_Yag5_2026-09-28_13-03-16,15.9,14.3,0.000475945,0.0985,0.00483192893401,0.00143803,0.09845,0.0146067039106,0.330802141509,1.05865878867
YbYag5,Yb_Yag5_2026-09-28_14-57-53,Yb_Yag5_2026-09-28_13-03-16,16,14.3,0.000477197,0.09855,0.00484218163369,0.00143743,0.09845,0.0146006094464,0.331642432562,1.06134795357
YbYag5,Yb_Yag5_2026-09-28_14-57-53,Yb_Yag5_2026-09-28_13-03-16,16.1,14.3,0.000471296,0.09855,0.00478230339929,0.00144494,0.09855,0.0146619989853,0.326169944773,1.04383447175
YbYag5,Yb_Yag5_2026-09-28_14-57-53,Yb_Yag5_2026-09-28_13-03-16,16.2,14.3,0.000472428,0.09855,0.00479378995434,0.00144411,0.0985,0.0146610152284,0.326975306939,1.0464118545
YbYag5,Yb_Yag5_2026-09-28_14-57-53,Yb_Yag5_2026-09-28_13-03-16,16.3,14.3,0.000472547,0.0986,0.00479256592292,0.00144339,0.0986,0.0146388438134,0.327386915525,1.04772911637
YbYag5,Yb_Yag5_2026-09-28_14-57-53,Yb_Yag5_2026-09-28_13-03-16,16.4,14.3,0.000470879,0.09865,0.00477322858591,0.00143362,0.0985,0.0145545177665,0.327955117613,1.04954752097
YbYag5,Yb_Yag5_2026-09-28_14-57-53,Yb_Yag5_2026-09-28_13-03-16,16.5,14.3,0.000468316,0.0987,0.00474484295846,0.00142682,0.09855,0.0144781329274,0.327724782073,1.04881038322
YbYag5,Yb_Yag5_2026-09-28_14-57-53,Yb_Yag5_2026-09-28_13-03-16,16.6,14.3,0.000472965,0.0986,0.00479680527383,0.00143541,0.09865,0.0145505321845,0.329665280486,1.05502051745
YbYag5,Yb_Yag5_2026-09-28_14-57-53,Yb_Yag5_2026-09-28_13-03-16,16.7,14.3,0.000445487,0.09875,0.00451126075949,0.0014211,0.0987,0.0143981762918,0.31332167825,1.00271644811
YbYag5,Yb_Yag5_2026-09-28_14-57-53,Yb_Yag5_2026-09-28_13-03-16,16.8,14.3,0.000462057,0.0988,0.0046766902834,0.00135995,0.0985,0.0138065989848,0.338728624519,1.08402573721
YbYag5,Yb_Yag5_2026-09-28_14-57-53,Yb_Yag5_2026-09-28_13-03-16,16.9,14.3,0.000474336,0.09885,0.00479854324734,0.00140096,0.09855,0.0142157280568,0.337551705278,1.08025926856
YbYag5,Yb_Yag5_2026-09-28_14-57-53,Yb_Yag5_2026-09-28_13-03-16,17,14.3,0.000476779,0.09885,0.0048232574608,0.00142027,0.0986,0.0144043610548,0.334847026012,1.07160354323
YbYag5,Yb_Yag5_2026-09-28_14-57-53,Yb_Yag5_2026-09-28_13-03-16,17.1,14.3,0.000476303,0.0988,0.0048208805668,0.00143147,0.0986,0.0145179513185,0.33206342004,1.0626952305
YbYag5,Yb_Yag5_2026-09-28_14-57-53,Yb_Yag5_2026-09-28_13-03-16,17.2,14.3,0.000473084,0.0988,0.00478829959514,0.00143004,0.09875,0.0144814177215,0.330651299978,1.05817605385
YbYag5,Yb_Yag5_2026-09-28_14-57-53,Yb_Yag5_2026-09-28_13-03-16,17.3,14.3,0.000472071,0.0988,0.0047780465587,0.00143255,0.0988,0.0144994939271,0.32953195351,1.05459383407
YbYag5,Yb_Yag5_2026-09-28_14-57-53,Yb_Yag5_2026-09-28_13-03-16,17.4,14.3,0.00046617,0.09875,0.00472070886076,0.00141371,0.0986,0.0143378296146,0.329248497691,1.05368669667
YbYag5,Yb_Yag5_2026-09-28_14-57-53,Yb_Yag5_2026-09-28_13-03-16,17.5,14.3,0.000471892,0.0987,0.0047810739615,0.00142408,0.0988,0.0144137651822,0.331701946096,1.06153841342
YbYag5,Yb_Yag5_2026-09-28_14-57-53,Yb_Yag5_2026-09-28_13-03-16,17.6,14.3,0.000476362,0.09895,0.00481416877211,0.00141264,0.09875,0.0143052151899,0.336532425986,1.07699729155
YbYag5,Yb_Yag5_2026-09-28_14-57-53,Yb_Yag5_2026-09-28_13-03-16,17.7,14.3,0.0004707,0.09875,0.00476658227848,0.00141323,0.09865,0.0143256969083,0.332729521572,1.06482694053
YbYag5,Yb_Yag5_2026-09-28_14-57-53,Yb_Yag5_2026-09-28_13-03-16,17.8,14.3,0.000472428,0.09875,0.00478408101266,0.0014093,0.0987,0.0142786220871,0.335052008764,1.072259545
YbYag5,Yb_Yag5_2026-09-28_14-57-53,Yb_Yag5_2026-09-28_13-03-16,17.9,14.3,0.00047362,0.0987,0.00479858156028,0.00141371,0.09865,0.014330562595,0.334849488879,1.07161142509
YbYag5,Yb_Yag5_2026-09-28_14-57-53,Yb_Yag5_2026-09-28_13-03-16,18,14.3,0.000471236,0.0988,0.0047695951417,0.00140203,0.09855,0.0142265854896,0.335259303449,1.07292294561
YbYag5,Yb_Yag5_2026-09-28_14-57-53,Yb_Yag5_2026-09-28_13-03-16,18.1,14.3,0.00047219,0.0988,0.00477925101215,0.0014149,0.09875,0.0143281012658,0.33355787508,1.06747790197
YbYag5,Yb_Yag5_2026-09-28_14-57-53,Yb_Yag5_2026-09-28_13-03-16,18.2,14.3,0.000468494,0.0988,0.00474184210526,0.00141371,0.0985,0.0143523857868,0.330387029425,1.05733031464
YbYag5,Yb_Yag5_2026-09-28_14-57-53,Yb_Yag5_2026-09-28_13-03-16,18.3,14.3,0.000466587,0.09875,0.00472493164557,0.00140763,0.0985,0.0142906598985,0.330630753172,1.05811029836
YbYag5,Yb_Yag5_2026-09-28_14-57-53,Yb_Yag5_2026-09-28_13-03-16,18.4,14.3,0.000476183,0.0987,0.0048245491388,0.00140942,0.09855,0.0143015728057,0.337343955406,1.07959441123
YbYag5,Yb_Yag5_2026-09-28_14-57-53,Yb_Yag5_2026-09-28_13-03-16,18.5,14.3,0.000476481,0.0987,0.00482756838906,0.00140763,0.0985,0.0142906598985,0.33781283883,1.0810949685
YbYag5,Yb_Yag5_2026-09-28_14-57-53,Yb_Yag5_2026-09-28_13-03-16,18.6,14.3,0.000475885,0.09885,0.00481421345473,0.00141776,0.09855,0.0143861998985,0.33464107886,1.07094445511
YbYag5,Yb_Yag5_2026-09-28_14-57-53,Yb_Yag5_2026-09-28_13-03-16,18.7,14.3,0.00047219,0.09865,0.0047865179929,0.00141657,0.0985,0.0143814213198,0.332826490961,1.06513726952
YbYag5,Yb_Yag5_2026-09-28_14-57-53,Yb_Yag5_2026-09-28_13-03-16,18.8,14.3,0.000472547,0.0987,0.00478771023303,0.00141621,0.0986,0.0143631845842,0.333332082796,1.06675530391
YbYag5,Yb_Yag5_2026-09-28_14-57-53,Yb_Yag5_2026-09-28_13-03-16,18.9,14.3,0.000476124,0.0987,0.00482395136778,0.00141598,0.0987,0.014346301925,0.336250512013,1.07609508849
YbYag5,Yb_Yag5_2026-09-28_14-57-53,Yb_Yag5_2026-09-28_13-03-16,19,14.3,0.000476124,0.0988,0.00481906882591,0.00141872,0.0987,0.0143740628166,0.33526142799,1.07292974473
YbYag5,Yb_Yag5_2026-09-28_14-57-53,Yb_Yag5_2026-09-28_13-03-16,19.1,14.3,0.000477137,0.0988,0.00482932186235,0.00141824,0.0987,0.0143691995947,0.336088439062,1.07557641
YbYag5,Yb_Yag5_2026-09-28_14-57-53,Yb_Yag5_2026-09-28_13-03-16,19.2,14.3,0.000471713,0.09875,0.00477684050633,0.00142372,0.09865,0.0144320324379,0.33098875899,1.05925601648
YbYag5,Yb_Yag5_2026-09-28_14-57-53,Yb_Yag5_2026-09-28_13-03-16,19.3,14.3,0.000480415,0.0988,0.0048625,0.00141586,0.09865,0.014352356817,0.33879453124,1.08423665704
YbYag5,Yb_Yag5_2026-09-28_14-57-53,Yb_Yag5_2026-09-28_13-03-16,19.4,14.3,0.000477316,0.09875,0.00483357974684,0.00141156,0.09865,0.014308768373,0.337805436557,1.08107127917
YbYag5,Yb_Yag5_2026-09-28_14-57-53,Yb_Yag5_2026-09-28_13-03-16,19.5,14.3,0.000476541,0.0988,0.00482328947368,0.00140906,0.09865,0.0142834262544,0.337684347423,1.08068376029
YbYag5,Yb_Yag5_2026-09-28_14-57-53,Yb_Yag5_2026-09-28_13-03-16,19.6,14.3,0.000476779,0.0988,0.00482569838057,0.00141776,0.0987,0.0143643363728,0.335949970491,1.07513327209
YbYag5,Yb_Yag5_2026-09-28_14-57-53,Yb_Yag5_2026-09-28_13-03-16,19.7,14.3,0.000482203,0.0987,0.00488554204661,0.00141347,0.0987,0.0143208713273,0.341148379519,1.09176962571
YbYag5,Yb_Yag5_2026-09-28_14-57-53,Yb_Yag5_2026-09-28_13-03-16,19.8,14.3,0.000480296,0.0989,0.004856380182,0.00141407,0.09865,0.0143342118601,0.338796456296,1.08424281775
YbYag5,Yb_Yag5_2026-09-28_14-57-53,Yb_Yag5_2026-09-28_13-03-16,19.9,14.3,0.000474812,0.0987,0.0048106585613,0.00141264,0.0987,0.0143124620061,0.336116774266,1.07566709053
YbYag5,Yb_Yag5_2026-09-28_14-57-53,Yb_Yag5_2026-09-28_13-03-16,20,14.3,0.000477912,0.0988,0.0048371659919,0.00142861,0.0987,0.0144742654509,0.334190775229,1.06950335834
YbYag5,Yb_Yag5_2026-09-28_14-57-53,Yb_Yag5_2026-09-28_13-03-16,20.1,14.3,0.000475945,0.0988,0.00481725708502,0.00141645,0.0986,0.0143656186613,0.335332379245,1.07315680846
YbYag5,Yb_Yag5_2026-09-28_14-57-53,Yb_Yag5_2026-09-28_13-03-16,20.2,14.3,0.000475349,0.09885,0.00480879109762,0.00140608,0.0986,0.0142604462475,0.337211824522,1.07917155568
YbYag5,Yb_Yag5_2026-09-28_14-57-53,Yb_Yag5_2026-09-28_13-03-16,20.3,14.3,0.000454577,0.0988,0.00460098178138,0.0013845,0.09865,0.0140344652813,0.327834490959,1.04916148215
YbYag5,Yb_Yag5_2026-09-28_14-57-53,Yb_Yag5_2026-09-28_13-03-16,20.4,14.3,0.00043896,0.09875,0.00444516455696,0.00134314,0.09855,0.0136290208016,0.326154359999,1.04378459614
YbYag5,Yb_Yag5_2026-09-28_14-57-53,Yb_Yag5_2026-09-28_13-03-16,20.5,14.3,0.000410439,0.09885,0.00415213960546,0.00128473,0.0986,0.0130297160243,0.318666930094,1.01982273955
YbYag5,Yb_Yag5_2026-09-28_14-57-53,Yb_Yag5_2026-09-28_13-03-16,20.6,14.3,0.000377657,0.0988,0.00382243927126,0.00120223,0.09855,0.0121991882293,0.313335543268,1.00276082002
YbYag5,Yb_Yag5_2026-09-28_14-57-53,Yb_Yag5_2026-09-28_13-03-16,20.7,14.3,0.000274839,0.0988,0.00278177125506,0.00109971,0.0985,0.0111645685279,0.249160659286,0.797383355929
YbYag5,Yb_Yag5_2026-09-28_14-57-53,Yb_Yag5_2026-09-28_13-03-16,13.9,14.4,0.000417562,0.09855,0.0042370573313,0.00107384,0.0984,0.0109130081301,0.388257507077,1.24253192636
YbYag5,Yb_Yag5_2026-09-28_14-57-53,Yb_Yag5_2026-09-28_13-03-16,14,14.4,0.000454249,0.0985,0.00461166497462,0.00128687,0.0982,0.0131045824847,0.351912392478,1.12621745869
YbYag5,Yb_Yag5_2026-09-28_14-57-53,Yb_Yag5_2026-09-28_13-03-16,14.1,14.4,0.000469776,0.09855,0.00476687975647,0.0013919,0.0984,0.0141453252033,0.336993295521,1.07847220214
YbYag5,Yb_Yag5_2026-09-28_14-57-53,Yb_Yag5_2026-09-28_13-03-16,14.2,14.4,0.000467362,0.09845,0.00474720162519,0.00142325,0.09825,0.0144860050891,0.327709509695,1.04876150737
YbYag5,Yb_Yag5_2026-09-28_14-57-53,Yb_Yag5_2026-09-28_13-03-16,14.3,14.4,0.0004676,0.0985,0.00474720812183,0.00142992,0.0982,0.0145613034623,0.326015327826,1.04333965454
YbYag5,Yb_Yag5_2026-09-28_14-57-53,Yb_Yag5_2026-09-28_13-03-16,14.4,14.4,0.000468196,0.09845,0.00475567293042,0.00142921,0.09825,0.0145466666667,0.326925270193,1.04625172301
YbYag5,Yb_Yag5_2026-09-28_14-57-53,Yb_Yag5_2026-09-28_13-03-16,14.5,14.4,0.00046766,0.0985,0.00474781725888,0.00143421,0.09825,0.0145975572519,0.325247380569,1.0408820099
YbYag5,Yb_Yag5_2026-09-28_14-57-53,Yb_Yag5_2026-09-28_13-03-16,14.6,14.4,0.000466289,0.0983,0.00474353001017,0.00143231,0.0983,0.0145708036623,0.325550334773,1.04185154755
YbYag5,Yb_Yag5_2026-09-28_14-57-53,Yb_Yag5_2026-09-28_13-03-16,14.7,14.4,0.000468316,0.09845,0.00475689182326,0.00142158,0.09825,0.0144690076336,0.328764207174,1.05213683242
YbYag5,Yb_Yag5_2026-09-28_14-57-53,Yb_Yag5_2026-09-28_13-03-16,14.8,14.4,0.000466229,0.09845,0.0047356932453,0.00143326,0.0983,0.0145804679552,0.324797068232,1.03944088527
YbYag5,Yb_Yag5_2026-09-28_14-57-53,Yb_Yag5_2026-09-28_13-03-16,14.9,14.4,0.000454905,0.0984,0.00462301829268,0.00142289,0.0983,0.0144749745677,0.31938006323,1.02210496378
YbYag5,Yb_Yag5_2026-09-28_14-57-53,Yb_Yag5_2026-09-28_13-03-16,15,14.4,0.000455679,0.09845,0.00462853224987,0.00139333,0.09825,0.014181475827,0.326378742688,1.0445026831
YbYag5,Yb_Yag5_2026-09-28_14-57-53,Yb_Yag5_2026-09-28_13-03-16,15.1,14.4,0.00046772,0.0985,0.00474842639594,0.00141514,0.09835,0.014388815455,0.330008151873,1.05611780117
YbYag5,Yb_Yag5_2026-09-28_14-57-53,Yb_Yag5_2026-09-28_13-03-16,15.2,14.4,0.000471415,0.0985,0.00478593908629,0.00143088,0.0984,0.0145414634146,0.329123620494,1.05328705493
YbYag5,Yb_Yag5_2026-09-28_14-57-53,Yb_Yag5_2026-09-28_13-03-16,15.3,14.4,0.000467362,0.0985,0.00474479187817,0.00143588,0.09835,0.014599694967,0.324992535042,1.04006643339
YbYag5,Yb_Yag5_2026-09-28_14-57-53,Yb_Yag5_2026-09-28_13-03-16,15.4,14.4,0.000468435,0.0985,0.00475568527919,0.00143064,0.09825,0.014561221374,0.326599339234,1.04520865336
YbYag5,Yb_Yag5_2026-09-28_14-57-53,Yb_Yag5_2026-09-28_13-03-16,15.5,14.4,0.000475051,0.0984,0.00482775406504,0.00144184,0.0984,0.0146528455285,0.329475531265,1.0544132672
YbYag5,Yb_Yag5_2026-09-28_14-57-53,Yb_Yag5_2026-09-28_13-03-16,15.6,14.4,0.00047672,0.09835,0.00484717844433,0.00143684,0.09835,0.0146094560244,0.331783636313,1.06179984482
YbYag5,Yb_Yag5_2026-09-28_14-57-53,Yb_Yag5_2026-09-28_13-03-16,15.7,14.4,0.00047821,0.09855,0.00485246067986,0.00144435,0.09845,0.0146708989335,0.330754148185,1.0585051967
YbYag5,Yb_Yag5_2026-09-28_14-57-53,Yb_Yag5_2026-09-28_13-03-16,15.8,14.4,0.000468733,0.09865,0.0047514749113,0.00143982,0.09835,0.0146397559736,0.324559707134,1.03868126379
YbYag5,Yb_Yag5_2026-09-28_14-57-53,Yb_Yag5_2026-09-28_13-03-16,15.9,14.4,0.000477614,0.0986,0.00484395537525,0.00144244,0.0983,0.0146738555443,0.330107882051,1.05643696546
YbYag5,Yb_Yag5_2026-09-28_14-57-53,Yb_Yag5_2026-09-28_13-03-16,16,14.4,0.00047213,0.0986,0.004788336714,0.00144542,0.09835,0.0146966954753,0.325810432831,1.04268393362
YbYag5,Yb_Yag5_2026-09-28_14-57-53,Yb_Yag5_2026-09-28_13-03-16,16.1,14.4,0.00047213,0.0986,0.004788336714,0.00144983,0.0985,0.0147190862944,0.325314806791,1.04109779255
YbYag5,Yb_Yag5_2026-09-28_14-57-53,Yb_Yag5_2026-09-28_13-03-16,16.2,14.4,0.000475647,0.09855,0.00482645357686,0.00144625,0.0984,0.0146976626016,0.328382390295,1.05091491229
YbYag5,Yb_Yag5_2026-09-28_14-57-53,Yb_Yag5_2026-09-28_13-03-16,16.3,14.4,0.00047815,0.0987,0.00484447821682,0.00145365,0.09865,0.0147354282818,0.328763991394,1.05213614187
YbYag5,Yb_Yag5_2026-09-28_14-57-53,Yb_Yag5_2026-09-28_13-03-16,16.4,14.4,0.00047666,0.0986,0.00483427991886,0.0014447,0.09845,0.0146744540376,0.329435078571,1.05428380734
YbYag5,Yb_Yag5_2026-09-28_14-57-53,Yb_Yag5_2026-09-28_13-03-16,16.5,14.4,0.000471951,0.0986,0.00478652129817,0.00145341,0.09855,0.0147479452055,0.324555131679,1.03866662106
YbYag5,Yb_Yag5_2026-09-28_14-57-53,Yb_Yag5_2026-09-28_13-03-16,16.6,14.4,0.000472488,0.0986,0.00479196754564,0.00144935,0.09855,0.0147067478437,0.325834616638,1.04276132852
YbYag5,Yb_Yag5_2026-09-28_14-57-53,Yb_Yag5_2026-09-28_13-03-16,16.7,14.4,0.000454785,0.0986,0.00461242393509,0.0014509,0.0986,0.014715010142,0.313450272244,1.00312798463
YbYag5,Yb_Yag5_2026-09-28_14-57-53,Yb_Yag5_2026-09-28_13-03-16,16.8,14.4,0.000471475,0.0986,0.00478169371197,0.0014341,0.0985,0.0145593908629,0.328426769842,1.05105693918
YbYag5,Yb_Yag5_2026-09-28_14-57-53,Yb_Yag5_2026-09-28_13-03-16,16.9,14.4,0.000472369,0.0987,0.00478590678825,0.00143743,0.0986,0.0145783975659,0.328287575271,1.05061147787
YbYag5,Yb_Yag5_2026-09-28_14-57-53,Yb_Yag5_2026-09-28_13-03-16,17,14.4,0.000476958,0.0989,0.0048226289181,0.00143779,0.09865,0.0145746578814,0.33089139775,1.05894443345
YbYag5,Yb_Yag5_2026-09-28_14-57-53,Yb_Yag5_2026-09-28_13-03-16,17.1,14.4,0.000475468,0.0988,0.0048124291498,0.00144029,0.09855,0.0146148148148,0.329284305739,1.05380129238
YbYag5,Yb_Yag5_2026-09-28_14-57-53,Yb_Yag5_2026-09-28_13-03-16,17.2,14.4,0.000472667,0.09885,0.00478165907941,0.00143612,0.0986,0.0145651115619,0.328295396784,1.05063650888
YbYag5,Yb_Yag5_2026-09-28_14-57-53,Yb_Yag5_2026-09-28_13-03-16,17.3,14.4,0.00047213,0.09895,0.00477139969682,0.00143624,0.09865,0.0145589457679,0.32772975275,1.04882629077
YbYag5,Yb_Yag5_2026-09-28_14-57-53,Yb_Yag5_2026-09-28_13-03-16,17.4,14.4,0.000475826,0.09885,0.00481361659079,0.00143231,0.0987,0.0145117527862,0.331704699061,1.06154722367
YbYag5,Yb_Yag5_2026-09-28_14-57-53,Yb_Yag5_2026-09-28_13-03-16,17.5,14.4,0.000468673,0.09885,0.0047412544259,0.00141884,0.0986,0.0143898580122,0.329485838003,1.05444625163
YbYag5,Yb_Yag5_2026-09-28_14-57-53,Yb_Yag5_2026-09-28_13-03-16,17.6,14.4,0.000472309,0.09885,0.00477803743045,0.00142408,0.0986,0.0144430020284,0.330820242291,1.05871671621
YbYag5,Yb_Yag5_2026-09-28_14-57-53,Yb_Yag5_2026-09-28_13-03-16,17.7,14.4,0.000471594,0.0988,0.00477321862348,0.00142158,0.0985,0.014432284264,0.330732026626,1.05843440156
YbYag5,Yb_Yag5_2026-09-28_14-57-53,Yb_Yag5_2026-09-28_13-03-16,17.8,14.4,0.000476362,0.09885,0.0048190389479,0.00141955,0.0986,0.0143970588235,0.334723849293,1.07120934349
YbYag5,Yb_Yag5_2026-09-28_14-57-53,Yb_Yag5_2026-09-28_13-03-16,17.9,14.4,0.000468733,0.0988,0.0047442611336,0.00141609,0.09865,0.0143546882919,0.330502553391,1.05770002343
YbYag5,Yb_Yag5_2026-09-28_14-57-53,Yb_Yag5_2026-09-28_13-03-16,18,14.4,0.000471653,0.09885,0.0047714011128,0.00142647,0.0987,0.0144525835866,0.330141741386,1.05654532474
YbYag5,Yb_Yag5_2026-09-28_14-57-53,Yb_Yag5_2026-09-28_13-03-16,18.1,14.4,0.000472667,0.0988,0.00478407894737,0.0014211,0.0985,0.0144274111675,0.33159649308,1.06120093447
YbYag5,Yb_Yag5_2026-09-28_14-57-53,Yb_Yag5_2026-09-28_13-03-16,18.2,14.4,0.000473144,0.09875,0.00479133164557,0.00142718,0.0987,0.0144597771023,0.331355843985,1.06043079048
YbYag5,Yb_Yag5_2026-09-28_14-57-53,Yb_Yag5_2026-09-28_13-03-16,18.3,14.4,0.000475945,0.0987,0.00482213779129,0.00142861,0.0986,0.0144889452333,0.33281496435,1.06510038116
YbYag5,Yb_Yag5_2026-09-28_14-57-53,Yb_Yag5_2026-09-28_13-03-16,18.4,14.4,0.000476839,0.09895,0.00481898938858,0.00142241,0.09855,0.014433384069,0.33387799878,1.06850238678
YbYag5,Yb_Yag5_2026-09-28_14-57-53,Yb_Yag5_2026-09-28_13-03-16,18.5,14.4,0.000472846,0.09875,0.00478831392405,0.0014273,0.09865,0.0144683223517,0.330951564919,1.05913698511
YbYag5,Yb_Yag5_2026-09-28_14-57-53,Yb_Yag5_2026-09-28_13-03-16,18.6,14.4,0.000480535,0.0988,0.0048637145749,0.00143982,0.0987,0.0145878419453,0.333408779252,1.06700075388
YbYag5,Yb_Yag5_2026-09-28_14-57-53,Yb_Yag5_2026-09-28_13-03-16,18.7,14.4,0.000477673,0.09865,0.00484209832742,0.00143302,0.0986,0.0145336713996,0.333164153385,1.06621788312
YbYag5,Yb_Yag5_2026-09-28_14-57-53,Yb_Yag5_2026-09-28_13-03-16,18.8,14.4,0.00047827,0.0988,0.00484078947368,0.00144065,0.09865,0.0146036492651,0.331478070022,1.06082194777
YbYag5,Yb_Yag5_2026-09-28_14-57-53,Yb_Yag5_2026-09-28_13-03-16,18.9,14.4,0.000476124,0.0988,0.00481906882591,0.00143183,0.0986,0.0145216024341,0.331855168724,1.06202876842
YbYag5,Yb_Yag5_2026-09-28_14-57-53,Yb_Yag5_2026-09-28_13-03-16,19,14.4,0.000472011,0.0987,0.00478227963526,0.00143016,0.0986,0.0145046653144,0.329706307012,1.05515181373
YbYag5,Yb_Yag5_2026-09-28_14-57-53,Yb_Yag5_2026-09-28_13-03-16,19.1,14.4,0.000477614,0.09885,0.00483170460293,0.00142551,0.0985,0.0144721827411,0.333861497562,1.06844957829
YbYag5,Yb_Yag5_2026-09-28_14-57-53,Yb_Yag5_2026-09-28_13-03-16,19.2,14.4,0.000480654,0.09875,0.00486738227848,0.00143839,0.0986,0.0145881338742,0.33365352419,1.0677840057
YbYag5,Yb_Yag5_2026-09-28_14-57-53,Yb_Yag5_2026-09-28_13-03-16,19.3,14.4,0.000477256,0.09875,0.0048329721519,0.00143135,0.09865,0.0145093765839,0.333093026013,1.06599025576
YbYag5,Yb_Yag5_2026-09-28_14-57-53,Yb_Yag5_2026-09-28_13-03-16,19.4,14.4,0.000478448,0.09885,0.00484014162873,0.00142086,0.0985,0.0144249746193,0.335539004849,1.07381806782
YbYag5,Yb_Yag5_2026-09-28_14-57-53,Yb_Yag5_2026-09-28_13-03-16,19.5,14.4,0.000481369,0.0988,0.00487215587045,0.00143564,0.09865,0.0145528636594,0.334790181814,1.071421626
YbYag5,Yb_Yag5_2026-09-28_14-57-53,Yb_Yag5_2026-09-28_13-03-16,19.6,14.4,0.000481011,0.09885,0.00486606980273,0.00143457,0.09855,0.0145567732116,0.33428217449,1.06979586137
YbYag5,Yb_Yag5_2026-09-28_14-57-53,Yb_Yag5_2026-09-28_13-03-16,19.7,14.4,0.000477137,0.0988,0.00482932186235,0.0014211,0.09855,0.0144200913242,0.334902307744,1.07178046013
YbYag5,Yb_Yag5_2026-09-28_14-57-53,Yb_Yag5_2026-09-28_13-03-16,19.8,14.4,0.000480773,0.09885,0.00486366211431,0.0014242,0.09845,0.0144662265109,0.336208071306,1.07595926643
YbYag5,Yb_Yag5_2026-09-28_14-57-53,Yb_Yag5_2026-09-28_13-03-16,19.9,14.4,0.000475647,0.09885,0.00481180576631,0.00143028,0.0986,0.0145058823529,0.331714103923,1.06157732185
YbYag5,Yb_Yag5_2026-09-28_14-57-53,Yb_Yag5_2026-09-28_13-03-16,20,14.4,0.000477137,0.0987,0.0048342147923,0.00143743,0.0985,0.0145931979695,0.331264936062,1.06013985986
YbYag5,Yb_Yag5_2026-09-28_14-57-53,Yb_Yag5_2026-09-28_13-03-16,20.1,14.4,0.00048125,0.09885,0.00486848760749,0.00143493,0.0986,0.0145530425963,0.334534003819,1.07060178522
YbYag5,Yb_Yag5_2026-09-28_14-57-53,Yb_Yag5_2026-09-28_13-03-16,20.2,14.4,0.000475707,0.09865,0.00482216928535,0.00142074,0.0984,0.0144384146341,0.333981909202,1.06883492901
YbYag5,Yb_Yag5_2026-09-28_14-57-53,Yb_Yag5_2026-09-28_13-03-16,20.3,14.4,0.000464918,0.0988,0.00470564777328,0.00141121,0.09855,0.0143197361745,0.328612742298,1.05165210272
YbYag5,Yb_Yag5_2026-09-28_14-57-53,Yb_Yag5_2026-09-28_13-03-16,20.4,14.4,0.000462892,0.09875,0.00468751392405,0.00138224,0.09865,0.0140115560061,0.334546278944,1.07064106903
YbYag5,Yb_Yag5_2026-09-28_14-57-53,Yb_Yag5_2026-09-28_13-03-16,20.5,14.4,0.000431182,0.0988,0.0043641902834,0.00133503,0.09845,0.0135604875571,0.321831369634,1.02994982553
YbYag5,Yb_Yag5_2026-09-28_14-57-53,Yb_Yag5_2026-09-28_13-03-16,20.6,14.4,0.00040734,0.09875,0.00412496202532,0.001279,0.09855,0.0129781836631,0.317838160747,1.01717044731
YbYag5,Yb_Yag5_2026-09-28_14-57-53,Yb_Yag5_2026-09-28_13-03-16,20.7,14.4,0.000351788,0.0988,0.00356060728745,0.00119603,0.09865,0.0121239736442,0.293683192651,0.939867836307
YbYag5,Yb_Yag5_2026-09-28_14-57-53,Yb_Yag5_2026-09-28_13-03-16,13.8,14.5,0.000404002,0.09835,0.00410779867819,0.000932459,0.09825,0.00949067684478,0.432824628356,1.38515910046
YbYag5,Yb_Yag5_2026-09-28_14-57-53,Yb_Yag5_2026-09-28_13-03-16,13.9,14.5,0.000441315,0.09835,0.0044871886121,0.00124849,0.0982,0.0127137474542,0.352939888751,1.12950573233
YbYag5,Yb_Yag5_2026-09-28_14-57-53,Yb_Yag5_2026-09-28_13-03-16,14,14.5,0.000462594,0.09845,0.00469877094972,0.00137354,0.09805,0.0140085670576,0.335421241188,1.07344119137
YbYag5,Yb_Yag5_2026-09-28_14-57-53,Yb_Yag5_2026-09-28_13-03-16,14.1,14.5,0.000471594,0.09835,0.00479505846467,0.00141967,0.0982,0.0144569246436,0.331679010777,1.06146501403
YbYag5,Yb_Yag5_2026-09-28_14-57-53,Yb_Yag5_2026-09-28_13-03-16,14.2,14.5,0.000476601,0.0986,0.00483368154158,0.00143684,0.09825,0.0146243256997,0.330523378707,1.05776667023
YbYag5,Yb_Yag5_2026-09-28_14-57-53,Yb_Yag5_2026-09-28_13-03-16,14.3,14.5,0.00047219,0.09855,0.00479137493658,0.00144649,0.09825,0.0147225445293,0.325444757667,1.04151367147
YbYag5,Yb_Yag5_2026-09-28_14-57-53,Yb_Yag5_2026-09-28_13-03-16,14.4,14.5,0.000471713,0.09855,0.00478653475393,0.00145102,0.0983,0.0147611393693,0.324265941414,1.03774113184
YbYag5,Yb_Yag5_2026-09-28_14-57-53,Yb_Yag5_2026-09-28_13-03-16,14.5,14.5,0.000472667,0.0985,0.00479864974619,0.00144733,0.0982,0.0147385947047,0.325583940826,1.04195909625
YbYag5,Yb_Yag5_2026-09-28_14-57-53,Yb_Yag5_2026-09-28_13-03-16,14.6,14.5,0.000467958,0.09835,0.00475808845958,0.00145376,0.09835,0.0147814946619,0.321894948272,1.03015329485
YbYag5,Yb_Yag5_2026-09-28_14-57-53,Yb_Yag5_2026-09-28_13-03-16,14.7,14.5,0.000466647,0.0984,0.00474234756098,0.00144387,0.0983,0.0146884028484,0.322863391611,1.03325258268
YbYag5,Yb_Yag5_2026-09-28_14-57-53,Yb_Yag5_2026-09-28_13-03-16,14.8,14.5,0.000468435,0.0985,0.00475568527919,0.00143481,0.0982,0.0146110997963,0.325484415649,1.04164058803
YbYag5,Yb_Yag5_2026-09-28_14-57-53,Yb_Yag5_2026-09-28_13-03-16,14.9,14.5,0.00045854,0.0985,0.0046552284264,0.00143183,0.0983,0.0145659206511,0.319597266655,1.0228000751
YbYag5,Yb_Yag5_2026-09-28_14-57-53,Yb_Yag5_2026-09-28_13-03-16,15,14.5,0.000467421,0.0984,0.00475021341463,0.00141681,0.09815,0.0144351502802,0.329072667927,1.05312399256
YbYag5,Yb_Yag5_2026-09-28_14-57-53,Yb_Yag5_2026-09-28_13-03-16,15.1,14.5,0.000467958,0.09845,0.00475325545962,0.00142766,0.09825,0.0145308905852,0.327113842868,1.04685520798
YbYag5,Yb_Yag5_2026-09-28_14-57-53,Yb_Yag5_2026-09-28_13-03-16,15.2,14.5,0.000473501,0.09855,0.00480467782851,0.00144769,0.0985,0.0146973604061,0.326907532765,1.04619495831
YbYag5,Yb_Yag5_2026-09-28_14-57-53,Yb_Yag5_2026-09-28_13-03-16,15.3,14.5,0.000475707,0.09835,0.00483687849517,0.00144447,0.09825,0.0147019847328,0.328994933887,1.05287522203
YbYag5,Yb_Yag5_2026-09-28_14-57-53,Yb_Yag5_2026-09-28_13-03-16,15.4,14.5,0.000467123,0.09835,0.00474959837316,0.00144482,0.0984,0.0146831300813,0.323473152309,1.03520398637
YbYag5,Yb_Yag5_2026-09-28_14-57-53,Yb_Yag5_2026-09-28_13-03-16,15.5,14.5,0.000476481,0.09865,0.00483001520527,0.00145376,0.0983,0.0147890132248,0.326594826298,1.04519421071
YbYag5,Yb_Yag5_2026-09-28_14-57-53,Yb_Yag5_2026-09-28_13-03-16,15.6,14.5,0.000471773,0.0985,0.00478957360406,0.00145007,0.09825,0.0147589821883,0.324519234657,1.03855174061
YbYag5,Yb_Yag5_2026-09-28_14-57-53,Yb_Yag5_2026-09-28_13-03-16,15.7,14.5,0.000471892,0.0985,0.00479078172589,0.00144935,0.0983,0.0147441505595,0.32492761835,1.03985868193
YbYag5,Yb_Yag5_2026-09-28_14-57-53,Yb_Yag5_2026-09-28_13-03-16,15.8,14.5,0.000478508,0.09855,0.00485548452562,0.00144673,0.0984,0.0147025406504,0.3302479919,1.05688535592
YbYag5,Yb_Yag5_2026-09-28_14-57-53,Yb_Yag5_2026-09-28_13-03-16,15.9,14.5,0.000477137,0.09865,0.00483666497719,0.00144673,0.09835,0.0147100152517,0.328800813217,1.05225398193
YbYag5,Yb_Yag5_2026-09-28_14-57-53,Yb_Yag5_2026-09-28_13-03-16,16,14.5,0.000475826,0.09855,0.00482826991375,0.00145055,0.09845,0.0147338750635,0.327698578476,1.04872652443
YbYag5,Yb_Yag5_2026-09-28_14-57-53,Yb_Yag5_2026-09-28_13-03-16,16.1,14.5,0.000476899,0.0987,0.00483180344478,0.00145365,0.09845,0.0147653631285,0.327239052824,1.04725591464
YbYag5,Yb_Yag5_2026-09-28_14-57-53,Yb_Yag5_2026-09-28_13-03-16,16.2,14.5,0.000476839,0.0987,0.00483119554205,0.00144316,0.09825,0.0146886513995,0.328906678404,1.05259277995
YbYag5,Yb_Yag5_2026-09-28_14-57-53,Yb_Yag5_2026-09-28_13-03-16,16.3,14.5,0.000480296,0.0987,0.00486622087133,0.00145877,0.0987,0.0147798378926,0.32924724254,1.05368267984
YbYag5,Yb_Yag5_2026-09-28_14-57-53,Yb_Yag5_2026-09-28_13-03-16,16.4,14.5,0.000477197,0.09885,0.00482748609004,0.00145436,0.09865,0.0147426254435,0.327450908153,1.04793391057
YbYag5,Yb_Yag5_2026-09-28_14-57-53,Yb_Yag5_2026-09-28_13-03-16,16.5,14.5,0.000477137,0.0986,0.00483911764706,0.00145543,0.09865,0.0147534718702,0.327998568041,1.04968657441
YbYag5,Yb_Yag5_2026-09-28_14-57-53,Yb_Yag5_2026-09-28_13-03-16,16.6,14.5,0.000476362,0.0986,0.00483125760649,0.00145639,0.0986,0.0147706896552,0.327084091486,1.04675999529
YbYag5,Yb_Yag5_2026-09-28_14-57-53,Yb_Yag5_2026-09-28_13-03-16,16.7,14.5,0.000476422,0.0986,0.00483186612576,0.00145293,0.09865,0.0147281297516,0.328070583791,1.04991704483
YbYag5,Yb_Yag5_2026-09-28_14-57-53,Yb_Yag5_2026-09-28_13-03-16,16.8,14.5,0.00047666,0.0987,0.00482938196555,0.00145281,0.09855,0.0147418569254,0.327596583659,1.04840011267
YbYag5,Yb_Yag5_2026-09-28_14-57-53,Yb_Yag5_2026-09-28_13-03-16,16.9,14.5,0.00047213,0.0988,0.0047786437247,0.00144506,0.0986,0.0146557809331,0.326058621271,1.0434782056
YbYag5,Yb_Yag5_2026-09-28_14-57-53,Yb_Yag5_2026-09-28_13-03-16,17,14.5,0.000472249,0.09875,0.00478226835443,0.0014484,0.09875,0.0146673417722,0.32604874344,1.0434465938
YbYag5,Yb_Yag5_2026-09-28_14-57-53,Yb_Yag5_2026-09-28_13-03-16,17.1,14.5,0.000477018,0.0989,0.00482323559151,0.00144697,0.09875,0.0146528607595,0.329166820778,1.05342530785
YbYag5,Yb_Yag5_2026-09-28_14-57-53,Yb_Yag5_2026-09-28_13-03-16,17.2,14.5,0.00047219,0.0988,0.00477925101215,0.00143779,0.09865,0.0145746578814,0.327915142231,1.04941958863
YbYag5,Yb_Yag5_2026-09-28_14-57-53,Yb_Yag5_2026-09-28_13-03-16,17.3,14.5,0.000471534,0.0988,0.00477261133603,0.00143696,0.0987,0.0145588652482,0.327814788767,1.04909842966
YbYag5,Yb_Yag5_2026-09-28_14-57-53,Yb_Yag5_2026-09-28_13-03-16,17.4,14.5,0.000482442,0.09885,0.00488054628225,0.00143481,0.0988,0.0145223684211,0.336070959001,1.07552046895
YbYag5,Yb_Yag5_2026-09-28_14-57-53,Yb_Yag5_2026-09-28_13-03-16,17.5,14.5,0.000472786,0.09885,0.00478286292362,0.00143231,0.0987,0.0145117527862,0.329585474207,1.05476511517
YbYag5,Yb_Yag5_2026-09-28_14-57-53,Yb_Yag5_2026-09-28_13-03-16,17.6,14.5,0.000471892,0.099,0.00476658585859,0.0014298,0.09865,0.0144936644703,0.328873755037,1.05248741603
YbYag5,Yb_Yag5_2026-09-28_14-57-53,Yb_Yag5_2026-09-28_13-03-16,17.7,14.5,0.000472786,0.0989,0.00478044489383,0.00143469,0.09865,0.0145432336543,0.328705775309,1.05194983421
YbYag5,Yb_Yag5_2026-09-28_14-57-53,Yb_Yag5_2026-09-28_13-03-16,17.8,14.5,0.000472726,0.0988,0.00478467611336,0.00142968,0.09855,0.0145071537291,0.329814945282,1.05549948639
YbYag5,Yb_Yag5_2026-09-28_14-57-53,Yb_Yag5_2026-09-28_13-03-16,17.9,14.5,0.000475051,0.09875,0.00481064303797,0.00142837,0.0987,0.0144718338399,0.332414197896,1.06381781713
YbYag5,Yb_Yag5_2026-09-28_14-57-53,Yb_Yag5_2026-09-28_13-03-16,18,14.5,0.000480415,0.0988,0.0048625,0.00142897,0.0987,0.0144779128673,0.335856421058,1.0748338879
YbYag5,Yb_Yag5_2026-09-28_14-57-53,Yb_Yag5_2026-09-28_13-03-16,18.1,14.5,0.000468494,0.09885,0.00473944360142,0.00142062,0.0986,0.0144079107505,0.328947318143,1.05272283841
YbYag5,Yb_Yag5_2026-09-28_14-57-53,Yb_Yag5_2026-09-28_13-03-16,18.2,14.5,0.000476005,0.0987,0.00482274569402,0.0014304,0.0986,0.0145070993915,0.332440384109,1.06390162029
YbYag5,Yb_Yag5_2026-09-28_14-57-53,Yb_Yag5_2026-09-28_13-03-16,18.3,14.5,0.000476005,0.09885,0.00481542741528,0.00142897,0.09865,0.014485250887,0.332436590353,1.06388947922
YbYag5,Yb_Yag5_2026-09-28_14-57-53,Yb_Yag5_2026-09-28_13-03-16,18.4,14.5,0.00047666,0.0988,0.00482449392713,0.00143243,0.0986,0.0145276876268,0.332089596849,1.06277900357
YbYag5,Yb_Yag5_2026-09-28_14-57-53,Yb_Yag5_2026-09-28_13-03-16,18.5,14.5,0.000476183,0.09865,0.00482699442473,0.00142909,0.0986,0.0144938133874,0.333038262306,1.06581499668
YbYag5,Yb_Yag5_2026-09-28_14-57-53,Yb_Yag5_2026-09-28_13-03-16,18.6,14.5,0.000476362,0.09875,0.00482391898734,0.00143708,0.0987,0.0145600810537,0.331311272894,1.0602881506
YbYag5,Yb_Yag5_2026-09-28_14-57-53,Yb_Yag5_2026-09-28_13-03-16,18.7,14.5,0.000476183,0.09865,0.00482699442473,0.0014341,0.09865,0.0145372529143,0.33204309323,1.06263017906
YbYag5,Yb_Yag5_2026-09-28_14-57-53,Yb_Yag5_2026-09-28_13-03-16,18.8,14.5,0.000476899,0.0988,0.00482691295547,0.00144304,0.0987,0.0146204660588,0.330147680386,1.05656433119
YbYag5,Yb_Yag5_2026-09-28_14-57-53,Yb_Yag5_2026-09-28_13-03-16,18.9,14.5,0.000480058,0.0988,0.00485888663968,0.00143767,0.0987,0.0145660587639,0.33357593282,1.06753569175
YbYag5,Yb_Yag5_2026-09-28_14-57-53,Yb_Yag5_2026-09-28_13-03-16,19,14.5,0.000480594,0.0988,0.00486431174089,0.00143481,0.0986,0.0145518255578,0.334275017356,1.06977295656
YbYag5,Yb_Yag5_2026-09-28_14-57-53,Yb_Yag5_2026-09-28_13-03-16,19.1,14.5,0.000481011,0.09875,0.00487099746835,0.00143255,0.0986,0.0145289046653,0.335262539094,1.07293330057
YbYag5,Yb_Yag5_2026-09-28_14-57-53,Yb_Yag5_2026-09-28_13-03-16,19.2,14.5,0.000471773,0.09865,0.00478229092752,0.00142968,0.0986,0.0144997971602,0.32981778122,1.05550856218
YbYag5,Yb_Yag5_2026-09-28_14-57-53,Yb_Yag5_2026-09-28_13-03-16,19.3,14.5,0.000477793,0.0988,0.00483596153846,0.00143064,0.0986,0.0145095334686,0.333295453567,1.06663808019
YbYag5,Yb_Yag5_2026-09-28_14-57-53,Yb_Yag5_2026-09-28_13-03-16,19.4,14.5,0.000476779,0.0989,0.0048208190091,0.00143314,0.09865,0.0145275215408,0.331840430975,1.06198160352
YbYag5,Yb_Yag5_2026-09-28_14-57-53,Yb_Yag5_2026-09-28_13-03-16,19.5,14.5,0.000476064,0.09885,0.00481602427921,0.00142873,0.09865,0.0144828180436,0.332533645366,1.06420008223
YbYag5,Yb_Yag5_2026-09-28_14-57-53,Yb_Yag5_2026-09-28_13-03-16,19.6,14.5,0.000475528,0.09875,0.00481547341772,0.00144006,0.0987,0.0145902735562,0.330046821889,1.05624155597
YbYag5,Yb_Yag5_2026-09-28_14-57-53,Yb_Yag5_2026-09-28_13-03-16,19.7,14.5,0.000478448,0.09885,0.00484014162873,0.00144149,0.0986,0.0146195740365,0.331072684925,1.05952460279
YbYag5,Yb_Yag5_2026-09-28_14-57-53,Yb_Yag5_2026-09-28_13-03-16,19.8,14.5,0.000476422,0.09885,0.00481964592817,0.00143958,0.09865,0.0145928028383,0.330275546211,1.05697353737
YbYag5,Yb_Yag5_2026-09-28_14-57-53,Yb_Yag5_2026-09-28_13-03-16,19.9,14.5,0.000481071,0.0987,0.00487407294833,0.00144184,0.0986,0.0146231237323,0.333312706475,1.06669329429
YbYag5,Yb_Yag5_2026-09-28_14-57-53,Yb_Yag5_2026-09-28_13-03-16,20,14.5,0.00047827,0.0988,0.00484078947368,0.00144196,0.0986,0.0146243407708,0.331009072446,1.05932102518
YbYag5,Yb_Yag5_2026-09-28_14-57-53,Yb_Yag5_2026-09-28_13-03-16,20.1,14.5,0.000480833,0.0989,0.004861809909,0.0014453,0.0987,0.0146433637285,0.332014556159,1.06253885251
YbYag5,Yb_Yag5_2026-09-28_14-57-53,Yb_Yag5_2026-09-28_13-03-16,20.2,14.5,0.000473203,0.0988,0.00478950404858,0.00142849,0.09845,0.0145098019299,0.330087486495,1.05637169401
YbYag5,Yb_Yag5_2026-09-28_14-57-53,Yb_Yag5_2026-09-28_13-03-16,20.3,14.5,0.000473859,0.09885,0.00479371775417,0.00141741,0.09855,0.0143826484018,0.333298681874,1.06664841167
YbYag5,Yb_Yag5_2026-09-28_14-57-53,Yb_Yag5_2026-09-28_13-03-16,20.4,14.5,0.000459494,0.09885,0.00464839656045,0.00140096,0.0985,0.0142229441624,0.326823793117,1.04592696816
YbYag5,Yb_Yag5_2026-09-28_14-57-53,Yb_Yag5_2026-09-28_13-03-16,20.5,14.5,0.000444563,0.0987,0.00450418439716,0.00136805,0.0985,0.0138888324873,0.324302593561,1.0378584289
YbYag5,Yb_Yag5_2026-09-28_14-57-53,Yb_Yag5_2026-09-28_13-03-16,20.6,14.5,0.000426652,0.0988,0.00431834008097,0.00132955,0.09865,0.0134774455144,0.320412356804,1.02540859011
YbYag5,Yb_Yag5_2026-09-28_14-57-53,Yb_Yag5_2026-09-28_13-03-16,20.7,14.5,0.000384988,0.09885,0.00389466868993,0.00125266,0.09865,0.0126980233147,0.306714564417,0.98157184761
YbYag5,Yb_Yag5_2026-09-28_14-57-53,Yb_Yag5_2026-09-28_13-03-16,20.8,14.5,0.000309976,0.0988,0.00313740890688,0.00114823,0.09855,0.0116512430238,0.269276754461,0.86176045111
YbYag5,Yb_Yag5_2026-09-28_14-57-53,Yb_Yag5_2026-09-28_13-03-16,13.8,14.6,0.000440599,0.09845,0.00447535804977,0.00116432,0.09815,0.0118626591951,0.37726431959,1.2073506712
YbYag5,Yb_Yag5_2026-09-28_14-57-53,Yb_Yag5_2026-09-28_13-03-16,13.9,14.6,0.000458421,0.09845,0.00465638395124,0.00136376,0.0982,0.0138875763747,0.335291329862,1.07302543903
YbYag5,Yb_Yag5_2026-09-28_14-57-53,Yb_Yag5_2026-09-28_13-03-16,14,14.6,0.000465365,0.09855,0.00472212075089,0.00142134,0.098,0.0145034693878,0.325585597806,1.04196439905
YbYag5,Yb_Yag5_2026-09-28_14-57-53,Yb_Yag5_2026-09-28_13-03-16,14.1,14.6,0.000470342,0.0983,0.00478476093591,0.00144041,0.09815,0.0146755985736,0.32603514684,1.0434030809
YbYag5,Yb_Yag5_2026-09-28_14-57-53,Yb_Yag5_2026-09-28_13-03-16,14.2,14.6,0.00047517,0.0984,0.00482896341463,0.00145388,0.0982,0.0148052953157,0.32616461284,1.04381740808
YbYag5,Yb_Yag5_2026-09-28_14-57-53,Yb_Yag5_2026-09-28_13-03-16,14.3,14.6,0.000471534,0.09845,0.00478957846623,0.00145603,0.09815,0.0148347427407,0.322862253155,1.0332489393
YbYag5,Yb_Yag5_2026-09-28_14-57-53,Yb_Yag5_2026-09-28_13-03-16,14.4,14.6,0.000469448,0.09845,0.00476839004571,0.00145269,0.0981,0.0148082568807,0.322008868709,1.03051787191
YbYag5,Yb_Yag5_2026-09-28_14-57-53,Yb_Yag5_2026-09-28_13-03-16,14.5,14.6,0.000471296,0.09845,0.00478716099543,0.00145329,0.0981,0.0148143730887,0.323143002189,1.03414741424
YbYag5,Yb_Yag5_2026-09-28_14-57-53,Yb_Yag5_2026-09-28_13-03-16,14.6,14.6,0.000472071,0.09845,0.00479503301168,0.0014571,0.09825,0.0148305343511,0.323321661793,1.03471917462
YbYag5,Yb_Yag5_2026-09-28_14-57-53,Yb_Yag5_2026-09-28_13-03-16,14.7,14.6,0.000471832,0.09845,0.00479260538344,0.00145722,0.09815,0.0148468670402,0.322802472095,1.0330576233
YbYag5,Yb_Yag5_2026-09-28_14-57-53,Yb_Yag5_2026-09-28_13-03-16,14.8,14.6,0.000475647,0.09845,0.00483135601828,0.00144876,0.09815,0.0147606724401,0.327312731712,1.04749170755
YbYag5,Yb_Yag5_2026-09-28_14-57-53,Yb_Yag5_2026-09-28_13-03-16,14.9,14.6,0.000471951,0.09845,0.00479381411884,0.00145627,0.09815,0.0148371879776,0.323094519398,1.03399225583
YbYag5,Yb_Yag5_2026-09-28_14-57-53,Yb_Yag5_2026-09-28_13-03-16,15,14.6,0.000469508,0.0984,0.00477142276423,0.00144423,0.09815,0.014714518594,0.324266317906,1.03774233672
YbYag5,Yb_Yag5_2026-09-28_14-57-53,Yb_Yag5_2026-09-28_13-03-16,15.1,14.6,0.000469269,0.09835,0.00477141840366,0.00144876,0.0982,0.0147531568228,0.323416775201,1.03502356396
YbYag5,Yb_Yag5_2026-09-28_14-57-53,Yb_Yag5_2026-09-28_13-03-16,15.2,14.6,0.000467481,0.0983,0.00475565615463,0.00145281,0.0983,0.0147793489318,0.321777107813,1.02977617263
YbYag5,Yb_Yag5_2026-09-28_14-57-53,Yb_Yag5_2026-09-28_13-03-16,15.3,14.6,0.000473024,0.0984,0.00480715447154,0.00145293,0.0982,0.0147956211813,0.324903862611,1.03978265696
YbYag5,Yb_Yag5_2026-09-28_14-57-53,Yb_Yag5_2026-09-28_13-03-16,15.4,14.6,0.000474991,0.09845,0.00482469273743,0.001449,0.0982,0.0147556008147,0.326973655497,1.04640656943
YbYag5,Yb_Yag5_2026-09-28_14-57-53,Yb_Yag5_2026-09-28_13-03-16,15.5,14.6,0.000471117,0.09845,0.00478534281361,0.00143982,0.0981,0.0146770642202,0.326042234456,1.04342576324
YbYag5,Yb_Yag5_2026-09-28_14-57-53,Yb_Yag5_2026-09-28_13-03-16,15.6,14.6,0.000479283,0.09855,0.00486334855403,0.00145055,0.09815,0.0147789098319,0.329073565598,1.05312686535
YbYag5,Yb_Yag5_2026-09-28_14-57-53,Yb_Yag5_2026-09-28_13-03-16,15.7,14.6,0.000470759,0.09855,0.00477685438864,0.00145365,0.09825,0.0147954198473,0.322860347185,1.03324283967
YbYag5,Yb_Yag5_2026-09-28_14-57-53,Yb_Yag5_2026-09-28_13-03-16,15.8,14.6,0.000476362,0.09865,0.00482880892043,0.00145376,0.09825,0.0147965394402,0.326347180024,1.04440167381
YbYag5,Yb_Yag5_2026-09-28_14-57-53,Yb_Yag5_2026-09-28_13-03-16,15.9,14.6,0.000475587,0.0986,0.00482339756592,0.00144995,0.09825,0.0147577608142,0.326838036383,1.04597255057
YbYag5,Yb_Yag5_2026-09-28_14-57-53,Yb_Yag5_2026-09-28_13-03-16,16,14.6,0.000477912,0.09855,0.00484943683409,0.00145961,0.0984,0.0148334349593,0.326926086061,1.04625433401
YbYag5,Yb_Yag5_2026-09-28_14-57-53,Yb_Yag5_2026-09-28_13-03-16,16.1,14.6,0.000477733,0.09845,0.0048525444388,0.00146664,0.0984,0.0149048780488,0.325567537212,1.04190660013
YbYag5,Yb_Yag5_2026-09-28_14-57-53,Yb_Yag5_2026-09-28_13-03-16,16.2,14.6,0.000480117,0.0986,0.00486934077079,0.00145484,0.0983,0.0148,0.32900951154,1.05292187457
YbYag5,Yb_Yag5_2026-09-28_14-57-53,Yb_Yag5_2026-09-28_13-03-16,16.3,14.6,0.000480475,0.09865,0.00487050177395,0.00146366,0.0983,0.0148897253306,0.327104877075,1.04682651495
YbYag5,Yb_Yag5_2026-09-28_14-57-53,Yb_Yag5_2026-09-28_13-03-16,16.4,14.6,0.000477554,0.09875,0.00483598987342,0.00145996,0.09845,0.0148294565769,0.326107018713,1.04363309087
YbYag5,Yb_Yag5_2026-09-28_14-57-53,Yb_Yag5_2026-09-28_13-03-16,16.5,14.6,0.00047517,0.09855,0.00482161339422,0.00146056,0.09835,0.0148506354855,0.324673876679,1.03904663806
YbYag5,Yb_Yag5_2026-09-28_14-57-53,Yb_Yag5_2026-09-28_13-03-16,16.6,14.6,0.000479938,0.09875,0.00486013164557,0.00145889,0.09845,0.0148185881158,0.32797535147,1.04961227493
YbYag5,Yb_Yag5_2026-09-28_14-57-53,Yb_Yag5_2026-09-28_13-03-16,16.7,14.6,0.000480654,0.0987,0.00486984802432,0.00145937,0.09845,0.0148234636872,0.328522950309,1.05136474341
YbYag5,Yb_Yag5_2026-09-28_14-57-53,Yb_Yag5_2026-09-28_13-03-16,16.8,14.6,0.000475647,0.0987,0.00481911854103,0.00145627,0.09845,0.0147919756221,0.325792758462,1.04262737073
YbYag5,Yb_Yag5_2026-09-28_14-57-53,Yb_Yag5_2026-09-28_13-03-16,16.9,14.6,0.00047976,0.0987,0.00486079027356,0.00145376,0.0985,0.0147589847716,0.32934448736,1.05399389029
YbYag5,Yb_Yag5_2026-09-28_14-57-53,Yb_Yag5_2026-09-28_13-03-16,17,14.6,0.00047219,0.0989,0.00477441860465,0.00144959,0.0985,0.0147166497462,0.324422928247,1.03824353334
YbYag5,Yb_Yag5_2026-09-28_14-57-53,Yb_Yag5_2026-09-28_13-03-16,17.1,14.6,0.000476422,0.0989,0.00481720930233,0.00144518,0.09845,0.0146793296089,0.328162758837,1.05021203059
YbYag5,Yb_Yag5_2026-09-28_14-57-53,Yb_Yag5_2026-09-28_13-03-16,17.2,14.6,0.000474216,0.0987,0.00480462006079,0.00145329,0.0985,0.014754213198,0.325643936163,1.04215109801
YbYag5,Yb_Yag5_2026-09-28_14-57-53,Yb_Yag5_2026-09-28_13-03-16,17.3,14.6,0.000476601,0.0988,0.00482389676113,0.00144017,0.0985,0.0146210152284,0.329928988225,1.0558644555
YbYag5,Yb_Yag5_2026-09-28_14-57-53,Yb_Yag5_2026-09-28_13-03-16,17.4,14.6,0.000475826,0.0987,0.00482093211753,0.00144041,0.0986,0.0146086206897,0.330005975234,1.05611083532
YbYag5,Yb_Yag5_2026-09-28_14-57-53,Yb_Yag5_2026-09-28_13-03-16,17.5,14.6,0.000477197,0.0988,0.0048299291498,0.00143827,0.0985,0.0146017258883,0.330777963287,1.05858141164
YbYag5,Yb_Yag5_2026-09-28_14-57-53,Yb_Yag5_2026-09-28_13-03-16,17.6,14.6,0.000471951,0.0988,0.00477683198381,0.00143743,0.09845,0.0146006094464,0.327166615979,1.0470240966
YbYag5,Yb_Yag5_2026-09-28_14-57-53,Yb_Yag5_2026-09-28_13-03-16,17.7,14.6,0.000476124,0.09885,0.00481663125948,0.00143505,0.0985,0.014569035533,0.330607420688,1.05803562793
YbYag5,Yb_Yag5_2026-09-28_14-57-53,Yb_Yag5_2026-09-28_13-03-16,17.8,14.6,0.000474932,0.09875,0.00480943797468,0.00144113,0.0985,0.0146307614213,0.328720962374,1.05199843704
YbYag5,Yb_Yag5_2026-09-28_14-57-53,Yb_Yag5_2026-09-28_13-03-16,17.9,14.6,0.000472011,0.0987,0.00478227963526,0.00144268,0.0985,0.0146464974619,0.326513533198,1.0449340502
YbYag5,Yb_Yag5_2026-09-28_14-57-53,Yb_Yag5_2026-09-28_13-03-16,18,14.6,0.000471773,0.09875,0.00477744810127,0.00143636,0.09855,0.0145749365804,0.327785172506,1.04900364939
YbYag5,Yb_Yag5_2026-09-28_14-57-53,Yb_Yag5_2026-09-28_13-03-16,18.1,14.6,0.000478687,0.09875,0.00484746329114,0.00143827,0.09845,0.0146091416963,0.331810272767,1.06188508888
YbYag5,Yb_Yag5_2026-09-28_14-57-53,Yb_Yag5_2026-09-28_13-03-16,18.2,14.6,0.000475587,0.0988,0.00481363360324,0.00143493,0.0984,0.0145826219512,0.330093834932,1.05639201078
YbYag5,Yb_Yag5_2026-09-28_14-57-53,Yb_Yag5_2026-09-28_13-03-16,18.3,14.6,0.000480177,0.0989,0.00485517694641,0.00144029,0.09845,0.0146296597257,0.331872171837,1.0620831831
YbYag5,Yb_Yag5_2026-09-28_14-57-53,Yb_Yag5_2026-09-28_13-03-16,18.4,14.6,0.000474991,0.09875,0.00481003544304,0.001431,0.09835,0.0145500762583,0.330584895752,1.05796354187
YbYag5,Yb_Yag5_2026-09-28_14-57-53,Yb_Yag5_2026-09-28_13-03-16,18.5,14.6,0.000473263,0.0988,0.00479011133603,0.0014397,0.09825,0.0146534351145,0.326893407491,1.04614975351
YbYag5,Yb_Yag5_2026-09-28_14-57-53,Yb_Yag5_2026-09-28_13-03-16,18.6,14.6,0.000473322,0.09875,0.00479313417722,0.00144268,0.0984,0.0146613821138,0.326922396539,1.04624252652
YbYag5,Yb_Yag5_2026-09-28_14-57-53,Yb_Yag5_2026-09-28_13-03-16,18.7,14.6,0.000479581,0.0986,0.00486390466531,0.00144506,0.09845,0.0146781107161,0.331371302437,1.06048026182
YbYag5,Yb_Yag5_2026-09-28_14-57-53,Yb_Yag5_2026-09-28_13-03-16,18.8,14.6,0.000476124,0.0988,0.00481906882591,0.00145305,0.09855,0.0147442922374,0.326843008014,1.04598846117
YbYag5,Yb_Yag5_2026-09-28_14-57-53,Yb_Yag5_2026-09-28_13-03-16,18.9,14.6,0.000476779,0.09875,0.00482814177215,0.00144244,0.0984,0.0146589430894,0.329364930521,1.05405931408
YbYag5,Yb_Yag5_2026-09-28_14-57-53,Yb_Yag5_2026-09-28_13-03-16,19,14.6,0.000475766,0.09875,0.0048178835443,0.00144423,0.0984,0.0146771341463,0.328257784951,1.05051614057
YbYag5,Yb_Yag5_2026-09-28_14-57-53,Yb_Yag5_2026-09-28_13-03-16,19.1,14.6,0.000470819,0.0987,0.00477020263425,0.00144113,0.09845,0.0146381919756,0.32587375833,1.04288659281
YbYag5,Yb_Yag5_2026-09-28_14-57-53,Yb_Yag5_2026-09-28_13-03-16,19.2,14.6,0.000477256,0.09865,0.00483787126204,0.00144482,0.0984,0.0146831300813,0.329485010025,1.05444360187
YbYag5,Yb_Yag5_2026-09-28_14-57-53,Yb_Yag5_2026-09-28_13-03-16,19.3,14.6,0.000478389,0.0987,0.00484689969605,0.00143827,0.0984,0.0146165650407,0.331603196959,1.06122238874
YbYag5,Yb_Yag5_2026-09-28_14-57-53,Yb_Yag5_2026-09-28_13-03-16,19.4,14.6,0.000474872,0.09875,0.00480883037975,0.00144196,0.09845,0.0146466226511,0.328323497799,1.05072643994
YbYag5,Yb_Yag5_2026-09-28_14-57-53,Yb_Yag5_2026-09-28_13-03-16,19.5,14.6,0.000471296,0.09865,0.00477745565129,0.00144089,0.09845,0.0146357541899,0.32642360546,1.04464625644
YbYag5,Yb_Yag5_2026-09-28_14-57-53,Yb_Yag5_2026-09-28_13-03-16,19.6,14.6,0.00047976,0.09855,0.00486818873668,0.00143791,0.09835,0.0146203355363,0.332973803822,1.06560871162
YbYag5,Yb_Yag5_2026-09-28_14-57-53,Yb_Yag5_2026-09-28_13-03-16,19.7,14.6,0.000480475,0.09865,0.00487050177395,0.00144399,0.09835,0.0146821555669,0.331729339861,1.06162608109
YbYag5,Yb_Yag5_2026-09-28_14-57-53,Yb_Yag5_2026-09-28_13-03-16,19.8,14.6,0.000483574,0.0986,0.00490440162272,0.00145484,0.0985,0.0147699492386,0.332052706715,1.06266094489
YbYag5,Yb_Yag5_2026-09-28_14-57-53,Yb_Yag5_2026-09-28_13-03-16,19.9,14.6,0.000482442,0.0988,0.00488301619433,0.00145043,0.09845,0.0147326561706,0.33144167201,1.06070546401
YbYag5,Yb_Yag5_2026-09-28_14-57-53,Yb_Yag5_2026-09-28_13-03-16,20,14.6,0.000489954,0.09875,0.00496155949367,0.00145257,0.0984,0.0147618902439,0.336105973672,1.07563252563
YbYag5,Yb_Yag5_2026-09-28_14-57-53,Yb_Yag5_2026-09-28_13-03-16,20.1,14.6,0.000480833,0.09875,0.00486919493671,0.00145365,0.0984,0.0147728658537,0.329603949899,1.05482424252
YbYag5,Yb_Yag5_2026-09-28_14-57-53,Yb_Yag5_2026-09-28_13-03-16,20.2,14.6,0.000479342,0.0987,0.00485655521783,0.00144947,0.09835,0.0147378749365,0.329528866187,1.05458395378
YbYag5,Yb_Yag5_2026-09-28_14-57-53,Yb_Yag5_2026-09-28_13-03-16,20.3,14.6,0.000479938,0.09865,0.00486505828687,0.00143982,0.0984,0.0146323170732,0.332487210503,1.06405147777
YbYag5,Yb_Yag5_2026-09-28_14-57-53,Yb_Yag5_2026-09-28_13-03-16,20.4,14.6,0.000476243,0.09875,0.00482271392405,0.0014248,0.09825,0.0145017811705,0.332560108813,1.06428477262
YbYag5,Yb_Yag5_2026-09-28_14-57-53,Yb_Yag5_2026-09-28_13-03-16,20.5,14.6,0.000456991,0.0988,0.00462541497976,0.00140417,0.09835,0.0142772750381,0.323970433253,1.0367954236
YbYag5,Yb_Yag5_2026-09-28_14-57-53,Yb_Yag5_2026-09-28_13-03-16,20.6,14.6,0.000444056,0.0986,0.00450361054767,0.00136376,0.09835,0.0138663955262,0.324785957473,1.03940532775
YbYag5,Yb_Yag5_2026-09-28_14-57-53,Yb_Yag5_2026-09-28_13-03-16,20.7,14.6,0.000413062,0.09895,0.0041744517433,0.00129677,0.09825,0.0131986768448,0.316278047594,1.01217765164
YbYag5,Yb_Yag5_2026-09-28_14-57-53,Yb_Yag5_2026-09-28_13-03-16,20.8,14.6,0.000363411,0.0987,0.00368197568389,0.00120152,0.0983,0.0122229908444,0.301233612195,0.964031277245
YbYag5,Yb_Yag5_2026-09-28_14-57-53,Yb_Yag5_2026-09-28_13-03-16,13.7,14.7,0.000421705,0.09845,0.00428344337227,0.00101424,0.09795,0.0103546707504,0.413672580763,1.32386722547
YbYag5,Yb_Yag5_2026-09-28_14-57-53,Yb_Yag5_2026-09-28_13-03-16,13.8,14.7,0.00045562,0.09845,0.00462793296089,0.00130904,0.09795,0.0133643695763,0.346288909063,1.1082207489
YbYag5,Yb_Yag5_2026-09-28_14-57-53,Yb_Yag5_2026-09-28_13-03-16,13.9,14.7,0.000463547,0.09845,0.00470845099035,0.0014093,0.098,0.0143806122449,0.327416587706,1.0478240756
YbYag5,Yb_Yag5_2026-09-28_14-57-53,Yb_Yag5_2026-09-28_13-03-16,14,14.7,0.000473501,0.0984,0.00481200203252,0.00144804,0.0981,0.0147608562691,0.325997485836,1.04328255522
YbYag5,Yb_Yag5_2026-09-28_14-57-53,Yb_Yag5_2026-09-28_13-03-16,14.1,14.7,0.000472071,0.0984,0.0047974695122,0.00145341,0.0979,0.0148458631256,0.323151942842,1.03417602681
YbYag5,Yb_Yag5_2026-09-28_14-57-53,Yb_Yag5_2026-09-28_13-03-16,14.2,14.7,0.000472249,0.09835,0.00480171835282,0.00145567,0.09785,0.0148765457333,0.322771054444,1.03295707808
YbYag5,Yb_Yag5_2026-09-28_14-57-53,Yb_Yag5_2026-09-28_13-03-16,14.3,14.7,0.000475587,0.0985,0.00482829441624,0.0014521,0.09795,0.0148249106687,0.3256879265,1.04229187931
YbYag5,Yb_Yag5_2026-09-28_14-57-53,Yb_Yag5_2026-09-28_13-03-16,14.4,14.7,0.0004676,0.0985,0.00474720812183,0.0014515,0.09795,0.0148187850944,0.3203506962,1.02521125904
YbYag5,Yb_Yag5_2026-09-28_14-57-53,Yb_Yag5_2026-09-28_13-03-16,14.5,14.7,0.000471892,0.0984,0.0047956504065,0.00144876,0.09795,0.0147908116386,0.324231727351,1.03763163733
YbYag5,Yb_Yag5_2026-09-28_14-57-53,Yb_Yag5_2026-09-28_13-03-16,14.6,14.7,0.000471236,0.0985,0.00478412182741,0.00146044,0.09805,0.0148948495665,0.321193027566,1.02790695351
YbYag5,Yb_Yag5_2026-09-28_14-57-53,Yb_Yag5_2026-09-28_13-03-16,14.7,14.7,0.000475885,0.0985,0.00483131979695,0.0014571,0.098,0.0148683673469,0.32493949633,1.03989669477
YbYag5,Yb_Yag5_2026-09-28_14-57-53,Yb_Yag5_2026-09-28_13-03-16,14.8,14.7,0.000476958,0.0985,0.00484221319797,0.0014577,0.09805,0.0148669046405,0.32570419432,1.04234394086
YbYag5,Yb_Yag5_2026-09-28_14-57-53,Yb_Yag5_2026-09-28_13-03-16,14.9,14.7,0.000466766,0.0983,0.00474838250254,0.00145543,0.098,0.0148513265306,0.319727836618,1.02321793527
YbYag5,Yb_Yag5_2026-09-28_14-57-53,Yb_Yag5_2026-09-28_13-03-16,15,14.7,0.000475766,0.09845,0.00483256475368,0.00145233,0.0979,0.0148348314607,0.325757981577,1.04251607503
YbYag5,Yb_Yag5_2026-09-28_14-57-53,Yb_Yag5_2026-09-28_13-03-16,15.1,14.7,0.000471534,0.0984,0.00479201219512,0.00145734,0.098,0.0148708163265,0.322242712835,1.0312662381
YbYag5,Yb_Yag5_2026-09-28_14-57-53,Yb_Yag5_2026-09-28_13-03-16,15.2,14.7,0.000471534,0.09845,0.00478957846623,0.0014453,0.098,0.0147479591837,0.324762118377,1.03932903602
YbYag5,Yb_Yag5_2026-09-28_14-57-53,Yb_Yag5_2026-09-28_13-03-16,15.3,14.7,0.000475766,0.09845,0.00483256475368,0.00145388,0.09805,0.0148279449261,0.325909273184,1.04300025022
YbYag5,Yb_Yag5_2026-09-28_14-57-53,Yb_Yag5_2026-09-28_13-03-16,15.4,14.7,0.000472249,0.09855,0.00479197361745,0.00145686,0.0981,0.014850764526,0.322675213728,1.03265036115
YbYag5,Yb_Yag5_2026-09-28_14-57-53,Yb_Yag5_2026-09-28_13-03-16,15.5,14.7,0.000471594,0.09855,0.00478532724505,0.0014428,0.09805,0.0147149413565,0.325201924297,1.04073653719
YbYag5,Yb_Yag5_2026-09-28_14-57-53,Yb_Yag5_2026-09-28_13-03-16,15.6,14.7,0.000479879,0.0984,0.00487681910569,0.00145222,0.09815,0.0147959246052,0.329605566115,1.05482941486
YbYag5,Yb_Yag5_2026-09-28_14-57-53,Yb_Yag5_2026-09-28_13-03-16,15.7,14.7,0.000482144,0.09865,0.00488742017233,0.00145865,0.09815,0.0148614365767,0.328865930767,1.05246237619
YbYag5,Yb_Yag5_2026-09-28_14-57-53,Yb_Yag5_2026-09-28_13-03-16,15.8,14.7,0.000476779,0.0987,0.00483058763931,0.00146354,0.0982,0.0149036659878,0.32412076621,1.03727653084
YbYag5,Yb_Yag5_2026-09-28_14-57-53,Yb_Yag5_2026-09-28_13-03-16,15.9,14.7,0.00047976,0.09875,0.00485832911392,0.00146342,0.09815,0.0149100356597,0.325842890306,1.04278780656
YbYag5,Yb_Yag5_2026-09-28_14-57-53,Yb_Yag5_2026-09-28_13-03-16,16,14.7,0.000476362,0.09885,0.0048190389479,0.0014658,0.09825,0.0149190839695,0.323011718263,1.03372726919
YbYag5,Yb_Yag5_2026-09-28_14-57-53,Yb_Yag5_2026-09-28_13-03-16,16.1,14.7,0.000472428,0.0987,0.00478650455927,0.00146747,0.09835,0.0149208947636,0.320792059398,1.02662374393
YbYag5,Yb_Yag5_2026-09-28_14-57-53,Yb_Yag5_2026-09-28_13-03-16,16.2,14.7,0.000479879,0.09865,0.00486446021287,0.0014701,0.09825,0.0149628498728,0.325102520858,1.04041841856
YbYag5,Yb_Yag5_2026-09-28_14-57-53,Yb_Yag5_2026-09-28_13-03-16,16.3,14.7,0.000481667,0.0987,0.00488011144883,0.0014664,0.09825,0.0149251908397,0.326971460616,1.0463995452
YbYag5,Yb_Yag5_2026-09-28_14-57-53,Yb_Yag5_2026-09-28_13-03-16,16.4,14.7,0.00047672,0.0988,0.00482510121457,0.00146175,0.09825,0.0148778625954,0.324314140128,1.03789538112
YbYag5,Yb_Yag5_2026-09-28_14-57-53,Yb_Yag5_2026-09-28_13-03-16,16.5,14.7,0.000476183,0.09865,0.00482699442473,0.00146616,0.0983,0.0149151576806,0.323630130375,1.03570635981
YbYag5,Yb_Yag5_2026-09-28_14-57-53,Yb_Yag5_2026-09-28_13-03-16,16.6,14.7,0.000475826,0.09875,0.00481849113924,0.00146461,0.09825,0.0149069720102,0.323237417763,1.03444957031
YbYag5,Yb_Yag5_2026-09-28_14-57-53,Yb_Yag5_2026-09-28_13-03-16,16.7,14.7,0.000477912,0.0987,0.0048420668693,0.00146747,0.09835,0.0149208947636,0.324515851497,1.03854091356
YbYag5,Yb_Yag5_2026-09-28_14-57-53,Yb_Yag5_2026-09-28_13-03-16,16.8,14.7,0.000476124,0.09875,0.00482150886076,0.00146688,0.09845,0.014899746064,0.323596713665,1.03559941706
YbYag5,Yb_Yag5_2026-09-28_14-57-53,Yb_Yag5_2026-09-28_13-03-16,16.9,14.7,0.000479879,0.0989,0.00485216380182,0.00146235,0.0984,0.0148612804878,0.326497020617,1.04488120535
YbYag5,Yb_Yag5_2026-09-28_14-57-53,Yb_Yag5_2026-09-28_13-03-16,17,14.7,0.000485362,0.09875,0.00491505822785,0.00145484,0.0984,0.0147849593496,0.332436370749,1.06388877642
YbYag5,Yb_Yag5_2026-09-28_14-57-53,Yb_Yag5_2026-09-28_13-03-16,17.1,14.7,0.000480594,0.0988,0.00486431174089,0.00145567,0.09835,0.0148009150991,0.328649391495,1.05176939034
YbYag5,Yb_Yag5_2026-09-28_14-57-53,Yb_Yag5_2026-09-28_13-03-16,17.2,14.7,0.000479581,0.09875,0.0048565164557,0.00145674,0.09835,0.0148117946111,0.327881703954,1.04931257685
YbYag5,Yb_Yag5_2026-09-28_14-57-53,Yb_Yag5_2026-09-28_13-03-16,17.3,14.7,0.000472071,0.0988,0.0047780465587,0.00145007,0.0984,0.0147364837398,0.324232472486,1.03763402197
YbYag5,Yb_Yag5_2026-09-28_14-57-53,Yb_Yag5_2026-09-28_13-03-16,17.4,14.7,0.00047672,0.0989,0.00482022244692,0.00144423,0.09835,0.0146845958312,0.328250263223,1.05049206895
YbYag5,Yb_Yag5_2026-09-28_14-57-53,Yb_Yag5_2026-09-28_13-03-16,17.5,14.7,0.000475051,0.09875,0.00481064303797,0.00143624,0.09835,0.0146033553635,0.329420391289,1.05423680395
YbYag5,Yb_Yag5_2026-09-28_14-57-53,Yb_Yag5_2026-09-28_13-03-16,17.6,14.7,0.000477256,0.0989,0.00482564206269,0.00144816,0.0984,0.0147170731707,0.32789414082,1.04935237828
YbYag5,Yb_Yag5_2026-09-28_14-57-53,Yb_Yag5_2026-09-28_13-03-16,17.7,14.7,0.000472428,0.09885,0.00477924127466,0.00144053,0.0984,0.0146395325203,0.326461331196,1.04476698928
YbYag5,Yb_Yag5_2026-09-28_14-57-53,Yb_Yag5_2026-09-28_13-03-16,17.8,14.7,0.00047523,0.0988,0.00481002024291,0.00144494,0.0984,0.0146843495935,0.327561000389,1.04828623632
YbYag5,Yb_Yag5_2026-09-28_14-57-53,Yb_Yag5_2026-09-28_13-03-16,17.9,14.7,0.000475885,0.0989,0.00481177957533,0.00144256,0.09845,0.0146527171153,0.328388212061,1.05093354356
YbYag5,Yb_Yag5_2026-09-28_14-57-53,Yb_Yag5_2026-09-28_13-03-16,18,14.7,0.000476422,0.09885,0.00481964592817,0.00144006,0.0984,0.0146347560976,0.329328749726,1.05394352549
YbYag5,Yb_Yag5_2026-09-28_14-57-53,Yb_Yag5_2026-09-28_13-03-16,18.1,14.7,0.000480117,0.0989,0.004854570273,0.00143863,0.09835,0.0146276563294,0.33187615047,1.06209591583
YbYag5,Yb_Yag5_2026-09-28_14-57-53,Yb_Yag5_2026-09-28_13-03-16,18.2,14.7,0.000475826,0.09885,0.00481361659079,0.00144673,0.09835,0.0147100152517,0.327233963285,1.04723962669
YbYag5,Yb_Yag5_2026-09-28_14-57-53,Yb_Yag5_2026-09-28_13-03-16,18.3,14.7,0.000480892,0.0989,0.00486240647118,0.00143564,0.0982,0.0146195519348,0.332596135153,1.06440006692
YbYag5,Yb_Yag5_2026-09-28_14-57-53,Yb_Yag5_2026-09-28_13-03-16,18.4,14.7,0.000471415,0.0988,0.00477140688259,0.00144661,0.09845,0.0146938547486,0.324721250089,1.03919824614
YbYag5,Yb_Yag5_2026-09-28_14-57-53,Yb_Yag5_2026-09-28_13-03-16,18.5,14.7,0.000476124,0.09895,0.00481176351693,0.00143636,0.0983,0.0146120040692,0.329302092591,1.05385821524
YbYag5,Yb_Yag5_2026-09-28_14-57-53,Yb_Yag5_2026-09-28_13-03-16,18.6,14.7,0.00048125,0.0988,0.004870951417,0.00144351,0.09835,0.0146772750381,0.331870282757,1.06207713752
YbYag5,Yb_Yag5_2026-09-28_14-57-53,Yb_Yag5_2026-09-28_13-03-16,18.7,14.7,0.000480058,0.0988,0.00485888663968,0.00145365,0.0984,0.0147728658537,0.328906164031,1.05259113382
YbYag5,Yb_Yag5_2026-09-28_14-57-53,Yb_Yag5_2026-09-28_13-03-16,18.8,14.7,0.000475707,0.0988,0.00481484817814,0.00144411,0.09835,0.014683375699,0.327911529123,1.04940802568
YbYag5,Yb_Yag5_2026-09-28_14-57-53,Yb_Yag5_2026-09-28_13-03-16,18.9,14.7,0.000481011,0.09885,0.00486606980273,0.0014546,0.09845,0.0147750126968,0.329344542884,1.05399406798
YbYag5,Yb_Yag5_2026-09-28_14-57-53,Yb_Yag5_2026-09-28_13-03-16,19,14.7,0.000477793,0.0987,0.00484086119554,0.00144077,0.09835,0.0146494153533,0.33044739867,1.057523513
YbYag5,Yb_Yag5_2026-09-28_14-57-53,Yb_Yag5_2026-09-28_13-03-16,19.1,14.7,0.000476958,0.0987,0.00483240121581,0.0014478,0.09845,0.0147059421026,0.328601947573,1.0516175566
YbYag5,Yb_Yag5_2026-09-28_14-57-53,Yb_Yag5_2026-09-28_13-03-16,19.2,14.7,0.000481131,0.0988,0.00486974696356,0.00144935,0.09835,0.0147366548043,0.330451315324,1.05753604738
YbYag5,Yb_Yag5_2026-09-28_14-57-53,Yb_Yag5_2026-09-28_13-03-16,19.3,14.7,0.000481071,0.0988,0.00486913967611,0.00145126,0.0984,0.0147485772358,0.330143009611,1.05654938341
YbYag5,Yb_Yag5_2026-09-28_14-57-53,Yb_Yag5_2026-09-28_13-03-16,19.4,14.7,0.00048423,0.0988,0.00490111336032,0.00144327,0.0983,0.0146822990844,0.333811028651,1.06828806375
YbYag5,Yb_Yag5_2026-09-28_14-57-53,Yb_Yag5_2026-09-28_13-03-16,19.5,14.7,0.000480713,0.0989,0.00486059656218,0.00143934,0.09835,0.0146348754448,0.332124217969,1.06288980077
YbYag5,Yb_Yag5_2026-09-28_14-57-53,Yb_Yag5_2026-09-28_13-03-16,19.6,14.7,0.000477793,0.0987,0.00484086119554,0.00144447,0.09845,0.0146721178263,0.329936090539,1.05588718488
YbYag5,Yb_Yag5_2026-09-28_14-57-53,Yb_Yag5_2026-09-28_13-03-16,19.7,14.7,0.000479283,0.0987,0.00485595744681,0.00145245,0.09855,0.0147382039574,0.329480950382,1.05443060988
YbYag5,Yb_Yag5_2026-09-28_14-57-53,Yb_Yag5_2026-09-28_13-03-16,19.8,14.7,0.000482084,0.0989,0.00487445904954,0.00145496,0.09835,0.0147936959837,0.329495688901,1.05447777724
YbYag5,Yb_Yag5_2026-09-28_14-57-53,Yb_Yag5_2026-09-28_13-03-16,19.9,14.7,0.000481011,0.0988,0.00486853238866,0.00144769,0.0984,0.014712296748,0.330915863923,1.059022732
YbYag5,Yb_Yag5_2026-09-28_14-57-53,Yb_Yag5_2026-09-28_13-03-16,20,14.7,0.000484111,0.0988,0.00489990890688,0.00145889,0.0984,0.0148261178862,0.330491700153,1.05766529006
YbYag5,Yb_Yag5_2026-09-28_14-57-53,Yb_Yag5_2026-09-28_13-03-16,20.1,14.7,0.000480594,0.0989,0.00485939332659,0.00145078,0.09835,0.0147511947128,0.329423712533,1.05424743286
YbYag5,Yb_Yag5_2026-09-28_14-57-53,Yb_Yag5_2026-09-28_13-03-16,20.2,14.7,0.000482561,0.0989,0.00487928210313,0.00144769,0.09835,0.0147197763091,0.331478006233,1.06082174362
YbYag5,Yb_Yag5_2026-09-28_14-57-53,Yb_Yag5_2026-09-28_13-03-16,20.3,14.7,0.00048119,0.0989,0.00486541961577,0.0014422,0.09835,0.0146639552618,0.331794493976,1.06183459236
YbYag5,Yb_Yag5_2026-09-28_14-57-53,Yb_Yag5_2026-09-28_13-03-16,20.4,14.7,0.000476124,0.09865,0.00482639635073,0.00143827,0.0984,0.0146165650407,0.330200449784,1.05673320793
YbYag5,Yb_Yag5_2026-09-28_14-57-53,Yb_Yag5_2026-09-28_13-03-16,20.5,14.7,0.000465514,0.0988,0.00471168016194,0.00141598,0.0984,0.0143900406504,0.32742646643,1.04785569026
YbYag5,Yb_Yag5_2026-09-28_14-57-53,Yb_Yag5_2026-09-28_13-03-16,20.6,14.7,0.0004465,0.0988,0.00451923076923,0.00138796,0.0985,0.014090964467,0.320718342581,1.02638782964
YbYag5,Yb_Yag5_2026-09-28_14-57-53,Yb_Yag5_2026-09-28_13-03-16,20.7,14.7,0.000429632,0.0988,0.00434850202429,0.00134278,0.09835,0.0136530757499,0.318499809416,1.01928790694
YbYag5,Yb_Yag5_2026-09-28_14-57-53,Yb_Yag5_2026-09-28_13-03-16,20.8,14.7,0.000388863,0.0988,0.00393586032389,0.00126458,0.0984,0.0128514227642,0.306258722953,0.980113028237
YbYag5,Yb_Yag5_2026-09-28_14-57-53,Yb_Yag5_2026-09-28_13-03-16,20.9,14.7,0.000317933,0.0987,0.00322120567376,0.00115348,0.0985,0.0117104568528,0.275070880176,0.88030326369
YbYag5,Yb_Yag5_2026-09-28_14-57-53,Yb_Yag5_2026-09-28_13-03-16,13.7,14.8,0.000442179,0.0985,0.00448912690355,0.00120521,0.098,0.0122980612245,0.365027204012,1.16818850044
YbYag5,Yb_Yag5_2026-09-28_14-57-53,Yb_Yag5_2026-09-28_13-03-16,13.8,14.8,0.000463905,0.09855,0.00470730593607,0.0013795,0.0979,0.0140909090909,0.334066872883,1.0691068364
YbYag5,Yb_Yag5_2026-09-28_14-57-53,Yb_Yag5_2026-09-28_13-03-16,13.9,14.8,0.000465067,0.0984,0.00472629065041,0.00143493,0.0979,0.0146570990807,0.322457440206,1.03195342536
YbYag5,Yb_Yag5_2026-09-28_14-57-53,Yb_Yag5_2026-09-28_13-03-16,14,14.8,0.000471892,0.0985,0.00479078172589,0.00144327,0.09795,0.014734762634,0.325134638738,1.0405212047
YbYag5,Yb_Yag5_2026-09-28_14-57-53,Yb_Yag5_2026-09-28_13-03-16,14.1,14.8,0.000472547,0.09845,0.00479986795328,0.00146342,0.0979,0.0149481103166,0.321101988922,1.02761560455
YbYag5,Yb_Yag5_2026-09-28_14-57-53,Yb_Yag5_2026-09-28_13-03-16,14.2,14.8,0.000471713,0.09845,0.00479139664804,0.00146259,0.09805,0.0149167771545,0.321208569278,1.02795669131
YbYag5,Yb_Yag5_2026-09-28_14-57-53,Yb_Yag5_2026-09-28_13-03-16,14.3,14.8,0.00047517,0.09835,0.00483141840366,0.00146271,0.098,0.0149256122449,0.323699847242,1.03592947316
YbYag5,Yb_Yag5_2026-09-28_14-57-53,Yb_Yag5_2026-09-28_13-03-16,14.4,14.8,0.000472667,0.0984,0.00480352642276,0.0014552,0.0979,0.0148641470889,0.323161927424,1.03420798025
YbYag5,Yb_Yag5_2026-09-28_14-57-53,Yb_Yag5_2026-09-28_13-03-16,14.5,14.8,0.000472071,0.0984,0.0047974695122,0.00146044,0.09805,0.0148948495665,0.322089155099,1.03077481067
YbYag5,Yb_Yag5_2026-09-28_14-57-53,Yb_Yag5_2026-09-28_13-03-16,14.6,14.8,0.000475349,0.0984,0.00483078252033,0.0014602,0.098,0.0149,0.324213591968,1.03757359907
YbYag5,Yb_Yag5_2026-09-28_14-57-53,Yb_Yag5_2026-09-28_13-03-16,14.7,14.8,0.000468256,0.0984,0.00475869918699,0.00146449,0.09795,0.0149514037774,0.318277752232,1.01857726224
YbYag5,Yb_Yag5_2026-09-28_14-57-53,Yb_Yag5_2026-09-28_13-03-16,14.8,14.8,0.000476362,0.09845,0.00483861858812,0.0014602,0.09795,0.0149076059214,0.324573819138,1.03872642612
YbYag5,Yb_Yag5_2026-09-28_14-57-53,Yb_Yag5_2026-09-28_13-03-16,14.9,14.8,0.000475826,0.0985,0.00483072081218,0.00146127,0.09785,0.014933776188,0.323476175842,1.03521366252
YbYag5,Yb_Yag5_2026-09-28_14-57-53,Yb_Yag5_2026-09-28_13-03-16,15,14.8,0.000476839,0.0986,0.00483609533469,0.00146282,0.09795,0.0149343542624,0.323823531284,1.03632529647
YbYag5,Yb_Yag5_2026-09-28_14-57-53,Yb_Yag5_2026-09-28_13-03-16,15.1,14.8,0.000476243,0.09835,0.00484232841891,0.00146139,0.09795,0.014919754977,0.324558173132,1.03867635455
YbYag5,Yb_Yag5_2026-09-28_14-57-53,Yb_Yag5_2026-09-28_13-03-16,15.2,14.8,0.000475826,0.09845,0.0048331742001,0.0014602,0.09795,0.0149076059214,0.324208610395,1.03755765665
YbYag5,Yb_Yag5_2026-09-28_14-57-53,Yb_Yag5_2026-09-28_13-03-16,15.3,14.8,0.00047219,0.09845,0.00479624174708,0.00145639,0.09795,0.0148687085248,0.322572854198,1.03232278221
YbYag5,Yb_Yag5_2026-09-28_14-57-53,Yb_Yag5_2026-09-28_13-03-16,15.4,14.8,0.000480952,0.0986,0.00487780933063,0.00146437,0.098,0.0149425510204,0.326437522212,1.04469079392
YbYag5,Yb_Yag5_2026-09-28_14-57-53,Yb_Yag5_2026-09-28_13-03-16,15.5,14.8,0.000475349,0.09855,0.0048234297311,0.00145508,0.0981,0.0148326197757,0.325190681352,1.04070055665
YbYag5,Yb_Yag5_2026-09-28_14-57-53,Yb_Yag5_2026-09-28_13-03-16,15.6,14.8,0.000476422,0.0986,0.00483186612576,0.00146151,0.098,0.0149133673469,0.323995648559,1.03687611959
YbYag5,Yb_Yag5_2026-09-28_14-57-53,Yb_Yag5_2026-09-28_13-03-16,15.7,14.8,0.000480773,0.0987,0.00487105369807,0.00147081,0.098,0.0150082653061,0.324558075082,1.03867604077
YbYag5,Yb_Yag5_2026-09-28_14-57-53,Yb_Yag5_2026-09-28_13-03-16,15.8,14.8,0.000475885,0.09865,0.0048239736442,0.00146187,0.09805,0.0149094339623,0.323551763025,1.03545556251
YbYag5,Yb_Yag5_2026-09-28_14-57-53,Yb_Yag5_2026-09-28_13-03-16,15.9,14.8,0.000485184,0.0986,0.00492073022312,0.00145961,0.09805,0.0148863844977,0.330552406723,1.05785956795
YbYag5,Yb_Yag5_2026-09-28_14-57-53,Yb_Yag5_2026-09-28_13-03-16,16,14.8,0.00048119,0.0986,0.00488022312373,0.00146688,0.0981,0.0149529051988,0.326372906057,1.04448400426
YbYag5,Yb_Yag5_2026-09-28_14-57-53,Yb_Yag5_2026-09-28_13-03-16,16.1,14.8,0.000480535,0.0988,0.0048637145749,0.00147367,0.0982,0.0150068228106,0.324100220032,1.03721077736
YbYag5,Yb_Yag5_2026-09-28_14-57-53,Yb_Yag5_2026-09-28_13-03-16,16.2,14.8,0.000471951,0.09875,0.00477925063291,0.00147165,0.0982,0.0149862525458,0.318908987974,1.02059739204
YbYag5,Yb_Yag5_2026-09-28_14-57-53,Yb_Yag5_2026-09-28_13-03-16,16.3,14.8,0.000481131,0.0988,0.00486974696356,0.00146998,0.09815,0.0149768721345,0.325151134351,1.04057399525
YbYag5,Yb_Yag5_2026-09-28_14-57-53,Yb_Yag5_2026-09-28_13-03-16,16.4,14.8,0.000475468,0.09875,0.00481486582278,0.00146795,0.09825,0.0149409669211,0.322259318838,1.03131938192
YbYag5,Yb_Yag5_2026-09-28_14-57-53,Yb_Yag5_2026-09-28_13-03-16,16.5,14.8,0.000480117,0.0987,0.00486440729483,0.00146604,0.0982,0.0149291242363,0.325833399055,1.04275743192
YbYag5,Yb_Yag5_2026-09-28_14-57-53,Yb_Yag5_2026-09-28_13-03-16,16.6,14.8,0.000481905,0.0988,0.00487758097166,0.00147117,0.0982,0.0149813645621,0.325576548881,1.04193543998
YbYag5,Yb_Yag5_2026-09-28_14-57-53,Yb_Yag5_2026-09-28_13-03-16,16.7,14.8,0.000475468,0.09885,0.00480999494183,0.00146628,0.0983,0.0149163784334,0.322463992403,1.03197439421
YbYag5,Yb_Yag5_2026-09-28_14-57-53,Yb_Yag5_2026-09-28_13-03-16,16.8,14.8,0.00048429,0.09865,0.00490917384693,0.00146771,0.09835,0.014923335028,0.328959568201,1.052762042
YbYag5,Yb_Yag5_2026-09-28_14-57-53,Yb_Yag5_2026-09-28_13-03-16,16.9,14.8,0.000485899,0.0989,0.00491303336704,0.00146521,0.0983,0.0149054933876,0.329612260345,1.05485083826
YbYag5,Yb_Yag5_2026-09-28_14-57-53,Yb_Yag5_2026-09-28_13-03-16,17,14.8,0.000477197,0.09885,0.00482748609004,0.00146068,0.09815,0.0148821192053,0.324381630294,1.03811136841
YbYag5,Yb_Yag5_2026-09-28_14-57-53,Yb_Yag5_2026-09-28_13-03-16,17.1,14.8,0.000480117,0.0988,0.00485948380567,0.00145853,0.09825,0.0148450890585,0.327346221132,1.047598883
YbYag5,Yb_Yag5_2026-09-28_14-57-53,Yb_Yag5_2026-09-28_13-03-16,17.2,14.8,0.000473024,0.09875,0.0047901164557,0.0014509,0.0981,0.0147900101937,0.32387512875,1.0364904227
YbYag5,Yb_Yag5_2026-09-28_14-57-53,Yb_Yag5_2026-09-28_13-03-16,17.3,14.8,0.00047672,0.0989,0.00482022244692,0.00145543,0.09835,0.0147984748348,0.325724272314,1.04240819602
YbYag5,Yb_Yag5_2026-09-28_14-57-53,Yb_Yag5_2026-09-28_13-03-16,17.4,14.8,0.000480892,0.09885,0.00486486595852,0.00144697,0.09835,0.014712455516,0.330663087017,1.05821377565
YbYag5,Yb_Yag5_2026-09-28_14-57-53,Yb_Yag5_2026-09-28_13-03-16,17.5,14.8,0.000480773,0.09895,0.00485874684184,0.00144983,0.09825,0.0147565394402,0.329260587249,1.05372538661
YbYag5,Yb_Yag5_2026-09-28_14-57-53,Yb_Yag5_2026-09-28_13-03-16,17.6,14.8,0.000476362,0.0988,0.00482147773279,0.00144852,0.09835,0.0147282155567,0.327363332933,1.04765364552
YbYag5,Yb_Yag5_2026-09-28_14-57-53,Yb_Yag5_2026-09-28_13-03-16,17.7,14.8,0.000471355,0.09875,0.00477321518987,0.00144673,0.09835,0.0147100152517,0.324487439897,1.03844998855
YbYag5,Yb_Yag5_2026-09-28_14-57-53,Yb_Yag5_2026-09-28_13-03-16,17.8,14.8,0.000477137,0.09895,0.00482200101061,0.00144208,0.09815,0.0146926133469,0.328192194047,1.05030623144
YbYag5,Yb_Yag5_2026-09-28_14-57-53,Yb_Yag5_2026-09-28_13-03-16,17.9,14.8,0.000472428,0.0989,0.00477682507583,0.00142837,0.09825,0.0145381170483,0.32857247331,1.05152323077
YbYag5,Yb_Yag5_2026-09-28_14-57-53,Yb_Yag5_2026-09-28_13-03-16,18,14.8,0.000475528,0.0989,0.00480816986855,0.00143493,0.0983,0.014597456765,0.329384080114,1.05412059811
YbYag5,Yb_Yag5_2026-09-28_14-57-53,Yb_Yag5_2026-09-28_13-03-16,18.1,14.8,0.000471355,0.0988,0.00477079959514,0.0014453,0.09825,0.01471043257,0.324314024923,1.03789501243
YbYag5,Yb_Yag5_2026-09-28_14-57-53,Yb_Yag5_2026-09-28_13-03-16,18.2,14.8,0.000472488,0.0988,0.00478226720648,0.00145317,0.0982,0.0147980651731,0.323168410906,1.03422872919
YbYag5,Yb_Yag5_2026-09-28_14-57-53,Yb_Yag5_2026-09-28_13-03-16,18.3,14.8,0.000475468,0.0988,0.0048124291498,0.00144804,0.0982,0.0147458248473,0.32635876254,1.04443874108
YbYag5,Yb_Yag5_2026-09-28_14-57-53,Yb_Yag5_2026-09-28_13-03-16,18.4,14.8,0.000480952,0.09865,0.00487533705018,0.00145114,0.09825,0.0147698727735,0.330086597559,1.05636884917
YbYag5,Yb_Yag5_2026-09-28_14-57-53,Yb_Yag5_2026-09-28_13-03-16,18.5,14.8,0.000476124,0.0988,0.00481906882591,0.00145496,0.0984,0.0147861788618,0.325917119693,1.04302536123
YbYag5,Yb_Yag5_2026-09-28_14-57-53,Yb_Yag5_2026-09-28_13-03-16,18.6,14.8,0.000484528,0.0988,0.00490412955466,0.0014546,0.0983,0.0147975584944,0.331414777412,1.06061939382
YbYag5,Yb_Yag5_2026-09-28_14-57-53,Yb_Yag5_2026-09-28_13-03-16,18.7,14.8,0.000480892,0.09885,0.00486486595852,0.00146151,0.09825,0.0148754198473,0.327040581608,1.04662075158
YbYag5,Yb_Yag5_2026-09-28_14-57-53,Yb_Yag5_2026-09-28_13-03-16,18.8,14.8,0.00047666,0.0988,0.00482449392713,0.0014571,0.09815,0.0148456444218,0.324977063309,1.04001691954
YbYag5,Yb_Yag5_2026-09-28_14-57-53,Yb_Yag5_2026-09-28_13-03-16,18.9,14.8,0.000480952,0.0988,0.00486793522267,0.0014546,0.0983,0.0147975584944,0.328968810937,1.05279162133
YbYag5,Yb_Yag5_2026-09-28_14-57-53,Yb_Yag5_2026-09-28_13-03-16,19,14.8,0.000478985,0.0988,0.00484802631579,0.00145973,0.09815,0.0148724401426,0.325973832761,1.0432068588
YbYag5,Yb_Yag5_2026-09-28_14-57-53,Yb_Yag5_2026-09-28_13-03-16,19.1,14.8,0.000480058,0.0988,0.00485888663968,0.00145746,0.0981,0.0148568807339,0.327046216949,1.04663878624
YbYag5,Yb_Yag5_2026-09-28_14-57-53,Yb_Yag5_2026-09-28_13-03-16,19.2,14.8,0.000480713,0.09875,0.00486797974684,0.00145019,0.09815,0.0147752419766,0.329468698689,1.05439140106
YbYag5,Yb_Yag5_2026-09-28_14-57-53,Yb_Yag5_2026-09-28_13-03-16,19.3,14.8,0.000480952,0.0988,0.00486793522267,0.00145317,0.09815,0.0148056036679,0.328790053541,1.05221954798
YbYag5,Yb_Yag5_2026-09-28_14-57-53,Yb_Yag5_2026-09-28_13-03-16,19.4,14.8,0.000480594,0.0988,0.00486431174089,0.0014552,0.0982,0.0148187372709,0.328254132047,1.05050445026
YbYag5,Yb_Yag5_2026-09-28_14-57-53,Yb_Yag5_2026-09-28_13-03-16,19.5,14.8,0.000482263,0.09895,0.004873804952,0.00145686,0.09825,0.0148280916031,0.328687270247,1.05189061287
YbYag5,Yb_Yag5_2026-09-28_14-57-53,Yb_Yag5_2026-09-28_13-03-16,19.6,14.8,0.000476124,0.09875,0.00482150886076,0.00145233,0.09825,0.0147819847328,0.32617466111,1.04384956534
YbYag5,Yb_Yag5_2026-09-28_14-57-53,Yb_Yag5_2026-09-28_13-03-16,19.7,14.8,0.000481011,0.0987,0.00487346504559,0.00146151,0.0983,0.0148678535097,0.327785382228,1.04900432056
YbYag5,Yb_Yag5_2026-09-28_14-57-53,Yb_Yag5_2026-09-28_13-03-16,19.8,14.8,0.00047815,0.0988,0.00483957489879,0.00145567,0.0982,0.0148235234216,0.326479390975,1.04482478559
YbYag5,Yb_Yag5_2026-09-28_14-57-53,Yb_Yag5_2026-09-28_13-03-16,19.9,14.8,0.000479581,0.09875,0.0048565164557,0.0014602,0.0982,0.0148696537678,0.326605886831,1.04522960749
YbYag5,Yb_Yag5_2026-09-28_14-57-53,Yb_Yag5_2026-09-28_13-03-16,20,14.8,0.00048578,0.0987,0.00492178318136,0.00145996,0.0982,0.014867209776,0.331049555062,1.0594505808
YbYag5,Yb_Yag5_2026-09-28_14-57-53,Yb_Yag5_2026-09-28_13-03-16,20.1,14.8,0.00047815,0.09885,0.00483712696004,0.00145949,0.09825,0.0148548600509,0.325625885634,1.0420933313
YbYag5,Yb_Yag5_2026-09-28_14-57-53,Yb_Yag5_2026-09-28_13-03-16,20.2,14.8,0.000484707,0.09885,0.00490345978756,0.00146557,0.0982,0.0149243380855,0.328554590459,1.05146600068
YbYag5,Yb_Yag5_2026-09-28_14-57-53,Yb_Yag5_2026-09-28_13-03-16,20.3,14.8,0.000476303,0.0988,0.0048208805668,0.00145412,0.09805,0.0148303926568,0.325067628239,1.04030675248
YbYag5,Yb_Yag5_2026-09-28_14-57-53,Yb_Yag5_2026-09-28_13-03-16,20.4,14.8,0.000480713,0.0988,0.00486551619433,0.00145198,0.0983,0.0147709053917,0.329398643164,1.05416720391
YbYag5,Yb_Yag5_2026-09-28_14-57-53,Yb_Yag5_2026-09-28_13-03-16,20.5,14.8,0.000468316,0.0988,0.00474004048583,0.00143648,0.0982,0.0146281059063,0.324036516839,1.03700690944
YbYag5,Yb_Yag5_2026-09-28_14-57-53,Yb_Yag5_2026-09-28_13-03-16,20.6,14.8,0.000466706,0.0987,0.00472853090172,0.00141884,0.0982,0.0144484725051,0.327268567667,1.04735037033
YbYag5,Yb_Yag5_2026-09-28_14-57-53,Yb_Yag5_2026-09-28_13-03-16,20.7,14.8,0.000441493,0.099,0.00445952525253,0.00137842,0.0983,0.0140225839268,0.318024500749,1.0177667871
YbYag5,Yb_Yag5_2026-09-28_14-57-53,Yb_Yag5_2026-09-28_13-03-16,20.8,14.8,0.000413241,0.0988,0.00418260121457,0.00130809,0.0982,0.0133206720978,0.313993256786,1.00486568607
YbYag5,Yb_Yag5_2026-09-28_14-57-53,Yb_Yag5_2026-09-28_13-03-16,20.9,14.8,0.000363173,0.09875,0.00367770126582,0.00121582,0.09815,0.0123873662761,0.296891299074,0.95013466845
YbYag5,Yb_Yag5_2026-09-28_14-57-53,Yb_Yag5_2026-09-28_13-03-16,13.6,14.9,0.000418367,0.0983,0.00425602238047,0.0010047,0.098,0.0102520408163,0.4151390398,1.32856030194
YbYag5,Yb_Yag5_2026-09-28_14-57-53,Yb_Yag5_2026-09-28_13-03-16,13.7,14.9,0.000461461,0.0985,0.00468488324873,0.00131644,0.09785,0.0134536535514,0.348223865795,1.1144131482
YbYag5,Yb_Yag5_2026-09-28_14-57-53,Yb_Yag5_2026-09-28_13-03-16,13.8,14.9,0.000467302,0.0985,0.00474418274112,0.00142802,0.0979,0.0145865168539,0.325244387583,1.04087243151
YbYag5,Yb_Yag5_2026-09-28_14-57-53,Yb_Yag5_2026-09-28_13-03-16,13.9,14.9,0.000468018,0.09845,0.00475386490604,0.00145186,0.09795,0.014822460439,0.32072036391,1.02639429845
YbYag5,Yb_Yag5_2026-09-28_14-57-53,Yb_Yag5_2026-09-28_13-03-16,14,14.9,0.000475885,0.0983,0.00484114954222,0.00145257,0.0978,0.0148524539877,0.325949472473,1.04312889911
YbYag5,Yb_Yag5_2026-09-28_14-57-53,Yb_Yag5_2026-09-28_13-03-16,14.1,14.9,0.000476064,0.09855,0.00483068493151,0.00145984,0.0979,0.0149115423902,0.323956087513,1.03674951324
YbYag5,Yb_Yag5_2026-09-28_14-57-53,Yb_Yag5_2026-09-28_13-03-16,14.2,14.9,0.00047213,0.09845,0.00479563230066,0.0014701,0.09795,0.0150086778969,0.319523966975,1.02256549576
YbYag5,Yb_Yag5_2026-09-28_14-57-53,Yb_Yag5_2026-09-28_13-03-16,14.3,14.9,0.000474455,0.0984,0.00482169715447,0.00145984,0.09785,0.0149191619826,0.323188203204,1.03429207005
YbYag5,Yb_Yag5_2026-09-28_14-57-53,Yb_Yag5_2026-09-28_13-03-16,14.4,14.9,0.00047523,0.09835,0.00483202846975,0.00145841,0.0978,0.0149121676892,0.32403260012,1.03699437485
YbYag5,Yb_Yag5_2026-09-28_14-57-53,Yb_Yag5_2026-09-28_13-03-16,14.5,14.9,0.000472428,0.0984,0.00480109756098,0.00145591,0.09795,0.0148638080653,0.323005890542,1.03370861886
YbYag5,Yb_Yag5_2026-09-28_14-57-53,Yb_Yag5_2026-09-28_13-03-16,14.6,14.9,0.000479879,0.0984,0.00487681910569,0.00145317,0.0977,0.0148737973388,0.327879894731,1.04930678684
YbYag5,Yb_Yag5_2026-09-28_14-57-53,Yb_Yag5_2026-09-28_13-03-16,14.7,14.9,0.000476124,0.09845,0.00483620111732,0.0014571,0.0978,0.0148987730061,0.324603986875,1.03882297126
YbYag5,Yb_Yag5_2026-09-28_14-57-53,Yb_Yag5_2026-09-28_13-03-16,14.8,14.9,0.000481011,0.0984,0.00488832317073,0.00146652,0.09795,0.0149721286371,0.326494868513,1.04487431802
YbYag5,Yb_Yag5_2026-09-28_14-57-53,Yb_Yag5_2026-09-28_13-03-16,14.9,14.9,0.000472786,0.0984,0.00480473577236,0.00146676,0.0979,0.014982226762,0.320695704897,1.02631538275
YbYag5,Yb_Yag5_2026-09-28_14-57-53,Yb_Yag5_2026-09-28_13-03-16,15,14.9,0.000480117,0.0984,0.00487923780488,0.0014608,0.09795,0.0149137314957,0.327164117598,1.04701610108
YbYag5,Yb_Yag5_2026-09-28_14-57-53,Yb_Yag5_2026-09-28_13-03-16,15.1,14.9,0.000476303,0.0985,0.00483556345178,0.00145913,0.09795,0.0148966819806,0.324606745185,1.03883179862
YbYag5,Yb_Yag5_2026-09-28_14-57-53,Yb_Yag5_2026-09-28_13-03-16,15.2,14.9,0.000471951,0.0984,0.00479625,0.00146628,0.09785,0.0149849770056,0.320070561217,1.02431474924
YbYag5,Yb_Yag5_2026-09-28_14-57-53,Yb_Yag5_2026-09-28_13-03-16,15.3,14.9,0.00047511,0.0984,0.00482835365854,0.00146271,0.09805,0.0149180010199,0.323659560829,1.03580054544
YbYag5,Yb_Yag5_2026-09-28_14-57-53,Yb_Yag5_2026-09-28_13-03-16,15.4,14.9,0.000477972,0.0985,0.00485250761421,0.00146414,0.098,0.0149402040816,0.32479526971,1.0394351295
YbYag5,Yb_Yag5_2026-09-28_14-57-53,Yb_Yag5_2026-09-28_13-03-16,15.5,14.9,0.000477197,0.0985,0.00484463959391,0.0014664,0.09795,0.0149709035222,0.323603688096,1.03562173717
YbYag5,Yb_Yag5_2026-09-28_14-57-53,Yb_Yag5_2026-09-28_13-03-16,15.6,14.9,0.000479164,0.09845,0.00486707973591,0.00146807,0.09805,0.0149726670066,0.325064314445,1.04029614742
YbYag5,Yb_Yag5_2026-09-28_14-57-53,Yb_Yag5_2026-09-28_13-03-16,15.7,14.9,0.000471713,0.0985,0.00478896446701,0.00146509,0.0982,0.0149194501018,0.320988001189,1.02725081212
YbYag5,Yb_Yag5_2026-09-28_14-57-53,Yb_Yag5_2026-09-28_13-03-16,15.8,14.9,0.000475647,0.0985,0.0048289035533,0.00146724,0.0981,0.0149565749235,0.322861589502,1.03324681543
YbYag5,Yb_Yag5_2026-09-28_14-57-53,Yb_Yag5_2026-09-28_13-03-16,15.9,14.9,0.000476064,0.0985,0.00483313705584,0.00146521,0.0982,0.0149206720978,0.32392220834,1.03664109048
YbYag5,Yb_Yag5_2026-09-28_14-57-53,Yb_Yag5_2026-09-28_13-03-16,16,14.9,0.00047511,0.09865,0.00481611758743,0.00147069,0.09815,0.0149841059603,0.321415078096,1.02861757692
YbYag5,Yb_Yag5_2026-09-28_14-57-53,Yb_Yag5_2026-09-28_13-03-16,16.1,14.9,0.000476541,0.0986,0.00483307302231,0.00147939,0.09815,0.0150727457972,0.320649806435,1.02616849492
YbYag5,Yb_Yag5_2026-09-28_14-57-53,Yb_Yag5_2026-09-28_13-03-16,16.2,14.9,0.000483157,0.0986,0.00490017241379,0.00148011,0.09815,0.0150800815079,0.324943363948,1.03990907222
YbYag5,Yb_Yag5_2026-09-28_14-57-53,Yb_Yag5_2026-09-28_13-03-16,16.3,14.9,0.000480892,0.09875,0.00486979240506,0.00147236,0.09825,0.0149858524173,0.324959319594,1.03996013472
YbYag5,Yb_Yag5_2026-09-28_14-57-53,Yb_Yag5_2026-09-28_13-03-16,16.4,14.9,0.000476839,0.09875,0.00482874936709,0.0014689,0.09805,0.0149811320755,0.322322061027,1.03152017436
YbYag5,Yb_Yag5_2026-09-28_14-57-53,Yb_Yag5_2026-09-28_13-03-16,16.5,14.9,0.00047976,0.0988,0.00485587044534,0.00147284,0.09815,0.0150060112073,0.323595016574,1.03559398589
YbYag5,Yb_Yag5_2026-09-28_14-57-53,Yb_Yag5_2026-09-28_13-03-16,16.6,14.9,0.000484528,0.09885,0.00490164896308,0.00148273,0.09825,0.0150913994911,0.324797509069,1.03944229607
YbYag5,Yb_Yag5_2026-09-28_14-57-53,Yb_Yag5_2026-09-28_13-03-16,16.7,14.9,0.000482382,0.0989,0.00487747219414,0.00147606,0.09825,0.0150235114504,0.324655937478,1.03898922763
YbYag5,Yb_Yag5_2026-09-28_14-57-53,Yb_Yag5_2026-09-28_13-03-16,16.8,14.9,0.000480356,0.09905,0.00484963149924,0.00147987,0.09835,0.015046975089,0.322299430321,1.03144774982
YbYag5,Yb_Yag5_2026-09-28_14-57-53,Yb_Yag5_2026-09-28_13-03-16,16.9,14.9,0.000480356,0.09875,0.00486436455696,0.00146485,0.0985,0.0148715736041,0.327091448858,1.04678354092
YbYag5,Yb_Yag5_2026-09-28_14-57-53,Yb_Yag5_2026-09-28_13-03-16,17,14.9,0.000476422,0.0989,0.00481720930233,0.00146795,0.09825,0.0149409669211,0.322416168095,1.03182134313
YbYag5,Yb_Yag5_2026-09-28_14-57-53,Yb_Yag5_2026-09-28_13-03-16,17.1,14.9,0.000481071,0.09885,0.004866676783,0.00146771,0.09835,0.014923335028,0.326111876056,1.04364863572
YbYag5,Yb_Yag5_2026-09-28_14-57-53,Yb_Yag5_2026-09-28_13-03-16,17.2,14.9,0.000480654,0.0988,0.00486491902834,0.00146616,0.09835,0.0149075749873,0.326338725949,1.04437461842
YbYag5,Yb_Yag5_2026-09-28_14-57-53,Yb_Yag5_2026-09-28_13-03-16,17.3,14.9,0.000480713,0.09875,0.00486797974684,0.00146032,0.0983,0.0148557477111,0.327683253748,1.04867748104
YbYag5,Yb_Yag5_2026-09-28_14-57-53,Yb_Yag5_2026-09-28_13-03-16,17.4,14.9,0.000484886,0.099,0.00489783838384,0.0014515,0.0982,0.0147810590631,0.331359096999,1.06044120103
YbYag5,Yb_Yag5_2026-09-28_14-57-53,Yb_Yag5_2026-09-28_13-03-16,17.5,14.9,0.000476005,0.0989,0.00481299292214,0.00145233,0.09825,0.0147819847328,0.325598558593,1.04200587717
YbYag5,Yb_Yag5_2026-09-28_14-57-53,Yb_Yag5_2026-09-28_13-03-16,17.6,14.9,0.000477495,0.09895,0.00482561899949,0.00144673,0.0982,0.0147324847251,0.327549567472,1.0482496478
YbYag5,Yb_Yag5_2026-09-28_14-57-53,Yb_Yag5_2026-09-28_13-03-16,17.7,14.9,0.000476362,0.0989,0.00481660262892,0.00145591,0.0983,0.0148108850458,0.325206941653,1.04075259413
YbYag5,Yb_Yag5_2026-09-28_14-57-53,Yb_Yag5_2026-09-28_13-03-16,17.8,14.9,0.000471415,0.0989,0.00476658240647,0.00144482,0.0982,0.0147130346232,0.323970039393,1.03679416314
YbYag5,Yb_Yag5_2026-09-28_14-57-53,Yb_Yag5_2026-09-28_13-03-16,17.9,14.9,0.000470879,0.0989,0.0047611627907,0.00144304,0.09825,0.0146874300254,0.324165819511,1.03742071393
YbYag5,Yb_Yag5_2026-09-28_14-57-53,Yb_Yag5_2026-09-28_13-03-16,18,14.9,0.000476303,0.09905,0.00480871277133,0.00144351,0.09825,0.0146922137405,0.32729667947,1.04744033592
YbYag5,Yb_Yag5_2026-09-28_14-57-53,Yb_Yag5_2026-09-28_13-03-16,18.1,14.9,0.000474753,0.09885,0.00480276176024,0.00144506,0.0983,0.014700508647,0.326707182423,1.04555378153
YbYag5,Yb_Yag5_2026-09-28_14-57-53,Yb_Yag5_2026-09-28_13-03-16,18.2,14.9,0.00047511,0.099,0.00479909090909,0.0014552,0.09835,0.0147961362481,0.324347574841,1.0380023815
YbYag5,Yb_Yag5_2026-09-28_14-57-53,Yb_Yag5_2026-09-28_13-03-16,18.3,14.9,0.000480952,0.0989,0.00486301314459,0.00145615,0.09835,0.0148057956279,0.328453348054,1.05114199685
YbYag5,Yb_Yag5_2026-09-28_14-57-53,Yb_Yag5_2026-09-28_13-03-16,18.4,14.9,0.000481131,0.09895,0.00486236483072,0.00145031,0.09835,0.0147464158617,0.329731975303,1.0552339594
YbYag5,Yb_Yag5_2026-09-28_14-57-53,Yb_Yag5_2026-09-28_13-03-16,18.5,14.9,0.000481011,0.0989,0.00486360970677,0.00145961,0.09845,0.0148259014728,0.328048160558,1.04984528425
YbYag5,Yb_Yag5_2026-09-28_14-57-53,Yb_Yag5_2026-09-28_13-03-16,18.6,14.9,0.000484886,0.09885,0.00490527061204,0.00145317,0.0983,0.0147830111902,0.331818095037,1.06191012231
YbYag5,Yb_Yag5_2026-09-28_14-57-53,Yb_Yag5_2026-09-28_13-03-16,18.7,14.9,0.000480236,0.0988,0.00486068825911,0.00146783,0.0983,0.0149321464903,0.325518388282,1.0417493099
YbYag5,Yb_Yag5_2026-09-28_14-57-53,Yb_Yag5_2026-09-28_13-03-16,18.8,14.9,0.000484766,0.09875,0.00490902278481,0.00146592,0.09835,0.0149051347229,0.329351117992,1.05401511015
YbYag5,Yb_Yag5_2026-09-28_14-57-53,Yb_Yag5_2026-09-28_13-03-16,18.9,14.9,0.000484468,0.09885,0.0049010419828,0.0014664,0.09835,0.0149100152517,0.32870804624,1.05195710183
YbYag5,Yb_Yag5_2026-09-28_14-57-53,Yb_Yag5_2026-09-28_13-03-16,19,14.9,0.000486257,0.09885,0.00491914011128,0.00146664,0.0984,0.0149048780488,0.330035582658,1.05620558731
YbYag5,Yb_Yag5_2026-09-28_14-57-53,Yb_Yag5_2026-09-28_13-03-16,19.1,14.9,0.000476124,0.09865,0.00482639635073,0.00146855,0.0984,0.0149242886179,0.323392054007,1.03494444927
YbYag5,Yb_Yag5_2026-09-28_14-57-53,Yb_Yag5_2026-09-28_13-03-16,19.2,14.9,0.000482025,0.0988,0.00487879554656,0.00146962,0.0983,0.0149503560529,0.326333067206,1.04435650887
YbYag5,Yb_Yag5_2026-09-28_14-57-53,Yb_Yag5_2026-09-28_13-03-16,19.3,14.9,0.000477435,0.09875,0.00483478481013,0.00146282,0.09835,0.0148736146416,0.325057823981,1.04027537613
YbYag5,Yb_Yag5_2026-09-28_14-57-53,Yb_Yag5_2026-09-28_13-03-16,19.4,14.9,0.000484945,0.0988,0.00490835020243,0.00145949,0.0983,0.0148473041709,0.330588647335,1.05797554798
YbYag5,Yb_Yag5_2026-09-28_14-57-53,Yb_Yag5_2026-09-28_13-03-16,19.5,14.9,0.000484945,0.09885,0.00490586747597,0.00145961,0.0982,0.0148636456212,0.330058156727,1.0562778306
YbYag5,Yb_Yag5_2026-09-28_14-57-53,Yb_Yag5_2026-09-28_13-03-16,19.6,14.9,0.000476183,0.09875,0.00482210632911,0.00145615,0.09825,0.0148208651399,0.325359301471,1.04124018789
YbYag5,Yb_Yag5_2026-09-28_14-57-53,Yb_Yag5_2026-09-28_13-03-16,19.7,14.9,0.000479521,0.0989,0.00484854398382,0.00146485,0.0983,0.0149018311292,0.325365650824,1.04126050758
YbYag5,Yb_Yag5_2026-09-28_14-57-53,Yb_Yag5_2026-09-28_13-03-16,19.8,14.9,0.000489656,0.0989,0.00495102123357,0.00146557,0.0983,0.014909155646,0.332079250571,1.0627458926
YbYag5,Yb_Yag5_2026-09-28_14-57-53,Yb_Yag5_2026-09-28_13-03-16,19.9,14.9,0.000477435,0.0989,0.00482745197169,0.00146485,0.0982,0.01491700611,0.323620700836,1.03567618267
YbYag5,Yb_Yag5_2026-09-28_14-57-53,Yb_Yag5_2026-09-28_13-03-16,20,14.9,0.000479521,0.09875,0.00485590886076,0.00146116,0.09835,0.0148567361464,0.326848966887,1.04600753122
YbYag5,Yb_Yag5_2026-09-28_14-57-53,Yb_Yag5_2026-09-28_13-03-16,20.1,14.9,0.000488224,0.0988,0.00494153846154,0.00146604,0.0983,0.0149139369278,0.33133695586,1.06037034323
YbYag5,Yb_Yag5_2026-09-28_14-57-53,Yb_Yag5_2026-09-28_13-03-16,20.2,14.9,0.000481488,0.0987,0.00487829787234,0.00146271,0.09825,0.0148876335878,0.327674498675,1.04864946238
YbYag5,Yb_Yag5_2026-09-28_14-57-53,Yb_Yag5_2026-09-28_13-03-16,20.3,14.9,0.00048268,0.09875,0.00488789873418,0.0014552,0.0983,0.0148036622584,0.330181724553,1.05667328199
YbYag5,Yb_Yag5_2026-09-28_14-57-53,Yb_Yag5_2026-09-28_13-03-16,20.4,14.9,0.000475945,0.0987,0.00482213779129,0.00144602,0.0981,0.0147402650357,0.327140507963,1.04694054369
YbYag5,Yb_Yag5_2026-09-28_14-57-53,Yb_Yag5_2026-09-28_13-03-16,20.5,14.9,0.000480296,0.0988,0.00486129554656,0.00144375,0.09825,0.0146946564885,0.330820632001,1.05871796339
YbYag5,Yb_Yag5_2026-09-28_14-57-53,Yb_Yag5_2026-09-28_13-03-16,20.6,14.9,0.000466498,0.09875,0.00472403037975,0.00143457,0.0983,0.0145937945066,0.323701308636,1.03593415003
YbYag5,Yb_Yag5_2026-09-28_14-57-53,Yb_Yag5_2026-09-28_13-03-16,20.7,14.9,0.00045106,0.0989,0.00456076845298,0.00140417,0.09835,0.0142772750381,0.319442501514,1.02230478364
YbYag5,Yb_Yag5_2026-09-28_14-57-53,Yb_Yag5_2026-09-28_13-03-16,20.8,14.9,0.00042701,0.09875,0.00432415189873,0.00135136,0.0983,0.0137473041709,0.314545444327,1.00663283966
YbYag5,Yb_Yag5_2026-09-28_14-57-53,Yb_Yag5_2026-09-28_13-03-16,20.9,14.9,0.000386359,0.09885,0.00390853818918,0.00126863,0.0983,0.0129056968464,0.302853711481,0.969216045213
YbYag5,Yb_Yag5_2026-09-28_14-57-53,Yb_Yag5_2026-09-28_13-03-16,21,14.9,0.000314357,0.09885,0.00318014162873,0.00116444,0.0984,0.0118337398374,0.268735131279,0.860027106403
YbYag5,Yb_Yag5_2026-09-28_14-57-53,Yb_Yag5_2026-09-28_13-03-16,13.6,15,0.000442686,0.09865,0.00448744044602,0.00117863,0.09785,0.0120452733776,0.372547828957,1.19225659038
YbYag5,Yb_Yag5_2026-09-28_14-57-53,Yb_Yag5_2026-09-28_13-03-16,13.7,15,0.000461133,0.0984,0.00468631097561,0.0013857,0.09785,0.0141614716403,0.330919772651,1.05903524102
YbYag5,Yb_Yag5_2026-09-28_14-57-53,Yb_Yag5_2026-09-28_13-03-16,13.8,15,0.000473412,0.09855,0.00480377473364,0.00143886,0.0979,0.0146972420838,0.326848718028,1.04600673481
YbYag5,Yb_Yag5_2026-09-28_14-57-53,Yb_Yag5_2026-09-28_13-03-16,13.9,15,0.000468196,0.0984,0.00475808943089,0.00146104,0.0979,0.0149237997957,0.318825600452,1.02033052879
YbYag5,Yb_Yag5_2026-09-28_14-57-53,Yb_Yag5_2026-09-28_13-03-16,14,15,0.000471892,0.0984,0.0047956504065,0.0014639,0.0979,0.0149530132789,0.320714649085,1.02637600942
YbYag5,Yb_Yag5_2026-09-28_14-57-53,Yb_Yag5_2026-09-28_13-03-16,14.1,15,0.000471296,0.0984,0.00478959349593,0.0014633,0.0979,0.0149468845761,0.320440923428,1.02550001124
YbYag5,Yb_Yag5_2026-09-28_14-57-53,Yb_Yag5_2026-09-28_13-03-16,14.2,15,0.000476243,0.09845,0.00483740985272,0.0014639,0.09785,0.0149606540623,0.323342136819,1.0347847004
YbYag5,Yb_Yag5_2026-09-28_14-57-53,Yb_Yag5_2026-09-28_13-03-16,14.3,15,0.000472071,0.09835,0.00479990849009,0.00146426,0.0979,0.0149566905005,0.320920493068,1.02703476737
YbYag5,Yb_Yag5_2026-09-28_14-57-53,Yb_Yag5_2026-09-28_13-03-16,14.4,15,0.000475826,0.0984,0.0048356300813,0.00146163,0.09775,0.0149527365729,0.323394320346,1.03495170218
YbYag5,Yb_Yag5_2026-09-28_14-57-53,Yb_Yag5_2026-09-28_13-03-16,14.5,15,0.000475826,0.0984,0.0048356300813,0.00145388,0.0978,0.0148658486708,0.325284495247,1.04100078718
YbYag5,Yb_Yag5_2026-09-28_14-57-53,Yb_Yag5_2026-09-28_13-03-16,14.6,15,0.000472488,0.0984,0.00480170731707,0.00146807,0.0979,0.014995607763,0.320207582978,1.02475325695
YbYag5,Yb_Yag5_2026-09-28_14-57-53,Yb_Yag5_2026-09-28_13-03-16,14.7,15,0.000472846,0.09835,0.00480778851042,0.00146902,0.0979,0.0150053115424,0.320405777437,1.0253875343
YbYag5,Yb_Yag5_2026-09-28_14-57-53,Yb_Yag5_2026-09-28_13-03-16,14.8,15,0.00047976,0.0983,0.00488056968464,0.001472,0.09785,0.0150434338273,0.324431891061,1.03827221683
YbYag5,Yb_Yag5_2026-09-28_14-57-53,Yb_Yag5_2026-09-28_13-03-16,14.9,15,0.000480833,0.09845,0.00488403250381,0.00146867,0.09795,0.0149940786115,0.325730752143,1.04242893327
YbYag5,Yb_Yag5_2026-09-28_14-57-53,Yb_Yag5_2026-09-28_13-03-16,15,15,0.000479879,0.0984,0.00487681910569,0.00146747,0.09795,0.014981827463,0.325515636709,1.0417405041
YbYag5,Yb_Yag5_2026-09-28_14-57-53,Yb_Yag5_2026-09-28_13-03-16,15.1,15,0.000475289,0.0984,0.00483017276423,0.00146592,0.0978,0.0149889570552,0.322248755964,1.03128557779
YbYag5,Yb_Yag5_2026-09-28_14-57-53,Yb_Yag5_2026-09-28_13-03-16,15.2,15,0.000472369,0.0984,0.00480049796748,0.00146545,0.0979,0.014968845761,0.320699273954,1.02632680473
YbYag5,Yb_Yag5_2026-09-28_14-57-53,Yb_Yag5_2026-09-28_13-03-16,15.3,15,0.000472846,0.09855,0.00479803145611,0.00146783,0.098,0.0149778571429,0.320341649031,1.02518230559
YbYag5,Yb_Yag5_2026-09-28_14-57-53,Yb_Yag5_2026-09-28_13-03-16,15.4,15,0.000479462,0.09845,0.00487010665312,0.00146771,0.098,0.0149766326531,0.325180350345,1.04066749455
YbYag5,Yb_Yag5_2026-09-28_14-57-53,Yb_Yag5_2026-09-28_13-03-16,15.5,15,0.000476481,0.0985,0.00483737055838,0.00147558,0.0981,0.0150415902141,0.321599677263,1.02920834556
YbYag5,Yb_Yag5_2026-09-28_14-57-53,Yb_Yag5_2026-09-28_13-03-16,15.6,15,0.000476362,0.09855,0.00483370877727,0.00146747,0.098,0.0149741836735,0.322802824025,1.03305874957
YbYag5,Yb_Yag5_2026-09-28_14-57-53,Yb_Yag5_2026-09-28_13-03-16,15.7,15,0.00047976,0.09855,0.00486818873668,0.00146426,0.09785,0.014964333163,0.325319456848,1.04111267402
YbYag5,Yb_Yag5_2026-09-28_14-57-53,Yb_Yag5_2026-09-28_13-03-16,15.8,15,0.000486137,0.0986,0.00493039553753,0.00147272,0.09795,0.0150354262379,0.327918574407,1.04943057255
YbYag5,Yb_Yag5_2026-09-28_14-57-53,Yb_Yag5_2026-09-28_13-03-16,15.9,15,0.000480535,0.09865,0.00487110998479,0.00147486,0.09805,0.0150419173891,0.323835709158,1.03636426905
YbYag5,Yb_Yag5_2026-09-28_14-57-53,Yb_Yag5_2026-09-28_13-03-16,16,15,0.00048423,0.0987,0.00490607902736,0.00147177,0.09805,0.0150104028557,0.326845260219,1.04599566886
YbYag5,Yb_Yag5_2026-09-28_14-57-53,Yb_Yag5_2026-09-28_13-03-16,16.1,15,0.000477137,0.09865,0.00483666497719,0.00147415,0.098,0.0150423469388,0.321536592452,1.02900645663
YbYag5,Yb_Yag5_2026-09-28_14-57-53,Yb_Yag5_2026-09-28_13-03-16,16.2,15,0.000486435,0.0987,0.00492841945289,0.00147701,0.09815,0.0150484971982,0.327502433497,1.04809880599
YbYag5,Yb_Yag5_2026-09-28_14-57-53,Yb_Yag5_2026-09-28_13-03-16,16.3,15,0.000480415,0.09875,0.00486496202532,0.00147749,0.09805,0.0150687404386,0.322851272483,1.0332137981
YbYag5,Yb_Yag5_2026-09-28_14-57-53,Yb_Yag5_2026-09-28_13-03-16,16.4,15,0.000484111,0.09875,0.00490238987342,0.00148154,0.09815,0.0150946510443,0.324776628425,1.03937547221
YbYag5,Yb_Yag5_2026-09-28_14-57-53,Yb_Yag5_2026-09-28_13-03-16,16.5,15,0.000484945,0.09875,0.00491083544304,0.00148106,0.0981,0.01509745158,0.325275786911,1.04097291809
YbYag5,Yb_Yag5_2026-09-28_14-57-53,Yb_Yag5_2026-09-28_13-03-16,16.6,15,0.000482621,0.09875,0.00488730126582,0.00148536,0.09815,0.0151335710647,0.32294434968,1.033511671
YbYag5,Yb_Yag5_2026-09-28_14-57-53,Yb_Yag5_2026-09-28_13-03-16,16.7,15,0.000480952,0.0987,0.00487286727457,0.0014788,0.09815,0.0150667345899,0.323418936299,1.03503048008
YbYag5,Yb_Yag5_2026-09-28_14-57-53,Yb_Yag5_2026-09-28_13-03-16,16.8,15,0.000485959,0.0987,0.00492359675785,0.00146235,0.09825,0.0148839694656,0.330798633337,1.05864756155
YbYag5,Yb_Yag5_2026-09-28_14-57-53,Yb_Yag5_2026-09-28_13-03-16,16.9,15,0.000481965,0.09875,0.00488065822785,0.00146974,0.09825,0.0149591857506,0.326264965836,1.04413856556
YbYag5,Yb_Yag5_2026-09-28_14-57-53,Yb_Yag5_2026-09-28_13-03-16,17,15,0.000475587,0.09875,0.00481607088608,0.00147522,0.09825,0.0150149618321,0.320751457109,1.02649380533
YbYag5,Yb_Yag5_2026-09-28_14-57-53,Yb_Yag5_2026-09-28_13-03-16,17.1,15,0.000480236,0.09885,0.00485822964087,0.00147379,0.09815,0.01501569027,0.323543543688,1.03542925835
YbYag5,Yb_Yag5_2026-09-28_14-57-53,Yb_Yag5_2026-09-28_13-03-16,17.2,15,0.000476124,0.0988,0.00481906882591,0.00146473,0.0981,0.014930988787,0.322756174735,1.03290945888
YbYag5,Yb_Yag5_2026-09-28_14-57-53,Yb_Yag5_2026-09-28_13-03-16,17.3,15,0.000476362,0.09885,0.0048190389479,0.0014695,0.09825,0.0149567430025,0.32219841894,1.03112448532
YbYag5,Yb_Yag5_2026-09-28_14-57-53,Yb_Yag5_2026-09-28_13-03-16,17.4,15,0.000476839,0.09875,0.00482874936709,0.00146187,0.09815,0.0148942435048,0.324202391718,1.03753775515
YbYag5,Yb_Yag5_2026-09-28_14-57-53,Yb_Yag5_2026-09-28_13-03-16,17.5,15,0.000476183,0.09875,0.00482210632911,0.00146557,0.0983,0.014909155646,0.323432556719,1.03507406921
YbYag5,Yb_Yag5_2026-09-28_14-57-53,Yb_Yag5_2026-09-28_13-03-16,17.6,15,0.000475945,0.0988,0.00481725708502,0.00146449,0.0983,0.0148981688708,0.323345582051,1.03479572609
YbYag5,Yb_Yag5_2026-09-28_14-57-53,Yb_Yag5_2026-09-28_13-03-16,17.7,15,0.000475766,0.09875,0.0048178835443,0.00146282,0.09835,0.0148736146416,0.3239214986,1.03663881911
YbYag5,Yb_Yag5_2026-09-28_14-57-53,Yb_Yag5_2026-09-28_13-03-16,17.8,15,0.00047815,0.09895,0.0048322385043,0.00145448,0.0983,0.0147963377416,0.326583414673,1.04515769034
YbYag5,Yb_Yag5_2026-09-28_14-57-53,Yb_Yag5_2026-09-28_13-03-16,17.9,15,0.000475528,0.0988,0.00481303643725,0.00145138,0.09825,0.0147723155216,0.325814624675,1.04269734868
YbYag5,Yb_Yag5_2026-09-28_14-57-53,Yb_Yag5_2026-09-28_13-03-16,18,15,0.000479879,0.09875,0.00485953417722,0.00145603,0.0982,0.0148271894094,0.327744796606,1.04887443529
YbYag5,Yb_Yag5_2026-09-28_14-57-53,Yb_Yag5_2026-09-28_13-03-16,18.1,15,0.000476362,0.09885,0.0048190389479,0.001454,0.0982,0.0148065173116,0.325467417252,1.04158618843
YbYag5,Yb_Yag5_2026-09-28_14-57-53,Yb_Yag5_2026-09-28_13-03-16,18.2,15,0.000480713,0.09875,0.00486797974684,0.00145722,0.0982,0.0148393075356,0.328046287548,1.0498392901
YbYag5,Yb_Yag5_2026-09-28_14-57-53,Yb_Yag5_2026-09-28_13-03-16,18.3,15,0.000479998,0.0987,0.00486320162107,0.00144828,0.0981,0.0147633027523,0.329411494343,1.05420833125
YbYag5,Yb_Yag5_2026-09-28_14-57-53,Yb_Yag5_2026-09-28_13-03-16,18.4,15,0.000486137,0.09875,0.00492290632911,0.00146199,0.0983,0.0148727365209,0.331002053468,1.0592985625
YbYag5,Yb_Yag5_2026-09-28_14-57-53,Yb_Yag5_2026-09-28_13-03-16,18.5,15,0.000476303,0.0988,0.0048208805668,0.00146509,0.0983,0.0149042726348,0.323456278943,1.03514998691
YbYag5,Yb_Yag5_2026-09-28_14-57-53,Yb_Yag5_2026-09-28_13-03-16,18.6,15,0.000477077,0.0987,0.00483360688956,0.00146127,0.09825,0.0148729770992,0.324992559144,1.04006651052
YbYag5,Yb_Yag5_2026-09-28_14-57-53,Yb_Yag5_2026-09-28_13-03-16,18.7,15,0.000480713,0.09875,0.00486797974684,0.00147296,0.09835,0.0149767158109,0.325036530592,1.04020723137
YbYag5,Yb_Yag5_2026-09-28_14-57-53,Yb_Yag5_2026-09-28_13-03-16,18.8,15,0.000484886,0.0987,0.0049127254306,0.00146592,0.09825,0.0149203053435,0.329264402939,1.05373759788
YbYag5,Yb_Yag5_2026-09-28_14-57-53,Yb_Yag5_2026-09-28_13-03-16,18.9,15,0.000483813,0.0987,0.00490185410334,0.00146569,0.09825,0.0149179643766,0.328587331327,1.05157078056
YbYag5,Yb_Yag5_2026-09-28_14-57-53,Yb_Yag5_2026-09-28_13-03-16,19,15,0.000486197,0.09885,0.00491853313101,0.0014639,0.09825,0.0148997455471,0.330108532086,1.05643904575
YbYag5,Yb_Yag5_2026-09-28_14-57-53,Yb_Yag5_2026-09-28_13-03-16,19.1,15,0.000480952,0.09865,0.00487533705018,0.00146616,0.09815,0.0149379521141,0.326372518331,1.04448276343
YbYag5,Yb_Yag5_2026-09-28_14-57-53,Yb_Yag5_2026-09-28_13-03-16,19.2,15,0.000480892,0.0987,0.00487225937183,0.00146306,0.09815,0.0149063678044,0.32685758434,1.04603510947
YbYag5,Yb_Yag5_2026-09-28_14-57-53,Yb_Yag5_2026-09-28_13-03-16,19.3,15,0.000484588,0.0987,0.00490970618034,0.00146127,0.0982,0.0148805498982,0.329941179185,1.05590346996
YbYag5,Yb_Yag5_2026-09-28_14-57-53,Yb_Yag5_2026-09-28_13-03-16,19.4,15,0.000477733,0.09885,0.00483290844714,0.00146354,0.0981,0.0149188583078,0.323946266358,1.03671808282
YbYag5,Yb_Yag5_2026-09-28_14-57-53,Yb_Yag5_2026-09-28_13-03-16,19.5,15,0.000481429,0.09865,0.00488017232641,0.0014608,0.0981,0.0148909276249,0.327727892401,1.04882033714
YbYag5,Yb_Yag5_2026-09-28_14-57-53,Yb_Yag5_2026-09-28_13-03-16,19.6,15,0.00048125,0.09875,0.00487341772152,0.00147486,0.09825,0.0150112977099,0.324649994671,1.038970209
YbYag5,Yb_Yag5_2026-09-28_14-57-53,Yb_Yag5_2026-09-28_13-03-16,19.7,15,0.000485422,0.0988,0.00491317813765,0.00147367,0.0983,0.0149915564598,0.327729689097,1.04882608706
YbYag5,Yb_Yag5_2026-09-28_14-57-53,Yb_Yag5_2026-09-28_13-03-16,19.8,15,0.000485422,0.0988,0.00491317813765,0.00147188,0.0982,0.0149885947047,0.327794448676,1.04903333571
YbYag5,Yb_Yag5_2026-09-28_14-57-53,Yb_Yag5_2026-09-28_13-03-16,19.9,15,0.000490133,0.0987,0.00496588652482,0.00147534,0.0982,0.0150238289206,0.330534017065,1.05780071593
YbYag5,Yb_Yag5_2026-09-28_14-57-53,Yb_Yag5_2026-09-28_13-03-16,20,15,0.000482323,0.0987,0.00488675785208,0.00147498,0.0983,0.0150048830112,0.32567783757,1.04225959193
YbYag5,Yb_Yag5_2026-09-28_14-57-53,Yb_Yag5_2026-09-28_13-03-16,20.1,15,0.000489,0.09865,0.00495691839838,0.00146974,0.0982,0.014966802444,0.331194215794,1.05991353535
YbYag5,Yb_Yag5_2026-09-28_14-57-53,Yb_Yag5_2026-09-28_13-03-16,20.2,15,0.000481429,0.0987,0.00487770010132,0.00146962,0.0982,0.0149655804481,0.32592789289,1.04305983845
YbYag5,Yb_Yag5_2026-09-28_14-57-53,Yb_Yag5_2026-09-28_13-03-16,20.3,15,0.000482203,0.0987,0.00488554204661,0.0014695,0.09825,0.0149567430025,0.326644781273,1.04535408051
YbYag5,Yb_Yag5_2026-09-28_14-57-53,Yb_Yag5_2026-09-28_13-03-16,20.4,15,0.000484945,0.0987,0.00491332320162,0.00145913,0.09815,0.0148663270504,0.33050014203,1.05769230641
YbYag5,Yb_Yag5_2026-09-28_14-57-53,Yb_Yag5_2026-09-28_13-03-16,20.5,15,0.00047672,0.0987,0.00482998986829,0.00144614,0.0981,0.0147414882773,0.32764601358,1.04855830215
YbYag5,Yb_Yag5_2026-09-28_14-57-53,Yb_Yag5_2026-09-28_13-03-16,20.6,15,0.000468256,0.09865,0.00474663963507,0.00143934,0.0981,0.0146721712538,0.323513101978,1.03533183642
YbYag5,Yb_Yag5_2026-09-28_14-57-53,Yb_Yag5_2026-09-28_13-03-16,20.7,15,0.000467362,0.09865,0.00473757729346,0.00142515,0.09825,0.0145053435115,0.326609107168,1.04523991346
YbYag5,Yb_Yag5_2026-09-28_14-57-53,Yb_Yag5_2026-09-28_13-03-16,20.8,15,0.000443997,0.0987,0.00449844984802,0.00137711,0.0982,0.0140235234216,0.320778859405,1.02658150029
YbYag5,Yb_Yag5_2026-09-28_14-57-53,Yb_Yag5_2026-09-28_13-03-16,20.9,15,0.000409069,0.09875,0.00414247088608,0.00131357,0.0983,0.0133628687691,0.30999862063,0.992081740188
YbYag5,Yb_Yag5_2026-09-28_14-57-53,Yb_Yag5_2026-09-28_13-03-16,21,15,0.00036365,0.09865,0.00368626457172,0.00122047,0.0982,0.0124284114053,0.296599818875,0.949201850806
YbYag5,Yb_Yag5_2026-09-28_14-57-53,Yb_Yag5_2026-09-28_13-03-16,13.5,15.1,0.000413062,0.0984,0.00419778455285,0.000965361,0.09795,0.00985565084227,0.425926670905,1.36308371955
YbYag5,Yb_Yag5_2026-09-28_14-57-53,Yb_Yag5_2026-09-28_13-03-16,13.6,15.1,0.000461342,0.09845,0.00468605383443,0.00129927,0.09775,0.0132917647059,0.352553173948,1.12826813748
YbYag5,Yb_Yag5_2026-09-28_14-57-53,Yb_Yag5_2026-09-28_13-03-16,13.7,15.1,0.000467898,0.0984,0.00475506097561,0.0014267,0.0978,0.0145879345603,0.32595848,1.0431577257
YbYag5,Yb_Yag5_2026-09-28_14-57-53,Yb_Yag5_2026-09-28_13-03-16,13.8,15.1,0.000476362,0.09835,0.00484353838332,0.00145567,0.09775,0.0148917647059,0.32524945693,1.04088865483
YbYag5,Yb_Yag5_2026-09-28_14-57-53,Yb_Yag5_2026-09-28_13-03-16,13.9,15.1,0.000476183,0.0984,0.00483925813008,0.00146831,0.0979,0.0149980592441,0.32265895549,1.03259833027
YbYag5,Yb_Yag5_2026-09-28_14-57-53,Yb_Yag5_2026-09-28_13-03-16,14,15.1,0.000477077,0.09835,0.00485080833757,0.00146938,0.0978,0.0150243353783,0.32286342227,1.0332526808
YbYag5,Yb_Yag5_2026-09-28_14-57-53,Yb_Yag5_2026-09-28_13-03-16,14.1,15.1,0.000476481,0.0983,0.00484721261445,0.00146902,0.0978,0.0150206543967,0.32270315836,1.03273979174
YbYag5,Yb_Yag5_2026-09-28_14-57-53,Yb_Yag5_2026-09-28_13-03-16,14.2,15.1,0.000476779,0.0983,0.00485024415056,0.00147248,0.0978,0.0150560327198,0.322146228082,1.03095746007
YbYag5,Yb_Yag5_2026-09-28_14-57-53,Yb_Yag5_2026-09-28_13-03-16,14.3,15.1,0.00047666,0.0982,0.00485397148676,0.00147653,0.0978,0.0150974437628,0.3215094928,1.02891973021
YbYag5,Yb_Yag5_2026-09-28_14-57-53,Yb_Yag5_2026-09-28_13-03-16,14.4,15.1,0.000472309,0.09825,0.00480721628499,0.00146879,0.0978,0.0150183026585,0.320090518503,1.0243786181
YbYag5,Yb_Yag5_2026-09-28_14-57-53,Yb_Yag5_2026-09-28_13-03-16,14.5,15.1,0.0004797,0.0984,0.004875,0.00146688,0.0977,0.0150141248721,0.324694249017,1.03911183521
YbYag5,Yb_Yag5_2026-09-28_14-57-53,Yb_Yag5_2026-09-28_13-03-16,14.6,15.1,0.000474991,0.09835,0.00482959837316,0.00146557,0.0978,0.0149853783231,0.322287383677,1.03140919721
YbYag5,Yb_Yag5_2026-09-28_14-57-53,Yb_Yag5_2026-09-28_13-03-16,14.7,15.1,0.000476601,0.0984,0.00484350609756,0.00146735,0.09775,0.0150112531969,0.322658343979,1.03259637327
YbYag5,Yb_Yag5_2026-09-28_14-57-53,Yb_Yag5_2026-09-28_13-03-16,14.8,15.1,0.000471236,0.09835,0.00479141840366,0.00146116,0.0978,0.0149402862986,0.320704590789,1.02634382008
YbYag5,Yb_Yag5_2026-09-28_14-57-53,Yb_Yag5_2026-09-28_13-03-16,14.9,15.1,0.000475468,0.0983,0.00483690742625,0.00145484,0.0979,0.0148604698672,0.3254881891,1.04165266412
YbYag5,Yb_Yag5_2026-09-28_14-57-53,Yb_Yag5_2026-09-28_13-03-16,15,15.1,0.000472488,0.0985,0.00479683248731,0.0014664,0.0979,0.0149785495403,0.320246795219,1.02487874702
YbYag5,Yb_Yag5_2026-09-28_14-57-53,Yb_Yag5_2026-09-28_13-03-16,15.1,15.1,0.000480833,0.09845,0.00488403250381,0.00147534,0.09785,0.0150775677057,0.323927081552,1.03665668611
YbYag5,Yb_Yag5_2026-09-28_14-57-53,Yb_Yag5_2026-09-28_13-03-16,15.2,15.1,0.000476422,0.0985,0.0048367715736,0.00146831,0.0978,0.015013394683,0.322163752817,1.0310135441
YbYag5,Yb_Yag5_2026-09-28_14-57-53,Yb_Yag5_2026-09-28_13-03-16,15.3,15.1,0.000480713,0.09855,0.00487785895485,0.00147165,0.09795,0.0150245022971,0.324660268832,1.03900308917
YbYag5,Yb_Yag5_2026-09-28_14-57-53,Yb_Yag5_2026-09-28_13-03-16,15.4,15.1,0.000477554,0.0985,0.00484826395939,0.0014732,0.09805,0.0150249872514,0.322680071422,1.03266590712
YbYag5,Yb_Yag5_2026-09-28_14-57-53,Yb_Yag5_2026-09-28_13-03-16,15.5,15.1,0.000471892,0.0984,0.0047956504065,0.00148094,0.098,0.0151116326531,0.31734826518,1.01560264535
YbYag5,Yb_Yag5_2026-09-28_14-57-53,Yb_Yag5_2026-09-28_13-03-16,15.6,15.1,0.000480535,0.0986,0.0048735801217,0.00148047,0.0981,0.0150914373089,0.322936776792,1.03348743565
YbYag5,Yb_Yag5_2026-09-28_14-57-53,Yb_Yag5_2026-09-28_13-03-16,15.7,15.1,0.000477614,0.09865,0.00484150025342,0.00148702,0.09815,0.0151504839531,0.319560765742,1.02268326204
YbYag5,Yb_Yag5_2026-09-28_14-57-53,Yb_Yag5_2026-09-28_13-03-16,15.8,15.1,0.00047976,0.09865,0.00486325392803,0.00148106,0.098,0.0151128571429,0.321795798243,1.0298359872
YbYag5,Yb_Yag5_2026-09-28_14-57-53,Yb_Yag5_2026-09-28_13-03-16,15.9,15.1,0.000486018,0.09875,0.00492170126582,0.00147594,0.0981,0.0150452599388,0.327126369756,1.0468952975
YbYag5,Yb_Yag5_2026-09-28_14-57-53,Yb_Yag5_2026-09-28_13-03-16,16,15.1,0.000484766,0.09865,0.00491399898632,0.00148774,0.09825,0.0151423918575,0.324519338329,1.03855207239
YbYag5,Yb_Yag5_2026-09-28_14-57-53,Yb_Yag5_2026-09-28_13-03-16,16.1,15.1,0.000487925,0.0986,0.00494852941176,0.00147844,0.09805,0.0150784293728,0.328185999311,1.05028640657
YbYag5,Yb_Yag5_2026-09-28_14-57-53,Yb_Yag5_2026-09-28_13-03-16,16.2,15.1,0.000479879,0.09875,0.00485953417722,0.00148941,0.0982,0.015167107943,0.32039952478,1.02536752407
YbYag5,Yb_Yag5_2026-09-28_14-57-53,Yb_Yag5_2026-09-28_13-03-16,16.3,15.1,0.000484886,0.09865,0.00491521540801,0.001485,0.09815,0.0151299032094,0.324867604239,1.0396666201
YbYag5,Yb_Yag5_2026-09-28_14-57-53,Yb_Yag5_2026-09-28_13-03-16,16.4,15.1,0.000480117,0.09865,0.00486687278256,0.00148536,0.09815,0.0151335710647,0.32159447111,1.02919168442
YbYag5,Yb_Yag5_2026-09-28_14-57-53,Yb_Yag5_2026-09-28_13-03-16,16.5,15.1,0.000483992,0.0988,0.00489870445344,0.00148404,0.09825,0.0151047328244,0.324315862478,1.03790089312
YbYag5,Yb_Yag5_2026-09-28_14-57-53,Yb_Yag5_2026-09-28_13-03-16,16.6,15.1,0.000486257,0.0987,0.00492661600811,0.00148917,0.09825,0.0151569465649,0.32504013833,1.04021877713
YbYag5,Yb_Yag5_2026-09-28_14-57-53,Yb_Yag5_2026-09-28_13-03-16,16.7,15.1,0.00047511,0.09875,0.00481124050633,0.00147844,0.09815,0.0150630667346,0.319406439014,1.02218937362
YbYag5,Yb_Yag5_2026-09-28_14-57-53,Yb_Yag5_2026-09-28_13-03-16,16.8,15.1,0.000485303,0.0989,0.00490700707786,0.00147022,0.0982,0.0149716904277,0.327752373826,1.0488986845
YbYag5,Yb_Yag5_2026-09-28_14-57-53,Yb_Yag5_2026-09-28_13-03-16,16.9,15.1,0.000481488,0.0987,0.00487829787234,0.00147117,0.09825,0.014973740458,0.325790198249,1.04261917733
YbYag5,Yb_Yag5_2026-09-28_14-57-53,Yb_Yag5_2026-09-28_13-03-16,17,15.1,0.000487389,0.0987,0.00493808510638,0.00148154,0.09815,0.0150946510443,0.32714138882,1.04694336268
YbYag5,Yb_Yag5_2026-09-28_14-57-53,Yb_Yag5_2026-09-28_13-03-16,17.1,15.1,0.000483336,0.09865,0.00489950329448,0.00147427,0.09825,0.0150052926209,0.326518343778,1.04494944539
YbYag5,Yb_Yag5_2026-09-28_14-57-53,Yb_Yag5_2026-09-28_13-03-16,17.2,15.1,0.000481011,0.0988,0.00486853238866,0.001472,0.0983,0.0149745676501,0.325120063725,1.04047456061
YbYag5,Yb_Yag5_2026-09-28_14-57-53,Yb_Yag5_2026-09-28_13-03-16,17.3,15.1,0.000480117,0.09875,0.0048619443038,0.00146747,0.09815,0.0149512990321,0.325185409867,1.04068368643
YbYag5,Yb_Yag5_2026-09-28_14-57-53,Yb_Yag5_2026-09-28_13-03-16,17.4,15.1,0.000484051,0.0987,0.00490426545086,0.0014689,0.0983,0.0149430315361,0.328197490517,1.05032318162
YbYag5,Yb_Yag5_2026-09-28_14-57-53,Yb_Yag5_2026-09-28_13-03-16,17.5,15.1,0.000479342,0.0987,0.00485655521783,0.00146533,0.0982,0.0149218940937,0.325465064109,1.04157865772
YbYag5,Yb_Yag5_2026-09-28_14-57-53,Yb_Yag5_2026-09-28_13-03-16,17.6,15.1,0.00047964,0.09875,0.00485711392405,0.00146139,0.0982,0.0148817718941,0.326380081526,1.04450696776
YbYag5,Yb_Yag5_2026-09-28_14-57-53,Yb_Yag5_2026-09-28_13-03-16,17.7,15.1,0.000476899,0.09885,0.00482447142135,0.0014602,0.09825,0.014862086514,0.324616023249,1.03886149101
YbYag5,Yb_Yag5_2026-09-28_14-57-53,Yb_Yag5_2026-09-28_13-03-16,17.8,15.1,0.000477495,0.09875,0.00483539240506,0.00147057,0.09835,0.0149524148449,0.323385383245,1.03492310098
YbYag5,Yb_Yag5_2026-09-28_14-57-53,Yb_Yag5_2026-09-28_13-03-16,17.9,15.1,0.000479998,0.09875,0.00486073924051,0.00145722,0.0982,0.0148393075356,0.327558360041,1.04827778647
YbYag5,Yb_Yag5_2026-09-28_14-57-53,Yb_Yag5_2026-09-28_13-03-16,18,15.1,0.000480177,0.09875,0.00486255189873,0.00145531,0.09825,0.0148123155216,0.328277634354,1.05057966417
YbYag5,Yb_Yag5_2026-09-28_14-57-53,Yb_Yag5_2026-09-28_13-03-16,18.1,15.1,0.000480892,0.09875,0.00486979240506,0.00145865,0.0982,0.0148538696538,0.327846717291,1.04920060981
YbYag5,Yb_Yag5_2026-09-28_14-57-53,Yb_Yag5_2026-09-28_13-03-16,18.2,15.1,0.000476481,0.0988,0.00482268218623,0.00145651,0.0981,0.014847196738,0.324821060254,1.03951766641
YbYag5,Yb_Yag5_2026-09-28_14-57-53,Yb_Yag5_2026-09-28_13-03-16,18.3,15.1,0.000480117,0.0988,0.00485948380567,0.00145484,0.0982,0.0148150712831,0.328009478511,1.04972149095
YbYag5,Yb_Yag5_2026-09-28_14-57-53,Yb_Yag5_2026-09-28_13-03-16,18.4,15.1,0.000481011,0.09885,0.00486606980273,0.00146807,0.09835,0.0149269954245,0.325991243673,1.04326257856
YbYag5,Yb_Yag5_2026-09-28_14-57-53,Yb_Yag5_2026-09-28_13-03-16,18.5,15.1,0.000480535,0.09885,0.0048612544259,0.00146211,0.0981,0.0149042813456,0.326164966507,1.04381853991
YbYag5,Yb_Yag5_2026-09-28_14-57-53,Yb_Yag5_2026-09-28_13-03-16,18.6,15.1,0.000476005,0.0988,0.00481786437247,0.00145603,0.09815,0.0148347427407,0.324768987011,1.03935101756
YbYag5,Yb_Yag5_2026-09-28_14-57-53,Yb_Yag5_2026-09-28_13-03-16,18.7,15.1,0.000482323,0.09885,0.00487934243804,0.00146843,0.09825,0.0149458524173,0.326467992712,1.04478830798
YbYag5,Yb_Yag5_2026-09-28_14-57-53,Yb_Yag5_2026-09-28_13-03-16,18.8,15.1,0.000480833,0.09885,0.00486426909459,0.0014689,0.09825,0.0149506361323,0.325355326124,1.04122746567
YbYag5,Yb_Yag5_2026-09-28_14-57-53,Yb_Yag5_2026-09-28_13-03-16,18.9,15.1,0.000485303,0.0988,0.00491197368421,0.00147057,0.0983,0.0149600203459,0.328340040363,1.05077938074
YbYag5,Yb_Yag5_2026-09-28_14-57-53,Yb_Yag5_2026-09-28_13-03-16,19,15.1,0.00047666,0.09885,0.00482205361659,0.00146735,0.0982,0.0149424643585,0.322708055438,1.03275546376
YbYag5,Yb_Yag5_2026-09-28_14-57-53,Yb_Yag5_2026-09-28_13-03-16,19.1,15.1,0.000480594,0.0987,0.00486924012158,0.00147463,0.0983,0.0150013224822,0.324587390702,1.0387698589
YbYag5,Yb_Yag5_2026-09-28_14-57-53,Yb_Yag5_2026-09-28_13-03-16,19.2,15.1,0.000481429,0.0988,0.00487276315789,0.00146426,0.0981,0.0149261977574,0.326457094907,1.04475343198
YbYag5,Yb_Yag5_2026-09-28_14-57-53,Yb_Yag5_2026-09-28_13-03-16,19.3,15.1,0.000480952,0.0987,0.00487286727457,0.00147475,0.09835,0.0149949161159,0.324967958267,1.03998778087
YbYag5,Yb_Yag5_2026-09-28_14-57-53,Yb_Yag5_2026-09-28_13-03-16,19.4,15.1,0.000489119,0.09865,0.00495812468322,0.00146354,0.0982,0.0149036659878,0.332678193894,1.06466267769
YbYag5,Yb_Yag5_2026-09-28_14-57-53,Yb_Yag5_2026-09-28_13-03-16,19.5,15.1,0.00048572,0.0988,0.00491619433198,0.00147212,0.09815,0.0149986754967,0.327775231424,1.04897183517
YbYag5,Yb_Yag5_2026-09-28_14-57-53,Yb_Yag5_2026-09-28_13-03-16,19.6,15.1,0.00047821,0.09875,0.00484263291139,0.00148011,0.0983,0.0150570701933,0.321618538615,1.02926870712
YbYag5,Yb_Yag5_2026-09-28_14-57-53,Yb_Yag5_2026-09-28_13-03-16,19.7,15.1,0.000487091,0.09875,0.00493256708861,0.00148214,0.09825,0.015085394402,0.326976342624,1.04641516898
YbYag5,Yb_Yag5_2026-09-28_14-57-53,Yb_Yag5_2026-09-28_13-03-16,19.8,15.1,0.000485839,0.0988,0.00491739878543,0.00147141,0.0982,0.014983808554,0.328180833845,1.05026987564
YbYag5,Yb_Yag5_2026-09-28_14-57-53,Yb_Yag5_2026-09-28_13-03-16,19.9,15.1,0.000482323,0.0989,0.00487687563195,0.00146843,0.0982,0.0149534623218,0.326136885692,1.0437286735
YbYag5,Yb_Yag5_2026-09-28_14-57-53,Yb_Yag5_2026-09-28_13-03-16,20,15.1,0.000481488,0.0987,0.00487829787234,0.00147677,0.0982,0.0150383910387,0.32438961454,1.03813692021
YbYag5,Yb_Yag5_2026-09-28_14-57-53,Yb_Yag5_2026-09-28_13-03-16,20.1,15.1,0.000485601,0.0988,0.00491498987854,0.00147093,0.09805,0.0150018357981,0.327625894903,1.0484939168
YbYag5,Yb_Yag5_2026-09-28_14-57-53,Yb_Yag5_2026-09-28_13-03-16,20.2,15.1,0.000482323,0.09885,0.00487934243804,0.0014726,0.0982,0.0149959266802,0.32537785374,1.0412995603
YbYag5,Yb_Yag5_2026-09-28_14-57-53,Yb_Yag5_2026-09-28_13-03-16,20.3,15.1,0.000480833,0.0988,0.00486673076923,0.00146998,0.09825,0.0149616284987,0.32528081884,1.04098902166
YbYag5,Yb_Yag5_2026-09-28_14-57-53,Yb_Yag5_2026-09-28_13-03-16,20.4,15.1,0.000479402,0.0986,0.00486208924949,0.00147177,0.09835,0.0149646161668,0.324905710597,1.03978857103
YbYag5,Yb_Yag5_2026-09-28_14-57-53,Yb_Yag5_2026-09-28_13-03-16,20.5,15.1,0.000477852,0.09875,0.00483900759494,0.00145961,0.0981,0.0148787971458,0.325228413797,1.04082131096
YbYag5,Yb_Yag5_2026-09-28_14-57-53,Yb_Yag5_2026-09-28_13-03-16,20.6,15.1,0.000476064,0.0987,0.00482334346505,0.0014571,0.09815,0.0148456444218,0.324899568386,1.03976891425
YbYag5,Yb_Yag5_2026-09-28_14-57-53,Yb_Yag5_2026-09-28_13-03-16,20.7,15.1,0.000470968,0.0988,0.00476688259109,0.0014366,0.09805,0.0146517083121,0.325346539089,1.04119934472
YbYag5,Yb_Yag5_2026-09-28_14-57-53,Yb_Yag5_2026-09-28_13-03-16,20.8,15.1,0.000457229,0.0988,0.00462782388664,0.0014,0.09815,0.0142638818136,0.324443510337,1.03830940175
YbYag5,Yb_Yag5_2026-09-28_14-57-53,Yb_Yag5_2026-09-28_13-03-16,20.9,15.1,0.000422182,0.0988,0.00427309716599,0.00133849,0.09815,0.0136371879776,0.313341516815,1.00277993703
YbYag5,Yb_Yag5_2026-09-28_14-57-53,Yb_Yag5_2026-09-28_13-03-16,21,15.1,0.000392826,0.0989,0.00397195146613,0.00125755,0.0982,0.0128060081466,0.310163121924,0.992608190046
YbYag5,Yb_Yag5_2026-09-28_14-57-53,Yb_Yag5_2026-09-28_13-03-16,21.1,15.1,0.00029421,0.09875,0.00297934177215,0.00115383,0.09825,0.0117438167939,0.253694503621,0.811892917838
YbYag5,Yb_Yag5_2026-09-28_14-57-53,Yb_Yag5_2026-09-28_13-03-16,13.5,15.2,0.000430884,0.0983,0.00438335707019,0.00110329,0.09785,0.0112753193664,0.388756799497,1.24412980087
YbYag5,Yb_Yag5_2026-09-28_14-57-53,Yb_Yag5_2026-09-28_13-03-16,13.6,15.2,0.00046012,0.09845,0.00467364144236,0.00135852,0.09775,0.0138979028133,0.336283934716,1.07620205042
YbYag5,Yb_Yag5_2026-09-28_14-57-53,Yb_Yag5_2026-09-28_13-03-16,13.7,15.2,0.000470521,0.0983,0.00478658189217,0.00143958,0.09785,0.014712110373,0.32534978129,1.04120972066
YbYag5,Yb_Yag5_2026-09-28_14-57-53,Yb_Yag5_2026-09-28_13-03-16,13.8,15.2,0.000475647,0.09825,0.00484119083969,0.00146139,0.09785,0.0149350025549,0.3241506536,1.0373721788
YbYag5,Yb_Yag5_2026-09-28_14-57-53,Yb_Yag5_2026-09-28_13-03-16,13.9,15.2,0.00048429,0.0984,0.00492164634146,0.00147367,0.0978,0.015068200409,0.326624693585,1.04528979433
YbYag5,Yb_Yag5_2026-09-28_14-57-53,Yb_Yag5_2026-09-28_13-03-16,14,15.2,0.000484349,0.0983,0.00492725330621,0.00148285,0.0978,0.0151620654397,0.324972433723,1.04000210358
YbYag5,Yb_Yag5_2026-09-28_14-57-53,Yb_Yag5_2026-09-28_13-03-16,14.1,15.2,0.00047964,0.09825,0.00488183206107,0.00148297,0.09785,0.0151555442003,0.322115260036,1.03085835372
YbYag5,Yb_Yag5_2026-09-28_14-57-53,Yb_Yag5_2026-09-28_13-03-16,14.2,15.2,0.000476183,0.09835,0.00484171835282,0.00148142,0.0978,0.0151474437628,0.319639302092,1.02293460019
YbYag5,Yb_Yag5_2026-09-28_14-57-53,Yb_Yag5_2026-09-28_13-03-16,14.3,15.2,0.000474812,0.09825,0.00483269211196,0.00148142,0.0978,0.0151474437628,0.319043410072,1.02102758011
YbYag5,Yb_Yag5_2026-09-28_14-57-53,Yb_Yag5_2026-09-28_13-03-16,14.4,15.2,0.000479044,0.0983,0.00487328585961,0.00147832,0.0978,0.0151157464213,0.322397963275,1.03176308265
YbYag5,Yb_Yag5_2026-09-28_14-57-53,Yb_Yag5_2026-09-28_13-03-16,14.5,15.2,0.000482144,0.0983,0.00490482197355,0.00147582,0.0979,0.0150747701736,0.325366285327,1.04126253817
YbYag5,Yb_Yag5_2026-09-28_14-57-53,Yb_Yag5_2026-09-28_13-03-16,14.6,15.2,0.000479521,0.09825,0.00488062086514,0.00148035,0.0978,0.0151365030675,0.322440450306,1.03189905296
YbYag5,Yb_Yag5_2026-09-28_14-57-53,Yb_Yag5_2026-09-28_13-03-16,14.7,15.2,0.000480892,0.0982,0.00489706720978,0.00147868,0.09785,0.0151117015841,0.324057961476,1.03707553824
YbYag5,Yb_Yag5_2026-09-28_14-57-53,Yb_Yag5_2026-09-28_13-03-16,14.8,15.2,0.000476124,0.09825,0.00484604580153,0.00146235,0.09795,0.0149295558959,0.32459410282,1.03879133954
YbYag5,Yb_Yag5_2026-09-28_14-57-53,Yb_Yag5_2026-09-28_13-03-16,14.9,15.2,0.000480475,0.09835,0.00488535841383,0.00146187,0.0978,0.0149475460123,0.326833475529,1.04595795457
YbYag5,Yb_Yag5_2026-09-28_14-57-53,Yb_Yag5_2026-09-28_13-03-16,15,15.2,0.000474991,0.09835,0.00482959837316,0.00147188,0.0979,0.0150345250255,0.321233851084,1.02803760011
YbYag5,Yb_Yag5_2026-09-28_14-57-53,Yb_Yag5_2026-09-28_13-03-16,15.1,15.2,0.000480415,0.09835,0.00488474834774,0.00147558,0.0979,0.0150723186925,0.324087384788,1.03716970101
YbYag5,Yb_Yag5_2026-09-28_14-57-53,Yb_Yag5_2026-09-28_13-03-16,15.2,15.2,0.000480833,0.0985,0.00488155329949,0.00147653,0.0979,0.0150820224719,0.323667022018,1.03582442332
YbYag5,Yb_Yag5_2026-09-28_14-57-53,Yb_Yag5_2026-09-28_13-03-16,15.3,15.2,0.000482978,0.09835,0.00491080833757,0.0014726,0.09795,0.015034201123,0.326642453257,1.04534663021
YbYag5,Yb_Yag5_2026-09-28_14-57-53,Yb_Yag5_2026-09-28_13-03-16,15.4,15.2,0.000481786,0.0985,0.0048912284264,0.00148321,0.098,0.0151347959184,0.323177692833,1.03425843394
YbYag5,Yb_Yag5_2026-09-28_14-57-53,Yb_Yag5_2026-09-28_13-03-16,15.5,15.2,0.000480415,0.09845,0.00487978669375,0.00148226,0.098,0.0151251020408,0.322628348595,1.0325003797
YbYag5,Yb_Yag5_2026-09-28_14-57-53,Yb_Yag5_2026-09-28_13-03-16,15.6,15.2,0.000480177,0.09855,0.00487242009132,0.00147928,0.09805,0.0150869964304,0.322954944266,1.03354557662
YbYag5,Yb_Yag5_2026-09-28_14-57-53,Yb_Yag5_2026-09-28_13-03-16,15.7,15.2,0.000484945,0.09865,0.00491581348201,0.00148738,0.09815,0.0151541518085,0.324387240152,1.03812932152
YbYag5,Yb_Yag5_2026-09-28_14-57-53,Yb_Yag5_2026-09-28_13-03-16,15.8,15.2,0.000480833,0.09865,0.00487413076533,0.00148023,0.09805,0.0150966853646,0.32286098886,1.03324489321
YbYag5,Yb_Yag5_2026-09-28_14-57-53,Yb_Yag5_2026-09-28_13-03-16,15.9,15.2,0.00048429,0.0987,0.00490668693009,0.00148369,0.0982,0.0151088594705,0.324755613729,1.03930821934
YbYag5,Yb_Yag5_2026-09-28_14-57-53,Yb_Yag5_2026-09-28_13-03-16,16,15.2,0.000479819,0.0988,0.00485646761134,0.0014881,0.0981,0.0151692150866,0.320152861148,1.02457813189
YbYag5,Yb_Yag5_2026-09-28_14-57-53,Yb_Yag5_2026-09-28_13-03-16,16.1,15.2,0.000486912,0.09875,0.00493075443038,0.00148869,0.09805,0.0151829678735,0.324755638783,1.03930829952
YbYag5,Yb_Yag5_2026-09-28_14-57-53,Yb_Yag5_2026-09-28_13-03-16,16.2,15.2,0.000483932,0.09875,0.00490057721519,0.00148881,0.09805,0.0151841917389,0.322742053015,1.03286426545
YbYag5,Yb_Yag5_2026-09-28_14-57-53,Yb_Yag5_2026-09-28_13-03-16,16.3,15.2,0.000486018,0.09875,0.00492170126582,0.00148404,0.09815,0.0151201222618,0.325506710898,1.04171193902
YbYag5,Yb_Yag5_2026-09-28_14-57-53,Yb_Yag5_2026-09-28_13-03-16,16.4,15.2,0.000485362,0.09875,0.00491505822785,0.00148631,0.0981,0.0151509683996,0.324405549416,1.03818791625
YbYag5,Yb_Yag5_2026-09-28_14-57-53,Yb_Yag5_2026-09-28_13-03-16,16.5,15.2,0.000481786,0.0987,0.00488131712259,0.00148369,0.09815,0.0151165562914,0.322911979984,1.03340807897
YbYag5,Yb_Yag5_2026-09-28_14-57-53,Yb_Yag5_2026-09-28_13-03-16,16.6,15.2,0.000490073,0.09875,0.00496276455696,0.00148965,0.0983,0.0151541200407,0.327486158459,1.04804672134
YbYag5,Yb_Yag5_2026-09-28_14-57-53,Yb_Yag5_2026-09-28_13-03-16,16.7,15.2,0.000486674,0.0987,0.00493084093212,0.00149,0.0982,0.0151731160896,0.32497220103,1.04000135889
YbYag5,Yb_Yag5_2026-09-28_14-57-53,Yb_Yag5_2026-09-28_13-03-16,16.8,15.2,0.000486018,0.0988,0.00491921052632,0.00148941,0.0982,0.015167107943,0.324334114639,1.03795930511
YbYag5,Yb_Yag5_2026-09-28_14-57-53,Yb_Yag5_2026-09-28_13-03-16,16.9,15.2,0.000484111,0.0989,0.00489495449949,0.00148941,0.09835,0.0151439755974,0.323227838556,1.03441891419
YbYag5,Yb_Yag5_2026-09-28_14-57-53,Yb_Yag5_2026-09-28_13-03-16,17,15.2,0.000481369,0.09895,0.0048647700859,0.00148166,0.0982,0.0150881873727,0.322422433241,1.03184139334
YbYag5,Yb_Yag5_2026-09-28_14-57-53,Yb_Yag5_2026-09-28_13-03-16,17.1,15.2,0.000480654,0.09885,0.00486245827011,0.00148214,0.09825,0.015085394402,0.322328879215,1.03154199446
YbYag5,Yb_Yag5_2026-09-28_14-57-53,Yb_Yag5_2026-09-28_13-03-16,17.2,15.2,0.000484945,0.0988,0.00490835020243,0.00148369,0.0983,0.0150934893184,0.325196520095,1.04071924224
YbYag5,Yb_Yag5_2026-09-28_14-57-53,Yb_Yag5_2026-09-28_13-03-16,17.3,15.2,0.000477137,0.09885,0.00482687910976,0.00147284,0.09815,0.0150060112073,0.321663035105,1.02941110826
YbYag5,Yb_Yag5_2026-09-28_14-57-53,Yb_Yag5_2026-09-28_13-03-16,17.4,15.2,0.000476601,0.0988,0.00482389676113,0.00146724,0.0982,0.0149413441955,0.322855607769,1.03322767222
YbYag5,Yb_Yag5_2026-09-28_14-57-53,Yb_Yag5_2026-09-28_13-03-16,17.5,15.2,0.000480654,0.0989,0.00486,0.00147033,0.09835,0.0149499745806,0.325084164779,1.04035967401
YbYag5,Yb_Yag5_2026-09-28_14-57-53,Yb_Yag5_2026-09-28_13-03-16,17.6,15.2,0.000477495,0.09885,0.00483050075873,0.00146247,0.09825,0.0148851908397,0.324517220555,1.03854529493
YbYag5,Yb_Yag5_2026-09-28_14-57-53,Yb_Yag5_2026-09-28_13-03-16,17.7,15.2,0.000481429,0.0989,0.00486783619818,0.0014732,0.0982,0.0150020366599,0.324478356408,1.03842091886
YbYag5,Yb_Yag5_2026-09-28_14-57-53,Yb_Yag5_2026-09-28_13-03-16,17.8,15.2,0.000480713,0.09885,0.00486305513404,0.00147236,0.09835,0.01497061515,0.324840033981,1.03957838761
YbYag5,Yb_Yag5_2026-09-28_14-57-53,Yb_Yag5_2026-09-28_13-03-16,17.9,15.2,0.000480296,0.0988,0.00486129554656,0.00146056,0.09825,0.0148657506361,0.327013123357,1.04653287755
YbYag5,Yb_Yag5_2026-09-28_14-57-53,Yb_Yag5_2026-09-28_13-03-16,18,15.2,0.000476899,0.09885,0.00482447142135,0.00146271,0.0982,0.0148952138493,0.323894068938,1.03655103657
YbYag5,Yb_Yag5_2026-09-28_14-57-53,Yb_Yag5_2026-09-28_13-03-16,18.1,15.2,0.000483634,0.09885,0.00489260495701,0.00146628,0.0982,0.0149315682281,0.327668526324,1.04863034919
YbYag5,Yb_Yag5_2026-09-28_14-57-53,Yb_Yag5_2026-09-28_13-03-16,18.2,15.2,0.000476064,0.09875,0.00482090126582,0.00146414,0.0982,0.0149097759674,0.323338276602,1.03477234663
YbYag5,Yb_Yag5_2026-09-28_14-57-53,Yb_Yag5_2026-09-28_13-03-16,18.3,15.2,0.000476303,0.09895,0.00481357251137,0.00147427,0.0982,0.0150129327902,0.320628392776,1.02609996526
YbYag5,Yb_Yag5_2026-09-28_14-57-53,Yb_Yag5_2026-09-28_13-03-16,18.4,15.2,0.000481607,0.09895,0.00486717534108,0.00147129,0.09825,0.0149749618321,0.325020884571,1.04015715975
YbYag5,Yb_Yag5_2026-09-28_14-57-53,Yb_Yag5_2026-09-28_13-03-16,18.5,15.2,0.000480356,0.0988,0.00486190283401,0.00147141,0.09825,0.0149761832061,0.324642318213,1.0389456422
YbYag5,Yb_Yag5_2026-09-28_14-57-53,Yb_Yag5_2026-09-28_13-03-16,18.6,15.2,0.000485303,0.09875,0.00491446075949,0.00148035,0.09825,0.0150671755725,0.326170006837,1.04383467037
YbYag5,Yb_Yag5_2026-09-28_14-57-53,Yb_Yag5_2026-09-28_13-03-16,18.7,15.2,0.000486316,0.09875,0.00492471898734,0.0014844,0.09825,0.0151083969466,0.325959067977,1.04315960739
YbYag5,Yb_Yag5_2026-09-28_14-57-53,Yb_Yag5_2026-09-28_13-03-16,18.8,15.2,0.000483753,0.0988,0.0048962854251,0.00147618,0.0982,0.0150323828921,0.325715853584,1.04238125374
YbYag5,Yb_Yag5_2026-09-28_14-57-53,Yb_Yag5_2026-09-28_13-03-16,18.9,15.2,0.000486435,0.0988,0.00492343117409,0.00148595,0.09825,0.015124173028,0.325533909522,1.04179898218
YbYag5,Yb_Yag5_2026-09-28_14-57-53,Yb_Yag5_2026-09-28_13-03-16,19,15.2,0.000480117,0.09875,0.0048619443038,0.00147904,0.0982,0.0150615071283,0.322805962404,1.03306879325
YbYag5,Yb_Yag5_2026-09-28_14-57-53,Yb_Yag5_2026-09-28_13-03-16,19.1,15.2,0.000479402,0.0987,0.00485716312057,0.00148249,0.09815,0.015104330107,0.321574216543,1.02912686418
YbYag5,Yb_Yag5_2026-09-28_14-57-53,Yb_Yag5_2026-09-28_13-03-16,19.2,15.2,0.000481131,0.0988,0.00486974696356,0.00148536,0.09825,0.0151181679389,0.322112241592,1.03084869386
YbYag5,Yb_Yag5_2026-09-28_14-57-53,Yb_Yag5_2026-09-28_13-03-16,19.3,15.2,0.000485661,0.09875,0.00491808607595,0.00147177,0.0982,0.0149874745418,0.328146417346,1.05015973328
YbYag5,Yb_Yag5_2026-09-28_14-57-53,Yb_Yag5_2026-09-28_13-03-16,19.4,15.2,0.000481667,0.09885,0.00487270612038,0.00147522,0.0982,0.0150226069246,0.324358225229,1.0380364657
YbYag5,Yb_Yag5_2026-09-28_14-57-53,Yb_Yag5_2026-09-28_13-03-16,19.5,15.2,0.000489358,0.0987,0.00495803444782,0.00147975,0.0982,0.0150687372709,0.32902786469,1.05298060975
YbYag5,Yb_Yag5_2026-09-28_14-57-53,Yb_Yag5_2026-09-28_13-03-16,19.6,15.2,0.000481011,0.09885,0.00486606980273,0.00147069,0.09815,0.0149841059603,0.324748758159,1.03928627961
YbYag5,Yb_Yag5_2026-09-28_14-57-53,Yb_Yag5_2026-09-28_13-03-16,19.7,15.2,0.000484945,0.0989,0.00490338725986,0.00147153,0.0981,0.0150003058104,0.326885819652,1.04612547031
YbYag5,Yb_Yag5_2026-09-28_14-57-53,Yb_Yag5_2026-09-28_13-03-16,19.8,15.2,0.000484111,0.0987,0.0049048733536,0.0014788,0.09815,0.0150667345899,0.325543224003,1.04182879111
YbYag5,Yb_Yag5_2026-09-28_14-57-53,Yb_Yag5_2026-09-28_13-03-16,19.9,15.2,0.000481965,0.09885,0.00487572078907,0.00148154,0.0981,0.0151023445464,0.322845288961,1.03319464917
YbYag5,Yb_Yag5_2026-09-28_14-57-53,Yb_Yag5_2026-09-28_13-03-16,20,15.2,0.000483455,0.0987,0.00489822695035,0.00147785,0.09825,0.0150417302799,0.32564251979,1.04214656522
YbYag5,Yb_Yag5_2026-09-28_14-57-53,Yb_Yag5_2026-09-28_13-03-16,20.1,15.2,0.000484945,0.09865,0.00491581348201,0.0014689,0.09805,0.0149811320755,0.328133645524,1.0501188599
YbYag5,Yb_Yag5_2026-09-28_14-57-53,Yb_Yag5_2026-09-28_13-03-16,20.2,15.2,0.000481071,0.0988,0.00486913967611,0.00147653,0.0981,0.01505127421,0.323503486029,1.03530106271
YbYag5,Yb_Yag5_2026-09-28_14-57-53,Yb_Yag5_2026-09-28_13-03-16,20.3,15.2,0.000477733,0.0987,0.00484025329281,0.00147713,0.09815,0.0150497198166,0.321617501973,1.02926538958
YbYag5,Yb_Yag5_2026-09-28_14-57-53,Yb_Yag5_2026-09-28_13-03-16,20.4,15.2,0.000484409,0.0987,0.00490789260385,0.00147558,0.09815,0.0150339276617,0.326454451178,1.04474497131
YbYag5,Yb_Yag5_2026-09-28_14-57-53,Yb_Yag5_2026-09-28_13-03-16,20.5,15.2,0.00048125,0.0987,0.00487588652482,0.00147486,0.09805,0.0150419173891,0.324153257772,1.03738051287
YbYag5,Yb_Yag5_2026-09-28_14-57-53,Yb_Yag5_2026-09-28_13-03-16,20.6,15.2,0.000480535,0.0987,0.00486864235056,0.00146724,0.0981,0.0149565749235,0.325518534522,1.0417497779
YbYag5,Yb_Yag5_2026-09-28_14-57-53,Yb_Yag5_2026-09-28_13-03-16,20.7,15.2,0.000475826,0.0988,0.00481605263158,0.00146151,0.0981,0.0148981651376,0.323264817318,1.0345372565
YbYag5,Yb_Yag5_2026-09-28_14-57-53,Yb_Yag5_2026-09-28_13-03-16,20.8,15.2,0.000462951,0.09875,0.00468811139241,0.00142623,0.0982,0.0145237270876,0.322789829645,1.03301716394
YbYag5,Yb_Yag5_2026-09-28_14-57-53,Yb_Yag5_2026-09-28_13-03-16,20.9,15.2,0.000432493,0.0988,0.00437745951417,0.00136996,0.0982,0.013950712831,0.313780347083,1.00418431585
YbYag5,Yb_Yag5_2026-09-28_14-57-53,Yb_Yag5_2026-09-28_13-03-16,21,15.2,0.000412824,0.0989,0.00417415571284,0.0013001,0.0982,0.0132393075356,0.315285048075,1.00899977721
YbYag5,Yb_Yag5_2026-09-28_14-57-53,Yb_Yag5_2026-09-28_13-03-16,21.1,15.2,0.000342073,0.0989,0.00345877654196,0.00119317,0.0981,0.0121627930683,0.284373541713,0.910074365987
YbYag5,Yb_Yag5_2026-09-28_14-57-53,Yb_Yag5_2026-09-28_13-03-16,13.5,15.3,0.000445308,0.09835,0.00452778851042,0.00121296,0.0979,0.0123897854954,0.365445270388,1.16952642903
YbYag5,Yb_Yag5_2026-09-28_14-57-53,Yb_Yag5_2026-09-28_13-03-16,13.6,15.3,0.00046468,0.0983,0.00472716174975,0.00140298,0.09785,0.0143380684722,0.329693065626,1.05510943761
YbYag5,Yb_Yag5_2026-09-28_14-57-53,Yb_Yag5_2026-09-28_13-03-16,13.7,15.3,0.000465872,0.09825,0.00474169974555,0.00145186,0.09775,0.0148527877238,0.31924644947,1.02167736261
YbYag5,Yb_Yag5_2026-09-28_14-57-53,Yb_Yag5_2026-09-28_13-03-16,13.8,15.3,0.000480773,0.09825,0.00489336386768,0.00147141,0.09775,0.0150527877238,0.325080241445,1.04034711825
YbYag5,Yb_Yag5_2026-09-28_14-57-53,Yb_Yag5_2026-09-28_13-03-16,13.9,15.3,0.00048119,0.0983,0.00489511698881,0.00147928,0.09775,0.0151332992327,0.3234666092,1.03518304661
YbYag5,Yb_Yag5_2026-09-28_14-57-53,Yb_Yag5_2026-09-28_13-03-16,14,15.3,0.000476005,0.0982,0.00484730142566,0.0014819,0.09785,0.0151446090956,0.320067780889,1.02430585142
YbYag5,Yb_Yag5_2026-09-28_14-57-53,Yb_Yag5_2026-09-28_13-03-16,14.1,15.3,0.000484051,0.0983,0.00492422177009,0.00149072,0.09785,0.0152347470618,0.323223073551,1.03440366485
YbYag5,Yb_Yag5_2026-09-28_14-57-53,Yb_Yag5_2026-09-28_13-03-16,14.2,15.3,0.00048119,0.0984,0.00489014227642,0.00148905,0.0978,0.0152254601227,0.321181904324,1.02787135604
YbYag5,Yb_Yag5_2026-09-28_14-57-53,Yb_Yag5_2026-09-28_13-03-16,14.3,15.3,0.000481727,0.0983,0.00490057985758,0.00148977,0.0979,0.0152172625128,0.322040830501,1.03062015852
YbYag5,Yb_Yag5_2026-09-28_14-57-53,Yb_Yag5_2026-09-28_13-03-16,14.4,15.3,0.000475289,0.09835,0.00483262836807,0.00148273,0.09785,0.0151530914665,0.318920292849,1.02063357078
YbYag5,Yb_Yag5_2026-09-28_14-57-53,Yb_Yag5_2026-09-28_13-03-16,14.5,15.3,0.000480952,0.09835,0.00489020843925,0.00147987,0.09785,0.0151238630557,0.323343871949,1.03479025329
YbYag5,Yb_Yag5_2026-09-28_14-57-53,Yb_Yag5_2026-09-28_13-03-16,14.6,15.3,0.000476481,0.09845,0.00483982732351,0.00148309,0.0979,0.0151490296221,0.319481012596,1.02242802981
YbYag5,Yb_Yag5_2026-09-28_14-57-53,Yb_Yag5_2026-09-28_13-03-16,14.7,15.3,0.000483515,0.09825,0.00492127226463,0.00148369,0.0979,0.0151551583248,0.324725889308,1.03921309293
YbYag5,Yb_Yag5_2026-09-28_14-57-53,Yb_Yag5_2026-09-28_13-03-16,14.8,15.3,0.000482144,0.0983,0.00490482197355,0.00148714,0.09785,0.0151981604497,0.322724713282,1.03280877349
YbYag5,Yb_Yag5_2026-09-28_14-57-53,Yb_Yag5_2026-09-28_13-03-16,14.9,15.3,0.000481369,0.0985,0.00488699492386,0.00147928,0.09795,0.0151023991833,0.323590633816,1.03557995985
YbYag5,Yb_Yag5_2026-09-28_14-57-53,Yb_Yag5_2026-09-28_13-03-16,15,15.3,0.000475528,0.0984,0.00483260162602,0.00147808,0.09795,0.0150901480347,0.320248788475,1.024885126
YbYag5,Yb_Yag5_2026-09-28_14-57-53,Yb_Yag5_2026-09-28_13-03-16,15.1,15.3,0.000479998,0.09845,0.00487555104114,0.00147475,0.0979,0.0150638406537,0.323659228295,1.03579948125
YbYag5,Yb_Yag5_2026-09-28_14-57-53,Yb_Yag5_2026-09-28_13-03-16,15.2,15.3,0.000480713,0.0984,0.00488529471545,0.00148404,0.098,0.0151432653061,0.322605106409,1.03242599825
YbYag5,Yb_Yag5_2026-09-28_14-57-53,Yb_Yag5_2026-09-28_13-03-16,15.3,15.3,0.00048423,0.09845,0.00491853732859,0.00148547,0.0981,0.0151424057085,0.324818752269,1.03951028021
YbYag5,Yb_Yag5_2026-09-28_14-57-53,Yb_Yag5_2026-09-28_13-03-16,15.4,15.3,0.000481727,0.0985,0.00489062944162,0.00148202,0.098,0.0151226530612,0.323397582542,1.03496214212
YbYag5,Yb_Yag5_2026-09-28_14-57-53,Yb_Yag5_2026-09-28_13-03-16,15.5,15.3,0.000476779,0.0986,0.00483548681542,0.0014819,0.09805,0.0151137174911,0.319940267394,1.0238977728
YbYag5,Yb_Yag5_2026-09-28_14-57-53,Yb_Yag5_2026-09-28_13-03-16,15.6,15.3,0.000480654,0.09855,0.00487726027397,0.00148476,0.0982,0.0151197556008,0.322575338037,1.03233073119
YbYag5,Yb_Yag5_2026-09-28_14-57-53,Yb_Yag5_2026-09-28_13-03-16,15.7,15.3,0.000485482,0.09855,0.0049262506342,0.00148786,0.0981,0.0151667686035,0.324805551069,1.03946803271
YbYag5,Yb_Yag5_2026-09-28_14-57-53,Yb_Yag5_2026-09-28_13-03-16,15.8,15.3,0.000484945,0.0986,0.00491830628803,0.00148178,0.09805,0.0151124936257,0.325446376346,1.04151885169
YbYag5,Yb_Yag5_2026-09-28_14-57-53,Yb_Yag5_2026-09-28_13-03-16,15.9,15.3,0.000481548,0.0986,0.00488385395538,0.00148953,0.0981,0.0151837920489,0.321649159818,1.02936670348
YbYag5,Yb_Yag5_2026-09-28_14-57-53,Yb_Yag5_2026-09-28_13-03-16,16,15.3,0.000480236,0.0986,0.00487054766734,0.00148953,0.0982,0.0151683299389,0.321099797206,1.02760859045
YbYag5,Yb_Yag5_2026-09-28_14-57-53,Yb_Yag5_2026-09-28_13-03-16,16.1,15.3,0.000486316,0.09875,0.00492471898734,0.00149155,0.09805,0.015212136665,0.323736178276,1.03604574257
YbYag5,Yb_Yag5_2026-09-28_14-57-53,Yb_Yag5_2026-09-28_13-03-16,16.2,15.3,0.000481727,0.09875,0.00487824810127,0.00149835,0.0984,0.0152271341463,0.320365477469,1.02525856321
YbYag5,Yb_Yag5_2026-09-28_14-57-53,Yb_Yag5_2026-09-28_13-03-16,16.3,15.3,0.000483813,0.0986,0.00490682555781,0.00149287,0.0982,0.0152023421589,0.322767735821,1.03294645757
YbYag5,Yb_Yag5_2026-09-28_14-57-53,Yb_Yag5_2026-09-28_13-03-16,16.4,15.3,0.000490192,0.0989,0.00495644084934,0.00149108,0.0982,0.015184114053,0.326422788451,1.04464364179
YbYag5,Yb_Yag5_2026-09-28_14-57-53,Yb_Yag5_2026-09-28_13-03-16,16.5,15.3,0.000490431,0.0988,0.00496387651822,0.0014968,0.09825,0.015234605598,0.325829013839,1.04274339801
YbYag5,Yb_Yag5_2026-09-28_14-57-53,Yb_Yag5_2026-09-28_13-03-16,16.6,15.3,0.000485064,0.0987,0.00491452887538,0.00149716,0.09825,0.0152382697201,0.322512264558,1.03212887852
YbYag5,Yb_Yag5_2026-09-28_14-57-53,Yb_Yag5_2026-09-28_13-03-16,16.7,15.3,0.000480177,0.09875,0.00486255189873,0.00149203,0.0982,0.0151937881874,0.320035519698,1.02420260664
YbYag5,Yb_Yag5_2026-09-28_14-57-53,Yb_Yag5_2026-09-28_13-03-16,16.8,15.3,0.000485661,0.0988,0.00491559716599,0.00148989,0.09825,0.0151642748092,0.324156428701,1.03739066072
YbYag5,Yb_Yag5_2026-09-28_14-57-53,Yb_Yag5_2026-09-28_13-03-16,16.9,15.3,0.000483634,0.0988,0.00489508097166,0.00147987,0.0983,0.0150546286877,0.32515454703,1.04058491677
YbYag5,Yb_Yag5_2026-09-28_14-57-53,Yb_Yag5_2026-09-28_13-03-16,17,15.3,0.000485661,0.0988,0.00491559716599,0.00148178,0.09825,0.0150817302799,0.325930584539,1.04306845248
YbYag5,Yb_Yag5_2026-09-28_14-57-53,Yb_Yag5_2026-09-28_13-03-16,17.1,15.3,0.000489417,0.09885,0.004951107739,0.00148929,0.0983,0.0151504577823,0.326795916674,1.0458377558
YbYag5,Yb_Yag5_2026-09-28_14-57-53,Yb_Yag5_2026-09-28_13-03-16,17.2,15.3,0.00047976,0.09875,0.00485832911392,0.00148893,0.09825,0.0151545038168,0.320586485223,1.02596584944
YbYag5,Yb_Yag5_2026-09-28_14-57-53,Yb_Yag5_2026-09-28_13-03-16,17.3,15.3,0.000481131,0.0988,0.00486974696356,0.0014813,0.0983,0.0150691759919,0.323159472434,1.0342001236
YbYag5,Yb_Yag5_2026-09-28_14-57-53,Yb_Yag5_2026-09-28_13-03-16,17.4,15.3,0.000481369,0.09875,0.00487462278481,0.00147093,0.0982,0.0149789205703,0.325432180639,1.04147342148
YbYag5,Yb_Yag5_2026-09-28_14-57-53,Yb_Yag5_2026-09-28_13-03-16,17.5,15.3,0.000480475,0.09875,0.00486556962025,0.0014788,0.0983,0.0150437436419,0.323428113113,1.03505984843
YbYag5,Yb_Yag5_2026-09-28_14-57-53,Yb_Yag5_2026-09-28_13-03-16,17.6,15.3,0.000478925,0.09875,0.00484987341772,0.00147177,0.09815,0.0149951095262,0.323430343023,1.03506698476
YbYag5,Yb_Yag5_2026-09-28_14-57-53,Yb_Yag5_2026-09-28_13-03-16,17.7,15.3,0.000481488,0.0988,0.00487336032389,0.00147296,0.0983,0.0149843336724,0.325230365957,1.04082755841
YbYag5,Yb_Yag5_2026-09-28_14-57-53,Yb_Yag5_2026-09-28_13-03-16,17.8,15.3,0.000475587,0.0988,0.00481363360324,0.00147355,0.0983,0.014990335707,0.32111579736,1.02765979539
YbYag5,Yb_Yag5_2026-09-28_14-57-53,Yb_Yag5_2026-09-28_13-03-16,17.9,15.3,0.000474812,0.0989,0.00480093023256,0.00147033,0.09825,0.0149651908397,0.320806482456,1.02666990173
YbYag5,Yb_Yag5_2026-09-28_14-57-53,Yb_Yag5_2026-09-28_13-03-16,18,15.3,0.000480654,0.09885,0.00486245827011,0.00146449,0.0982,0.0149133401222,0.326047567498,1.04344283046
YbYag5,Yb_Yag5_2026-09-28_14-57-53,Yb_Yag5_2026-09-28_13-03-16,18.1,15.3,0.000480892,0.0988,0.00486732793522,0.00146902,0.0983,0.0149442522889,0.325698993909,1.0423272981
YbYag5,Yb_Yag5_2026-09-28_14-57-53,Yb_Yag5_2026-09-28_13-03-16,18.2,15.3,0.000475289,0.09895,0.00480332491157,0.00147486,0.0983,0.0150036622584,0.320143497557,1.0245481658
YbYag5,Yb_Yag5_2026-09-28_14-57-53,Yb_Yag5_2026-09-28_13-03-16,18.3,15.3,0.000480236,0.0988,0.00486068825911,0.00146962,0.0983,0.0149503560529,0.325121906255,1.04048045722
YbYag5,Yb_Yag5_2026-09-28_14-57-53,Yb_Yag5_2026-09-28_13-03-16,18.4,15.3,0.000477256,0.0989,0.00482564206269,0.00147355,0.0983,0.014990335707,0.321916877448,1.0302234743
YbYag5,Yb_Yag5_2026-09-28_14-57-53,Yb_Yag5_2026-09-28_13-03-16,18.5,15.3,0.000474991,0.09875,0.00481003544304,0.00147486,0.09825,0.0150112977099,0.320427689597,1.02545765931
YbYag5,Yb_Yag5_2026-09-28_14-57-53,Yb_Yag5_2026-09-28_13-03-16,18.6,15.3,0.000484528,0.0988,0.00490412955466,0.00147773,0.09825,0.0150405089059,0.32606141091,1.04348713322
YbYag5,Yb_Yag5_2026-09-28_14-57-53,Yb_Yag5_2026-09-28_13-03-16,18.7,15.3,0.000481786,0.0987,0.00488131712259,0.0014782,0.0982,0.0150529531568,0.324276377648,1.03777453069
YbYag5,Yb_Yag5_2026-09-28_14-57-53,Yb_Yag5_2026-09-28_13-03-16,18.8,15.3,0.000482919,0.0987,0.00489279635258,0.00148118,0.0982,0.015083299389,0.324385018582,1.03812221187
YbYag5,Yb_Yag5_2026-09-28_14-57-53,Yb_Yag5_2026-09-28_13-03-16,18.9,15.3,0.000481369,0.09875,0.00487462278481,0.00148237,0.0984,0.0150647357724,0.323578379233,1.03554074178
YbYag5,Yb_Yag5_2026-09-28_14-57-53,Yb_Yag5_2026-09-28_13-03-16,19,15.3,0.00048572,0.09865,0.00492366953877,0.00148428,0.0983,0.015099491353,0.326081814524,1.04355243046
YbYag5,Yb_Yag5_2026-09-28_14-57-53,Yb_Yag5_2026-09-28_13-03-16,19.1,15.3,0.000480296,0.0988,0.00486129554656,0.00148226,0.0982,0.0150942973523,0.322061731865,1.03068704869
YbYag5,Yb_Yag5_2026-09-28_14-57-53,Yb_Yag5_2026-09-28_13-03-16,19.2,15.3,0.00048423,0.0987,0.00490607902736,0.00147427,0.09815,0.0150205807438,0.32662379112,1.04528690619
YbYag5,Yb_Yag5_2026-09-28_14-57-53,Yb_Yag5_2026-09-28_13-03-16,19.3,15.3,0.000475945,0.0986,0.00482702839757,0.00147928,0.0982,0.0150639511202,0.320435744849,1.02548343835
YbYag5,Yb_Yag5_2026-09-28_14-57-53,Yb_Yag5_2026-09-28_13-03-16,19.4,15.3,0.000484528,0.09865,0.00491158641662,0.00147451,0.09825,0.015007735369,0.327270323993,1.04735599107
YbYag5,Yb_Yag5_2026-09-28_14-57-53,Yb_Yag5_2026-09-28_13-03-16,19.5,15.3,0.000480892,0.09855,0.00487967529173,0.0014763,0.09815,0.0150412633724,0.324419243977,1.03823174265
YbYag5,Yb_Yag5_2026-09-28_14-57-53,Yb_Yag5_2026-09-28_13-03-16,19.6,15.3,0.000481965,0.0987,0.00488313069909,0.00147355,0.09825,0.0149979643766,0.325586231336,1.04196642652
YbYag5,Yb_Yag5_2026-09-28_14-57-53,Yb_Yag5_2026-09-28_13-03-16,19.7,15.3,0.00048119,0.09875,0.00487281012658,0.00147057,0.0982,0.0149752545825,0.325390803858,1.04134100428
YbYag5,Yb_Yag5_2026-09-28_14-57-53,Yb_Yag5_2026-09-28_13-03-16,19.8,15.3,0.000490014,0.0988,0.00495965587045,0.00148237,0.09825,0.015087735369,0.328721027321,1.05199864489
YbYag5,Yb_Yag5_2026-09-28_14-57-53,Yb_Yag5_2026-09-28_13-03-16,19.9,15.3,0.000480892,0.0988,0.00486732793522,0.00148941,0.0982,0.015167107943,0.320913383983,1.02701201633
YbYag5,Yb_Yag5_2026-09-28_14-57-53,Yb_Yag5_2026-09-28_13-03-16,20,15.3,0.000477256,0.0987,0.00483542046606,0.00147641,0.09815,0.015042384106,0.321453064354,1.0287391435
YbYag5,Yb_Yag5_2026-09-28_14-57-53,Yb_Yag5_2026-09-28_13-03-16,20.1,15.3,0.000481369,0.0988,0.00487215587045,0.00147391,0.0982,0.0150092668024,0.324609851673,1.03884174025
YbYag5,Yb_Yag5_2026-09-28_14-57-53,Yb_Yag5_2026-09-28_13-03-16,20.2,15.3,0.000481846,0.0989,0.00487205257836,0.00148416,0.0982,0.0151136456212,0.32236117615,1.03164535363
YbYag5,Yb_Yag5_2026-09-28_14-57-53,Yb_Yag5_2026-09-28_13-03-16,20.3,15.3,0.000488821,0.0987,0.00495259371834,0.00147653,0.098,0.0150666326531,0.328712714538,1.05197204167
YbYag5,Yb_Yag5_2026-09-28_14-57-53,Yb_Yag5_2026-09-28_13-03-16,20.4,15.3,0.00048429,0.09875,0.00490420253165,0.00148023,0.0982,0.0150736252546,0.325349904142,1.04121011382
YbYag5,Yb_Yag5_2026-09-28_14-57-53,Yb_Yag5_2026-09-28_13-03-16,20.5,15.3,0.000480356,0.09865,0.0048692954891,0.00147284,0.0983,0.0149831129196,0.32498556977,1.04004414258
YbYag5,Yb_Yag5_2026-09-28_14-57-53,Yb_Yag5_2026-09-28_13-03-16,20.6,15.3,0.000484826,0.0986,0.00491709939148,0.00146426,0.09815,0.0149185939888,0.329595362349,1.05479675998
YbYag5,Yb_Yag5_2026-09-28_14-57-53,Yb_Yag5_2026-09-28_13-03-16,20.7,15.3,0.000470521,0.09865,0.00476959959453,0.0014689,0.09805,0.0149811320755,0.31837377646,1.01888456645
YbYag5,Yb_Yag5_2026-09-28_14-57-53,Yb_Yag5_2026-09-28_13-03-16,20.8,15.3,0.000463398,0.0988,0.00469026315789,0.00144947,0.09825,0.0147528753181,0.31792196821,1.01743865449
YbYag5,Yb_Yag5_2026-09-28_14-57-53,Yb_Yag5_2026-09-28_13-03-16,20.9,15.3,0.000448139,0.0988,0.00453581983806,0.00139809,0.0981,0.0142516819572,0.318265580981,1.01853831085
YbYag5,Yb_Yag5_2026-09-28_14-57-53,Yb_Yag5_2026-09-28_13-03-16,21,15.3,0.000418426,0.09885,0.00423293879616,0.00133622,0.0981,0.0136209989806,0.310765664265,0.994536492996
YbYag5,Yb_Yag5_2026-09-28_14-57-53,Yb_Yag5_2026-09-28_13-03-16,21.1,15.3,0.000373753,0.09885,0.00378101163379,0.00124861,0.0982,0.0127149694501,0.297366945995,0.951656870786
YbYag5,Yb_Yag5_2026-09-28_14-57-53,Yb_Yag5_2026-09-28_13-03-16,13.4,15.4,0.000411691,0.09835,0.00418597864769,0.000988849,0.09785,0.0101057639244,0.414216943816,1.32560933852
YbYag5,Yb_Yag5_2026-09-28_14-57-53,Yb_Yag5_2026-09-28_13-03-16,13.5,15.4,0.000463726,0.09825,0.00471985750636,0.00132752,0.0978,0.0135738241309,0.347717596813,1.11279294675
YbYag5,Yb_Yag5_2026-09-28_14-57-53,Yb_Yag5_2026-09-28_13-03-16,13.6,15.4,0.000476422,0.09825,0.00484907888041,0.00145067,0.09785,0.0148254471129,0.327078086987,1.04674077922
YbYag5,Yb_Yag5_2026-09-28_14-57-53,Yb_Yag5_2026-09-28_13-03-16,13.7,15.4,0.000471773,0.0983,0.00479931841302,0.00148011,0.09785,0.0151263157895,0.317282706497,1.01539283934
YbYag5,Yb_Yag5_2026-09-28_14-57-53,Yb_Yag5_2026-09-28_13-03-16,13.8,15.4,0.000480892,0.09825,0.00489457506361,0.00148416,0.0977,0.0151909928352,0.322202446983,1.03113737618
YbYag5,Yb_Yag5_2026-09-28_14-57-53,Yb_Yag5_2026-09-28_13-03-16,13.9,15.4,0.000480833,0.0983,0.00489148524924,0.00148404,0.09765,0.0151975422427,0.321860283138,1.03004235678
YbYag5,Yb_Yag5_2026-09-28_14-57-53,Yb_Yag5_2026-09-28_13-03-16,14,15.4,0.00047672,0.09835,0.00484717844433,0.00148524,0.0979,0.0151709908069,0.319503090209,1.0224986843
YbYag5,Yb_Yag5_2026-09-28_14-57-53,Yb_Yag5_2026-09-28_13-03-16,14.1,15.4,0.000484468,0.09825,0.00493097201018,0.00149096,0.09795,0.0152216436958,0.323944779468,1.03671332436
YbYag5,Yb_Yag5_2026-09-28_14-57-53,Yb_Yag5_2026-09-28_13-03-16,14.2,15.4,0.000476422,0.0983,0.00484661241099,0.00149251,0.0978,0.0152608384458,0.317584936647,1.01636005982
YbYag5,Yb_Yag5_2026-09-28_14-57-53,Yb_Yag5_2026-09-28_13-03-16,14.3,15.4,0.000481131,0.09835,0.00489202846975,0.00149048,0.0978,0.0152400817996,0.320997520491,1.02728127653
YbYag5,Yb_Yag5_2026-09-28_14-57-53,Yb_Yag5_2026-09-28_13-03-16,14.4,15.4,0.0004797,0.09825,0.00488244274809,0.00148035,0.0978,0.0151365030675,0.322560813836,1.03228424971
YbYag5,Yb_Yag5_2026-09-28_14-57-53,Yb_Yag5_2026-09-28_13-03-16,14.5,15.4,0.00047976,0.09835,0.00487808845958,0.00147975,0.0978,0.0151303680982,0.322403819122,1.03178182299
YbYag5,Yb_Yag5_2026-09-28_14-57-53,Yb_Yag5_2026-09-28_13-03-16,14.6,15.4,0.000477316,0.0983,0.00485570701933,0.00148166,0.09785,0.0151421563618,0.320674737687,1.02624828185
YbYag5,Yb_Yag5_2026-09-28_14-57-53,Yb_Yag5_2026-09-28_13-03-16,14.7,15.4,0.000480236,0.0983,0.00488541200407,0.00148309,0.098,0.0151335714286,0.322819502793,1.03311212626
YbYag5,Yb_Yag5_2026-09-28_14-57-53,Yb_Yag5_2026-09-28_13-03-16,14.8,15.4,0.000475289,0.0982,0.0048400101833,0.0014819,0.09785,0.0151446090956,0.319586339452,1.02276510502
YbYag5,Yb_Yag5_2026-09-28_14-57-53,Yb_Yag5_2026-09-28_13-03-16,14.9,15.4,0.000480356,0.09845,0.00487918740477,0.00147081,0.09775,0.0150466496164,0.324270686775,1.03775631831
YbYag5,Yb_Yag5_2026-09-28_14-57-53,Yb_Yag5_2026-09-28_13-03-16,15,15.4,0.000476183,0.09845,0.0048368004063,0.00147761,0.09795,0.0150853496682,0.320628988567,1.02610187196
YbYag5,Yb_Yag5_2026-09-28_14-57-53,Yb_Yag5_2026-09-28_13-03-16,15.1,15.4,0.000479462,0.09855,0.00486516489092,0.00148786,0.09795,0.0151899948954,0.320287460557,1.02500888741
YbYag5,Yb_Yag5_2026-09-28_14-57-53,Yb_Yag5_2026-09-28_13-03-16,15.2,15.4,0.000480654,0.0986,0.00487478701826,0.00147761,0.0979,0.0150930541369,0.322982146227,1.03363263045
YbYag5,Yb_Yag5_2026-09-28_14-57-53,Yb_Yag5_2026-09-28_13-03-16,15.3,15.4,0.000481846,0.0986,0.00488687626775,0.00148977,0.09805,0.0151939826619,0.321632344626,1.0293128902
YbYag5,Yb_Yag5_2026-09-28_14-57-53,Yb_Yag5_2026-09-28_13-03-16,15.4,15.4,0.00047976,0.09845,0.00487313357034,0.0014813,0.09805,0.0151075981642,0.322561767753,1.0322873025
YbYag5,Yb_Yag5_2026-09-28_14-57-53,Yb_Yag5_2026-09-28_13-03-16,15.5,15.4,0.000480594,0.0986,0.00487417849899,0.00148941,0.09805,0.0151903110658,0.320874172877,1.02688652989
YbYag5,Yb_Yag5_2026-09-28_14-57-53,Yb_Yag5_2026-09-28_13-03-16,15.6,15.4,0.000480594,0.0985,0.00487912690355,0.00148583,0.09805,0.0151537990821,0.321973841485,1.03040577505
YbYag5,Yb_Yag5_2026-09-28_14-57-53,Yb_Yag5_2026-09-28_13-03-16,15.7,15.4,0.000485601,0.0986,0.00492495943205,0.00149084,0.09815,0.0151894039735,0.324236516498,1.03764696393
YbYag5,Yb_Yag5_2026-09-28_14-57-53,Yb_Yag5_2026-09-28_13-03-16,15.8,15.4,0.000475707,0.0984,0.00483442073171,0.00149287,0.0981,0.0152178389399,0.317681160302,1.01666800225
YbYag5,Yb_Yag5_2026-09-28_14-57-53,Yb_Yag5_2026-09-28_13-03-16,15.9,15.4,0.000481429,0.09855,0.00488512430238,0.00148893,0.09815,0.0151699439633,0.32202652259,1.03057436923
YbYag5,Yb_Yag5_2026-09-28_14-57-53,Yb_Yag5_2026-09-28_13-03-16,16,15.4,0.000485184,0.0986,0.00492073022312,0.00149298,0.0982,0.0152034623218,0.323658527181,1.03579723748
YbYag5,Yb_Yag5_2026-09-28_14-57-53,Yb_Yag5_2026-09-28_13-03-16,16.1,15.4,0.000476779,0.09855,0.00483794013191,0.00149072,0.098,0.0152114285714,0.318046402361,1.01783687835
YbYag5,Yb_Yag5_2026-09-28_14-57-53,Yb_Yag5_2026-09-28_13-03-16,16.2,15.4,0.000489596,0.09865,0.00496295995945,0.0014943,0.09805,0.0152401835798,0.325649617898,1.04216928114
YbYag5,Yb_Yag5_2026-09-28_14-57-53,Yb_Yag5_2026-09-28_13-03-16,16.3,15.4,0.000488762,0.0987,0.00495199594732,0.00149394,0.0982,0.0152132382892,0.325505711091,1.04170873936
YbYag5,Yb_Yag5_2026-09-28_14-57-53,Yb_Yag5_2026-09-28_13-03-16,16.4,15.4,0.000480236,0.0987,0.00486561296859,0.00149406,0.09825,0.0152067175573,0.319964709692,1.02397599494
YbYag5,Yb_Yag5_2026-09-28_14-57-53,Yb_Yag5_2026-09-28_13-03-16,16.5,15.4,0.000488583,0.0987,0.00495018237082,0.00150073,0.09825,0.015274605598,0.324079226731,1.03714359296
YbYag5,Yb_Yag5_2026-09-28_14-57-53,Yb_Yag5_2026-09-28_13-03-16,16.6,15.4,0.00048119,0.09885,0.00486788062721,0.00150204,0.0983,0.015280162767,0.318575181524,1.01952911863
YbYag5,Yb_Yag5_2026-09-28_14-57-53,Yb_Yag5_2026-09-28_13-03-16,16.7,15.4,0.000484349,0.0987,0.00490728470111,0.00149918,0.09825,0.0152588295165,0.32160295754,1.02921884335
YbYag5,Yb_Yag5_2026-09-28_14-57-53,Yb_Yag5_2026-09-28_13-03-16,16.8,15.4,0.000480773,0.0987,0.00487105369807,0.00148893,0.0982,0.0151622199593,0.321262566507,1.02812949745
YbYag5,Yb_Yag5_2026-09-28_14-57-53,Yb_Yag5_2026-09-28_13-03-16,16.9,15.4,0.000485959,0.09865,0.00492609224531,0.00149012,0.0982,0.0151743380855,0.32463308894,1.03891610596
YbYag5,Yb_Yag5_2026-09-28_14-57-53,Yb_Yag5_2026-09-28_13-03-16,17,15.4,0.000480535,0.0986,0.0048735801217,0.00149442,0.09835,0.0151949161159,0.320737546988,1.02644928907
YbYag5,Yb_Yag5_2026-09-28_14-57-53,Yb_Yag5_2026-09-28_13-03-16,17.1,15.4,0.00048125,0.09875,0.00487341772152,0.00148977,0.09835,0.0151476359939,0.321727939824,1.0296188214
YbYag5,Yb_Yag5_2026-09-28_14-57-53,Yb_Yag5_2026-09-28_13-03-16,17.2,15.4,0.000480833,0.09885,0.00486426909459,0.001485,0.0983,0.0151068158698,0.321991684847,1.03046287877
YbYag5,Yb_Yag5_2026-09-28_14-57-53,Yb_Yag5_2026-09-28_13-03-16,17.3,15.4,0.00048423,0.0989,0.00489615773509,0.00148774,0.0983,0.0151346897253,0.323505656472,1.03530800873
YbYag5,Yb_Yag5_2026-09-28_14-57-53,Yb_Yag5_2026-09-28_13-03-16,17.4,15.4,0.000479998,0.09875,0.00486073924051,0.00148381,0.0983,0.0150947100712,0.322016071695,1.03054092346
YbYag5,Yb_Yag5_2026-09-28_14-57-53,Yb_Yag5_2026-09-28_13-03-16,17.5,15.4,0.000480833,0.0987,0.00487166160081,0.0014844,0.0984,0.0150853658537,0.322939572567,1.03349638291
YbYag5,Yb_Yag5_2026-09-28_14-57-53,Yb_Yag5_2026-09-28_13-03-16,17.6,15.4,0.000479819,0.0987,0.00486138804458,0.00147892,0.09835,0.0150373157092,0.323288287524,1.03461236768
YbYag5,Yb_Yag5_2026-09-28_14-57-53,Yb_Yag5_2026-09-28_13-03-16,17.7,15.4,0.000477793,0.0987,0.00484086119554,0.00147439,0.09825,0.0150065139949,0.322583992337,1.03235842735
YbYag5,Yb_Yag5_2026-09-28_14-57-53,Yb_Yag5_2026-09-28_13-03-16,17.8,15.4,0.000475707,0.09875,0.00481728607595,0.00146759,0.09825,0.014937302799,0.322500396542,1.03209089758
YbYag5,Yb_Yag5_2026-09-28_14-57-53,Yb_Yag5_2026-09-28_13-03-16,17.9,15.4,0.000479223,0.0987,0.00485534954407,0.00147641,0.0983,0.0150194303154,0.323271218822,1.0345577431
YbYag5,Yb_Yag5_2026-09-28_14-57-53,Yb_Yag5_2026-09-28_13-03-16,18,15.4,0.000483396,0.0987,0.00489762917933,0.00146807,0.0982,0.014949796334,0.327605077013,1.04842729376
YbYag5,Yb_Yag5_2026-09-28_14-57-53,Yb_Yag5_2026-09-28_13-03-16,18.1,15.4,0.000476779,0.09865,0.00483303598581,0.0014701,0.09815,0.0149780947529,0.322673615406,1.03264524608
YbYag5,Yb_Yag5_2026-09-28_14-57-53,Yb_Yag5_2026-09-28_13-03-16,18.2,15.4,0.000479283,0.09875,0.00485349873418,0.00147653,0.09835,0.0150130147433,0.323286083253,1.03460531341
YbYag5,Yb_Yag5_2026-09-28_14-57-53,Yb_Yag5_2026-09-28_13-03-16,18.3,15.4,0.000480296,0.09865,0.00486868727826,0.00148071,0.09835,0.0150555160142,0.323382292156,1.03491320863
YbYag5,Yb_Yag5_2026-09-28_14-57-53,Yb_Yag5_2026-09-28_13-03-16,18.4,15.4,0.0004797,0.09865,0.00486264571718,0.00147701,0.09825,0.0150331806616,0.323460871431,1.03516468415
YbYag5,Yb_Yag5_2026-09-28_14-57-53,Yb_Yag5_2026-09-28_13-03-16,18.5,15.4,0.000479462,0.0986,0.00486269776876,0.00147928,0.09825,0.0150562849873,0.322967968052,1.03358725635
YbYag5,Yb_Yag5_2026-09-28_14-57-53,Yb_Yag5_2026-09-28_13-03-16,18.6,15.4,0.00048268,0.0987,0.00489037487335,0.00148273,0.0982,0.0150990835031,0.323885543937,1.0365237542
YbYag5,Yb_Yag5_2026-09-28_14-57-53,Yb_Yag5_2026-09-28_13-03-16,18.7,15.4,0.000480296,0.0987,0.00486622087133,0.00148881,0.0983,0.0151455747711,0.321296546673,1.02823824342
YbYag5,Yb_Yag5_2026-09-28_14-57-53,Yb_Yag5_2026-09-28_13-03-16,18.8,15.4,0.000489417,0.09875,0.00495612151899,0.00148547,0.0982,0.0151269857434,0.327634441062,1.04852126688
YbYag5,Yb_Yag5_2026-09-28_14-57-53,Yb_Yag5_2026-09-28_13-03-16,18.9,15.4,0.000480296,0.0987,0.00486622087133,0.00149072,0.0981,0.015195922528,0.32023201371,1.02483144209
YbYag5,Yb_Yag5_2026-09-28_14-57-53,Yb_Yag5_2026-09-28_13-03-16,19,15.4,0.000480713,0.09875,0.00486797974684,0.00148154,0.09815,0.0150946510443,0.322497004572,1.03208004233
YbYag5,Yb_Yag5_2026-09-28_14-57-53,Yb_Yag5_2026-09-28_13-03-16,19.1,15.4,0.000488702,0.0987,0.00495138804458,0.00148881,0.09825,0.0151532824427,0.326753498016,1.04570200431
YbYag5,Yb_Yag5_2026-09-28_14-57-53,Yb_Yag5_2026-09-28_13-03-16,19.2,15.4,0.000485362,0.0987,0.00491754812563,0.00148905,0.0982,0.0151634419552,0.324302895092,1.03785939388
YbYag5,Yb_Yag5_2026-09-28_14-57-53,Yb_Yag5_2026-09-28_13-03-16,19.3,15.4,0.000484647,0.0986,0.00491528397566,0.00148202,0.09815,0.0150995415181,0.325525379017,1.04177168219
YbYag5,Yb_Yag5_2026-09-28_14-57-53,Yb_Yag5_2026-09-28_13-03-16,19.4,15.4,0.000485959,0.0987,0.00492359675785,0.00147713,0.09815,0.0150497198166,0.327155376834,1.04698812821
YbYag5,Yb_Yag5_2026-09-28_14-57-53,Yb_Yag5_2026-09-28_13-03-16,19.5,15.4,0.000489119,0.0986,0.00496063894523,0.00148941,0.0982,0.015167107943,0.32706557927,1.04670075105
YbYag5,Yb_Yag5_2026-09-28_14-57-53,Yb_Yag5_2026-09-28_13-03-16,19.6,15.4,0.000488702,0.09865,0.00495389761784,0.00149048,0.09815,0.0151857361182,0.326220446561,1.0439960915
YbYag5,Yb_Yag5_2026-09-28_14-57-53,Yb_Yag5_2026-09-28_13-03-16,19.7,15.4,0.000490192,0.09875,0.00496396962025,0.00149036,0.0981,0.0151922528033,0.326743484625,1.04566995867
YbYag5,Yb_Yag5_2026-09-28_14-57-53,Yb_Yag5_2026-09-28_13-03-16,19.8,15.4,0.000489656,0.0987,0.00496105369807,0.00149442,0.09815,0.015225878757,0.325830369284,1.04274773581
YbYag5,Yb_Yag5_2026-09-28_14-57-53,Yb_Yag5_2026-09-28_13-03-16,19.9,15.4,0.000484826,0.0988,0.00490714574899,0.00149024,0.0981,0.0151910295617,0.32302917515,1.03378313608
YbYag5,Yb_Yag5_2026-09-28_14-57-53,Yb_Yag5_2026-09-28_13-03-16,20,15.4,0.000484886,0.09865,0.00491521540801,0.00149489,0.09825,0.0152151653944,0.323047123091,1.03384057448
YbYag5,Yb_Yag5_2026-09-28_14-57-53,Yb_Yag5_2026-09-28_13-03-16,20.1,15.4,0.000485839,0.0987,0.00492238095238,0.00149,0.09815,0.0151808456444,0.324249456696,1.03768837616
YbYag5,Yb_Yag5_2026-09-28_14-57-53,Yb_Yag5_2026-09-28_13-03-16,20.2,15.4,0.000487568,0.0986,0.00494490872211,0.00148464,0.0982,0.0151185336049,0.327075948722,1.04673393618
YbYag5,Yb_Yag5_2026-09-28_14-57-53,Yb_Yag5_2026-09-28_13-03-16,20.3,15.4,0.000488941,0.09865,0.00495632032438,0.00148798,0.09825,0.0151448346056,0.327261436222,1.04732754773
YbYag5,Yb_Yag5_2026-09-28_14-57-53,Yb_Yag5_2026-09-28_13-03-16,20.4,15.4,0.000486018,0.0986,0.00492918864097,0.00148857,0.0983,0.0151431332655,0.325506521969,1.0417113344
YbYag5,Yb_Yag5_2026-09-28_14-57-53,Yb_Yag5_2026-09-28_13-03-16,20.5,15.4,0.000484886,0.0985,0.00492270050761,0.00148428,0.0982,0.0151148676171,0.325685982326,1.04228565742
YbYag5,Yb_Yag5_2026-09-28_14-57-53,Yb_Yag5_2026-09-28_13-03-16,20.6,15.4,0.000486197,0.09855,0.0049335058346,0.00148261,0.0982,0.0150978615071,0.326768518328,1.04575007348
YbYag5,Yb_Yag5_2026-09-28_14-57-53,Yb_Yag5_2026-09-28_13-03-16,20.7,15.4,0.000476958,0.09865,0.0048348504815,0.00148047,0.0982,0.0150760692464,0.320697020057,1.02631959163
YbYag5,Yb_Yag5_2026-09-28_14-57-53,Yb_Yag5_2026-09-28_13-03-16,20.8,15.4,0.000471475,0.0987,0.00477684903749,0.00146151,0.09815,0.0148905756495,0.320796801274,1.02663891926
YbYag5,Yb_Yag5_2026-09-28_14-57-53,Yb_Yag5_2026-09-28_13-03-16,20.9,15.4,0.000461521,0.0986,0.00468074036511,0.00142837,0.0982,0.0145455193483,0.321799466422,1.02984772639
YbYag5,Yb_Yag5_2026-09-28_14-57-53,Yb_Yag5_2026-09-28_13-03-16,21,15.4,0.000436785,0.09865,0.00442762290928,0.0013727,0.0982,0.0139786150713,0.316742601946,1.01366435467
YbYag5,Yb_Yag5_2026-09-28_14-57-53,Yb_Yag5_2026-09-28_13-03-16,21.1,15.4,0.000391724,0.09855,0.00397487569762,0.00129331,0.0982,0.0131701629328,0.30180915133,0.965873162427
YbYag5,Yb_Yag5_2026-09-28_14-57-53,Yb_Yag5_2026-09-28_13-03-16,21.2,15.4,0.000314178,0.0988,0.00317993927126,0.00117625,0.09835,0.0119598373157,0.265884826634,0.850905339388
YbYag5,Yb_Yag5_2026-09-28_14-57-53,Yb_Yag5_2026-09-28_13-03-16,13.4,15.5,0.00043601,0.09805,0.00444681285059,0.00112177,0.0978,0.0114700408998,0.387689363049,1.24071370758
YbYag5,Yb_Yag5_2026-09-28_14-57-53,Yb_Yag5_2026-09-28_13-03-16,13.5,15.5,0.00046462,0.0984,0.00472174796748,0.00138224,0.09775,0.0141405626598,0.333915140513,1.06862125064
YbYag5,Yb_Yag5_2026-09-28_14-57-53,Yb_Yag5_2026-09-28_13-03-16,13.6,15.5,0.000480356,0.09815,0.00489410086602,0.00145949,0.09785,0.0149155850792,0.328119938979,1.05007499514
YbYag5,Yb_Yag5_2026-09-28_14-57-53,Yb_Yag5_2026-09-28_13-03-16,13.7,15.5,0.000485422,0.0983,0.0049381688708,0.00148202,0.0978,0.0151535787321,0.32587476253,1.04288980653
YbYag5,Yb_Yag5_2026-09-28_14-57-53,Yb_Yag5_2026-09-28_13-03-16,13.8,15.5,0.000484707,0.09815,0.004938430973,0.00149143,0.09785,0.0152420030659,0.324001442045,1.03689466035
YbYag5,Yb_Yag5_2026-09-28_14-57-53,Yb_Yag5_2026-09-28_13-03-16,13.9,15.5,0.000475707,0.0981,0.00484920489297,0.00148881,0.0977,0.0152385875128,0.318218790875,1.01838856951
YbYag5,Yb_Yag5_2026-09-28_14-57-53,Yb_Yag5_2026-09-28_13-03-16,14,15.5,0.000477375,0.0983,0.00485630722279,0.00148142,0.0977,0.0151629477994,0.320274611971,1.02496776836
YbYag5,Yb_Yag5_2026-09-28_14-57-53,Yb_Yag5_2026-09-28_13-03-16,14.1,15.5,0.00047666,0.09805,0.0048613972463,0.00149096,0.0978,0.0152449897751,0.318884913537,1.02052034715
YbYag5,Yb_Yag5_2026-09-28_14-57-53,Yb_Yag5_2026-09-28_13-03-16,14.2,15.5,0.00047976,0.09825,0.00488305343511,0.00149561,0.09785,0.0152847215125,0.319472842938,1.02240188463
YbYag5,Yb_Yag5_2026-09-28_14-57-53,Yb_Yag5_2026-09-28_13-03-16,14.3,15.5,0.000477733,0.09825,0.00486242239186,0.00148643,0.0977,0.0152142272262,0.319597066586,1.02279943483
YbYag5,Yb_Yag5_2026-09-28_14-57-53,Yb_Yag5_2026-09-28_13-03-16,14.4,15.5,0.000479998,0.09815,0.00489045338767,0.00149251,0.09795,0.015237468096,0.320949212616,1.02712667791
YbYag5,Yb_Yag5_2026-09-28_14-57-53,Yb_Yag5_2026-09-28_13-03-16,14.5,15.5,0.000479283,0.09825,0.00487819847328,0.00148404,0.09785,0.0151664793051,0.321643433202,1.02934837672
YbYag5,Yb_Yag5_2026-09-28_14-57-53,Yb_Yag5_2026-09-28_13-03-16,14.6,15.5,0.000473084,0.09825,0.0048151043257,0.00148726,0.09785,0.0151993868166,0.316795959192,1.01383511269
YbYag5,Yb_Yag5_2026-09-28_14-57-53,Yb_Yag5_2026-09-28_13-03-16,14.7,15.5,0.000483753,0.09825,0.00492369465649,0.00148321,0.09795,0.0151425216947,0.325156850078,1.04059228717
YbYag5,Yb_Yag5_2026-09-28_14-57-53,Yb_Yag5_2026-09-28_13-03-16,14.8,15.5,0.000483157,0.09815,0.00492263881814,0.00149358,0.09795,0.0152483920368,0.322830027341,1.03314580774
YbYag5,Yb_Yag5_2026-09-28_14-57-53,Yb_Yag5_2026-09-28_13-03-16,14.9,15.5,0.000480594,0.0982,0.00489403258656,0.00148321,0.0979,0.0151502553626,0.323033009638,1.0337954075
YbYag5,Yb_Yag5_2026-09-28_14-57-53,Yb_Yag5_2026-09-28_13-03-16,15,15.5,0.000474872,0.09835,0.00482838840874,0.00149012,0.09805,0.0151975522693,0.317708294282,1.01675483853
YbYag5,Yb_Yag5_2026-09-28_14-57-53,Yb_Yag5_2026-09-28_13-03-16,15.1,15.5,0.000474276,0.0983,0.00482478128179,0.00148941,0.098,0.0151980612245,0.317460313557,1.01596123129
YbYag5,Yb_Yag5_2026-09-28_14-57-53,Yb_Yag5_2026-09-28_13-03-16,15.2,15.5,0.000484588,0.09845,0.00492217369223,0.00148392,0.09785,0.0151652529382,0.324569178786,1.03871157571
YbYag5,Yb_Yag5_2026-09-28_14-57-53,Yb_Yag5_2026-09-28_13-03-16,15.3,15.5,0.000479462,0.0984,0.00487258130081,0.00148893,0.098,0.0151931632653,0.320708809333,1.02635732059
YbYag5,Yb_Yag5_2026-09-28_14-57-53,Yb_Yag5_2026-09-28_13-03-16,15.4,15.5,0.000480296,0.09845,0.00487857795835,0.00148464,0.09805,0.0151416624171,0.322195662799,1.0311156649
YbYag5,Yb_Yag5_2026-09-28_14-57-53,Yb_Yag5_2026-09-28_13-03-16,15.5,15.5,0.000483813,0.0985,0.0049118071066,0.00149346,0.0981,0.015223853211,0.322638890334,1.0325341162
YbYag5,Yb_Yag5_2026-09-28_14-57-53,Yb_Yag5_2026-09-28_13-03-16,15.6,15.5,0.000480535,0.09855,0.00487605276509,0.00149418,0.09815,0.0152234335201,0.320299146618,1.02504628605
YbYag5,Yb_Yag5_2026-09-28_14-57-53,Yb_Yag5_2026-09-28_13-03-16,15.7,15.5,0.000475468,0.09845,0.00482953783647,0.00149537,0.098,0.015258877551,0.316506756171,1.01290958265
YbYag5,Yb_Yag5_2026-09-28_14-57-53,Yb_Yag5_2026-09-28_13-03-16,15.8,15.5,0.000483694,0.0986,0.00490561866126,0.00149835,0.09815,0.015265919511,0.321344459973,1.0283915793
YbYag5,Yb_Yag5_2026-09-28_14-57-53,Yb_Yag5_2026-09-28_13-03-16,15.9,15.5,0.000483694,0.09855,0.00490810755961,0.00149954,0.09805,0.0152936257012,0.320925047827,1.02704934387
YbYag5,Yb_Yag5_2026-09-28_14-57-53,Yb_Yag5_2026-09-28_13-03-16,16,15.5,0.000482501,0.0986,0.00489351926978,0.00149835,0.0981,0.0152737003058,0.32038858769,1.02533252234
YbYag5,Yb_Yag5_2026-09-28_14-57-53,Yb_Yag5_2026-09-28_13-03-16,16.1,15.5,0.000485064,0.0985,0.00492450761421,0.00149895,0.0982,0.0152642566191,0.322616930329,1.03246383808
YbYag5,Yb_Yag5_2026-09-28_14-57-53,Yb_Yag5_2026-09-28_13-03-16,16.2,15.5,0.000480713,0.09855,0.00487785895485,0.00150038,0.0983,0.0152632756867,0.31958139622,1.0227492853
YbYag5,Yb_Yag5_2026-09-28_14-57-53,Yb_Yag5_2026-09-28_13-03-16,16.3,15.5,0.000482442,0.09855,0.00489540334855,0.00149656,0.09825,0.0152321628499,0.321385964475,1.02852440524
YbYag5,Yb_Yag5_2026-09-28_14-57-53,Yb_Yag5_2026-09-28_13-03-16,16.4,15.5,0.000488881,0.0987,0.00495320162107,0.00149704,0.0982,0.0152448065173,0.324910756686,1.03980471992
YbYag5,Yb_Yag5_2026-09-28_14-57-53,Yb_Yag5_2026-09-28_13-03-16,16.5,15.5,0.000488464,0.0985,0.00495902538071,0.00150073,0.0983,0.0152668362157,0.324823382569,1.03952509846
YbYag5,Yb_Yag5_2026-09-28_14-57-53,Yb_Yag5_2026-09-28_13-03-16,16.6,15.5,0.000487806,0.0985,0.00495234517766,0.0015086,0.09825,0.0153547073791,0.322529440346,1.03218384582
YbYag5,Yb_Yag5_2026-09-28_14-57-53,Yb_Yag5_2026-09-28_13-03-16,16.7,15.5,0.000479879,0.0987,0.00486199594732,0.00149978,0.0982,0.0152727087576,0.318345358671,1.01879362163
YbYag5,Yb_Yag5_2026-09-28_14-57-53,Yb_Yag5_2026-09-28_13-03-16,16.8,15.5,0.000489835,0.09865,0.00496538266599,0.00149847,0.09835,0.015236095577,0.325896004058,1.04295778533
YbYag5,Yb_Yag5_2026-09-28_14-57-53,Yb_Yag5_2026-09-28_13-03-16,16.9,15.5,0.000487747,0.09875,0.00493921012658,0.0014962,0.09825,0.0152284987277,0.324339924434,1.03797789807
YbYag5,Yb_Yag5_2026-09-28_14-57-53,Yb_Yag5_2026-09-28_13-03-16,17,15.5,0.000484766,0.09855,0.00491898528666,0.00149501,0.09815,0.0152318899643,0.322939917383,1.03349748642
YbYag5,Yb_Yag5_2026-09-28_14-57-53,Yb_Yag5_2026-09-28_13-03-16,17.1,15.5,0.000486495,0.0987,0.00492902735562,0.00149871,0.0983,0.0152462868769,0.323293625223,1.03462944981
YbYag5,Yb_Yag5_2026-09-28_14-57-53,Yb_Yag5_2026-09-28_13-03-16,17.2,15.5,0.000483813,0.0986,0.00490682555781,0.00148989,0.09835,0.0151488561261,0.323907331152,1.03659347934
YbYag5,Yb_Yag5_2026-09-28_14-57-53,Yb_Yag5_2026-09-28_13-03-16,17.3,15.5,0.000484051,0.09865,0.0049067511404,0.00148404,0.0982,0.0151124236253,0.324683271331,1.03907670356
YbYag5,Yb_Yag5_2026-09-28_14-57-53,Yb_Yag5_2026-09-28_13-03-16,17.4,15.5,0.00047368,0.0987,0.00479918946302,0.00148202,0.09835,0.0150688357905,0.318484422403,1.01923866422
YbYag5,Yb_Yag5_2026-09-28_14-57-53,Yb_Yag5_2026-09-28_13-03-16,17.5,15.5,0.000480535,0.0985,0.00487852791878,0.00147773,0.0983,0.0150328585961,0.324524300391,1.03856795237
YbYag5,Yb_Yag5_2026-09-28_14-57-53,Yb_Yag5_2026-09-28_13-03-16,17.6,15.5,0.000484766,0.0986,0.00491649087221,0.00147999,0.09825,0.0150635114504,0.32638411624,1.04451987996
YbYag5,Yb_Yag5_2026-09-28_14-57-53,Yb_Yag5_2026-09-28_13-03-16,17.7,15.5,0.000477137,0.0987,0.0048342147923,0.00147963,0.09835,0.0150445348246,0.321326970136,1.02833560696
YbYag5,Yb_Yag5_2026-09-28_14-57-53,Yb_Yag5_2026-09-28_13-03-16,17.8,15.5,0.000471951,0.0986,0.00478652129817,0.00145949,0.0983,0.0148473041709,0.322383191122,1.03171580766
YbYag5,Yb_Yag5_2026-09-28_14-57-53,Yb_Yag5_2026-09-28_13-03-16,17.9,15.5,0.000476481,0.0987,0.00482756838906,0.00146867,0.09825,0.0149482951654,0.32295110149,1.03353327867
YbYag5,Yb_Yag5_2026-09-28_14-57-53,Yb_Yag5_2026-09-28_13-03-16,18,15.5,0.00047666,0.09875,0.00482693670886,0.001472,0.0982,0.0149898167006,0.322014391855,1.03053554751
YbYag5,Yb_Yag5_2026-09-28_14-57-53,Yb_Yag5_2026-09-28_13-03-16,18.1,15.5,0.000475826,0.0987,0.00482093211753,0.0014726,0.0983,0.014980671414,0.32181015018,1.02988191738
YbYag5,Yb_Yag5_2026-09-28_14-57-53,Yb_Yag5_2026-09-28_13-03-16,18.2,15.5,0.000480058,0.0987,0.00486380952381,0.00148381,0.09835,0.0150870360956,0.322383368939,1.03171637672
YbYag5,Yb_Yag5_2026-09-28_14-57-53,Yb_Yag5_2026-09-28_13-03-16,18.3,15.5,0.000480535,0.0987,0.00486864235056,0.00148142,0.0982,0.0150857433809,0.322731351557,1.03283001781
YbYag5,Yb_Yag5_2026-09-28_14-57-53,Yb_Yag5_2026-09-28_13-03-16,18.4,15.5,0.000479521,0.0986,0.00486329614604,0.00148536,0.0983,0.0151104781282,0.321849256177,1.03000706744
YbYag5,Yb_Yag5_2026-09-28_14-57-53,Yb_Yag5_2026-09-28_13-03-16,18.5,15.5,0.00047976,0.09875,0.00485832911392,0.00148345,0.0983,0.0150910478128,0.321934512049,1.03027990993
YbYag5,Yb_Yag5_2026-09-28_14-57-53,Yb_Yag5_2026-09-28_13-03-16,18.6,15.5,0.000485959,0.0987,0.00492359675785,0.00148547,0.0983,0.0151115971516,0.325815776351,1.04270103437
YbYag5,Yb_Yag5_2026-09-28_14-57-53,Yb_Yag5_2026-09-28_13-03-16,18.7,15.5,0.00048572,0.09865,0.00492366953877,0.00149775,0.09835,0.0152287747839,0.323313569781,1.03469327793
YbYag5,Yb_Yag5_2026-09-28_14-57-53,Yb_Yag5_2026-09-28_13-03-16,18.8,15.5,0.000487866,0.09865,0.00494542321338,0.00148881,0.09815,0.0151687213449,0.326027692179,1.04337922391
YbYag5,Yb_Yag5_2026-09-28_14-57-53,Yb_Yag5_2026-09-28_13-03-16,18.9,15.5,0.000485362,0.09865,0.00492004054739,0.00149024,0.09835,0.0151524148449,0.324703395317,1.03914110591
YbYag5,Yb_Yag5_2026-09-28_14-57-53,Yb_Yag5_2026-09-28_13-03-16,19,15.5,0.000484766,0.0987,0.00491150962513,0.00148369,0.0983,0.0150934893184,0.32540584364,1.04138913576
YbYag5,Yb_Yag5_2026-09-28_14-57-53,Yb_Yag5_2026-09-28_13-03-16,19.1,15.5,0.000484886,0.09865,0.00491521540801,0.00149596,0.0983,0.015218311292,0.322980343463,1.03362686111
YbYag5,Yb_Yag5_2026-09-28_14-57-53,Yb_Yag5_2026-09-28_13-03-16,19.2,15.5,0.000484945,0.0988,0.00490835020243,0.0014931,0.09825,0.0151969465649,0.322982658488,1.03363426983
YbYag5,Yb_Yag5_2026-09-28_14-57-53,Yb_Yag5_2026-09-28_13-03-16,19.3,15.5,0.000485303,0.0987,0.00491695035461,0.00148917,0.0982,0.0151646639511,0.324237343502,1.03764961058
YbYag5,Yb_Yag5_2026-09-28_14-57-53,Yb_Yag5_2026-09-28_13-03-16,19.4,15.5,0.000480892,0.0986,0.00487720081136,0.00148989,0.09825,0.0151642748092,0.32162440161,1.02928747034
YbYag5,Yb_Yag5_2026-09-28_14-57-53,Yb_Yag5_2026-09-28_13-03-16,19.5,15.5,0.000485243,0.09865,0.00491883426254,0.00148595,0.0981,0.0151472986748,0.32473343057,1.03923722706
YbYag5,Yb_Yag5_2026-09-28_14-57-53,Yb_Yag5_2026-09-28_13-03-16,19.6,15.5,0.000480833,0.09865,0.00487413076533,0.00149143,0.0982,0.0151876782077,0.32092665506,1.02705448746
YbYag5,Yb_Yag5_2026-09-28_14-57-53,Yb_Yag5_2026-09-28_13-03-16,19.7,15.5,0.000489835,0.09855,0.00497042110604,0.00149012,0.0982,0.0151743380855,0.327554393347,1.04826509195
YbYag5,Yb_Yag5_2026-09-28_14-57-53,Yb_Yag5_2026-09-28_13-03-16,19.8,15.5,0.00049049,0.09855,0.00497706747844,0.0014931,0.0982,0.0152046843177,0.327337771337,1.04757184131
YbYag5,Yb_Yag5_2026-09-28_14-57-53,Yb_Yag5_2026-09-28_13-03-16,19.9,15.5,0.000485422,0.0986,0.00492314401623,0.0014943,0.0982,0.015216904277,0.323531247001,1.03538990553
YbYag5,Yb_Yag5_2026-09-28_14-57-53,Yb_Yag5_2026-09-28_13-03-16,20,15.5,0.000490133,0.09855,0.0049734449518,0.00149489,0.09815,0.0152306673459,0.326541499387,1.04502354977
YbYag5,Yb_Yag5_2026-09-28_14-57-53,Yb_Yag5_2026-09-28_13-03-16,20.1,15.5,0.000486376,0.09865,0.00493031931069,0.00149251,0.09815,0.0152064187468,0.32422619637,1.03761393666
YbYag5,Yb_Yag5_2026-09-28_14-57-53,Yb_Yag5_2026-09-28_13-03-16,20.2,15.5,0.000485899,0.0987,0.00492298885512,0.00148583,0.0982,0.0151306517312,0.3253652878,1.0412593458
YbYag5,Yb_Yag5_2026-09-28_14-57-53,Yb_Yag5_2026-09-28_13-03-16,20.3,15.5,0.000477197,0.0987,0.00483482269504,0.00149203,0.09825,0.0151860559796,0.318372505773,1.0188804999
YbYag5,Yb_Yag5_2026-09-28_14-57-53,Yb_Yag5_2026-09-28_13-03-16,20.4,15.5,0.000486137,0.09865,0.00492789660416,0.00148619,0.0982,0.0151343177189,0.325610754029,1.04204490596
YbYag5,Yb_Yag5_2026-09-28_14-57-53,Yb_Yag5_2026-09-28_13-03-16,20.5,15.5,0.000482919,0.0987,0.00489279635258,0.00148595,0.09825,0.015124173028,0.323508356029,1.03531664806
YbYag5,Yb_Yag5_2026-09-28_14-57-53,Yb_Yag5_2026-09-28_13-03-16,20.6,15.5,0.000485124,0.09845,0.00492761808024,0.00147773,0.0981,0.0150635066259,0.32712290721,1.04688421639
YbYag5,Yb_Yag5_2026-09-28_14-57-53,Yb_Yag5_2026-09-28_13-03-16,20.7,15.5,0.000476303,0.0985,0.00483556345178,0.00147379,0.09805,0.0150310045895,0.321705939413,1.02954841397
YbYag5,Yb_Yag5_2026-09-28_14-57-53,Yb_Yag5_2026-09-28_13-03-16,20.8,15.5,0.00047213,0.0986,0.004788336714,0.00146306,0.0981,0.0149139653415,0.321063956121,1.02749388902
YbYag5,Yb_Yag5_2026-09-28_14-57-53,Yb_Yag5_2026-09-28_13-03-16,20.9,15.5,0.000465544,0.0985,0.00472633502538,0.00143314,0.09815,0.0146015282731,0.32368769467,1.03589058156
YbYag5,Yb_Yag5_2026-09-28_14-57-53,Yb_Yag5_2026-09-28_13-03-16,21,15.5,0.000440421,0.0986,0.00446674442191,0.00138856,0.0981,0.0141545361876,0.315569818941,1.00991112312
YbYag5,Yb_Yag5_2026-09-28_14-57-53,Yb_Yag5_2026-09-28_13-03-16,21.1,15.5,0.000409784,0.0987,0.00415181357649,0.00131357,0.09815,0.0133832908813,0.310223667207,0.992801951778
YbYag5,Yb_Yag5_2026-09-28_14-57-53,Yb_Yag5_2026-09-28_13-03-16,21.2,15.5,0.0003486,0.0986,0.0035354969574,0.00120879,0.0983,0.012296948118,0.287510114174,0.920112269571
YbYag5,Yb_Yag5_2026-09-28_14-57-53,Yb_Yag5_2026-09-28_13-03-16,13.4,15.6,0.00044498,0.09825,0.00452905852417,0.00123561,0.09775,0.012640511509,0.35829709272,1.14665027389
YbYag5,Yb_Yag5_2026-09-28_14-57-53,Yb_Yag5_2026-09-28_13-03-16,13.5,15.6,0.000470342,0.0982,0.00478963340122,0.00141967,0.09785,0.0145086356668,0.330122935831,1.05648514174
YbYag5,Yb_Yag5_2026-09-28_14-57-53,Yb_Yag5_2026-09-28_13-03-16,13.6,15.6,0.000474395,0.0981,0.00483583078491,0.00146747,0.0979,0.0149894790603,0.322614999858,1.03245766004
YbYag5,Yb_Yag5_2026-09-28_14-57-53,Yb_Yag5_2026-09-28_13-03-16,13.7,15.6,0.000481071,0.0982,0.00489889002037,0.00147951,0.0978,0.0151279141104,0.323831163016,1.03634972013
YbYag5,Yb_Yag5_2026-09-28_14-57-53,Yb_Yag5_2026-09-28_13-03-16,13.8,15.6,0.000478866,0.0982,0.00487643584521,0.00149155,0.0978,0.0152510224949,0.319744846409,1.02327237133
YbYag5,Yb_Yag5_2026-09-28_14-57-53,Yb_Yag5_2026-09-28_13-03-16,13.9,15.6,0.000483396,0.09805,0.00493009688934,0.00150348,0.09795,0.0153494640123,0.321190165688,1.02789779471
YbYag5,Yb_Yag5_2026-09-28_14-57-53,Yb_Yag5_2026-09-28_13-03-16,14,15.6,0.00047976,0.09825,0.00488305343511,0.00149406,0.0977,0.0152923234391,0.319314030635,1.02189364112
YbYag5,Yb_Yag5_2026-09-28_14-57-53,Yb_Yag5_2026-09-28_13-03-16,14.1,15.6,0.000479223,0.09805,0.00488753697093,0.00149287,0.0979,0.015248927477,0.320516769347,1.02574273926
YbYag5,Yb_Yag5_2026-09-28_14-57-53,Yb_Yag5_2026-09-28_13-03-16,14.2,15.6,0.000488285,0.0981,0.00497742099898,0.00149644,0.0979,0.0152853932584,0.325632511695,1.04211453654
YbYag5,Yb_Yag5_2026-09-28_14-57-53,Yb_Yag5_2026-09-28_13-03-16,14.3,15.6,0.000480892,0.09805,0.00490455889852,0.00149418,0.09785,0.0152701073071,0.321186930772,1.02788744207
YbYag5,Yb_Yag5_2026-09-28_14-57-53,Yb_Yag5_2026-09-28_13-03-16,14.4,15.6,0.000480535,0.09825,0.00489094147583,0.00149203,0.0979,0.0152403472932,0.320920605137,1.02703512603
YbYag5,Yb_Yag5_2026-09-28_14-57-53,Yb_Yag5_2026-09-28_13-03-16,14.5,15.6,0.00047523,0.0981,0.00484434250765,0.00149322,0.09795,0.0152447166922,0.317771894713,1.01695837759
YbYag5,Yb_Yag5_2026-09-28_14-57-53,Yb_Yag5_2026-09-28_13-03-16,14.6,15.6,0.00047976,0.09835,0.00487808845958,0.00149024,0.0979,0.0152220633299,0.320461710995,1.02556653724
YbYag5,Yb_Yag5_2026-09-28_14-57-53,Yb_Yag5_2026-09-28_13-03-16,14.7,15.6,0.000474932,0.0982,0.00483637474542,0.00149215,0.09805,0.0152182559918,0.317800853661,1.01705105427
YbYag5,Yb_Yag5_2026-09-28_14-57-53,Yb_Yag5_2026-09-28_13-03-16,14.8,15.6,0.000484111,0.09835,0.00492232841891,0.00149072,0.09785,0.0152347470618,0.323098795073,1.03400593918
YbYag5,Yb_Yag5_2026-09-28_14-57-53,Yb_Yag5_2026-09-28_13-03-16,14.9,15.6,0.000475468,0.0982,0.00484183299389,0.00148547,0.0979,0.015173340143,0.319101328268,1.02121293443
YbYag5,Yb_Yag5_2026-09-28_14-57-53,Yb_Yag5_2026-09-28_13-03-16,15,15.6,0.000476899,0.09835,0.00484899847483,0.00148571,0.0979,0.0151757916241,0.319521946198,1.02255902871
YbYag5,Yb_Yag5_2026-09-28_14-57-53,Yb_Yag5_2026-09-28_13-03-16,15.1,15.6,0.000480117,0.09835,0.00488171835282,0.0014906,0.09795,0.0152179683512,0.32078647032,1.02660585733
YbYag5,Yb_Yag5_2026-09-28_14-57-53,Yb_Yag5_2026-09-28_13-03-16,15.2,15.6,0.000483932,0.0984,0.00491800813008,0.00148786,0.09795,0.0151899948954,0.323766279314,1.03614207426
YbYag5,Yb_Yag5_2026-09-28_14-57-53,Yb_Yag5_2026-09-28_13-03-16,15.3,15.6,0.00048423,0.09835,0.00492353838332,0.00148726,0.09805,0.0151683834778,0.324592161751,1.03878512758
YbYag5,Yb_Yag5_2026-09-28_14-57-53,Yb_Yag5_2026-09-28_13-03-16,15.4,15.6,0.000484468,0.09845,0.00492095479939,0.0014912,0.09815,0.0151930718288,0.323894657699,1.03655292077
YbYag5,Yb_Yag5_2026-09-28_14-57-53,Yb_Yag5_2026-09-28_13-03-16,15.5,15.6,0.000479879,0.09835,0.004879298424,0.00150049,0.0983,0.0152643947101,0.319652270311,1.02297610209
YbYag5,Yb_Yag5_2026-09-28_14-57-53,Yb_Yag5_2026-09-28_13-03-16,15.6,15.6,0.000481488,0.0985,0.00488820304569,0.00150264,0.0982,0.0153018329939,0.319452123653,1.02233557716
YbYag5,Yb_Yag5_2026-09-28_14-57-53,Yb_Yag5_2026-09-28_13-03-16,15.7,15.6,0.000483038,0.0984,0.00490892276423,0.00149835,0.09825,0.0152503816794,0.321888518427,1.03013271755
YbYag5,Yb_Yag5_2026-09-28_14-57-53,Yb_Yag5_2026-09-28_13-03-16,15.8,15.6,0.000484647,0.0985,0.00492027411168,0.00149501,0.0982,0.0152241344196,0.323189087542,1.03429490017
YbYag5,Yb_Yag5_2026-09-28_14-57-53,Yb_Yag5_2026-09-28_13-03-16,15.9,15.6,0.000484945,0.09855,0.00492080162354,0.00150014,0.0981,0.0152919469929,0.321790392409,1.02981868703
YbYag5,Yb_Yag5_2026-09-28_14-57-53,Yb_Yag5_2026-09-28_13-03-16,16,15.6,0.000484588,0.0985,0.0049196751269,0.00150514,0.09825,0.0153194910941,0.32113828695,1.02773176832
YbYag5,Yb_Yag5_2026-09-28_14-57-53,Yb_Yag5_2026-09-28_13-03-16,16.1,15.6,0.000487747,0.09855,0.00494923389143,0.00150324,0.09815,0.0153157412124,0.323146873716,1.0341598042
YbYag5,Yb_Yag5_2026-09-28_14-57-53,Yb_Yag5_2026-09-28_13-03-16,16.2,15.6,0.000481727,0.09855,0.00488814814815,0.0015024,0.09825,0.0152916030534,0.319662244114,1.02300802103
YbYag5,Yb_Yag5_2026-09-28_14-57-53,Yb_Yag5_2026-09-28_13-03-16,16.3,15.6,0.000489119,0.0986,0.00496063894523,0.00150109,0.09815,0.0152938359654,0.32435544336,1.03802756294
YbYag5,Yb_Yag5_2026-09-28_14-57-53,Yb_Yag5_2026-09-28_13-03-16,16.4,15.6,0.000480356,0.09865,0.0048692954891,0.00150502,0.0983,0.0153104781282,0.318036801224,1.01780615204
YbYag5,Yb_Yag5_2026-09-28_14-57-53,Yb_Yag5_2026-09-28_13-03-16,16.5,15.6,0.000489656,0.09865,0.0049635681703,0.00150717,0.0983,0.0153323499491,0.323731729759,1.03603150608
YbYag5,Yb_Yag5_2026-09-28_14-57-53,Yb_Yag5_2026-09-28_13-03-16,16.6,15.6,0.000484826,0.0986,0.00491709939148,0.0015024,0.0982,0.015299389002,0.321391879822,1.02854333599
YbYag5,Yb_Yag5_2026-09-28_14-57-53,Yb_Yag5_2026-09-28_13-03-16,16.7,15.6,0.000484468,0.09855,0.00491596144089,0.00150479,0.0983,0.015308138352,0.321133852324,1.02771757629
YbYag5,Yb_Yag5_2026-09-28_14-57-53,Yb_Yag5_2026-09-28_13-03-16,16.8,15.6,0.000484945,0.09865,0.00491581348201,0.00149716,0.0982,0.0152460285132,0.322432394624,1.03187327254
YbYag5,Yb_Yag5_2026-09-28_14-57-53,Yb_Yag5_2026-09-28_13-03-16,16.9,15.6,0.000485184,0.0986,0.00492073022312,0.00149918,0.0983,0.0152510681587,0.32264823499,1.0325640217
YbYag5,Yb_Yag5_2026-09-28_14-57-53,Yb_Yag5_2026-09-28_13-03-16,17,15.6,0.000484468,0.0986,0.00491346855984,0.00149966,0.0983,0.0152559511699,0.322068975256,1.03071022956
YbYag5,Yb_Yag5_2026-09-28_14-57-53,Yb_Yag5_2026-09-28_13-03-16,17.1,15.6,0.000480117,0.0986,0.00486934077079,0.00149847,0.0982,0.0152593686354,0.319104996225,1.02122467292
YbYag5,Yb_Yag5_2026-09-28_14-57-53,Yb_Yag5_2026-09-28_13-03-16,17.2,15.6,0.000483813,0.0985,0.0049118071066,0.00149227,0.0983,0.0151807731434,0.323554476455,1.03546424624
YbYag5,Yb_Yag5_2026-09-28_14-57-53,Yb_Yag5_2026-09-28_13-03-16,17.3,15.6,0.000483932,0.09845,0.00491551041138,0.00149322,0.09825,0.0151981679389,0.323427825718,1.03505892869
YbYag5,Yb_Yag5_2026-09-28_14-57-53,Yb_Yag5_2026-09-28_13-03-16,17.4,15.6,0.000480415,0.09855,0.00487483510908,0.00149143,0.0982,0.0151876782077,0.320973031059,1.02720290355
YbYag5,Yb_Yag5_2026-09-28_14-57-53,Yb_Yag5_2026-09-28_13-03-16,17.5,15.6,0.000480356,0.0985,0.0048767106599,0.00148547,0.09825,0.0151192875318,0.322548972605,1.03224635448
YbYag5,Yb_Yag5_2026-09-28_14-57-53,Yb_Yag5_2026-09-28_13-03-16,17.6,15.6,0.000483992,0.09855,0.00491113140538,0.00148333,0.09815,0.0151128884361,0.324963121785,1.03997230279
YbYag5,Yb_Yag5_2026-09-28_14-57-53,Yb_Yag5_2026-09-28_13-03-16,17.7,15.6,0.000480236,0.09865,0.00486807906741,0.00148893,0.0982,0.0151622199593,0.321066379493,1.02750164448
YbYag5,Yb_Yag5_2026-09-28_14-57-53,Yb_Yag5_2026-09-28_13-03-16,17.8,15.6,0.000479879,0.0986,0.00486692697769,0.00148011,0.0983,0.0150570701933,0.323232004315,1.03443224577
YbYag5,Yb_Yag5_2026-09-28_14-57-53,Yb_Yag5_2026-09-28_13-03-16,17.9,15.6,0.000479283,0.09855,0.00486334855403,0.0014757,0.09825,0.0150198473282,0.32379480615,1.03623336806
YbYag5,Yb_Yag5_2026-09-28_14-57-53,Yb_Yag5_2026-09-28_13-03-16,18,15.6,0.000476303,0.09865,0.00482821084643,0.00148583,0.0983,0.01511525941,0.319426264245,1.02225281987
YbYag5,Yb_Yag5_2026-09-28_14-57-53,Yb_Yag5_2026-09-28_13-03-16,18.1,15.6,0.000480415,0.0986,0.00487236308316,0.0014875,0.09835,0.0151245551601,0.322149182676,1.03096691559
YbYag5,Yb_Yag5_2026-09-28_14-57-53,Yb_Yag5_2026-09-28_13-03-16,18.2,15.6,0.000483813,0.0986,0.00490682555781,0.00148488,0.0983,0.015105595117,0.3248349714,1.03956218594
YbYag5,Yb_Yag5_2026-09-28_14-57-53,Yb_Yag5_2026-09-28_13-03-16,18.3,15.6,0.000488702,0.0986,0.00495640973631,0.00148595,0.09835,0.0151087951195,0.328047981133,1.04984471004
YbYag5,Yb_Yag5_2026-09-28_14-57-53,Yb_Yag5_2026-09-28_13-03-16,18.4,15.6,0.000483694,0.0987,0.00490064842958,0.00149143,0.0983,0.0151722278739,0.32300124084,1.03369373852
YbYag5,Yb_Yag5_2026-09-28_14-57-53,Yb_Yag5_2026-09-28_13-03-16,18.5,15.6,0.000478389,0.09855,0.00485427701674,0.00148321,0.0983,0.0150886063072,0.321718051217,1.02958717511
YbYag5,Yb_Yag5_2026-09-28_14-57-53,Yb_Yag5_2026-09-28_13-03-16,18.6,15.6,0.000476183,0.0988,0.0048196659919,0.00148035,0.09835,0.0150518556177,0.320204107342,1.02474213395
YbYag5,Yb_Yag5_2026-09-28_14-57-53,Yb_Yag5_2026-09-28_13-03-16,18.7,15.6,0.000483932,0.09865,0.00490554485555,0.00149203,0.0984,0.0151629065041,0.323522726611,1.03536263792
YbYag5,Yb_Yag5_2026-09-28_14-57-53,Yb_Yag5_2026-09-28_13-03-16,18.8,15.6,0.000486733,0.0987,0.00493143870314,0.0014881,0.0982,0.0151537678208,0.32542657123,1.04145546981
YbYag5,Yb_Yag5_2026-09-28_14-57-53,Yb_Yag5_2026-09-28_13-03-16,18.9,15.6,0.000484886,0.0985,0.00492270050761,0.00149823,0.09835,0.0152336553127,0.323146376005,1.03415821139
YbYag5,Yb_Yag5_2026-09-28_14-57-53,Yb_Yag5_2026-09-28_13-03-16,19,15.6,0.000475945,0.0986,0.00482702839757,0.00148989,0.09815,0.0151797249109,0.317991823034,1.01766220934
YbYag5,Yb_Yag5_2026-09-28_14-57-53,Yb_Yag5_2026-09-28_13-03-16,19.1,15.6,0.000472846,0.0986,0.00479559837728,0.00147033,0.0983,0.0149575788403,0.320613277622,1.02605159257
YbYag5,Yb_Yag5_2026-09-28_14-57-53,Yb_Yag5_2026-09-28_13-03-16,19.2,15.6,0.000476005,0.0986,0.00482763691684,0.00146807,0.09825,0.0149421882952,0.323087677753,1.03397036066
YbYag5,Yb_Yag5_2026-09-28_14-57-53,Yb_Yag5_2026-09-28_13-03-16,19.3,15.6,0.000484528,0.09865,0.00491158641662,0.00149716,0.0983,0.0152305188199,0.322483198025,1.03203585754
YbYag5,Yb_Yag5_2026-09-28_14-57-53,Yb_Yag5_2026-09-28_13-03-16,19.4,15.6,0.000488881,0.0987,0.00495320162107,0.00149382,0.09815,0.0152197656648,0.325445327488,1.04151549505
YbYag5,Yb_Yag5_2026-09-28_14-57-53,Yb_Yag5_2026-09-28_13-03-16,19.5,15.6,0.000492755,0.09855,0.00500005073567,0.0015055,0.09825,0.0153231552163,0.326306864682,1.04427265351
YbYag5,Yb_Yag5_2026-09-28_14-57-53,Yb_Yag5_2026-09-28_13-03-16,19.6,15.6,0.000494663,0.0986,0.00501686612576,0.00151039,0.09825,0.0153729262087,0.326344253375,1.04439230772
YbYag5,Yb_Yag5_2026-09-28_14-57-53,Yb_Yag5_2026-09-28_13-03-16,19.7,15.6,0.000483992,0.09865,0.0049061530664,0.00149287,0.0982,0.0152023421589,0.322723499782,1.03280488995
YbYag5,Yb_Yag5_2026-09-28_14-57-53,Yb_Yag5_2026-09-28_13-03-16,19.8,15.6,0.00048906,0.0986,0.00496004056795,0.00149358,0.09815,0.0152173204279,0.325947041166,1.04312111826
YbYag5,Yb_Yag5_2026-09-28_14-57-53,Yb_Yag5_2026-09-28_13-03-16,19.9,15.6,0.000489835,0.0986,0.00496790060852,0.00149871,0.0982,0.0152618126273,0.325511833348,1.04172833228
YbYag5,Yb_Yag5_2026-09-28_14-57-53,Yb_Yag5_2026-09-28_13-03-16,20,15.6,0.000485303,0.0986,0.00492193711968,0.00150157,0.0981,0.0153065239551,0.321558123459,1.02907536183
YbYag5,Yb_Yag5_2026-09-28_14-57-53,Yb_Yag5_2026-09-28_13-03-16,20.1,15.6,0.000487389,0.0986,0.00494309330629,0.00150061,0.09815,0.0152889454916,0.323311591961,1.03468694836
YbYag5,Yb_Yag5_2026-09-28_14-57-53,Yb_Yag5_2026-09-28_13-03-16,20.2,15.6,0.000488881,0.09855,0.00496074074074,0.00149978,0.09835,0.0152494153533,0.325306946254,1.04107263664
YbYag5,Yb_Yag5_2026-09-28_14-57-53,Yb_Yag5_2026-09-28_13-03-16,20.3,15.6,0.000483336,0.0987,0.0048970212766,0.00148917,0.09825,0.0151569465649,0.323087585988,1.03397006699
YbYag5,Yb_Yag5_2026-09-28_14-57-53,Yb_Yag5_2026-09-28_13-03-16,20.4,15.6,0.000482084,0.0986,0.00488929006085,0.00149322,0.09815,0.0152136525726,0.321375162047,1.02848983447
YbYag5,Yb_Yag5_2026-09-28_14-57-53,Yb_Yag5_2026-09-28_13-03-16,20.5,15.6,0.000479581,0.0986,0.00486390466531,0.00149644,0.09825,0.0152309414758,0.319343664542,1.02198847786
YbYag5,Yb_Yag5_2026-09-28_14-57-53,Yb_Yag5_2026-09-28_13-03-16,20.6,15.6,0.000484707,0.09865,0.00491340091232,0.00148202,0.09815,0.0150995415181,0.325400669049,1.04137257563
YbYag5,Yb_Yag5_2026-09-28_14-57-53,Yb_Yag5_2026-09-28_13-03-16,20.7,15.6,0.000479223,0.09855,0.00486273972603,0.00148261,0.098,0.0151286734694,0.321425387088,1.02865056856
YbYag5,Yb_Yag5_2026-09-28_14-57-53,Yb_Yag5_2026-09-28_13-03-16,20.8,15.6,0.000474991,0.0985,0.00482224365482,0.00147761,0.09825,0.0150392875318,0.320643091943,1.02614700668
YbYag5,Yb_Yag5_2026-09-28_14-57-53,Yb_Yag5_2026-09-28_13-03-16,20.9,15.6,0.000462236,0.0985,0.00469275126904,0.00144625,0.0982,0.0147275967413,0.318636594379,1.01972565683
YbYag5,Yb_Yag5_2026-09-28_14-57-53,Yb_Yag5_2026-09-28_13-03-16,21,15.6,0.000447633,0.0985,0.00454449746193,0.00140239,0.0982,0.0142809572301,0.318220787914,1.01839496059
YbYag5,Yb_Yag5_2026-09-28_14-57-53,Yb_Yag5_2026-09-28_13-03-16,21.1,15.6,0.000411274,0.0984,0.00417961382114,0.00133968,0.0982,0.0136423625255,0.306370235605,0.980469899714
YbYag5,Yb_Yag5_2026-09-28_14-57-53,Yb_Yag5_2026-09-28_13-03-16,21.2,15.6,0.000367703,0.09855,0.00373113140538,0.00124253,0.0982,0.0126530549898,0.294879885402,0.943697585692
YbYag5,Yb_Yag5_2026-09-28_14-57-53,Yb_Yag5_2026-09-28_13-03-16,13.3,15.7,0.0004074,0.09825,0.0041465648855,0.000934605,0.09785,0.00955140521206,0.434131396736,1.38934112245
YbYag5,Yb_Yag5_2026-09-28_14-57-53,Yb_Yag5_2026-09-28_13-03-16,13.4,15.7,0.000457766,0.0983,0.00465682604273,0.00131167,0.0979,0.0133980592441,0.347574671666,1.11233554656
YbYag5,Yb_Yag5_2026-09-28_14-57-53,Yb_Yag5_2026-09-28_13-03-16,13.5,15.7,0.000471951,0.0982,0.00480601832994,0.00144828,0.09785,0.0148010219724,0.324708546403,1.03915759081
YbYag5,Yb_Yag5_2026-09-28_14-57-53,Yb_Yag5_2026-09-28_13-03-16,13.6,15.7,0.000474753,0.0982,0.00483455193483,0.00148214,0.0979,0.0151393258427,0.319337332789,1.02196821449
YbYag5,Yb_Yag5_2026-09-28_14-57-53,Yb_Yag5_2026-09-28_13-03-16,13.7,15.7,0.000479938,0.0982,0.00488735234216,0.00149358,0.0978,0.0152717791411,0.320025080052,1.02416919687
YbYag5,Yb_Yag5_2026-09-28_14-57-53,Yb_Yag5_2026-09-28_13-03-16,13.8,15.7,0.000480833,0.09825,0.00489397455471,0.00149906,0.09785,0.0153199795606,0.319450462408,1.02233026071
YbYag5,Yb_Yag5_2026-09-28_14-57-53,Yb_Yag5_2026-09-28_13-03-16,13.9,15.7,0.000478746,0.09805,0.00488267210607,0.00150312,0.09795,0.0153457886677,0.31817668103,1.0182538063
YbYag5,Yb_Yag5_2026-09-28_14-57-53,Yb_Yag5_2026-09-28_13-03-16,14,15.7,0.000480594,0.0983,0.00488905391658,0.00149823,0.09785,0.0153114971896,0.319306064981,1.02186814882
YbYag5,Yb_Yag5_2026-09-28_14-57-53,Yb_Yag5_2026-09-28_13-03-16,14.1,15.7,0.000479402,0.0983,0.00487692777213,0.00149155,0.0979,0.0152354443309,0.320104072202,1.02442199371
YbYag5,Yb_Yag5_2026-09-28_14-57-53,Yb_Yag5_2026-09-28_13-03-16,14.2,15.7,0.000482501,0.0982,0.00491345213849,0.00149561,0.09775,0.0153003580563,0.321133147369,1.02771532024
YbYag5,Yb_Yag5_2026-09-28_14-57-53,Yb_Yag5_2026-09-28_13-03-16,14.3,15.7,0.000483157,0.09815,0.00492263881814,0.00149871,0.0979,0.0153085801839,0.321560769125,1.0290838287
YbYag5,Yb_Yag5_2026-09-28_14-57-53,Yb_Yag5_2026-09-28_13-03-16,14.4,15.7,0.000474932,0.09825,0.00483391348601,0.00149728,0.09785,0.0153017884517,0.315905131042,1.01098421503
YbYag5,Yb_Yag5_2026-09-28_14-57-53,Yb_Yag5_2026-09-28_13-03-16,14.5,15.7,0.000474216,0.09825,0.0048266259542,0.00149251,0.09785,0.0152530403679,0.316436975041,1.01268626364
YbYag5,Yb_Yag5_2026-09-28_14-57-53,Yb_Yag5_2026-09-28_13-03-16,14.6,15.7,0.000479283,0.09825,0.00487819847328,0.0014906,0.0979,0.0152257405516,0.320391540677,1.02534197272
YbYag5,Yb_Yag5_2026-09-28_14-57-53,Yb_Yag5_2026-09-28_13-03-16,14.7,15.7,0.0004797,0.09825,0.00488244274809,0.00149203,0.0979,0.0152403472932,0.320362958544,1.02525050195
YbYag5,Yb_Yag5_2026-09-28_14-57-53,Yb_Yag5_2026-09-28_13-03-16,14.8,15.7,0.000475528,0.09825,0.00483997964377,0.00148822,0.0978,0.0152169734151,0.318064539626,1.01789492264
YbYag5,Yb_Yag5_2026-09-28_14-57-53,Yb_Yag5_2026-09-28_13-03-16,14.9,15.7,0.000482621,0.09835,0.00490717844433,0.00148571,0.098,0.0151603061224,0.323685973404,1.03588507303
YbYag5,Yb_Yag5_2026-09-28_14-57-53,Yb_Yag5_2026-09-28_13-03-16,15,15.7,0.000479044,0.0984,0.00486833333333,0.00149322,0.09805,0.0152291687914,0.319671638027,1.02303808416
YbYag5,Yb_Yag5_2026-09-28_14-57-53,Yb_Yag5_2026-09-28_13-03-16,15.1,15.7,0.000484468,0.09845,0.00492095479939,0.00150193,0.0981,0.0153101936799,0.321416887485,1.02862336747
YbYag5,Yb_Yag5_2026-09-28_14-57-53,Yb_Yag5_2026-09-28_13-03-16,15.2,15.7,0.000483336,0.09845,0.00490945657694,0.00149656,0.0981,0.0152554536188,0.321816492621,1.02990221496
YbYag5,Yb_Yag5_2026-09-28_14-57-53,Yb_Yag5_2026-09-28_13-03-16,15.3,15.7,0.00048423,0.09845,0.00491853732859,0.00149883,0.09805,0.0152863844977,0.321759362348,1.02971938221
YbYag5,Yb_Yag5_2026-09-28_14-57-53,Yb_Yag5_2026-09-28_13-03-16,15.4,15.7,0.000483932,0.09845,0.00491551041138,0.00150049,0.09815,0.0152877228732,0.321533197073,1.02899559047
YbYag5,Yb_Yag5_2026-09-28_14-57-53,Yb_Yag5_2026-09-28_13-03-16,15.5,15.7,0.000479044,0.0984,0.00486833333333,0.00150038,0.0981,0.015294393476,0.318308361882,1.01867522162
YbYag5,Yb_Yag5_2026-09-28_14-57-53,Yb_Yag5_2026-09-28_13-03-16,15.6,15.7,0.000484111,0.09865,0.00490735935124,0.00150407,0.0982,0.015316395112,0.320399109278,1.02536619435
YbYag5,Yb_Yag5_2026-09-28_14-57-53,Yb_Yag5_2026-09-28_13-03-16,15.7,15.7,0.000488881,0.09845,0.00496577958354,0.00150133,0.0981,0.015304077472,0.324474284231,1.03840788676
YbYag5,Yb_Yag5_2026-09-28_14-57-53,Yb_Yag5_2026-09-28_13-03-16,15.8,15.7,0.000483813,0.0985,0.0049118071066,0.00150348,0.0981,0.0153259938838,0.320488651101,1.02565275306
YbYag5,Yb_Yag5_2026-09-28_14-57-53,Yb_Yag5_2026-09-28_13-03-16,15.9,15.7,0.000484111,0.09865,0.00490735935124,0.00149847,0.0981,0.0152749235474,0.321268995947,1.02815007344
YbYag5,Yb_Yag5_2026-09-28_14-57-53,Yb_Yag5_2026-09-28_13-03-16,16,15.7,0.000477256,0.09855,0.00484278031456,0.00150169,0.09825,0.0152843765903,0.316845131756,1.01399247856
YbYag5,Yb_Yag5_2026-09-28_14-57-53,Yb_Yag5_2026-09-28_13-03-16,16.1,15.7,0.000484111,0.09855,0.00491233891426,0.00150097,0.0982,0.0152848268839,0.321386624237,1.02852651666
YbYag5,Yb_Yag5_2026-09-28_14-57-53,Yb_Yag5_2026-09-28_13-03-16,16.2,15.7,0.00048906,0.0987,0.00495501519757,0.00150967,0.0982,0.0153734215886,0.322310499911,1.03148317558
YbYag5,Yb_Yag5_2026-09-28_14-57-53,Yb_Yag5_2026-09-28_13-03-16,16.3,15.7,0.000489298,0.09875,0.0049549164557,0.00150646,0.09815,0.0153485481406,0.322826394413,1.03313418136
YbYag5,Yb_Yag5_2026-09-28_14-57-53,Yb_Yag5_2026-09-28_13-03-16,16.4,15.7,0.000488643,0.09855,0.00495832572298,0.00150514,0.09815,0.0153350993377,0.323331829406,1.03475171381
YbYag5,Yb_Yag5_2026-09-28_14-57-53,Yb_Yag5_2026-09-28_13-03-16,16.5,15.7,0.000479938,0.0988,0.00485767206478,0.00150979,0.09825,0.0153668193384,0.31611434727,1.01165376511
YbYag5,Yb_Yag5_2026-09-28_14-57-53,Yb_Yag5_2026-09-28_13-03-16,16.6,15.7,0.000484528,0.0987,0.00490909827761,0.00150669,0.09815,0.0153508914926,0.319792389906,1.02342452374
YbYag5,Yb_Yag5_2026-09-28_14-57-53,Yb_Yag5_2026-09-28_13-03-16,16.7,15.7,0.00048423,0.09865,0.00490856563609,0.00151146,0.09835,0.0153681748856,0.3193980855,1.02216264005
YbYag5,Yb_Yag5_2026-09-28_14-57-53,Yb_Yag5_2026-09-28_13-03-16,16.8,15.7,0.000485899,0.09865,0.00492548403447,0.00150884,0.09825,0.0153571501272,0.320729041109,1.0264220679
YbYag5,Yb_Yag5_2026-09-28_14-57-53,Yb_Yag5_2026-09-28_13-03-16,16.9,15.7,0.000480236,0.09865,0.00486807906741,0.00150061,0.0982,0.0152811608961,0.318567358888,1.01950408402
YbYag5,Yb_Yag5_2026-09-28_14-57-53,Yb_Yag5_2026-09-28_13-03-16,17,15.7,0.000483455,0.0986,0.00490319472617,0.0015055,0.0983,0.0153153611394,0.320148815398,1.02456518437
YbYag5,Yb_Yag5_2026-09-28_14-57-53,Yb_Yag5_2026-09-28_13-03-16,17.1,15.7,0.00048417,0.09855,0.00491293759513,0.00149799,0.09825,0.0152467175573,0.322229199607,1.03122299201
YbYag5,Yb_Yag5_2026-09-28_14-57-53,Yb_Yag5_2026-09-28_13-03-16,17.2,15.7,0.000489358,0.0987,0.00495803444782,0.0014962,0.0982,0.0152362525458,0.325410361433,1.04140359396
YbYag5,Yb_Yag5_2026-09-28_14-57-53,Yb_Yag5_2026-09-28_13-03-16,17.3,15.7,0.00048429,0.09865,0.00490917384693,0.00148834,0.09815,0.015163932756,0.323740148807,1.03605844937
YbYag5,Yb_Yag5_2026-09-28_14-57-53,Yb_Yag5_2026-09-28_13-03-16,17.4,15.7,0.000479521,0.09865,0.00486083122149,0.00149167,0.0983,0.0151746693795,0.320325346136,1.02513013179
YbYag5,Yb_Yag5_2026-09-28_14-57-53,Yb_Yag5_2026-09-28_13-03-16,17.5,15.7,0.00048423,0.0987,0.00490607902736,0.00149,0.0983,0.0151576805697,0.323669508986,1.03583238231
YbYag5,Yb_Yag5_2026-09-28_14-57-53,Yb_Yag5_2026-09-28_13-03-16,17.6,15.7,0.000471296,0.09865,0.00477745565129,0.00148631,0.09825,0.0151278371501,0.315805597581,1.01066568029
YbYag5,Yb_Yag5_2026-09-28_14-57-53,Yb_Yag5_2026-09-28_13-03-16,17.7,15.7,0.000478389,0.0986,0.00485181541582,0.00148595,0.09835,0.0151087951195,0.321125237151,1.02769000534
YbYag5,Yb_Yag5_2026-09-28_14-57-53,Yb_Yag5_2026-09-28_13-03-16,17.8,15.7,0.000480713,0.0987,0.00487044579534,0.00149036,0.09835,0.0151536349771,0.321404455281,1.02858358096
YbYag5,Yb_Yag5_2026-09-28_14-57-53,Yb_Yag5_2026-09-28_13-03-16,17.9,15.7,0.000476362,0.09865,0.00482880892043,0.00148237,0.0982,0.0150954175153,0.319885747813,1.02372329498
YbYag5,Yb_Yag5_2026-09-28_14-57-53,Yb_Yag5_2026-09-28_13-03-16,18,15.7,0.000478627,0.09855,0.0048566920345,0.00148643,0.0983,0.015121363174,0.321180833938,1.02786793051
YbYag5,Yb_Yag5_2026-09-28_14-57-53,Yb_Yag5_2026-09-28_13-03-16,18.1,15.7,0.000474991,0.09875,0.00481003544304,0.00148941,0.09825,0.015159389313,0.317297441455,1.0154399953
YbYag5,Yb_Yag5_2026-09-28_14-57-53,Yb_Yag5_2026-09-28_13-03-16,18.2,15.7,0.000480773,0.09875,0.00486858734177,0.00149334,0.0983,0.0151916581892,0.320477678021,1.02561763616
YbYag5,Yb_Yag5_2026-09-28_14-57-53,Yb_Yag5_2026-09-28_13-03-16,18.3,15.7,0.00048274,0.09865,0.0048934617334,0.00149382,0.0983,0.0151965412004,0.322011546501,1.03052644158
YbYag5,Yb_Yag5_2026-09-28_14-57-53,Yb_Yag5_2026-09-28_13-03-16,18.4,15.7,0.000484349,0.0987,0.00490728470111,0.0014962,0.0985,0.0151898477157,0.323063456129,1.03389284474
YbYag5,Yb_Yag5_2026-09-28_14-57-53,Yb_Yag5_2026-09-28_13-03-16,18.5,15.7,0.000476601,0.09875,0.00482633924051,0.0014912,0.09835,0.0151621759024,0.318314420805,1.01869461186
YbYag5,Yb_Yag5_2026-09-28_14-57-53,Yb_Yag5_2026-09-28_13-03-16,18.6,15.7,0.000483455,0.09865,0.00490070957932,0.00149954,0.0984,0.0152392276423,0.321585167854,1.02916191142
YbYag5,Yb_Yag5_2026-09-28_14-57-53,Yb_Yag5_2026-09-28_13-03-16,18.7,15.7,0.000488643,0.09865,0.00495329954384,0.00150717,0.09845,0.0153089893347,0.323554967317,1.03546581714
YbYag5,Yb_Yag5_2026-09-28_14-57-53,Yb_Yag5_2026-09-28_13-03-16,18.8,15.7,0.000483932,0.09865,0.00490554485555,0.00150622,0.09835,0.0153148957804,0.32031199728,1.02508741174
YbYag5,Yb_Yag5_2026-09-28_14-57-53,Yb_Yag5_2026-09-28_13-03-16,18.9,15.7,0.000484826,0.09865,0.00491460719716,0.00150228,0.09825,0.0152903816794,0.321418215726,1.02862761821
YbYag5,Yb_Yag5_2026-09-28_14-57-53,Yb_Yag5_2026-09-28_13-03-16,19,15.7,0.000483515,0.0987,0.00489883485309,0.00149775,0.09835,0.0152287747839,0.321682796062,1.02947434881
YbYag5,Yb_Yag5_2026-09-28_14-57-53,Yb_Yag5_2026-09-28_13-03-16,19.1,15.7,0.000475409,0.0987,0.00481670719352,0.00148309,0.09825,0.0150950636132,0.319091546544,1.0211816302
YbYag5,Yb_Yag5_2026-09-28_14-57-53,Yb_Yag5_2026-09-28_13-03-16,19.2,15.7,0.000478687,0.0987,0.0048499189463,0.00148786,0.0984,0.0151205284553,0.320750624599,1.02649114106
YbYag5,Yb_Yag5_2026-09-28_14-57-53,Yb_Yag5_2026-09-28_13-03-16,19.3,15.7,0.000486435,0.09845,0.00494093448451,0.00149036,0.0983,0.0151613428281,0.325890294846,1.04293951426
YbYag5,Yb_Yag5_2026-09-28_14-57-53,Yb_Yag5_2026-09-28_13-03-16,19.4,15.7,0.000488224,0.0987,0.00494654508612,0.00149561,0.0982,0.0152302443992,0.324784353847,1.0394001957
YbYag5,Yb_Yag5_2026-09-28_14-57-53,Yb_Yag5_2026-09-28_13-03-16,19.5,15.7,0.000484826,0.0986,0.00491709939148,0.00149835,0.09825,0.0152503816794,0.322424677287,1.03184857491
YbYag5,Yb_Yag5_2026-09-28_14-57-53,Yb_Yag5_2026-09-28_13-03-16,19.6,15.7,0.000473918,0.09855,0.00480890918316,0.00148536,0.0983,0.0151104781282,0.318249968159,1.01848834548
YbYag5,Yb_Yag5_2026-09-28_14-57-53,Yb_Yag5_2026-09-28_13-03-16,19.7,15.7,0.000471713,0.0986,0.00478410750507,0.00143982,0.0983,0.0146472024415,0.326622610985,1.04528312943
YbYag5,Yb_Yag5_2026-09-28_14-57-53,Yb_Yag5_2026-09-28_13-03-16,19.8,15.7,0.000479938,0.09845,0.00487494159472,0.0014701,0.0982,0.0149704684318,0.325637211483,1.04212957716
YbYag5,Yb_Yag5_2026-09-28_14-57-53,Yb_Yag5_2026-09-28_13-03-16,19.9,15.7,0.000483098,0.0985,0.00490454822335,0.0014974,0.0983,0.0152329603255,0.321969473993,1.03039179786
YbYag5,Yb_Yag5_2026-09-28_14-57-53,Yb_Yag5_2026-09-28_13-03-16,20,15.7,0.000488404,0.09865,0.0049508768373,0.00150109,0.09825,0.0152782697201,0.32404695872,1.03704032636
YbYag5,Yb_Yag5_2026-09-28_14-57-53,Yb_Yag5_2026-09-28_13-03-16,20.1,15.7,0.00048417,0.0986,0.00491044624746,0.00150002,0.09825,0.0152673791349,0.321629940809,1.02930519731
YbYag5,Yb_Yag5_2026-09-28_14-57-53,Yb_Yag5_2026-09-28_13-03-16,20.2,15.7,0.000487627,0.0985,0.00495052791878,0.00150228,0.0982,0.0152981670061,0.323602685002,1.03561852699
YbYag5,Yb_Yag5_2026-09-28_14-57-53,Yb_Yag5_2026-09-28_13-03-16,20.3,15.7,0.000483336,0.09855,0.00490447488584,0.00149668,0.0983,0.0152256358087,0.322119545447,1.03087206823
YbYag5,Yb_Yag5_2026-09-28_14-57-53,Yb_Yag5_2026-09-28_13-03-16,20.4,15.7,0.000485482,0.0985,0.00492875126904,0.00149275,0.0982,0.0152011201629,0.324236057358,1.03764549456
YbYag5,Yb_Yag5_2026-09-28_14-57-53,Yb_Yag5_2026-09-28_13-03-16,20.5,15.7,0.000483753,0.09855,0.00490870624049,0.00149132,0.09825,0.0151788295165,0.323391618251,1.03494305473
YbYag5,Yb_Yag5_2026-09-28_14-57-53,Yb_Yag5_2026-09-28_13-03-16,20.6,15.7,0.000479581,0.0987,0.00485897669706,0.00148905,0.0983,0.0151480162767,0.320766535255,1.02654205958
YbYag5,Yb_Yag5_2026-09-28_14-57-53,Yb_Yag5_2026-09-28_13-03-16,20.7,15.7,0.000480058,0.09855,0.00487121258245,0.00149215,0.0982,0.0151950101833,0.320579751095,1.02594429836
YbYag5,Yb_Yag5_2026-09-28_14-57-53,Yb_Yag5_2026-09-28_13-03-16,20.8,15.7,0.000474991,0.0985,0.00482224365482,0.00147856,0.09825,0.015048956743,0.320437073292,1.02548768974
YbYag5,Yb_Yag5_2026-09-28_14-57-53,Yb_Yag5_2026-09-28_13-03-16,20.9,15.7,0.000464173,0.0986,0.00470763691684,0.00145448,0.0981,0.0148265035678,0.317514975484,1.01613616465
YbYag5,Yb_Yag5_2026-09-28_14-57-53,Yb_Yag5_2026-09-28_13-03-16,21,15.7,0.0004541,0.09875,0.00459848101266,0.00142325,0.09815,0.0145007641365,0.317119909639,1.01487184415
YbYag5,Yb_Yag5_2026-09-28_14-57-53,Yb_Yag5_2026-09-28_13-03-16,21.1,15.7,0.000419321,0.09855,0.00425490613902,0.00136925,0.0983,0.0139292980671,0.305464504997,0.97757131005
YbYag5,Yb_Yag5_2026-09-28_14-57-53,Yb_Yag5_2026-09-28_13-03-16,21.2,15.7,0.000385555,0.09855,0.00391227803146,0.00126279,0.0982,0.0128593686354,0.304235623255,0.973638546949
YbYag5,Yb_Yag5_2026-09-28_14-57-53,Yb_Yag5_2026-09-28_13-03-16,21.3,15.7,0.000269713,0.09875,0.00273127088608,0.00114561,0.0983,0.0116542217701,0.234358925028,0.750013692635
YbYag5,Yb_Yag5_2026-09-28_14-57-53,Yb_Yag5_2026-09-28_13-03-16,13.3,15.8,0.000427308,0.09815,0.00435362200713,0.00107098,0.09795,0.0109339458908,0.398174826418,1.27427010446
YbYag5,Yb_Yag5_2026-09-28_14-57-53,Yb_Yag5_2026-09-28_13-03-16,13.4,15.8,0.000472995,0.0982,0.0048166496945,0.00137676,0.0978,0.0140773006135,0.342157195242,1.09499811639
YbYag5,Yb_Yag5_2026-09-28_14-57-53,Yb_Yag5_2026-09-28_13-03-16,13.5,15.8,0.000479223,0.0982,0.0048800712831,0.00146354,0.0979,0.0149493360572,0.326440670303,1.04470086868
YbYag5,Yb_Yag5_2026-09-28_14-57-53,Yb_Yag5_2026-09-28_13-03-16,13.6,15.8,0.000476124,0.09825,0.00484604580153,0.00149489,0.098,0.0152539795918,0.31769059165,1.01669818519
YbYag5,Yb_Yag5_2026-09-28_14-57-53,Yb_Yag5_2026-09-28_13-03-16,13.7,15.8,0.000482859,0.09815,0.00491960264901,0.00150348,0.0978,0.015373006135,0.320015656392,1.02413903854
YbYag5,Yb_Yag5_2026-09-28_14-57-53,Yb_Yag5_2026-09-28_13-03-16,13.8,15.8,0.00048423,0.09815,0.0049335710647,0.00150061,0.09775,0.0153515089514,0.321373689083,1.02848512057
YbYag5,Yb_Yag5_2026-09-28_14-57-53,Yb_Yag5_2026-09-28_13-03-16,13.9,15.8,0.000479044,0.09825,0.00487576590331,0.00150562,0.09785,0.0153870209504,0.31687523654,1.01408882224
YbYag5,Yb_Yag5_2026-09-28_14-57-53,Yb_Yag5_2026-09-28_13-03-16,14,15.8,0.000479342,0.0981,0.00488625891947,0.00150789,0.0979,0.0154023493361,0.317241143727,1.01525982693
YbYag5,Yb_Yag5_2026-09-28_14-57-53,Yb_Yag5_2026-09-28_13-03-16,14.1,15.8,0.000478925,0.0983,0.00487207527976,0.00150157,0.0979,0.015337793667,0.317651637878,1.01657352229
YbYag5,Yb_Yag5_2026-09-28_14-57-53,Yb_Yag5_2026-09-28_13-03-16,14.2,15.8,0.000479402,0.09825,0.00487940966921,0.00150443,0.098,0.0153513265306,0.31784938321,1.01720636231
YbYag5,Yb_Yag5_2026-09-28_14-57-53,Yb_Yag5_2026-09-28_13-03-16,14.3,15.8,0.00047976,0.09835,0.00487808845958,0.0015092,0.09805,0.0153921468638,0.316920602613,1.01423400628
YbYag5,Yb_Yag5_2026-09-28_14-57-53,Yb_Yag5_2026-09-28_13-03-16,14.4,15.8,0.000474097,0.0982,0.00482787169043,0.00150479,0.09805,0.0153471698113,0.314577329227,1.0067348802
YbYag5,Yb_Yag5_2026-09-28_14-57-53,Yb_Yag5_2026-09-28_13-03-16,14.5,15.8,0.000475885,0.09845,0.00483377348908,0.00149883,0.0979,0.0153098059244,0.315730552885,1.01042551641
YbYag5,Yb_Yag5_2026-09-28_14-57-53,Yb_Yag5_2026-09-28_13-03-16,14.6,15.8,0.000475826,0.09845,0.0048331742001,0.00149513,0.0979,0.0152720122574,0.316472650666,1.01280043555
YbYag5,Yb_Yag5_2026-09-28_14-57-53,Yb_Yag5_2026-09-28_13-03-16,14.7,15.8,0.000474753,0.0984,0.00482472560976,0.00149334,0.0979,0.0152537282942,0.316298121791,1.01224189465
YbYag5,Yb_Yag5_2026-09-28_14-57-53,Yb_Yag5_2026-09-28_13-03-16,14.8,15.8,0.000475587,0.09845,0.00483074657186,0.00149096,0.09795,0.0152216436958,0.317360376343,1.01564140443
YbYag5,Yb_Yag5_2026-09-28_14-57-53,Yb_Yag5_2026-09-28_13-03-16,14.9,15.8,0.000472428,0.0985,0.00479622335025,0.0014875,0.0981,0.0151630988787,0.316308914729,1.01227643505
YbYag5,Yb_Yag5_2026-09-28_14-57-53,Yb_Yag5_2026-09-28_13-03-16,15,15.8,0.000483336,0.0984,0.00491195121951,0.0014962,0.09805,0.0152595614482,0.32189334118,1.03014815171
YbYag5,Yb_Yag5_2026-09-28_14-57-53,Yb_Yag5_2026-09-28_13-03-16,15.1,15.8,0.000485243,0.09845,0.00492882681564,0.00150872,0.0981,0.0153794087666,0.320482203864,1.02563212011
YbYag5,Yb_Yag5_2026-09-28_14-57-53,Yb_Yag5_2026-09-28_13-03-16,15.2,15.8,0.000475945,0.09855,0.00482947742263,0.00150371,0.0981,0.0153283384302,0.315068553883,1.00830693562
YbYag5,Yb_Yag5_2026-09-28_14-57-53,Yb_Yag5_2026-09-28_13-03-16,15.3,15.8,0.00047964,0.09855,0.00486697108067,0.00149537,0.09805,0.0152510963794,0.319122701712,1.0212813354
YbYag5,Yb_Yag5_2026-09-28_14-57-53,Yb_Yag5_2026-09-28_13-03-16,15.4,15.8,0.000480892,0.0985,0.00488215228426,0.00149656,0.0981,0.0152554536188,0.320026687259,1.02417434038
YbYag5,Yb_Yag5_2026-09-28_14-57-53,Yb_Yag5_2026-09-28_13-03-16,15.5,15.8,0.000484588,0.0986,0.00491468559838,0.00150562,0.09815,0.0153399898115,0.320383889349,1.02531748634
YbYag5,Yb_Yag5_2026-09-28_14-57-53,Yb_Yag5_2026-09-28_13-03-16,15.6,15.8,0.000479164,0.09855,0.00486214104515,0.00150657,0.09815,0.0153496688742,0.316758692647,1.01371584939
YbYag5,Yb_Yag5_2026-09-28_14-57-53,Yb_Yag5_2026-09-28_13-03-16,15.7,15.8,0.00048429,0.0985,0.00491664974619,0.00150204,0.0982,0.0152957230143,0.321439512313,1.0286957732
YbYag5,Yb_Yag5_2026-09-28_14-57-53,Yb_Yag5_2026-09-28_13-03-16,15.8,15.8,0.000488404,0.0986,0.00495338742394,0.00150419,0.09815,0.0153254202751,0.32321380654,1.03437400784
YbYag5,Yb_Yag5_2026-09-28_14-57-53,Yb_Yag5_2026-09-28_13-03-16,15.9,15.8,0.0004797,0.0986,0.00486511156187,0.00150324,0.09815,0.0153157412124,0.317654333173,1.01658214798
YbYag5,Yb_Yag5_2026-09-28_14-57-53,Yb_Yag5_2026-09-28_13-03-16,16,15.8,0.000484349,0.09865,0.00490977192093,0.0015086,0.0982,0.0153625254582,0.319594062466,1.02278982081
YbYag5,Yb_Yag5_2026-09-28_14-57-53,Yb_Yag5_2026-09-28_13-03-16,16.1,15.8,0.000485005,0.09865,0.00491642169285,0.0015111,0.0983,0.0153723296033,0.319822812789,1.02352188542
YbYag5,Yb_Yag5_2026-09-28_14-57-53,Yb_Yag5_2026-09-28_13-03-16,16.2,15.8,0.000484588,0.09875,0.00490722025316,0.00151683,0.0984,0.0154149390244,0.318341853016,1.01878240256
YbYag5,Yb_Yag5_2026-09-28_14-57-53,Yb_Yag5_2026-09-28_13-03-16,16.3,15.8,0.000488164,0.0987,0.00494593718338,0.00152326,0.0983,0.0154960325534,0.319174418764,1.02144684434
YbYag5,Yb_Yag5_2026-09-28_14-57-53,Yb_Yag5_2026-09-28_13-03-16,16.4,15.8,0.000481369,0.0986,0.00488203853955,0.00151003,0.09825,0.0153692620865,0.317649507964,1.01656670598
YbYag5,Yb_Yag5_2026-09-28_14-57-53,Yb_Yag5_2026-09-28_13-03-16,16.5,15.8,0.000485005,0.0987,0.00491393110436,0.00151635,0.09825,0.0154335877863,0.318392014378,1.01894293286
YbYag5,Yb_Yag5_2026-09-28_14-57-53,Yb_Yag5_2026-09-28_13-03-16,16.6,15.8,0.000488583,0.09865,0.004952691333,0.00151218,0.09825,0.0153911450382,0.321788360821,1.02981218538
YbYag5,Yb_Yag5_2026-09-28_14-57-53,Yb_Yag5_2026-09-28_13-03-16,16.7,15.8,0.0004797,0.09875,0.00485772151899,0.00150908,0.09825,0.0153595928753,0.316266294193,1.01214003749
YbYag5,Yb_Yag5_2026-09-28_14-57-53,Yb_Yag5_2026-09-28_13-03-16,16.8,15.8,0.000485124,0.0988,0.00491016194332,0.00151647,0.0982,0.0154426680244,0.317960726447,1.01756269162
YbYag5,Yb_Yag5_2026-09-28_14-57-53,Yb_Yag5_2026-09-28_13-03-16,16.9,15.8,0.000488104,0.0988,0.00494032388664,0.00150669,0.09815,0.0153508914926,0.3218265134,1.02993428423
YbYag5,Yb_Yag5_2026-09-28_14-57-53,Yb_Yag5_2026-09-28_13-03-16,17,15.8,0.000485482,0.09875,0.00491627341772,0.00150538,0.0984,0.0152985772358,0.321354943139,1.02842512834
YbYag5,Yb_Yag5_2026-09-28_14-57-53,Yb_Yag5_2026-09-28_13-03-16,17.1,15.8,0.000492338,0.0987,0.00498822695035,0.00151122,0.0984,0.0153579268293,0.324798197426,1.039444499
YbYag5,Yb_Yag5_2026-09-28_14-57-53,Yb_Yag5_2026-09-28_13-03-16,17.2,15.8,0.000484051,0.0987,0.00490426545086,0.00150741,0.0983,0.0153347914547,0.319812986394,1.02349043822
YbYag5,Yb_Yag5_2026-09-28_14-57-53,Yb_Yag5_2026-09-28_13-03-16,17.3,15.8,0.000485124,0.0988,0.00491016194332,0.00149799,0.09825,0.0152467175573,0.322047150468,1.03064038417
YbYag5,Yb_Yag5_2026-09-28_14-57-53,Yb_Yag5_2026-09-28_13-03-16,17.4,15.8,0.00048125,0.09875,0.00487341772152,0.00148845,0.09825,0.0151496183206,0.321685841741,1.02948409583
YbYag5,Yb_Yag5_2026-09-28_14-57-53,Yb_Yag5_2026-09-28_13-03-16,17.5,15.8,0.000480952,0.0988,0.00486793522267,0.00149477,0.0982,0.0152216904277,0.319802537425,1.02345699862
YbYag5,Yb_Yag5_2026-09-28_14-57-53,Yb_Yag5_2026-09-28_13-03-16,17.6,15.8,0.000474932,0.09865,0.00481431322859,0.00149263,0.09835,0.0151767158109,0.317217063861,1.01518276466
YbYag5,Yb_Yag5_2026-09-28_14-57-53,Yb_Yag5_2026-09-28_13-03-16,17.7,15.8,0.000481429,0.09875,0.00487523037975,0.00149453,0.09835,0.0151960345704,0.320822538088,1.02672128421
YbYag5,Yb_Yag5_2026-09-28_14-57-53,Yb_Yag5_2026-09-28_13-03-16,17.8,15.8,0.00047523,0.0988,0.00481002024291,0.00148404,0.09825,0.0151047328244,0.318444576202,1.0191111453
YbYag5,Yb_Yag5_2026-09-28_14-57-53,Yb_Yag5_2026-09-28_13-03-16,17.9,15.8,0.0004797,0.0987,0.00486018237082,0.00148035,0.0983,0.0150595116989,0.322731737124,1.03283125173
YbYag5,Yb_Yag5_2026-09-28_14-57-53,Yb_Yag5_2026-09-28_13-03-16,18,15.8,0.000485422,0.09875,0.00491566582278,0.00148679,0.0984,0.0151096544715,0.325332775283,1.04115529671
YbYag5,Yb_Yag5_2026-09-28_14-57-53,Yb_Yag5_2026-09-28_13-03-16,18.1,15.8,0.000479462,0.0988,0.00485285425101,0.00148464,0.0983,0.0151031536114,0.321313970305,1.02829400389
YbYag5,Yb_Yag5_2026-09-28_14-57-53,Yb_Yag5_2026-09-28_13-03-16,18.2,15.8,0.000483515,0.09885,0.0048914011128,0.00149549,0.0984,0.0151980691057,0.321843589392,1.02998893215
YbYag5,Yb_Yag5_2026-09-28_14-57-53,Yb_Yag5_2026-09-28_13-03-16,18.3,15.8,0.0004797,0.0988,0.00485526315789,0.00149298,0.0983,0.0151879959308,0.319677670445,1.02305738958
YbYag5,Yb_Yag5_2026-09-28_14-57-53,Yb_Yag5_2026-09-28_13-03-16,18.4,15.8,0.000484886,0.09885,0.00490527061204,0.00149608,0.09835,0.0152117946111,0.322464951536,1.0319774637
YbYag5,Yb_Yag5_2026-09-28_14-57-53,Yb_Yag5_2026-09-28_13-03-16,18.5,15.8,0.000483396,0.0988,0.00489267206478,0.00150121,0.09835,0.0152639552618,0.320537631359,1.0258095035
YbYag5,Yb_Yag5_2026-09-28_14-57-53,Yb_Yag5_2026-09-28_13-03-16,18.6,15.8,0.000484349,0.0987,0.00490728470111,0.00150383,0.0984,0.0152828252033,0.321098006149,1.02760285857
YbYag5,Yb_Yag5_2026-09-28_14-57-53,Yb_Yag5_2026-09-28_13-03-16,18.7,15.8,0.000480415,0.09875,0.00486496202532,0.00150622,0.0984,0.0153071138211,0.317823600332,1.01712384994
YbYag5,Yb_Yag5_2026-09-28_14-57-53,Yb_Yag5_2026-09-28_13-03-16,18.8,15.8,0.000483217,0.0987,0.00489581560284,0.00150944,0.0985,0.0153242639594,0.319481289007,1.0224289144
YbYag5,Yb_Yag5_2026-09-28_14-57-53,Yb_Yag5_2026-09-28_13-03-16,18.9,15.8,0.0004797,0.0988,0.00485526315789,0.00150514,0.09835,0.0153039145907,0.317256289501,1.01530829761
YbYag5,Yb_Yag5_2026-09-28_14-57-53,Yb_Yag5_2026-09-28_13-03-16,19,15.8,0.000483396,0.0988,0.00489267206478,0.00150884,0.0984,0.0153337398374,0.31907884943,1.02114099591
YbYag5,Yb_Yag5_2026-09-28_14-57-53,Yb_Yag5_2026-09-28_13-03-16,19.1,15.8,0.000482263,0.0987,0.00488614994934,0.00150717,0.0983,0.0153323499491,0.318682391516,1.0198722204
YbYag5,Yb_Yag5_2026-09-28_14-57-53,Yb_Yag5_2026-09-28_13-03-16,19.2,15.8,0.000478448,0.0986,0.0048524137931,0.00149477,0.09825,0.0152139440204,0.318945158901,1.02071314906
YbYag5,Yb_Yag5_2026-09-28_14-57-53,Yb_Yag5_2026-09-28_13-03-16,19.3,15.8,0.000479521,0.09875,0.00485590886076,0.00149012,0.09835,0.0151511947128,0.320496762982,1.02567871334
YbYag5,Yb_Yag5_2026-09-28_14-57-53,Yb_Yag5_2026-09-28_13-03-16,19.4,15.8,0.000478866,0.09885,0.00484437025797,0.0014881,0.0983,0.0151383519837,0.320006448733,1.02410957147
YbYag5,Yb_Yag5_2026-09-28_14-57-53,Yb_Yag5_2026-09-28_13-03-16,19.5,15.8,0.000463666,0.0987,0.00469773049645,0.00144375,0.09825,0.0146946564885,0.319689711708,1.02309592496
YbYag5,Yb_Yag5_2026-09-28_14-57-53,Yb_Yag5_2026-09-28_13-03-16,19.6,15.8,0.000461997,0.0986,0.00468556795132,0.00144101,0.09845,0.0146369730828,0.320118642346,1.02446862221
YbYag5,Yb_Yag5_2026-09-28_14-57-53,Yb_Yag5_2026-09-28_13-03-16,19.7,15.8,0.00048268,0.0986,0.0048953346856,0.00145067,0.0982,0.0147726069246,0.331379201422,1.06050554077
YbYag5,Yb_Yag5_2026-09-28_14-57-53,Yb_Yag5_2026-09-28_13-03-16,19.8,15.8,0.000485959,0.0987,0.00492359675785,0.00149096,0.09815,0.015190626592,0.324120715366,1.03727636813
YbYag5,Yb_Yag5_2026-09-28_14-57-53,Yb_Yag5_2026-09-28_13-03-16,19.9,15.8,0.000479581,0.09865,0.00486143943234,0.0015055,0.0983,0.0153153611394,0.317422448488,1.01584005255
YbYag5,Yb_Yag5_2026-09-28_14-57-53,Yb_Yag5_2026-09-28_13-03-16,20,15.8,0.00048423,0.09865,0.00490856563609,0.00151754,0.09825,0.0154456997455,0.317794966688,1.01703221432
YbYag5,Yb_Yag5_2026-09-28_14-57-53,Yb_Yag5_2026-09-28_13-03-16,20.1,15.8,0.000485541,0.0987,0.00491936170213,0.00150276,0.09825,0.0152952671756,0.321626398915,1.02929386227
YbYag5,Yb_Yag5_2026-09-28_14-57-53,Yb_Yag5_2026-09-28_13-03-16,20.2,15.8,0.000483634,0.0987,0.00490004052685,0.00150932,0.0982,0.0153698574338,0.318808456614,1.02027566375
YbYag5,Yb_Yag5_2026-09-28_14-57-53,Yb_Yag5_2026-09-28_13-03-16,20.3,15.8,0.000484349,0.09875,0.0049048,0.00149895,0.09815,0.0152720326032,0.321162226891,1.02780838279
YbYag5,Yb_Yag5_2026-09-28_14-57-53,Yb_Yag5_2026-09-28_13-03-16,20.4,15.8,0.000483157,0.0986,0.00490017241379,0.001503,0.0983,0.0152899287894,0.320483664854,1.02563679569
YbYag5,Yb_Yag5_2026-09-28_14-57-53,Yb_Yag5_2026-09-28_13-03-16,20.5,15.8,0.000483515,0.0987,0.00489883485309,0.00150336,0.09825,0.0153013740458,0.320156532245,1.02458988042
YbYag5,Yb_Yag5_2026-09-28_14-57-53,Yb_Yag5_2026-09-28_13-03-16,20.6,15.8,0.000480415,0.09865,0.0048698935631,0.00149871,0.0982,0.0152618126273,0.319090116097,1.02117705237
YbYag5,Yb_Yag5_2026-09-28_14-57-53,Yb_Yag5_2026-09-28_13-03-16,20.7,15.8,0.000483992,0.0986,0.00490864097363,0.00149406,0.09825,0.0152067175573,0.322794248998,1.0330313071
YbYag5,Yb_Yag5_2026-09-28_14-57-53,Yb_Yag5_2026-09-28_13-03-16,20.8,15.8,0.000465693,0.0986,0.00472305273834,0.00147737,0.0982,0.0150445010183,0.313938809442,1.00469143944
YbYag5,Yb_Yag5_2026-09-28_14-57-53,Yb_Yag5_2026-09-28_13-03-16,20.9,15.8,0.000470998,0.09865,0.00477443487076,0.00146247,0.09835,0.0148700559227,0.321077129473,1.0275360474
YbYag5,Yb_Yag5_2026-09-28_14-57-53,Yb_Yag5_2026-09-28_13-03-16,21,15.8,0.000462355,0.09875,0.00468207594937,0.0014391,0.09825,0.0146473282443,0.319653923998,1.02298139435
YbYag5,Yb_Yag5_2026-09-28_14-57-53,Yb_Yag5_2026-09-28_13-03-16,21.1,15.8,0.000433745,0.09865,0.00439680689306,0.00138045,0.0983,0.0140432349949,0.313090744024,1.00197739441
YbYag5,Yb_Yag5_2026-09-28_14-57-53,Yb_Yag5_2026-09-28_13-03-16,21.2,15.8,0.000396015,0.09875,0.00401027848101,0.00129951,0.09825,0.0132265648855,0.303198790897,0.97032039525
YbYag5,Yb_Yag5_2026-09-28_14-57-53,Yb_Yag5_2026-09-28_13-03-16,21.3,15.8,0.000321927,0.0987,0.00326167173252,0.00119103,0.0982,0.0121286150713,0.268923674578,0.860630497359
YbYag5,Yb_Yag5_2026-09-28_14-57-53,Yb_Yag5_2026-09-28_13-03-16,13.3,15.9,0.000440659,0.0982,0.00448736252546,0.0011592,0.09795,0.0118346094946,0.379172842797,1.21345847588
YbYag5,Yb_Yag5_2026-09-28_14-57-53,Yb_Yag5_2026-09-28_13-03-16,13.4,15.9,0.000466587,0.09845,0.00473932960894,0.00140274,0.0979,0.0143282941777,0.330767190439,1.05854693553
YbYag5,Yb_Yag5_2026-09-28_14-57-53,Yb_Yag5_2026-09-28_13-03-16,13.5,15.9,0.00047976,0.09835,0.00487808845958,0.00148381,0.098,0.0151409183673,0.322179166497,1.03106287216
YbYag5,Yb_Yag5_2026-09-28_14-57-53,Yb_Yag5_2026-09-28_13-03-16,13.6,15.9,0.000483455,0.09825,0.00492066157761,0.00149275,0.0979,0.0152477017365,0.322714967977,1.0327775858
YbYag5,Yb_Yag5_2026-09-28_14-57-53,Yb_Yag5_2026-09-28_13-03-16,13.7,15.9,0.000480713,0.09845,0.00488281361097,0.00150789,0.09785,0.0154102197241,0.316855547707,1.0140258125
YbYag5,Yb_Yag5_2026-09-28_14-57-53,Yb_Yag5_2026-09-28_13-03-16,13.8,15.9,0.00048119,0.09835,0.00489262836807,0.0015092,0.09785,0.0154236075626,0.317216860466,1.01518211374
YbYag5,Yb_Yag5_2026-09-28_14-57-53,Yb_Yag5_2026-09-28_13-03-16,13.9,15.9,0.000484766,0.09835,0.00492898830707,0.0015111,0.0979,0.0154351378958,0.319335553744,1.02196252105
YbYag5,Yb_Yag5_2026-09-28_14-57-53,Yb_Yag5_2026-09-28_13-03-16,14,15.9,0.000479402,0.0982,0.00488189409369,0.00150455,0.0979,0.0153682328907,0.317661381657,1.01660470509
YbYag5,Yb_Yag5_2026-09-28_14-57-53,Yb_Yag5_2026-09-28_13-03-16,14.1,15.9,0.000482382,0.09845,0.00489976637887,0.001503,0.09795,0.0153445635528,0.319316112316,1.02190030308
YbYag5,Yb_Yag5_2026-09-28_14-57-53,Yb_Yag5_2026-09-28_13-03-16,14.2,15.9,0.00048423,0.0983,0.00492604272635,0.00150479,0.098,0.015355,0.320810337112,1.0266822377
YbYag5,Yb_Yag5_2026-09-28_14-57-53,Yb_Yag5_2026-09-28_13-03-16,14.3,15.9,0.000479819,0.0984,0.00487620934959,0.0015055,0.098,0.015362244898,0.31741515527,1.01581671222
YbYag5,Yb_Yag5_2026-09-28_14-57-53,Yb_Yag5_2026-09-28_13-03-16,14.4,15.9,0.000481011,0.09845,0.00488584052819,0.00150681,0.098,0.0153756122449,0.317765592054,1.01693820733
YbYag5,Yb_Yag5_2026-09-28_14-57-53,Yb_Yag5_2026-09-28_13-03-16,14.5,15.9,0.000479402,0.0983,0.00487692777213,0.00150407,0.098,0.0153476530612,0.317763748808,1.01693230843
YbYag5,Yb_Yag5_2026-09-28_14-57-53,Yb_Yag5_2026-09-28_13-03-16,14.6,15.9,0.00048727,0.0985,0.0049469035533,0.00150979,0.098,0.0154060204082,0.321101973269,1.02761555445
YbYag5,Yb_Yag5_2026-09-28_14-57-53,Yb_Yag5_2026-09-28_13-03-16,14.7,15.9,0.000479879,0.09845,0.00487434230574,0.00149918,0.09805,0.015289954105,0.318793782654,1.020228703
YbYag5,Yb_Yag5_2026-09-28_14-57-53,Yb_Yag5_2026-09-28_13-03-16,14.8,15.9,0.00047976,0.09845,0.00487313357034,0.00149573,0.09815,0.015239225675,0.319775668021,1.02337100906
YbYag5,Yb_Yag5_2026-09-28_14-57-53,Yb_Yag5_2026-09-28_13-03-16,14.9,15.9,0.000478746,0.09865,0.00485297516472,0.00149036,0.098,0.015207755102,0.319111869712,1.02124666999
YbYag5,Yb_Yag5_2026-09-28_14-57-53,Yb_Yag5_2026-09-28_13-03-16,15,15.9,0.000482978,0.0986,0.00489835699797,0.00148905,0.0981,0.0151788990826,0.322708318391,1.03275630528
YbYag5,Yb_Yag5_2026-09-28_14-57-53,Yb_Yag5_2026-09-28_13-03-16,15.1,15.9,0.000476124,0.0985,0.00483374619289,0.00149108,0.09805,0.0152073431922,0.317856060181,1.01722773047
YbYag5,Yb_Yag5_2026-09-28_14-57-53,Yb_Yag5_2026-09-28_13-03-16,15.2,15.9,0.000469686,0.09865,0.00476113532691,0.00147486,0.09825,0.0150112977099,0.317170135382,1.01503258049
YbYag5,Yb_Yag5_2026-09-28_14-57-53,Yb_Yag5_2026-09-28_13-03-16,15.3,15.9,0.000470461,0.09845,0.00477867953276,0.0014763,0.0982,0.015033604888,0.317866510951,1.01726117584
YbYag5,Yb_Yag5_2026-09-28_14-57-53,Yb_Yag5_2026-09-28_13-03-16,15.4,15.9,0.000479283,0.0985,0.00486581725888,0.00149,0.09815,0.0151808456444,0.320523465745,1.0257641696
YbYag5,Yb_Yag5_2026-09-28_14-57-53,Yb_Yag5_2026-09-28_13-03-16,15.5,15.9,0.000482621,0.09875,0.00488730126582,0.00150312,0.0983,0.0152911495422,0.319616340965,1.0228611182
YbYag5,Yb_Yag5_2026-09-28_14-57-53,Yb_Yag5_2026-09-28_13-03-16,15.6,15.9,0.000483336,0.0987,0.0048970212766,0.0015055,0.09815,0.0153387671931,0.319257813549,1.02171373082
YbYag5,Yb_Yag5_2026-09-28_14-57-53,Yb_Yag5_2026-09-28_13-03-16,15.7,15.9,0.000480535,0.09875,0.00486617721519,0.00151599,0.0984,0.015406402439,0.315854219339,1.01082128343
YbYag5,Yb_Yag5_2026-09-28_14-57-53,Yb_Yag5_2026-09-28_13-03-16,15.8,15.9,0.000482621,0.09855,0.00489721968544,0.00151301,0.0984,0.0153761178862,0.318495196361,1.01927314388
YbYag5,Yb_Yag5_2026-09-28_14-57-53,Yb_Yag5_2026-09-28_13-03-16,15.9,15.9,0.000483932,0.09865,0.00490554485555,0.0015086,0.0983,0.0153468972533,0.319644080141,1.02294989127
YbYag5,Yb_Yag5_2026-09-28_14-57-53,Yb_Yag5_2026-09-28_13-03-16,16,15.9,0.000480892,0.09885,0.00486486595852,0.00151611,0.0983,0.0154232960326,0.315423236916,1.0094420199
YbYag5,Yb_Yag5_2026-09-28_14-57-53,Yb_Yag5_2026-09-28_13-03-16,16.1,15.9,0.000488045,0.09875,0.0049422278481,0.00151122,0.09835,0.0153657346213,0.321639542131,1.02933592421
YbYag5,Yb_Yag5_2026-09-28_14-57-53,Yb_Yag5_2026-09-28_13-03-16,16.2,15.9,0.00048423,0.0988,0.00490111336032,0.00151921,0.0983,0.0154548321465,0.317124981615,1.01488807588
YbYag5,Yb_Yag5_2026-09-28_14-57-53,Yb_Yag5_2026-09-28_13-03-16,16.3,15.9,0.000487687,0.0988,0.00493610323887,0.00152159,0.0983,0.0154790437436,0.318889417243,1.02053476026
YbYag5,Yb_Yag5_2026-09-28_14-57-53,Yb_Yag5_2026-09-28_13-03-16,16.4,15.9,0.000484468,0.0988,0.00490352226721,0.00151814,0.0984,0.0154282520325,0.317827467226,1.01713622507
YbYag5,Yb_Yag5_2026-09-28_14-57-53,Yb_Yag5_2026-09-28_13-03-16,16.5,15.9,0.000483336,0.09865,0.00489950329448,0.00152064,0.09825,0.0154772519084,0.316561578469,1.01308502924
YbYag5,Yb_Yag5_2026-09-28_14-57-53,Yb_Yag5_2026-09-28_13-03-16,16.6,15.9,0.00048572,0.0988,0.00491619433198,0.00151993,0.0983,0.0154621566633,0.317950104829,1.01752869949
YbYag5,Yb_Yag5_2026-09-28_14-57-53,Yb_Yag5_2026-09-28_13-03-16,16.7,15.9,0.000484766,0.09875,0.00490902278481,0.00152195,0.09835,0.0154748347738,0.317226184096,1.01521195195
YbYag5,Yb_Yag5_2026-09-28_14-57-53,Yb_Yag5_2026-09-28_13-03-16,16.8,15.9,0.000488762,0.0988,0.00494698380567,0.00151182,0.0983,0.01537965412,0.321657676244,1.02939395841
YbYag5,Yb_Yag5_2026-09-28_14-57-53,Yb_Yag5_2026-09-28_13-03-16,16.9,15.9,0.000484945,0.09875,0.00491083544304,0.00151313,0.0983,0.0153929806714,0.319030832811,1.02098732938
YbYag5,Yb_Yag5_2026-09-28_14-57-53,Yb_Yag5_2026-09-28_13-03-16,17,15.9,0.000488104,0.09875,0.00494282531646,0.0015154,0.09835,0.0154082358922,0.320791124373,1.0266207516
YbYag5,Yb_Yag5_2026-09-28_14-57-53,Yb_Yag5_2026-09-28_13-03-16,17.1,15.9,0.00047976,0.09885,0.00485341426404,0.00150622,0.09825,0.0153304834606,0.316585858268,1.01316273134
YbYag5,Yb_Yag5_2026-09-28_14-57-53,Yb_Yag5_2026-09-28_13-03-16,17.2,15.9,0.000488762,0.09875,0.00494948860759,0.00151349,0.09835,0.015388815455,0.321628953318,1.02930203707
YbYag5,Yb_Yag5_2026-09-28_14-57-53,Yb_Yag5_2026-09-28_13-03-16,17.3,15.9,0.000476362,0.0988,0.00482147773279,0.00150026,0.0983,0.0152620549339,0.315912749212,1.01100859529
YbYag5,Yb_Yag5_2026-09-28_14-57-53,Yb_Yag5_2026-09-28_13-03-16,17.4,15.9,0.000478389,0.099,0.00483221212121,0.00150038,0.0982,0.0152788187373,0.316268698798,1.01214773289
YbYag5,Yb_Yag5_2026-09-28_14-57-53,Yb_Yag5_2026-09-28_13-03-16,17.5,15.9,0.000479998,0.09895,0.00485091460334,0.00149287,0.09835,0.0151791560752,0.319577358537,1.0227363636
YbYag5,Yb_Yag5_2026-09-28_14-57-53,Yb_Yag5_2026-09-28_13-03-16,17.6,15.9,0.000480952,0.09885,0.0048654729388,0.0014931,0.09835,0.0151814946619,0.320487082936,1.0256477345
YbYag5,Yb_Yag5_2026-09-28_14-57-53,Yb_Yag5_2026-09-28_13-03-16,17.7,15.9,0.000479044,0.0989,0.00484372093023,0.00149954,0.0985,0.0152237563452,0.318168579449,1.01822787899
YbYag5,Yb_Yag5_2026-09-28_14-57-53,Yb_Yag5_2026-09-28_13-03-16,17.8,15.9,0.000480236,0.09885,0.00485822964087,0.00148905,0.0984,0.0151326219512,0.321043481859,1.02742836569
YbYag5,Yb_Yag5_2026-09-28_14-57-53,Yb_Yag5_2026-09-28_13-03-16,17.9,15.9,0.000479462,0.09885,0.00485039959535,0.00148571,0.0983,0.0151140386572,0.320920152804,1.02703367843
YbYag5,Yb_Yag5_2026-09-28_14-57-53,Yb_Yag5_2026-09-28_13-03-16,18,15.9,0.000474753,0.09875,0.00480762531646,0.00149167,0.0984,0.0151592479675,0.317141412738,1.01494066004
YbYag5,Yb_Yag5_2026-09-28_14-57-53,Yb_Yag5_2026-09-28_13-03-16,18.1,15.9,0.00047964,0.0989,0.00484974721941,0.00148953,0.09835,0.0151451957295,0.320216873128,1.02478298802
YbYag5,Yb_Yag5_2026-09-28_14-57-53,Yb_Yag5_2026-09-28_13-03-16,18.2,15.9,0.000479879,0.09885,0.00485461810824,0.00149537,0.0984,0.0151968495935,0.31944898042,1.02232551794
YbYag5,Yb_Yag5_2026-09-28_14-57-53,Yb_Yag5_2026-09-28_13-03-16,18.3,15.9,0.000478866,0.09875,0.00484927594937,0.00148786,0.09835,0.0151282155567,0.3205451384,1.02583352812
YbYag5,Yb_Yag5_2026-09-28_14-57-53,Yb_Yag5_2026-09-28_13-03-16,18.4,15.9,0.000483694,0.0989,0.00489073811931,0.00149906,0.09835,0.0152420945602,0.320870474855,1.02687469519
YbYag5,Yb_Yag5_2026-09-28_14-57-53,Yb_Yag5_2026-09-28_13-03-16,18.5,15.9,0.000480356,0.0989,0.00485698685541,0.00150038,0.0984,0.0152477642276,0.318537641513,1.01940898016
YbYag5,Yb_Yag5_2026-09-28_14-57-53,Yb_Yag5_2026-09-28_13-03-16,18.6,15.9,0.000483992,0.0989,0.0048937512639,0.00150383,0.09835,0.0152905948144,0.320049764139,1.02424819281
YbYag5,Yb_Yag5_2026-09-28_14-57-53,Yb_Yag5_2026-09-28_13-03-16,18.7,15.9,0.000475409,0.09885,0.0048093980779,0.00150812,0.09845,0.015318638903,0.313957271815,1.00475052416
YbYag5,Yb_Yag5_2026-09-28_14-57-53,Yb_Yag5_2026-09-28_13-03-16,18.8,15.9,0.000480058,0.09885,0.00485642893273,0.00151301,0.09835,0.0153839349263,0.315681843169,1.01026963178
YbYag5,Yb_Yag5_2026-09-28_14-57-53,Yb_Yag5_2026-09-28_13-03-16,18.9,15.9,0.000483753,0.0987,0.00490124620061,0.00150562,0.09835,0.0153087951195,0.320158847404,1.02459728958
YbYag5,Yb_Yag5_2026-09-28_14-57-53,Yb_Yag5_2026-09-28_13-03-16,19,15.9,0.000479044,0.09875,0.00485107848101,0.00150419,0.09835,0.015294255211,0.317183047758,1.01507390368
YbYag5,Yb_Yag5_2026-09-28_14-57-53,Yb_Yag5_2026-09-28_13-03-16,19.1,15.9,0.000483872,0.09875,0.00489996962025,0.00151182,0.09835,0.0153718352822,0.318762823716,1.02012962579
YbYag5,Yb_Yag5_2026-09-28_14-57-53,Yb_Yag5_2026-09-28_13-03-16,19.2,15.9,0.00048727,0.0987,0.00493687943262,0.00149954,0.09835,0.015246975089,0.323794024966,1.03623086805
YbYag5,Yb_Yag5_2026-09-28_14-57-53,Yb_Yag5_2026-09-28_13-03-16,19.3,15.9,0.000484647,0.0987,0.00491030395137,0.00151039,0.0983,0.0153651068159,0.319574996139,1.02272880326
YbYag5,Yb_Yag5_2026-09-28_14-57-53,Yb_Yag5_2026-09-28_13-03-16,19.4,15.9,0.000471415,0.09875,0.00477382278481,0.00149024,0.0984,0.0151447154472,0.315213765584,1.00877165342
YbYag5,Yb_Yag5_2026-09-28_14-57-53,Yb_Yag5_2026-09-28_13-03-16,19.5,15.9,0.000465514,0.09885,0.00470929691452,0.00146819,0.0984,0.0149206300813,0.315623193448,1.01008193638
YbYag5,Yb_Yag5_2026-09-28_14-57-53,Yb_Yag5_2026-09-28_13-03-16,19.6,15.9,0.000480475,0.09865,0.00487050177395,0.00148655,0.0983,0.0151225839268,0.32206809349,1.03070740766
YbYag5,Yb_Yag5_2026-09-28_14-57-53,Yb_Yag5_2026-09-28_13-03-16,19.7,15.9,0.000484647,0.0988,0.0049053340081,0.00151325,0.0983,0.0153942014242,0.318648163223,1.01976268035
YbYag5,Yb_Yag5_2026-09-28_14-57-53,Yb_Yag5_2026-09-28_13-03-16,19.8,15.9,0.000487687,0.0987,0.00494110435664,0.00151635,0.0983,0.0154257375381,0.320315598812,1.02509893765
YbYag5,Yb_Yag5_2026-09-28_14-57-53,Yb_Yag5_2026-09-28_13-03-16,19.9,15.9,0.000484588,0.09865,0.00491219462747,0.00151969,0.0984,0.015444004065,0.318064836476,1.01789587264
YbYag5,Yb_Yag5_2026-09-28_14-57-53,Yb_Yag5_2026-09-28_13-03-16,20,15.9,0.000484111,0.09875,0.00490238987342,0.00151253,0.09825,0.0153947073791,0.318446447386,1.01911713361
YbYag5,Yb_Yag5_2026-09-28_14-57-53,Yb_Yag5_2026-09-28_13-03-16,20.1,15.9,0.000487747,0.0987,0.00494171225937,0.0015142,0.0983,0.0154038657172,0.320809876566,1.02668076382
YbYag5,Yb_Yag5_2026-09-28_14-57-53,Yb_Yag5_2026-09-28_13-03-16,20.2,15.9,0.000483932,0.09865,0.00490554485555,0.00151194,0.09835,0.0153730554143,0.319100186875,1.02120928166
YbYag5,Yb_Yag5_2026-09-28_14-57-53,Yb_Yag5_2026-09-28_13-03-16,20.3,15.9,0.000480713,0.0988,0.00486551619433,0.00151134,0.0983,0.0153747711089,0.31646104907,1.01276330722
YbYag5,Yb_Yag5_2026-09-28_14-57-53,Yb_Yag5_2026-09-28_13-03-16,20.4,15.9,0.000486853,0.09855,0.00494016235413,0.00150657,0.09825,0.0153340458015,0.322169531647,1.03103203796
YbYag5,Yb_Yag5_2026-09-28_14-57-53,Yb_Yag5_2026-09-28_13-03-16,20.5,15.9,0.000483753,0.09885,0.00489380880121,0.00150908,0.09835,0.0153439755974,0.318940079782,1.02069689447
YbYag5,Yb_Yag5_2026-09-28_14-57-53,Yb_Yag5_2026-09-28_13-03-16,20.6,15.9,0.000485303,0.09865,0.00491944247339,0.00150967,0.09825,0.0153655979644,0.320159520299,1.02459944303
YbYag5,Yb_Yag5_2026-09-28_14-57-53,Yb_Yag5_2026-09-28_13-03-16,20.7,15.9,0.00047976,0.09875,0.00485832911392,0.00150097,0.09835,0.0152615149975,0.318338586616,1.01877194917
YbYag5,Yb_Yag5_2026-09-28_14-57-53,Yb_Yag5_2026-09-28_13-03-16,20.8,15.9,0.000475647,0.09865,0.00482156107451,0.00149155,0.0983,0.0151734486267,0.317763034174,1.0169300214
YbYag5,Yb_Yag5_2026-09-28_14-57-53,Yb_Yag5_2026-09-28_13-03-16,20.9,15.9,0.00047517,0.09875,0.00481184810127,0.00147641,0.09825,0.0150270737913,0.320211916711,1.02476712611
YbYag5,Yb_Yag5_2026-09-28_14-57-53,Yb_Yag5_2026-09-28_13-03-16,21,15.9,0.000461074,0.0987,0.00467146909828,0.00144661,0.09825,0.0147237659033,0.317274067583,1.01536519242
YbYag5,Yb_Yag5_2026-09-28_14-57-53,Yb_Yag5_2026-09-28_13-03-16,21.1,15.9,0.000436099,0.09855,0.00442515474378,0.00140692,0.09825,0.0143197964377,0.309023578864,0.988961335555
YbYag5,Yb_Yag5_2026-09-28_14-57-53,Yb_Yag5_2026-09-28_13-03-16,21.2,15.9,0.000403436,0.09865,0.00408956918398,0.00132705,0.0982,0.0135137474542,0.302622880725,0.968477322642
YbYag5,Yb_Yag5_2026-09-28_14-57-53,Yb_Yag5_2026-09-28_13-03-16,21.3,15.9,0.000349643,0.09865,0.00354427774962,0.00123513,0.0983,0.0125649033571,0.282077597327,0.902726705867
YbYag5,Yb_Yag5_2026-09-28_14-57-53,Yb_Yag5_2026-09-28_13-03-16,13.3,16,0.000450077,0.0983,0.00457860630722,0.00122882,0.098,0.0125389795918,0.365149833262,1.16858094812
YbYag5,Yb_Yag5_2026-09-28_14-57-53,Yb_Yag5_2026-09-28_13-03-16,13.4,16,0.00047222,0.0982,0.00480875763747,0.00142885,0.0979,0.0145949948927,0.329479912314,1.05442728778
YbYag5,Yb_Yag5_2026-09-28_14-57-53,Yb_Yag5_2026-09-28_13-03-16,13.5,16,0.000478866,0.09835,0.00486899847483,0.0014906,0.09795,0.0152179683512,0.319950624319,1.02393091783
YbYag5,Yb_Yag5_2026-09-28_14-57-53,Yb_Yag5_2026-09-28_13-03-16,13.6,16,0.000479581,0.09825,0.00488123155216,0.00150276,0.0979,0.0153499489275,0.317996598895,1.01767749342
YbYag5,Yb_Yag5_2026-09-28_14-57-53,Yb_Yag5_2026-09-28_13-03-16,13.7,16,0.000479462,0.0984,0.00487258130081,0.00151397,0.0979,0.015464453524,0.315082669636,1.00835210996
YbYag5,Yb_Yag5_2026-09-28_14-57-53,Yb_Yag5_2026-09-28_13-03-16,13.8,16,0.000482978,0.0983,0.00491330620549,0.00151408,0.09795,0.0154576824911,0.317855293529,1.01722527698
YbYag5,Yb_Yag5_2026-09-28_14-57-53,Yb_Yag5_2026-09-28_13-03-16,13.9,16,0.000488881,0.0983,0.00497335707019,0.00151599,0.098,0.0154692857143,0.321498817854,1.02888556742
YbYag5,Yb_Yag5_2026-09-28_14-57-53,Yb_Yag5_2026-09-28_13-03-16,14,16,0.000480236,0.09845,0.00487796851193,0.00150395,0.0979,0.0153621041879,0.317532575763,1.01619249044
YbYag5,Yb_Yag5_2026-09-28_14-57-53,Yb_Yag5_2026-09-28_13-03-16,14.1,16,0.000482561,0.0983,0.00490906408952,0.00150896,0.09785,0.0154211548288,0.318333104363,1.01875440444
YbYag5,Yb_Yag5_2026-09-28_14-57-53,Yb_Yag5_2026-09-28_13-03-16,14.2,16,0.000479044,0.0983,0.00487328585961,0.00151051,0.09795,0.0154212353241,0.316011380229,1.01132424196
YbYag5,Yb_Yag5_2026-09-28_14-57-53,Yb_Yag5_2026-09-28_13-03-16,14.3,16,0.000484528,0.0983,0.00492907426246,0.0015092,0.09795,0.0154078611536,0.319906456407,1.02378956824
YbYag5,Yb_Yag5_2026-09-28_14-57-53,Yb_Yag5_2026-09-28_13-03-16,14.4,16,0.000478985,0.09845,0.00486526155409,0.00150204,0.09795,0.015334762634,0.317270092157,1.01535246995
YbYag5,Yb_Yag5_2026-09-28_14-57-53,Yb_Yag5_2026-09-28_13-03-16,14.5,16,0.000483336,0.09845,0.00490945657694,0.00151277,0.0981,0.0154206931702,0.31836808649,1.01886635696
YbYag5,Yb_Yag5_2026-09-28_14-57-53,Yb_Yag5_2026-09-28_13-03-16,14.6,16,0.000479879,0.09845,0.00487434230574,0.00150252,0.09805,0.015324018358,0.318085125707,1.01796080382
YbYag5,Yb_Yag5_2026-09-28_14-57-53,Yb_Yag5_2026-09-28_13-03-16,14.7,16,0.000484409,0.09845,0.00492035551041,0.001508,0.09805,0.0153799082101,0.319920993233,1.02383609012
YbYag5,Yb_Yag5_2026-09-28_14-57-53,Yb_Yag5_2026-09-28_13-03-16,14.8,16,0.000480833,0.09855,0.00487907661086,0.00150049,0.09805,0.0153033146354,0.31882482502,1.0203280472
YbYag5,Yb_Yag5_2026-09-28_14-57-53,Yb_Yag5_2026-09-28_13-03-16,14.9,16,0.000484945,0.0987,0.00491332320162,0.00149954,0.09815,0.0152780438105,0.321593736905,1.02918933476
YbYag5,Yb_Yag5_2026-09-28_14-57-53,Yb_Yag5_2026-09-28_13-03-16,15,16,0.000476303,0.0986,0.00483065922921,0.00150312,0.0981,0.015322324159,0.315269353336,1.00894954968
YbYag5,Yb_Yag5_2026-09-28_14-57-53,Yb_Yag5_2026-09-28_13-03-16,15.1,16,0.000478687,0.09875,0.00484746329114,0.00150061,0.0982,0.0152811608961,0.317218261368,1.01518659702
YbYag5,Yb_Yag5_2026-09-28_14-57-53,Yb_Yag5_2026-09-28_13-03-16,15.2,16,0.000472071,0.09875,0.00478046582278,0.001485,0.09825,0.0151145038168,0.31628334484,1.0121946043
YbYag5,Yb_Yag5_2026-09-28_14-57-53,Yb_Yag5_2026-09-28_13-03-16,15.3,16,0.000471355,0.09865,0.00477805372529,0.0014912,0.0983,0.0151698880977,0.31496960917,1.00799028504
YbYag5,Yb_Yag5_2026-09-28_14-57-53,Yb_Yag5_2026-09-28_13-03-16,15.4,16,0.000483753,0.0986,0.00490621703854,0.00150121,0.0984,0.015256199187,0.321588423067,1.029172329
YbYag5,Yb_Yag5_2026-09-28_14-57-53,Yb_Yag5_2026-09-28_13-03-16,15.5,16,0.000484766,0.09865,0.00491399898632,0.00151599,0.09845,0.0153985779584,0.319120310953,1.0212736843
YbYag5,Yb_Yag5_2026-09-28_14-57-53,Yb_Yag5_2026-09-28_13-03-16,15.6,16,0.000480713,0.09875,0.00486797974684,0.00150908,0.09825,0.0153595928753,0.316934165271,1.01427741055
YbYag5,Yb_Yag5_2026-09-28_14-57-53,Yb_Yag5_2026-09-28_13-03-16,15.7,16,0.000487925,0.09865,0.00494602128738,0.00151051,0.0983,0.0153663275687,0.321873997887,1.03008624779
YbYag5,Yb_Yag5_2026-09-28_14-57-53,Yb_Yag5_2026-09-28_13-03-16,15.8,16,0.000479819,0.09875,0.00485892658228,0.00150979,0.0983,0.0153590030519,0.316356899329,1.0124299991
YbYag5,Yb_Yag5_2026-09-28_14-57-53,Yb_Yag5_2026-09-28_13-03-16,15.9,16,0.000479998,0.0987,0.00486320162107,0.00151253,0.09835,0.0153790543976,0.316222408436,1.01199959087
YbYag5,Yb_Yag5_2026-09-28_14-57-53,Yb_Yag5_2026-09-28_13-03-16,16,16,0.000478866,0.09875,0.00484927594937,0.00151623,0.0984,0.0154088414634,0.314707368551,1.00715104218
YbYag5,Yb_Yag5_2026-09-28_14-57-53,Yb_Yag5_2026-09-28_13-03-16,16.1,16,0.000484051,0.09885,0.0048968234699,0.00151635,0.0984,0.0154100609756,0.317767948982,1.01694575015
YbYag5,Yb_Yag5_2026-09-28_14-57-53,Yb_Yag5_2026-09-28_13-03-16,16.2,16,0.000484766,0.0988,0.00490653846154,0.00151981,0.0984,0.0154452235772,0.317673514858,1.01664353471
YbYag5,Yb_Yag5_2026-09-28_14-57-53,Yb_Yag5_2026-09-28_13-03-16,16.3,16,0.000488643,0.09875,0.0049482835443,0.00152303,0.0984,0.0154779471545,0.31969895587,1.02312550885
YbYag5,Yb_Yag5_2026-09-28_14-57-53,Yb_Yag5_2026-09-28_13-03-16,16.4,16,0.000487985,0.09885,0.00493662114315,0.00151826,0.0984,0.0154294715447,0.319947519191,1.02392098056
YbYag5,Yb_Yag5_2026-09-28_14-57-53,Yb_Yag5_2026-09-28_13-03-16,16.5,16,0.000485661,0.09875,0.00491808607595,0.00151814,0.09845,0.0154204164551,0.318933414689,1.02067556432
YbYag5,Yb_Yag5_2026-09-28_14-57-53,Yb_Yag5_2026-09-28_13-03-16,16.6,16,0.000489,0.09875,0.00495189873418,0.00152303,0.0985,0.0154622335025,0.320257660925,1.0249135203
YbYag5,Yb_Yag5_2026-09-28_14-57-53,Yb_Yag5_2026-09-28_13-03-16,16.7,16,0.000488523,0.09885,0.00494206373293,0.00152207,0.09855,0.0154446473871,0.319985533438,1.02404263672
YbYag5,Yb_Yag5_2026-09-28_14-57-53,Yb_Yag5_2026-09-28_13-03-16,16.8,16,0.000489656,0.0988,0.00495603238866,0.00152481,0.0985,0.0154803045685,0.320150832093,1.02457163835
YbYag5,Yb_Yag5_2026-09-28_14-57-53,Yb_Yag5_2026-09-28_13-03-16,16.9,16,0.000479581,0.0988,0.00485405870445,0.00152064,0.09835,0.0154615149975,0.313944571747,1.00470988041
YbYag5,Yb_Yag5_2026-09-28_14-57-53,Yb_Yag5_2026-09-28_13-03-16,17,16,0.000484468,0.0988,0.00490352226721,0.0015142,0.09835,0.0153960345704,0.318492547207,1.01926466585
YbYag5,Yb_Yag5_2026-09-28_14-57-53,Yb_Yag5_2026-09-28_13-03-16,17.1,16,0.000485303,0.0989,0.00490700707786,0.0015185,0.0984,0.0154319105691,0.317977936425,1.01761776833
YbYag5,Yb_Yag5_2026-09-28_14-57-53,Yb_Yag5_2026-09-28_13-03-16,17.2,16,0.000483336,0.09885,0.00488959028832,0.00150836,0.0984,0.0153288617886,0.3189793447,1.02082255312
YbYag5,Yb_Yag5_2026-09-28_14-57-53,Yb_Yag5_2026-09-28_13-03-16,17.3,16,0.000474157,0.0988,0.00479915991903,0.001503,0.0986,0.0152434077079,0.314835108461,1.00755984539
YbYag5,Yb_Yag5_2026-09-28_14-57-53,Yb_Yag5_2026-09-28_13-03-16,17.4,16,0.000480415,0.09895,0.00485512885296,0.00149608,0.09835,0.0152117946111,0.319168709352,1.02142857263
YbYag5,Yb_Yag5_2026-09-28_14-57-53,Yb_Yag5_2026-09-28_13-03-16,17.5,16,0.000488404,0.0989,0.0049383619818,0.0014993,0.0983,0.0152522889115,0.323778418469,1.03618092293
YbYag5,Yb_Yag5_2026-09-28_14-57-53,Yb_Yag5_2026-09-28_13-03-16,17.6,16,0.000483336,0.0988,0.00489206477733,0.00150443,0.0984,0.0152889227642,0.31997445816,1.02400719275
YbYag5,Yb_Yag5_2026-09-28_14-57-53,Yb_Yag5_2026-09-28_13-03-16,17.7,16,0.000480117,0.09875,0.0048619443038,0.00149978,0.0984,0.0152416666667,0.318990331577,1.02085771418
YbYag5,Yb_Yag5_2026-09-28_14-57-53,Yb_Yag5_2026-09-28_13-03-16,17.8,16,0.000479879,0.09875,0.00485953417722,0.00149954,0.0986,0.01520831643,0.319531369536,1.02258918601
YbYag5,Yb_Yag5_2026-09-28_14-57-53,Yb_Yag5_2026-09-28_13-03-16,17.9,16,0.000482621,0.09865,0.00489225544856,0.00148929,0.0984,0.0151350609756,0.323239890242,1.03445748293
YbYag5,Yb_Yag5_2026-09-28_14-57-53,Yb_Yag5_2026-09-28_13-03-16,18,16,0.000475766,0.09885,0.00481300961052,0.0014875,0.09835,0.0151245551601,0.31822487072,1.0184080267
YbYag5,Yb_Yag5_2026-09-28_14-57-53,Yb_Yag5_2026-09-28_13-03-16,18.1,16,0.000476064,0.0988,0.00481846153846,0.00149418,0.0984,0.0151847560976,0.317322287397,1.01551950922
YbYag5,Yb_Yag5_2026-09-28_14-57-53,Yb_Yag5_2026-09-28_13-03-16,18.2,16,0.000478448,0.0987,0.00484749746707,0.00149728,0.0985,0.0152008121827,0.318897267383,1.02055988289
YbYag5,Yb_Yag5_2026-09-28_14-57-53,Yb_Yag5_2026-09-28_13-03-16,18.3,16,0.00048125,0.09875,0.00487341772152,0.00149549,0.0984,0.0151980691057,0.320660321231,1.02620214519
YbYag5,Yb_Yag5_2026-09-28_14-57-53,Yb_Yag5_2026-09-28_13-03-16,18.4,16,0.000480594,0.0989,0.00485939332659,0.00149501,0.09845,0.0151854748603,0.320002724399,1.02409765257
YbYag5,Yb_Yag5_2026-09-28_14-57-53,Yb_Yag5_2026-09-28_13-03-16,18.5,16,0.000478985,0.09875,0.00485048101266,0.0015055,0.09845,0.0152920264093,0.317190206375,1.01509681324
YbYag5,Yb_Yag5_2026-09-28_14-57-53,Yb_Yag5_2026-09-28_13-03-16,18.6,16,0.000480713,0.09885,0.00486305513404,0.00150514,0.0985,0.0152806091371,0.318250083515,1.01848871465
YbYag5,Yb_Yag5_2026-09-28_14-57-53,Yb_Yag5_2026-09-28_13-03-16,18.7,16,0.000485124,0.09885,0.00490767830046,0.00151003,0.0984,0.0153458333333,0.319805265304,1.02346572859
YbYag5,Yb_Yag5_2026-09-28_14-57-53,Yb_Yag5_2026-09-28_13-03-16,18.8,16,0.000484647,0.09885,0.00490285280728,0.0015086,0.0984,0.015331300813,0.319793660504,1.02342859
YbYag5,Yb_Yag5_2026-09-28_14-57-53,Yb_Yag5_2026-09-28_13-03-16,18.9,16,0.000485243,0.0989,0.00490640040445,0.00150729,0.09855,0.0152946727549,0.320791460077,1.02662182594
YbYag5,Yb_Yag5_2026-09-28_14-57-53,Yb_Yag5_2026-09-28_13-03-16,19,16,0.000484886,0.09885,0.00490527061204,0.00151206,0.0984,0.0153664634146,0.319219229545,1.02159025129
YbYag5,Yb_Yag5_2026-09-28_14-57-53,Yb_Yag5_2026-09-28_13-03-16,19.1,16,0.00048423,0.09885,0.00489863429439,0.00151647,0.0985,0.0153956345178,0.318183332342,1.01827509234
YbYag5,Yb_Yag5_2026-09-28_14-57-53,Yb_Yag5_2026-09-28_13-03-16,19.2,16,0.000483872,0.09875,0.00489996962025,0.00151206,0.0984,0.0153664634146,0.318874258054,1.02048624665
YbYag5,Yb_Yag5_2026-09-28_14-57-53,Yb_Yag5_2026-09-28_13-03-16,19.3,16,0.000480296,0.0988,0.00486129554656,0.0015092,0.0983,0.0153530010173,0.316634874256,1.01331959612
YbYag5,Yb_Yag5_2026-09-28_14-57-53,Yb_Yag5_2026-09-28_13-03-16,19.4,16,0.000488881,0.0988,0.00494818825911,0.00151277,0.09835,0.0153814946619,0.321697492206,1.02952138056
YbYag5,Yb_Yag5_2026-09-28_14-57-53,Yb_Yag5_2026-09-28_13-03-16,19.5,16,0.000484945,0.0988,0.00490835020243,0.00151993,0.09845,0.0154385982732,0.317927192325,1.0174553731
YbYag5,Yb_Yag5_2026-09-28_14-57-53,Yb_Yag5_2026-09-28_13-03-16,19.6,16,0.000485422,0.09875,0.00491566582278,0.00151194,0.0983,0.0153808748728,0.319595982896,1.02279596672
YbYag5,Yb_Yag5_2026-09-28_14-57-53,Yb_Yag5_2026-09-28_13-03-16,19.7,16,0.000484826,0.09875,0.00490963037975,0.00151003,0.0984,0.0153458333333,0.319932471122,1.02387282256
YbYag5,Yb_Yag5_2026-09-28_14-57-53,Yb_Yag5_2026-09-28_13-03-16,19.8,16,0.00048721,0.0986,0.00494127789047,0.00152028,0.09845,0.0154421533773,0.319986323781,1.02404516603
YbYag5,Yb_Yag5_2026-09-28_14-57-53,Yb_Yag5_2026-09-28_13-03-16,19.9,16,0.000484051,0.09875,0.00490178227848,0.00151814,0.09845,0.0154204164551,0.317876128233,1.01729195382
YbYag5,Yb_Yag5_2026-09-28_14-57-53,Yb_Yag5_2026-09-28_13-03-16,20,16,0.000484647,0.0987,0.00491030395137,0.00151194,0.09835,0.0153730554143,0.319409760717,1.02220000399
YbYag5,Yb_Yag5_2026-09-28_14-57-53,Yb_Yag5_2026-09-28_13-03-16,20.1,16,0.000488583,0.09865,0.004952691333,0.00151337,0.0984,0.0153797764228,0.322026224364,1.03057341482
YbYag5,Yb_Yag5_2026-09-28_14-57-53,Yb_Yag5_2026-09-28_13-03-16,20.2,16,0.000490312,0.0987,0.00496770010132,0.00151194,0.0984,0.0153652439024,0.323307598166,1.03467416711
YbYag5,Yb_Yag5_2026-09-28_14-57-53,Yb_Yag5_2026-09-28_13-03-16,20.3,16,0.000483455,0.0987,0.00489822695035,0.0015111,0.0984,0.0153567073171,0.318963359085,1.02077139471
YbYag5,Yb_Yag5_2026-09-28_14-57-53,Yb_Yag5_2026-09-28_13-03-16,20.4,16,0.000480356,0.0987,0.00486682877406,0.00150944,0.09835,0.0153476359939,0.317106085653,1.01482760356
YbYag5,Yb_Yag5_2026-09-28_14-57-53,Yb_Yag5_2026-09-28_13-03-16,20.5,16,0.000485541,0.0987,0.00491936170213,0.00151253,0.09845,0.0153634332148,0.320199374277,1.02472698683
YbYag5,Yb_Yag5_2026-09-28_14-57-53,Yb_Yag5_2026-09-28_13-03-16,20.6,16,0.000480952,0.0987,0.00487286727457,0.00151015,0.0984,0.0153470528455,0.317511598065,1.01612535597
YbYag5,Yb_Yag5_2026-09-28_14-57-53,Yb_Yag5_2026-09-28_13-03-16,20.7,16,0.000484528,0.0986,0.00491407707911,0.00150431,0.09835,0.0152954753432,0.321276519287,1.02817415022
YbYag5,Yb_Yag5_2026-09-28_14-57-53,Yb_Yag5_2026-09-28_13-03-16,20.8,16,0.000481071,0.09875,0.00487160506329,0.0014962,0.09845,0.0151975622143,0.320551743404,1.02585466597
YbYag5,Yb_Yag5_2026-09-28_14-57-53,Yb_Yag5_2026-09-28_13-03-16,20.9,16,0.00047517,0.0987,0.00481428571429,0.00148738,0.09845,0.0151079735907,0.318658600069,1.01979608116
YbYag5,Yb_Yag5_2026-09-28_14-57-53,Yb_Yag5_2026-09-28_13-03-16,21,16,0.000465872,0.0986,0.00472486815416,0.001467,0.0984,0.0149085365854,0.316923671689,1.01424382817
YbYag5,Yb_Yag5_2026-09-28_14-57-53,Yb_Yag5_2026-09-28_13-03-16,21.1,16,0.000444116,0.0987,0.00449965552178,0.00142396,0.0985,0.0144564467005,0.311255982539,0.996105647739
YbYag5,Yb_Yag5_2026-09-28_14-57-53,Yb_Yag5_2026-09-28_13-03-16,21.2,16,0.000407936,0.0987,0.00413309017224,0.00135399,0.0985,0.0137460913706,0.3006738469,0.962239872731
YbYag5,Yb_Yag5_2026-09-28_14-57-53,Yb_Yag5_2026-09-28_13-03-16,21.3,16,0.00036663,0.0986,0.00371835699797,0.00124968,0.0984,0.0127,0.292784015588,0.936990219807
YbYag5,Yb_Yag5_2026-09-28_14-57-53,Yb_Yag5_2026-09-28_13-03-16,13.3,16.1,0.000453355,0.0984,0.00460726626016,0.00125874,0.09835,0.0127985765125,0.359982710238,1.15204471841
YbYag5,Yb_Yag5_2026-09-28_14-57-53,Yb_Yag5_2026-09-28_13-03-16,13.4,16.1,0.000480058,0.09845,0.00487616048756,0.00144637,0.09825,0.0147213231552,0.331231128897,1.06003166754
YbYag5,Yb_Yag5_2026-09-28_14-57-53,Yb_Yag5_2026-09-28_13-03-16,13.5,16.1,0.000474812,0.0983,0.00483023397762,0.0014881,0.0982,0.0151537678208,0.318748052282,1.0200823531
YbYag5,Yb_Yag5_2026-09-28_14-57-53,Yb_Yag5_2026-09-28_13-03-16,13.6,16.1,0.000480296,0.09835,0.00488353838332,0.00151253,0.0984,0.0153712398374,0.317706212054,1.01674817482
YbYag5,Yb_Yag5_2026-09-28_14-57-53,Yb_Yag5_2026-09-28_13-03-16,13.7,16.1,0.000480058,0.09845,0.00487616048756,0.00151921,0.0982,0.0154705702648,0.315189447066,1.00869382741
YbYag5,Yb_Yag5_2026-09-28_14-57-53,Yb_Yag5_2026-09-28_13-03-16,13.8,16.1,0.000483634,0.0983,0.00491997965412,0.00152326,0.09825,0.0155039185751,0.317337815617,1.01556920384
YbYag5,Yb_Yag5_2026-09-28_14-57-53,Yb_Yag5_2026-09-28_13-03-16,13.9,16.1,0.000480892,0.09825,0.00489457506361,0.00151718,0.09825,0.0154420356234,0.316964368104,1.01437406801
YbYag5,Yb_Yag5_2026-09-28_14-57-53,Yb_Yag5_2026-09-28_13-03-16,14,16.1,0.000480535,0.09825,0.00489094147583,0.00151468,0.0982,0.0154244399185,0.317090377458,1.01477733296
YbYag5,Yb_Yag5_2026-09-28_14-57-53,Yb_Yag5_2026-09-28_13-03-16,14.1,16.1,0.000484647,0.09825,0.00493279389313,0.00150955,0.09825,0.0153643765903,0.321053956478,1.02746188738
YbYag5,Yb_Yag5_2026-09-28_14-57-53,Yb_Yag5_2026-09-28_13-03-16,14.2,16.1,0.000477197,0.09845,0.00484710005079,0.00151277,0.09815,0.0154128374936,0.314484601087,1.00643812438
YbYag5,Yb_Yag5_2026-09-28_14-57-53,Yb_Yag5_2026-09-28_13-03-16,14.3,16.1,0.000480356,0.09835,0.00488414844942,0.00150789,0.09815,0.015363117677,0.317913886498,1.01741279076
YbYag5,Yb_Yag5_2026-09-28_14-57-53,Yb_Yag5_2026-09-28_13-03-16,14.4,16.1,0.000484826,0.09835,0.00492959837316,0.00150789,0.09825,0.015347480916,0.321199185726,1.02792666133
YbYag5,Yb_Yag5_2026-09-28_14-57-53,Yb_Yag5_2026-09-28_13-03-16,14.5,16.1,0.000484766,0.0985,0.0049214822335,0.00150717,0.09835,0.0153245551601,0.321150087692,1.02776953398
YbYag5,Yb_Yag5_2026-09-28_14-57-53,Yb_Yag5_2026-09-28_13-03-16,14.6,16.1,0.000484409,0.09845,0.00492035551041,0.00150669,0.0983,0.0153274669379,0.321015568348,1.02733903469
YbYag5,Yb_Yag5_2026-09-28_14-57-53,Yb_Yag5_2026-09-28_13-03-16,14.7,16.1,0.000479819,0.0986,0.00486631845842,0.00150944,0.09835,0.0153476359939,0.317072835214,1.01472119291
YbYag5,Yb_Yag5_2026-09-28_14-57-53,Yb_Yag5_2026-09-28_13-03-16,14.8,16.1,0.000483336,0.09865,0.00489950329448,0.00151063,0.0984,0.0153519308943,0.319145736664,1.02135505365
YbYag5,Yb_Yag5_2026-09-28_14-57-53,Yb_Yag5_2026-09-28_13-03-16,14.9,16.1,0.000475647,0.0985,0.0048289035533,0.0015055,0.0982,0.0153309572301,0.314977302514,1.00801490588
YbYag5,Yb_Yag5_2026-09-28_14-57-53,Yb_Yag5_2026-09-28_13-03-16,15,16.1,0.00048572,0.09865,0.00492366953877,0.0015055,0.0983,0.0153153611394,0.321485696221,1.02884357454
YbYag5,Yb_Yag5_2026-09-28_14-57-53,Yb_Yag5_2026-09-28_13-03-16,15.1,16.1,0.000479879,0.09855,0.00486939624556,0.00150479,0.0984,0.0152925813008,0.318415586602,1.01901837053
YbYag5,Yb_Yag5_2026-09-28_14-57-53,Yb_Yag5_2026-09-28_13-03-16,15.2,16.1,0.000480594,0.09875,0.00486677468354,0.00151385,0.09835,0.0153924758516,0.316178809079,1.01186006081
YbYag5,Yb_Yag5_2026-09-28_14-57-53,Yb_Yag5_2026-09-28_13-03-16,15.3,16.1,0.00048119,0.09875,0.00487281012658,0.00151277,0.0986,0.015342494929,0.317602198934,1.01641530393
YbYag5,Yb_Yag5_2026-09-28_14-57-53,Yb_Yag5_2026-09-28_13-03-16,15.4,16.1,0.000484349,0.09865,0.00490977192093,0.00150729,0.0985,0.0153024365482,0.320849029856,1.02680606524
YbYag5,Yb_Yag5_2026-09-28_14-57-53,Yb_Yag5_2026-09-28_13-03-16,15.5,16.1,0.000479521,0.09875,0.00485590886076,0.00150777,0.09845,0.0153150837989,0.317067077433,1.01470276641
YbYag5,Yb_Yag5_2026-09-28_14-57-53,Yb_Yag5_2026-09-28_13-03-16,15.6,16.1,0.000484111,0.0987,0.0049048733536,0.00150908,0.0984,0.0153361788618,0.319823692577,1.02352470098
YbYag5,Yb_Yag5_2026-09-28_14-57-53,Yb_Yag5_2026-09-28_13-03-16,15.7,16.1,0.000480415,0.0987,0.00486742654509,0.00151611,0.09845,0.0153997968512,0.316070828214,1.01151449203
YbYag5,Yb_Yag5_2026-09-28_14-57-53,Yb_Yag5_2026-09-28_13-03-16,15.8,16.1,0.000483157,0.09865,0.00489768879878,0.0015148,0.09855,0.015370877727,0.318634295697,1.01971830041
YbYag5,Yb_Yag5_2026-09-28_14-57-53,Yb_Yag5_2026-09-28_13-03-16,15.9,16.1,0.000479998,0.09885,0.00485582195245,0.00151349,0.0985,0.0153653807107,0.316023536538,1.01136314553
YbYag5,Yb_Yag5_2026-09-28_14-57-53,Yb_Yag5_2026-09-28_13-03-16,16,16.1,0.000488285,0.09875,0.00494465822785,0.0015148,0.09855,0.015370877727,0.321690037204,1.02949752248
YbYag5,Yb_Yag5_2026-09-28_14-57-53,Yb_Yag5_2026-09-28_13-03-16,16.1,16.1,0.000489,0.0987,0.00495440729483,0.0015154,0.09845,0.0153925850686,0.321869736159,1.03007260908
YbYag5,Yb_Yag5_2026-09-28_14-57-53,Yb_Yag5_2026-09-28_13-03-16,16.2,16.1,0.000485482,0.0989,0.00490881698686,0.00152493,0.09855,0.0154736681887,0.317236800415,1.01524592712
YbYag5,Yb_Yag5_2026-09-28_14-57-53,Yb_Yag5_2026-09-28_13-03-16,16.3,16.1,0.000484647,0.09875,0.00490781772152,0.00152374,0.0986,0.0154537525355,0.317580970075,1.01634736568
YbYag5,Yb_Yag5_2026-09-28_14-57-53,Yb_Yag5_2026-09-28_13-03-16,16.4,16.1,0.000488643,0.09875,0.0049482835443,0.00152148,0.0985,0.0154464974619,0.320349875854,1.0252086337
YbYag5,Yb_Yag5_2026-09-28_14-57-53,Yb_Yag5_2026-09-28_13-03-16,16.5,16.1,0.000493351,0.0987,0.00499849037487,0.00152219,0.0985,0.0154537055838,0.323449307855,1.03512767749
YbYag5,Yb_Yag5_2026-09-28_14-57-53,Yb_Yag5_2026-09-28_13-03-16,16.6,16.1,0.000489358,0.09885,0.00495051087506,0.00152267,0.0986,0.0154429006085,0.320568719605,1.02590899453
YbYag5,Yb_Yag5_2026-09-28_14-57-53,Yb_Yag5_2026-09-28_13-03-16,16.7,16.1,0.000487031,0.0987,0.00493445795339,0.0015272,0.0986,0.0154888438134,0.318581426273,1.01954910356
YbYag5,Yb_Yag5_2026-09-28_14-57-53,Yb_Yag5_2026-09-28_13-03-16,16.8,16.1,0.000480594,0.09875,0.00486677468354,0.00152493,0.09855,0.0154736681887,0.314519777999,1.00655070028
YbYag5,Yb_Yag5_2026-09-28_14-57-53,Yb_Yag5_2026-09-28_13-03-16,16.9,16.1,0.000483515,0.09885,0.0048914011128,0.0015061,0.09855,0.0152825976662,0.320063461699,1.02429202881
YbYag5,Yb_Yag5_2026-09-28_14-57-53,Yb_Yag5_2026-09-28_13-03-16,17,16.1,0.000485422,0.09885,0.00491069296915,0.00151158,0.0987,0.015314893617,0.320648193318,1.0261633325
YbYag5,Yb_Yag5_2026-09-28_14-57-53,Yb_Yag5_2026-09-28_13-03-16,17.1,16.1,0.000479164,0.09885,0.00484738492666,0.0015241,0.0986,0.0154574036511,0.313596321612,1.0035953832
YbYag5,Yb_Yag5_2026-09-28_14-57-53,Yb_Yag5_2026-09-28_13-03-16,17.2,16.1,0.000488464,0.0988,0.00494396761134,0.00151337,0.09855,0.0153563673262,0.321949033018,1.03032638106
YbYag5,Yb_Yag5_2026-09-28_14-57-53,Yb_Yag5_2026-09-28_13-03-16,17.3,16.1,0.000479044,0.09895,0.00484127337039,0.00150514,0.0986,0.0152651115619,0.317146281621,1.01495624182
YbYag5,Yb_Yag5_2026-09-28_14-57-53,Yb_Yag5_2026-09-28_13-03-16,17.4,16.1,0.000479283,0.09885,0.00484858877086,0.00150026,0.09845,0.015238801422,0.318173892854,1.01824488336
YbYag5,Yb_Yag5_2026-09-28_14-57-53,Yb_Yag5_2026-09-28_13-03-16,17.5,16.1,0.00048572,0.09885,0.00491370763784,0.00151003,0.09865,0.0153069437405,0.321011674253,1.02732657251
YbYag5,Yb_Yag5_2026-09-28_14-57-53,Yb_Yag5_2026-09-28_13-03-16,17.6,16.1,0.000483992,0.0989,0.0048937512639,0.00149895,0.09865,0.0151946274709,0.322071157932,1.03071721473
YbYag5,Yb_Yag5_2026-09-28_14-57-53,Yb_Yag5_2026-09-28_13-03-16,17.7,16.1,0.000479462,0.0989,0.00484794742164,0.00149477,0.09855,0.0151676306443,0.319624569936,1.02288745319
YbYag5,Yb_Yag5_2026-09-28_14-57-53,Yb_Yag5_2026-09-28_13-03-16,17.8,16.1,0.000480058,0.09875,0.00486134683544,0.00149895,0.09855,0.0152100456621,0.31961421704,1.02285432105
YbYag5,Yb_Yag5_2026-09-28_14-57-53,Yb_Yag5_2026-09-28_13-03-16,17.9,16.1,0.000475051,0.0988,0.00480820850202,0.00149227,0.0985,0.0151499492386,0.317374561874,1.01568680208
YbYag5,Yb_Yag5_2026-09-28_14-57-53,Yb_Yag5_2026-09-28_13-03-16,18,16.1,0.000476899,0.09885,0.00482447142135,0.00149561,0.0985,0.015183857868,0.317736866565,1.01684627778
YbYag5,Yb_Yag5_2026-09-28_14-57-53,Yb_Yag5_2026-09-28_13-03-16,18.1,16.1,0.000475766,0.0989,0.00481057633974,0.00150359,0.09865,0.015241662443,0.315620186297,1.01007231266
YbYag5,Yb_Yag5_2026-09-28_14-57-53,Yb_Yag5_2026-09-28_13-03-16,18.2,16.1,0.000475289,0.09895,0.00480332491157,0.00150014,0.09855,0.0152221207509,0.31554899545,1.00984448216
YbYag5,Yb_Yag5_2026-09-28_14-57-53,Yb_Yag5_2026-09-28_13-03-16,18.3,16.1,0.000474693,0.0988,0.00480458502024,0.00149799,0.09855,0.015200304414,0.316084789448,1.01155917186
YbYag5,Yb_Yag5_2026-09-28_14-57-53,Yb_Yag5_2026-09-28_13-03-16,18.4,16.1,0.000480833,0.0989,0.004861809909,0.00150073,0.0986,0.0152203853955,0.319427516628,1.02225682784
YbYag5,Yb_Yag5_2026-09-28_14-57-53,Yb_Yag5_2026-09-28_13-03-16,18.5,16.1,0.000479402,0.099,0.00484244444444,0.00150884,0.09865,0.015294880892,0.316605567486,1.01322580632
YbYag5,Yb_Yag5_2026-09-28_14-57-53,Yb_Yag5_2026-09-28_13-03-16,18.6,16.1,0.000487031,0.0988,0.00492946356275,0.00150145,0.0985,0.0152431472081,0.323388831417,1.03493413609
YbYag5,Yb_Yag5_2026-09-28_14-57-53,Yb_Yag5_2026-09-28_13-03-16,18.7,16.1,0.000484051,0.09885,0.0048968234699,0.00150967,0.09875,0.0152877974684,0.32030928458,1.02507873035
YbYag5,Yb_Yag5_2026-09-28_14-57-53,Yb_Yag5_2026-09-28_13-03-16,18.8,16.1,0.000484528,0.09885,0.00490164896308,0.00150491,0.0986,0.0152627789047,0.32115049256,1.02777082967
YbYag5,Yb_Yag5_2026-09-28_14-57-53,Yb_Yag5_2026-09-28_13-03-16,18.9,16.1,0.000484707,0.0988,0.00490594129555,0.00150717,0.0985,0.0153012182741,0.320624227932,1.0260866366
YbYag5,Yb_Yag5_2026-09-28_14-57-53,Yb_Yag5_2026-09-28_13-03-16,19,16.1,0.000489477,0.09885,0.00495171471927,0.00150944,0.0986,0.0153087221095,0.323457090922,1.03515258547
YbYag5,Yb_Yag5_2026-09-28_14-57-53,Yb_Yag5_2026-09-28_13-03-16,19.1,16.1,0.00048119,0.09895,0.00486296109146,0.00151647,0.09855,0.0153878234399,0.316026571948,1.01137285968
YbYag5,Yb_Yag5_2026-09-28_14-57-53,Yb_Yag5_2026-09-28_13-03-16,19.2,16.1,0.000480952,0.09885,0.0048654729388,0.00150812,0.09855,0.0153030948757,0.317940454419,1.01749781549
YbYag5,Yb_Yag5_2026-09-28_14-57-53,Yb_Yag5_2026-09-28_13-03-16,19.3,16.1,0.000483574,0.0989,0.0048895247725,0.00150884,0.0986,0.0153026369168,0.319521713747,1.0225582848
YbYag5,Yb_Yag5_2026-09-28_14-57-53,Yb_Yag5_2026-09-28_13-03-16,19.4,16.1,0.000481905,0.0988,0.00487758097166,0.00151087,0.0987,0.0153077001013,0.318635780645,1.01972305266
YbYag5,Yb_Yag5_2026-09-28_14-57-53,Yb_Yag5_2026-09-28_13-03-16,19.5,16.1,0.000485184,0.09875,0.0049132556962,0.00151802,0.0985,0.0154113705584,0.318807187043,1.02027160077
YbYag5,Yb_Yag5_2026-09-28_14-57-53,Yb_Yag5_2026-09-28_13-03-16,19.6,16.1,0.000488285,0.09875,0.00494465822785,0.00152601,0.09865,0.0154689305626,0.319650942115,1.02297185149
YbYag5,Yb_Yag5_2026-09-28_14-57-53,Yb_Yag5_2026-09-28_13-03-16,19.7,16.1,0.000481727,0.0988,0.00487577935223,0.00151766,0.09855,0.0153998985287,0.316611135011,1.01324362394
YbYag5,Yb_Yag5_2026-09-28_14-57-53,Yb_Yag5_2026-09-28_13-03-16,19.8,16.1,0.000488404,0.09865,0.0049508768373,0.00151408,0.09845,0.0153791772473,0.321920786638,1.0302359848
YbYag5,Yb_Yag5_2026-09-28_14-57-53,Yb_Yag5_2026-09-28_13-03-16,19.9,16.1,0.000484349,0.09865,0.00490977192093,0.00151599,0.0985,0.0153907614213,0.3190077337,1.02091340581
YbYag5,Yb_Yag5_2026-09-28_14-57-53,Yb_Yag5_2026-09-28_13-03-16,20,16.1,0.000485362,0.09875,0.00491505822785,0.00151706,0.09845,0.0154094464195,0.318963971453,1.02077335445
YbYag5,Yb_Yag5_2026-09-28_14-57-53,Yb_Yag5_2026-09-28_13-03-16,20.1,16.1,0.000485899,0.0988,0.00491800607287,0.00151504,0.09845,0.01538892839,0.319580801745,1.02274738282
YbYag5,Yb_Yag5_2026-09-28_14-57-53,Yb_Yag5_2026-09-28_13-03-16,20.2,16.1,0.000483276,0.0988,0.00489145748988,0.00151528,0.09845,0.0153913661757,0.317805283432,1.01706523077
YbYag5,Yb_Yag5_2026-09-28_14-57-53,Yb_Yag5_2026-09-28_13-03-16,20.3,16.1,0.00048423,0.09865,0.00490856563609,0.0015173,0.0985,0.0154040609137,0.318654000629,1.01978136167
YbYag5,Yb_Yag5_2026-09-28_14-57-53,Yb_Yag5_2026-09-28_13-03-16,20.4,16.1,0.000481369,0.0987,0.00487709219858,0.00150359,0.09845,0.0152726256983,0.319335541571,1.0219624821
YbYag5,Yb_Yag5_2026-09-28_14-57-53,Yb_Yag5_2026-09-28_13-03-16,20.5,16.1,0.000479521,0.09865,0.00486083122149,0.00150729,0.09835,0.0153257752923,0.31716706847,1.01502276552
YbYag5,Yb_Yag5_2026-09-28_14-57-53,Yb_Yag5_2026-09-28_13-03-16,20.6,16.1,0.000479879,0.09875,0.00485953417722,0.00151277,0.0985,0.015358071066,0.316415658994,1.01261804636
YbYag5,Yb_Yag5_2026-09-28_14-57-53,Yb_Yag5_2026-09-28_13-03-16,20.7,16.1,0.000481011,0.0988,0.00486853238866,0.00150395,0.0985,0.0152685279188,0.318860627203,1.02044262413
YbYag5,Yb_Yag5_2026-09-28_14-57-53,Yb_Yag5_2026-09-28_13-03-16,20.8,16.1,0.000484051,0.09865,0.0049067511404,0.0014962,0.0984,0.0152052845528,0.322700382447,1.03273090805
YbYag5,Yb_Yag5_2026-09-28_14-57-53,Yb_Yag5_2026-09-28_13-03-16,20.9,16.1,0.0004707,0.09865,0.00477141409022,0.00147463,0.09835,0.0149936959837,0.318228013654,1.01841808496
YbYag5,Yb_Yag5_2026-09-28_14-57-53,Yb_Yag5_2026-09-28_13-03-16,21,16.1,0.000453444,0.0987,0.00459416413374,0.00144816,0.09845,0.0147095987811,0.312324231416,0.999524341031
YbYag5,Yb_Yag5_2026-09-28_14-57-53,Yb_Yag5_2026-09-28_13-03-16,21.1,16.1,0.000452848,0.09875,0.00458580253165,0.00141848,0.0986,0.0143862068966,0.318763838489,1.02013287335
YbYag5,Yb_Yag5_2026-09-28_14-57-53,Yb_Yag5_2026-09-28_13-03-16,21.2,16.1,0.000418933,0.0988,0.00424021255061,0.0013727,0.0987,0.0139078014184,0.304880147699,0.975701204294
YbYag5,Yb_Yag5_2026-09-28_14-57-53,Yb_Yag5_2026-09-28_13-03-16,21.3,16.1,0.000375213,0.09895,0.00379194542698,0.00127281,0.0986,0.0129088235294,0.293748335651,0.940076312012
YbYag5,Yb_Yag5_2026-09-28_14-57-53,Yb_Yag5_2026-09-28_13-03-16,13.2,16.2,0.00039828,0.09845,0.00404550533266,0.000936273,0.0983,0.00952464903357,0.42474061967,1.35928802598
YbYag5,Yb_Yag5_2026-09-28_14-57-53,Yb_Yag5_2026-09-28_13-03-16,13.3,16.2,0.000453087,0.0983,0.00460922685656,0.0013193,0.0983,0.0134211597152,0.343429849161,1.09907096263
YbYag5,Yb_Yag5_2026-09-28_14-57-53,Yb_Yag5_2026-09-28_13-03-16,13.4,16.2,0.000480117,0.09835,0.00488171835282,0.00145913,0.09825,0.0148511959288,0.328708770406,1.05195941936
YbYag5,Yb_Yag5_2026-09-28_14-57-53,Yb_Yag5_2026-09-28_13-03-16,13.5,16.2,0.000479342,0.0983,0.00487631739573,0.00150502,0.09815,0.0153338767193,0.318009430035,1.01771855663
YbYag5,Yb_Yag5_2026-09-28_14-57-53,Yb_Yag5_2026-09-28_13-03-16,13.6,16.2,0.000478091,0.0983,0.00486359104781,0.00152243,0.0983,0.0154875890132,0.314031515407,1.00498812429
YbYag5,Yb_Yag5_2026-09-28_14-57-53,Yb_Yag5_2026-09-28_13-03-16,13.7,16.2,0.000480892,0.09825,0.00489457506361,0.0015272,0.0983,0.0155361139369,0.315045003113,1.00823156661
YbYag5,Yb_Yag5_2026-09-28_14-57-53,Yb_Yag5_2026-09-28_13-03-16,13.8,16.2,0.000484647,0.09835,0.00492777834265,0.00152601,0.0982,0.0155398167006,0.317106593829,1.01482922986
YbYag5,Yb_Yag5_2026-09-28_14-57-53,Yb_Yag5_2026-09-28_13-03-16,13.9,16.2,0.000488285,0.09835,0.00496476868327,0.00152922,0.09835,0.0155487544484,0.319303304953,1.02185931596
YbYag5,Yb_Yag5_2026-09-28_14-57-53,Yb_Yag5_2026-09-28_13-03-16,14,16.2,0.000483992,0.09825,0.00492612722646,0.00152624,0.09835,0.0155184544992,0.317436715539,1.01588571108
YbYag5,Yb_Yag5_2026-09-28_14-57-53,Yb_Yag5_2026-09-28_13-03-16,14.1,16.2,0.000480594,0.09855,0.00487665144597,0.00152064,0.09835,0.0154615149975,0.315405796053,1.00938620429
YbYag5,Yb_Yag5_2026-09-28_14-57-53,Yb_Yag5_2026-09-28_13-03-16,14.2,16.2,0.000479521,0.0984,0.00487318089431,0.00151873,0.0983,0.0154499491353,0.315417277535,1.00942294823
YbYag5,Yb_Yag5_2026-09-28_14-57-53,Yb_Yag5_2026-09-28_13-03-16,14.3,16.2,0.00047964,0.09845,0.0048719146775,0.00151742,0.0983,0.0154366225839,0.315607552819,1.01003188202
YbYag5,Yb_Yag5_2026-09-28_14-57-53,Yb_Yag5_2026-09-28_13-03-16,14.4,16.2,0.000485064,0.09845,0.00492700863382,0.00151647,0.09845,0.0154034535297,0.319863894439,1.02365335811
YbYag5,Yb_Yag5_2026-09-28_14-57-53,Yb_Yag5_2026-09-28_13-03-16,14.5,16.2,0.000484468,0.09845,0.00492095479939,0.00151778,0.09845,0.0154167597765,0.319195140271,1.02151315892
YbYag5,Yb_Yag5_2026-09-28_14-57-53,Yb_Yag5_2026-09-28_13-03-16,14.6,16.2,0.000479819,0.0985,0.00487125888325,0.00151683,0.0985,0.0153992893401,0.316330109505,1.01234426422
YbYag5,Yb_Yag5_2026-09-28_14-57-53,Yb_Yag5_2026-09-28_13-03-16,14.7,16.2,0.00047666,0.09845,0.00484164550533,0.00151015,0.0985,0.0153314720812,0.315797822915,1.0106407992
YbYag5,Yb_Yag5_2026-09-28_14-57-53,Yb_Yag5_2026-09-28_13-03-16,14.8,16.2,0.000480356,0.0987,0.00486682877406,0.00151706,0.0986,0.0153860040568,0.316315318525,1.01229692898
YbYag5,Yb_Yag5_2026-09-28_14-57-53,Yb_Yag5_2026-09-28_13-03-16,14.9,16.2,0.000479462,0.0986,0.00486269776876,0.00151063,0.0985,0.0153363451777,0.317070182786,1.0147127044
YbYag5,Yb_Yag5_2026-09-28_14-57-53,Yb_Yag5_2026-09-28_13-03-16,15,16.2,0.000481667,0.0987,0.00488011144883,0.00151408,0.09855,0.015363571791,0.317641725194,1.01654179895
YbYag5,Yb_Yag5_2026-09-28_14-57-53,Yb_Yag5_2026-09-28_13-03-16,15.1,16.2,0.000482859,0.0987,0.00489218844985,0.00151134,0.09855,0.0153357686454,0.319005102579,1.02090498549
YbYag5,Yb_Yag5_2026-09-28_14-57-53,Yb_Yag5_2026-09-28_13-03-16,15.2,16.2,0.000476839,0.0987,0.00483119554205,0.0015235,0.09865,0.0154434870755,0.312830613865,1.0011449056
YbYag5,Yb_Yag5_2026-09-28_14-57-53,Yb_Yag5_2026-09-28_13-03-16,15.3,16.2,0.00048125,0.09865,0.00487835783071,0.00151361,0.0986,0.0153510141988,0.317787331022,1.01700777806
YbYag5,Yb_Yag5_2026-09-28_14-57-53,Yb_Yag5_2026-09-28_13-03-16,15.4,16.2,0.000484945,0.09855,0.00492080162354,0.00151289,0.0986,0.0153437119675,0.320704770395,1.02634439487
YbYag5,Yb_Yag5_2026-09-28_14-57-53,Yb_Yag5_2026-09-28_13-03-16,15.5,16.2,0.000477018,0.0985,0.00484282233503,0.00151718,0.0986,0.0153872210953,0.314730145556,1.00722393493
YbYag5,Yb_Yag5_2026-09-28_14-57-53,Yb_Yag5_2026-09-28_13-03-16,15.6,16.2,0.000481429,0.0986,0.00488264705882,0.00152028,0.0987,0.0154030395137,0.316992438699,1.01446390172
YbYag5,Yb_Yag5_2026-09-28_14-57-53,Yb_Yag5_2026-09-28_13-03-16,15.7,16.2,0.00048578,0.09865,0.00492427774962,0.00152624,0.0987,0.0154634245187,0.31844678025,1.01911819887
YbYag5,Yb_Yag5_2026-09-28_14-57-53,Yb_Yag5_2026-09-28_13-03-16,15.8,16.2,0.000480952,0.0987,0.00487286727457,0.00152219,0.0988,0.0154067813765,0.316280678974,1.01218607279
YbYag5,Yb_Yag5_2026-09-28_14-57-53,Yb_Yag5_2026-09-28_13-03-16,15.9,16.2,0.000487151,0.09865,0.00493817536746,0.00152136,0.09875,0.0154061772152,0.320532166967,1.02579201593
YbYag5,Yb_Yag5_2026-09-28_14-57-53,Yb_Yag5_2026-09-28_13-03-16,16,16.2,0.000481369,0.09875,0.00487462278481,0.00152577,0.09865,0.0154664977192,0.315173019342,1.00864125413
YbYag5,Yb_Yag5_2026-09-28_14-57-53,Yb_Yag5_2026-09-28_13-03-16,16.1,16.2,0.000478031,0.09865,0.0048457273188,0.00152505,0.0987,0.0154513677812,0.313611544778,1.00364410156
YbYag5,Yb_Yag5_2026-09-28_14-57-53,Yb_Yag5_2026-09-28_13-03-16,16.2,16.2,0.000483217,0.09865,0.00489829700963,0.00153316,0.09875,0.0155256708861,0.315496640729,1.0096769325
YbYag5,Yb_Yag5_2026-09-28_14-57-53,Yb_Yag5_2026-09-28_13-03-16,16.3,16.2,0.000485899,0.0987,0.00492298885512,0.00153161,0.0987,0.0155178318136,0.317247210451,1.01527924213
YbYag5,Yb_Yag5_2026-09-28_14-57-53,Yb_Yag5_2026-09-28_13-03-16,16.4,16.2,0.000490192,0.09875,0.00496396962025,0.00153256,0.09875,0.0155195949367,0.319851751318,1.02361449675
YbYag5,Yb_Yag5_2026-09-28_14-57-53,Yb_Yag5_2026-09-28_13-03-16,16.5,16.2,0.000486912,0.09865,0.00493575266092,0.0015328,0.09875,0.0155220253165,0.317983804322,1.01763654723
YbYag5,Yb_Yag5_2026-09-28_14-57-53,Yb_Yag5_2026-09-28_13-03-16,16.6,16.2,0.000486376,0.09865,0.00493031931069,0.00153125,0.09865,0.0155220476432,0.317633306122,1.01651485558
YbYag5,Yb_Yag5_2026-09-28_14-57-53,Yb_Yag5_2026-09-28_13-03-16,16.7,16.2,0.000481488,0.09865,0.00488077040041,0.00153375,0.0987,0.0155395136778,0.314087718677,1.00516799037
YbYag5,Yb_Yag5_2026-09-28_14-57-53,Yb_Yag5_2026-09-28_13-03-16,16.8,16.2,0.00048572,0.0987,0.00492117527862,0.00152863,0.09885,0.0154641375822,0.318231472816,1.01842915524
YbYag5,Yb_Yag5_2026-09-28_14-57-53,Yb_Yag5_2026-09-28_13-03-16,16.9,16.2,0.000484051,0.0988,0.00489930161943,0.00151885,0.09875,0.0153807594937,0.318534440477,1.01939873595
YbYag5,Yb_Yag5_2026-09-28_14-57-53,Yb_Yag5_2026-09-28_13-03-16,17,16.2,0.000483217,0.09875,0.00489333670886,0.00151659,0.0987,0.0153656534954,0.31845939454,1.0191585681
YbYag5,Yb_Yag5_2026-09-28_14-57-53,Yb_Yag5_2026-09-28_13-03-16,17.1,16.2,0.000483455,0.0987,0.00489822695035,0.00152708,0.09875,0.0154641012658,0.316748245899,1.01368241689
YbYag5,Yb_Yag5_2026-09-28_14-57-53,Yb_Yag5_2026-09-28_13-03-16,17.2,16.2,0.000484051,0.09885,0.0048968234699,0.00152398,0.09865,0.0154483527623,0.316980298498,1.0144250497
YbYag5,Yb_Yag5_2026-09-28_14-57-53,Yb_Yag5_2026-09-28_13-03-16,17.3,16.2,0.000479283,0.09885,0.00484858877086,0.00152219,0.09875,0.0154145822785,0.314545583089,1.00663328374
YbYag5,Yb_Yag5_2026-09-28_14-57-53,Yb_Yag5_2026-09-28_13-03-16,17.4,16.2,0.000479223,0.09865,0.00485781044095,0.00151039,0.0987,0.0153028368794,0.317445090687,1.01591251388
YbYag5,Yb_Yag5_2026-09-28_14-57-53,Yb_Yag5_2026-09-28_13-03-16,17.5,16.2,0.000478866,0.0987,0.0048517325228,0.00151432,0.09875,0.0153348860759,0.316385299427,1.01252088731
YbYag5,Yb_Yag5_2026-09-28_14-57-53,Yb_Yag5_2026-09-28_13-03-16,17.6,16.2,0.000478389,0.0987,0.00484689969605,0.00150467,0.0988,0.0152294534413,0.318258282527,1.01851495377
YbYag5,Yb_Yag5_2026-09-28_14-57-53,Yb_Yag5_2026-09-28_13-03-16,17.7,16.2,0.000473799,0.09865,0.00480282818044,0.00151063,0.0988,0.0152897773279,0.314120217544,1.00527199578
YbYag5,Yb_Yag5_2026-09-28_14-57-53,Yb_Yag5_2026-09-28_13-03-16,17.8,16.2,0.000479283,0.0986,0.00486088235294,0.00149942,0.09865,0.0151993917892,0.319807688384,1.02347348312
YbYag5,Yb_Yag5_2026-09-28_14-57-53,Yb_Yag5_2026-09-28_13-03-16,17.9,16.2,0.000478627,0.0988,0.00484440283401,0.00149775,0.0987,0.0151747720365,0.319240567328,1.02165853813
YbYag5,Yb_Yag5_2026-09-28_14-57-53,Yb_Yag5_2026-09-28_13-03-16,18,16.2,0.000474276,0.0987,0.00480522796353,0.00150955,0.0988,0.0152788461538,0.314502019011,1.00649386658
YbYag5,Yb_Yag5_2026-09-28_14-57-53,Yb_Yag5_2026-09-28_13-03-16,18.1,16.2,0.000478746,0.0988,0.00484560728745,0.00150574,0.0987,0.0152557244174,0.317625512553,1.01648991399
YbYag5,Yb_Yag5_2026-09-28_14-57-53,Yb_Yag5_2026-09-28_13-03-16,18.2,16.2,0.000479044,0.09885,0.00484617096611,0.00149835,0.0987,0.0151808510638,0.319229201693,1.02162216493
YbYag5,Yb_Yag5_2026-09-28_14-57-53,Yb_Yag5_2026-09-28_13-03-16,18.3,16.2,0.000482442,0.09885,0.00488054628225,0.00150944,0.0988,0.0152777327935,0.319454879086,1.02234439531
YbYag5,Yb_Yag5_2026-09-28_14-57-53,Yb_Yag5_2026-09-28_13-03-16,18.4,16.2,0.00048423,0.09875,0.00490359493671,0.00151253,0.09885,0.0153012645422,0.320469914312,1.02559279013
YbYag5,Yb_Yag5_2026-09-28_14-57-53,Yb_Yag5_2026-09-28_13-03-16,18.5,16.2,0.000483634,0.09865,0.00490252407501,0.00150991,0.0988,0.0152824898785,0.320793543067,1.02662849209
YbYag5,Yb_Yag5_2026-09-28_14-57-53,Yb_Yag5_2026-09-28_13-03-16,18.6,16.2,0.000483276,0.0987,0.00489641337386,0.00151575,0.0987,0.0153571428571,0.318836219694,1.02036451332
YbYag5,Yb_Yag5_2026-09-28_14-57-53,Yb_Yag5_2026-09-28_13-03-16,18.7,16.2,0.000485005,0.0988,0.00490895748988,0.00151945,0.09875,0.015386835443,0.319036198708,1.02100450174
YbYag5,Yb_Yag5_2026-09-28_14-57-53,Yb_Yag5_2026-09-28_13-03-16,18.8,16.2,0.000483753,0.0989,0.0048913346815,0.00151456,0.09875,0.0153373164557,0.318917243158,1.02062381092
YbYag5,Yb_Yag5_2026-09-28_14-57-53,Yb_Yag5_2026-09-28_13-03-16,18.9,16.2,0.000483396,0.0987,0.00489762917933,0.00151575,0.09865,0.0153649265079,0.318753830473,1.02010084492
YbYag5,Yb_Yag5_2026-09-28_14-57-53,Yb_Yag5_2026-09-28_13-03-16,19,16.2,0.000478985,0.09875,0.00485048101266,0.00152493,0.0988,0.01543451417,0.314261981896,1.0057256811
YbYag5,Yb_Yag5_2026-09-28_14-57-53,Yb_Yag5_2026-09-28_13-03-16,19.1,16.2,0.000489298,0.09885,0.00494990389479,0.00152434,0.09865,0.0154520020274,0.320340619035,1.02517900931
YbYag5,Yb_Yag5_2026-09-28_14-57-53,Yb_Yag5_2026-09-28_13-03-16,19.2,16.2,0.00048423,0.09875,0.00490359493671,0.001521,0.0987,0.0154103343465,0.318201722718,1.01833394666
YbYag5,Yb_Yag5_2026-09-28_14-57-53,Yb_Yag5_2026-09-28_13-03-16,19.3,16.2,0.000479581,0.0987,0.00485897669706,0.00151671,0.0987,0.0153668693009,0.316198218513,1.01192217639
YbYag5,Yb_Yag5_2026-09-28_14-57-53,Yb_Yag5_2026-09-28_13-03-16,19.4,16.2,0.00048119,0.0987,0.00487527862209,0.00151802,0.0988,0.0153645748988,0.317306443829,1.0154688054
YbYag5,Yb_Yag5_2026-09-28_14-57-53,Yb_Yag5_2026-09-28_13-03-16,19.5,16.2,0.000480117,0.09865,0.00486687278256,0.00151647,0.0987,0.01536443769,0.316762180352,1.01372701101
YbYag5,Yb_Yag5_2026-09-28_14-57-53,Yb_Yag5_2026-09-28_13-03-16,19.6,16.2,0.00048423,0.09865,0.00490856563609,0.00152911,0.0986,0.0155082150101,0.316513901367,1.01293244926
YbYag5,Yb_Yag5_2026-09-28_14-57-53,Yb_Yag5_2026-09-28_13-03-16,19.7,16.2,0.000480892,0.0986,0.00487720081136,0.00152899,0.0987,0.0154912867275,0.314835100347,1.00755981943
YbYag5,Yb_Yag5_2026-09-28_14-57-53,Yb_Yag5_2026-09-28_13-03-16,19.8,16.2,0.000483157,0.0985,0.00490514720812,0.00152446,0.09875,0.0154375696203,0.317740896318,1.01685917411
YbYag5,Yb_Yag5_2026-09-28_14-57-53,Yb_Yag5_2026-09-28_13-03-16,19.9,16.2,0.000487747,0.09855,0.00494923389143,0.00152684,0.0988,0.0154538461538,0.320259037276,1.02491792501
YbYag5,Yb_Yag5_2026-09-28_14-57-53,Yb_Yag5_2026-09-28_13-03-16,20,16.2,0.000492159,0.0986,0.00499147058824,0.00152779,0.0986,0.0154948275862,0.322137859261,1.03093067752
YbYag5,Yb_Yag5_2026-09-28_14-57-53,Yb_Yag5_2026-09-28_13-03-16,20.1,16.2,0.000484647,0.0986,0.00491528397566,0.00152255,0.0986,0.01544168357,0.31831269909,1.01868910189
YbYag5,Yb_Yag5_2026-09-28_14-57-53,Yb_Yag5_2026-09-28_13-03-16,20.2,16.2,0.000484349,0.0986,0.00491226166329,0.00152636,0.09855,0.0154881785895,0.317161997772,1.01500653787
YbYag5,Yb_Yag5_2026-09-28_14-57-53,Yb_Yag5_2026-09-28_13-03-16,20.3,16.2,0.000483515,0.09855,0.00490629122273,0.00152696,0.09855,0.0154942668696,0.316652040656,1.01337453338
YbYag5,Yb_Yag5_2026-09-28_14-57-53,Yb_Yag5_2026-09-28_13-03-16,20.4,16.2,0.000487151,0.0986,0.00494067951318,0.00152243,0.09865,0.0154326406488,0.320144790876,1.02455230478
YbYag5,Yb_Yag5_2026-09-28_14-57-53,Yb_Yag5_2026-09-28_13-03-16,20.5,16.2,0.000486912,0.0985,0.00494326903553,0.00152911,0.0985,0.0155239593909,0.318428366827,1.0190592708
YbYag5,Yb_Yag5_2026-09-28_14-57-53,Yb_Yag5_2026-09-28_13-03-16,20.6,16.2,0.000478925,0.0985,0.00486218274112,0.00151921,0.0986,0.0154078093306,0.31556612863,1.0098993131
YbYag5,Yb_Yag5_2026-09-28_14-57-53,Yb_Yag5_2026-09-28_13-03-16,20.7,16.2,0.000484051,0.0985,0.00491422335025,0.00152207,0.09865,0.0154289913837,0.318505806896,1.01930710054
YbYag5,Yb_Yag5_2026-09-28_14-57-53,Yb_Yag5_2026-09-28_13-03-16,20.8,16.2,0.00048274,0.09855,0.00489842719432,0.00151945,0.0986,0.0154102434077,0.317868255856,1.01726676002
YbYag5,Yb_Yag5_2026-09-28_14-57-53,Yb_Yag5_2026-09-28_13-03-16,20.9,16.2,0.000469388,0.09845,0.00476778059929,0.00150467,0.0986,0.0152603448276,0.312429414483,0.999860956078
YbYag5,Yb_Yag5_2026-09-28_14-57-53,Yb_Yag5_2026-09-28_13-03-16,21,16.2,0.000461521,0.09855,0.00468311516996,0.00145615,0.09855,0.0147757483511,0.316946056381,1.01431546541
YbYag5,Yb_Yag5_2026-09-28_14-57-53,Yb_Yag5_2026-09-28_13-03-16,21.1,16.2,0.000444176,0.0986,0.00450482758621,0.00142909,0.09865,0.0144864673087,0.310967987586,0.995183983851
YbYag5,Yb_Yag5_2026-09-28_14-57-53,Yb_Yag5_2026-09-28_13-03-16,21.2,16.2,0.000425102,0.0985,0.00431575634518,0.0013814,0.09855,0.0140172501268,0.307888944418,0.985330189992
YbYag5,Yb_Yag5_2026-09-28_14-57-53,Yb_Yag5_2026-09-28_13-03-16,21.3,16.2,0.000385704,0.0987,0.00390784194529,0.00130118,0.09865,0.0131898631526,0.296276155414,0.948166037778
YbYag5,Yb_Yag5_2026-09-28_14-57-53,Yb_Yag5_2026-09-28_13-03-16,21.4,16.2,0.000273408,0.0986,0.00277290060852,0.00118793,0.09885,0.0120175012645,0.230738532702,0.738427431021
YbYag5,Yb_Yag5_2026-09-28_14-57-53,Yb_Yag5_2026-09-28_13-03-16,13.2,16.3,0.000422599,0.0983,0.00429907426246,0.00100673,0.09835,0.0102361972547,0.419987438254,1.34407652445
YbYag5,Yb_Yag5_2026-09-28_14-57-53,Yb_Yag5_2026-09-28_13-03-16,13.3,16.3,0.000465335,0.0983,0.00473382502543,0.00137676,0.09845,0.0139843575419,0.338508580837,1.08332153628
YbYag5,Yb_Yag5_2026-09-28_14-57-53,Yb_Yag5_2026-09-28_13-03-16,13.4,16.3,0.000483157,0.0983,0.00491512716175,0.00148845,0.09845,0.0151188420518,0.32509944511,1.04040857532
YbYag5,Yb_Yag5_2026-09-28_14-57-53,Yb_Yag5_2026-09-28_13-03-16,13.5,16.3,0.000487925,0.09815,0.0049712175242,0.00150967,0.09825,0.0153655979644,0.323529063803,1.0353829187
YbYag5,Yb_Yag5_2026-09-28_14-57-53,Yb_Yag5_2026-09-28_13-03-16,13.6,16.3,0.000484528,0.0984,0.00492406504065,0.00152028,0.0983,0.0154657171923,0.318385819385,1.01892310716
YbYag5,Yb_Yag5_2026-09-28_14-57-53,Yb_Yag5_2026-09-28_13-03-16,13.7,16.3,0.00047815,0.09835,0.00486171835282,0.00152815,0.0984,0.0155299796748,0.313053748596,1.00185899876
YbYag5,Yb_Yag5_2026-09-28_14-57-53,Yb_Yag5_2026-09-28_13-03-16,13.8,16.3,0.000484349,0.09825,0.00492976081425,0.00153554,0.0983,0.0156209562564,0.315586365734,1.00996407746
YbYag5,Yb_Yag5_2026-09-28_14-57-53,Yb_Yag5_2026-09-28_13-03-16,13.9,16.3,0.000475468,0.0985,0.00482708629442,0.00152553,0.0983,0.0155191251272,0.311041135042,0.99541807604
YbYag5,Yb_Yag5_2026-09-28_14-57-53,Yb_Yag5_2026-09-28_13-03-16,14,16.3,0.000470521,0.0984,0.00478171747967,0.00150395,0.0984,0.0152840447154,0.3128568104,1.00122874179
YbYag5,Yb_Yag5_2026-09-28_14-57-53,Yb_Yag5_2026-09-28_13-03-16,14.1,16.3,0.00048417,0.0984,0.00492042682927,0.00151051,0.09835,0.0153585155058,0.320371251207,1.02527704077
YbYag5,Yb_Yag5_2026-09-28_14-57-53,Yb_Yag5_2026-09-28_13-03-16,14.2,16.3,0.00048119,0.09835,0.00489262836807,0.0015235,0.0984,0.0154827235772,0.31600566552,1.0113059533
YbYag5,Yb_Yag5_2026-09-28_14-57-53,Yb_Yag5_2026-09-28_13-03-16,14.3,16.3,0.000480117,0.0983,0.00488420142421,0.00152374,0.0985,0.0154694416244,0.315732237969,1.01043090915
YbYag5,Yb_Yag5_2026-09-28_14-57-53,Yb_Yag5_2026-09-28_13-03-16,14.4,16.3,0.000484051,0.0984,0.00491921747967,0.001521,0.09845,0.0154494667344,0.318406943375,1.0189907098
YbYag5,Yb_Yag5_2026-09-28_14-57-53,Yb_Yag5_2026-09-28_13-03-16,14.5,16.3,0.000480356,0.09865,0.0048692954891,0.00152446,0.09855,0.015468899036,0.314779705897,1.00738254179
YbYag5,Yb_Yag5_2026-09-28_14-57-53,Yb_Yag5_2026-09-28_13-03-16,14.6,16.3,0.000479283,0.0984,0.00487076219512,0.00152386,0.0986,0.015454969574,0.315158316669,1.00859420149
YbYag5,Yb_Yag5_2026-09-28_14-57-53,Yb_Yag5_2026-09-28_13-03-16,14.7,16.3,0.000480952,0.0985,0.00488276142132,0.00152171,0.0986,0.0154331643002,0.316381095046,1.01250743212
YbYag5,Yb_Yag5_2026-09-28_14-57-53,Yb_Yag5_2026-09-28_13-03-16,14.8,16.3,0.000477435,0.09865,0.00483968575773,0.00152553,0.09855,0.0154797564688,0.312646117365,1.00055446553
YbYag5,Yb_Yag5_2026-09-28_14-57-53,Yb_Yag5_2026-09-28_13-03-16,14.9,16.3,0.000478866,0.0985,0.00486158375635,0.00151754,0.09865,0.0153830714648,0.316034659754,1.01139874291
YbYag5,Yb_Yag5_2026-09-28_14-57-53,Yb_Yag5_2026-09-28_13-03-16,15,16.3,0.000483813,0.0986,0.00490682555781,0.00152243,0.0986,0.0154404665314,0.317789980493,1.01701625711
YbYag5,Yb_Yag5_2026-09-28_14-57-53,Yb_Yag5_2026-09-28_13-03-16,15.1,16.3,0.000484707,0.09875,0.00490842531646,0.00151897,0.0987,0.0153897669706,0.318940847242,1.02069935055
YbYag5,Yb_Yag5_2026-09-28_14-57-53,Yb_Yag5_2026-09-28_13-03-16,15.2,16.3,0.000484409,0.09855,0.00491536276002,0.00151528,0.09865,0.0153601621896,0.320007217329,1.02411203119
YbYag5,Yb_Yag5_2026-09-28_14-57-53,Yb_Yag5_2026-09-28_13-03-16,15.3,16.3,0.00048417,0.0987,0.00490547112462,0.00152088,0.09875,0.0154013164557,0.318509858474,1.01932006672
YbYag5,Yb_Yag5_2026-09-28_14-57-53,Yb_Yag5_2026-09-28_13-03-16,15.4,16.3,0.000481846,0.09865,0.00488439939179,0.00152136,0.0987,0.0154139817629,0.316881093213,1.01410756522
YbYag5,Yb_Yag5_2026-09-28_14-57-53,Yb_Yag5_2026-09-28_13-03-16,15.5,16.3,0.000484766,0.0987,0.00491150962513,0.00151933,0.0988,0.0153778340081,0.319388908902,1.02213327239
YbYag5,Yb_Yag5_2026-09-28_14-57-53,Yb_Yag5_2026-09-28_13-03-16,15.6,16.3,0.00047976,0.0987,0.00486079027356,0.00152696,0.0987,0.0154707193516,0.314192906166,1.00550461957
YbYag5,Yb_Yag5_2026-09-28_14-57-53,Yb_Yag5_2026-09-28_13-03-16,15.7,16.3,0.000484766,0.09895,0.00489910055584,0.00153042,0.0987,0.015505775076,0.315953283975,1.0111383178
YbYag5,Yb_Yag5_2026-09-28_14-57-53,Yb_Yag5_2026-09-28_13-03-16,15.8,16.3,0.00048119,0.09855,0.00488269913749,0.0015334,0.09885,0.0155123925139,0.314761190649,1.00732328785
YbYag5,Yb_Yag5_2026-09-28_14-57-53,Yb_Yag5_2026-09-28_13-03-16,15.9,16.3,0.000484349,0.09875,0.0049048,0.00152791,0.09875,0.0154725063291,0.317001001368,1.01449130464
YbYag5,Yb_Yag5_2026-09-28_14-57-53,Yb_Yag5_2026-09-28_13-03-16,16,16.3,0.000484647,0.099,0.00489542424242,0.00152982,0.0988,0.0154840080972,0.316160015655,1.01179991663
YbYag5,Yb_Yag5_2026-09-28_14-57-53,Yb_Yag5_2026-09-28_13-03-16,16.1,16.3,0.000480594,0.0987,0.00486924012158,0.00153495,0.0989,0.0155202224469,0.313735201814,1.00403983844
YbYag5,Yb_Yag5_2026-09-28_14-57-53,Yb_Yag5_2026-09-28_13-03-16,16.2,16.3,0.000487806,0.09875,0.00493980759494,0.00154126,0.09875,0.0156076962025,0.316498189794,1.01288216786
YbYag5,Yb_Yag5_2026-09-28_14-57-53,Yb_Yag5_2026-09-28_13-03-16,16.3,16.3,0.000484945,0.09885,0.00490586747597,0.00153137,0.09865,0.0155232640649,0.316033242459,1.01139420717
YbYag5,Yb_Yag5_2026-09-28_14-57-53,Yb_Yag5_2026-09-28_13-03-16,16.4,16.3,0.000489239,0.09875,0.00495431898734,0.00153626,0.09865,0.0155728332489,0.318138575567,1.01813185822
YbYag5,Yb_Yag5_2026-09-28_14-57-53,Yb_Yag5_2026-09-28_13-03-16,16.5,16.3,0.000484588,0.0987,0.00490970618034,0.00154043,0.099,0.0155598989899,0.315535864566,1.00980245968
YbYag5,Yb_Yag5_2026-09-28_14-57-53,Yb_Yag5_2026-09-28_13-03-16,16.6,16.3,0.000494543,0.09875,0.00500803037975,0.00153352,0.0987,0.015537183384,0.322325498514,1.03153117528
YbYag5,Yb_Yag5_2026-09-28_14-57-53,Yb_Yag5_2026-09-28_13-03-16,16.7,16.3,0.000483753,0.0987,0.00490124620061,0.00153709,0.09875,0.0155654683544,0.314879455537,1.00770176836
YbYag5,Yb_Yag5_2026-09-28_14-57-53,Yb_Yag5_2026-09-28_13-03-16,16.8,16.3,0.000489179,0.09885,0.00494870005058,0.0015359,0.09885,0.0155376833586,0.318496646918,1.01927778606
YbYag5,Yb_Yag5_2026-09-28_14-57-53,Yb_Yag5_2026-09-28_13-03-16,16.9,16.3,0.000486018,0.0988,0.00491921052632,0.00152708,0.09865,0.0154797769894,0.317783035872,1.01699403239
YbYag5,Yb_Yag5_2026-09-28_14-57-53,Yb_Yag5_2026-09-28_13-03-16,17,16.3,0.000484051,0.0988,0.00489930161943,0.00152708,0.09885,0.0154484572585,0.317138568431,1.01493155747
YbYag5,Yb_Yag5_2026-09-28_14-57-53,Yb_Yag5_2026-09-28_13-03-16,17.1,16.3,0.000483336,0.0988,0.00489206477733,0.0015272,0.0988,0.0154574898785,0.316485070719,1.01284018317
YbYag5,Yb_Yag5_2026-09-28_14-57-53,Yb_Yag5_2026-09-28_13-03-16,17.2,16.3,0.000488881,0.0989,0.00494318503539,0.00152231,0.0987,0.0154236068896,0.320494750078,1.02567227149
YbYag5,Yb_Yag5_2026-09-28_14-57-53,Yb_Yag5_2026-09-28_13-03-16,17.3,16.3,0.000480892,0.0989,0.00486240647118,0.00152243,0.09875,0.0154170126582,0.315392260419,1.0093428865
YbYag5,Yb_Yag5_2026-09-28_14-57-53,Yb_Yag5_2026-09-28_13-03-16,17.4,16.3,0.000479879,0.0986,0.00486692697769,0.00150955,0.0987,0.0152943262411,0.318217808419,1.01838542537
YbYag5,Yb_Yag5_2026-09-28_14-57-53,Yb_Yag5_2026-09-28_13-03-16,17.5,16.3,0.000480892,0.0987,0.00487225937183,0.00151933,0.09875,0.0153856202532,0.316676175003,1.01345176999
YbYag5,Yb_Yag5_2026-09-28_14-57-53,Yb_Yag5_2026-09-28_13-03-16,17.6,16.3,0.000480117,0.0988,0.00485948380567,0.00151623,0.09875,0.0153542278481,0.316491578329,1.01286100933
YbYag5,Yb_Yag5_2026-09-28_14-57-53,Yb_Yag5_2026-09-28_13-03-16,17.7,16.3,0.000478568,0.0988,0.00484380566802,0.00151516,0.0989,0.0153201213347,0.316172800606,1.01184083203
YbYag5,Yb_Yag5_2026-09-28_14-57-53,Yb_Yag5_2026-09-28_13-03-16,17.8,16.3,0.000471236,0.0988,0.0047695951417,0.00150574,0.09875,0.015248,0.31280136029,1.00105128603
YbYag5,Yb_Yag5_2026-09-28_14-57-53,Yb_Yag5_2026-09-28_13-03-16,17.9,16.3,0.000479164,0.09885,0.00484738492666,0.00150586,0.0987,0.0152569402229,0.317716714875,1.01678178677
YbYag5,Yb_Yag5_2026-09-28_14-57-53,Yb_Yag5_2026-09-28_13-03-16,18,16.3,0.000482263,0.0986,0.00489110547667,0.00151349,0.09875,0.0153264810127,0.319127754937,1.02129750712
YbYag5,Yb_Yag5_2026-09-28_14-57-53,Yb_Yag5_2026-09-28_13-03-16,18.1,16.3,0.000482859,0.0988,0.00488723684211,0.00150348,0.09865,0.0152405473898,0.320673314226,1.02624372639
YbYag5,Yb_Yag5_2026-09-28_14-57-53,Yb_Yag5_2026-09-28_13-03-16,18.2,16.3,0.000475885,0.09885,0.00481421345473,0.00150908,0.09875,0.0152818227848,0.3150287451,1.00817953645
YbYag5,Yb_Yag5_2026-09-28_14-57-53,Yb_Yag5_2026-09-28_13-03-16,18.3,16.3,0.000476124,0.0988,0.00481906882591,0.00150812,0.0988,0.0152643724696,0.315706972921,1.01035005397
YbYag5,Yb_Yag5_2026-09-28_14-57-53,Yb_Yag5_2026-09-28_13-03-16,18.4,16.3,0.000476183,0.0988,0.0048196659919,0.0015148,0.0989,0.0153164812942,0.314671881833,1.00703747482
YbYag5,Yb_Yag5_2026-09-28_14-57-53,Yb_Yag5_2026-09-28_13-03-16,18.5,16.3,0.000479998,0.09875,0.00486073924051,0.00150348,0.0987,0.0152328267477,0.319096338521,1.02119696586
YbYag5,Yb_Yag5_2026-09-28_14-57-53,Yb_Yag5_2026-09-28_13-03-16,18.6,16.3,0.00047666,0.09875,0.00482693670886,0.00151373,0.0989,0.0153056622851,0.315369346256,1.00926955481
YbYag5,Yb_Yag5_2026-09-28_14-57-53,Yb_Yag5_2026-09-28_13-03-16,18.7,16.3,0.000479998,0.09885,0.00485582195245,0.00151623,0.09875,0.0153542278481,0.316253086804,1.01209777017
YbYag5,Yb_Yag5_2026-09-28_14-57-53,Yb_Yag5_2026-09-28_13-03-16,18.8,16.3,0.00047523,0.0988,0.00481002024291,0.00151802,0.09865,0.0153879371515,0.3125838243,1.00035511041
YbYag5,Yb_Yag5_2026-09-28_14-57-53,Yb_Yag5_2026-09-28_13-03-16,18.9,16.3,0.000480058,0.0988,0.00485888663968,0.00152124,0.09885,0.0153893778452,0.315729894253,1.0104234086
YbYag5,Yb_Yag5_2026-09-28_14-57-53,Yb_Yag5_2026-09-28_13-03-16,19,16.3,0.000483694,0.09875,0.00489816708861,0.00152064,0.0987,0.0154066869301,0.317924749872,1.01744755658
YbYag5,Yb_Yag5_2026-09-28_14-57-53,Yb_Yag5_2026-09-28_13-03-16,19.1,16.3,0.000471355,0.09875,0.00477321518987,0.0015179,0.09875,0.0153711392405,0.310530996772,0.993785491799
YbYag5,Yb_Yag5_2026-09-28_14-57-53,Yb_Yag5_2026-09-28_13-03-16,19.2,16.3,0.000480654,0.09885,0.00486245827011,0.00150443,0.09865,0.0152501773948,0.318846013671,1.02039585677
YbYag5,Yb_Yag5_2026-09-28_14-57-53,Yb_Yag5_2026-09-28_13-03-16,19.3,16.3,0.000475468,0.09875,0.00481486582278,0.00150908,0.09875,0.0152818227848,0.315071434251,1.0083161536
YbYag5,Yb_Yag5_2026-09-28_14-57-53,Yb_Yag5_2026-09-28_13-03-16,19.4,16.3,0.000483932,0.09875,0.00490057721519,0.0015185,0.0987,0.0153850050659,0.318529450865,1.01938276781
YbYag5,Yb_Yag5_2026-09-28_14-57-53,Yb_Yag5_2026-09-28_13-03-16,19.5,16.3,0.00048125,0.09875,0.00487341772152,0.0015173,0.0987,0.0153728470111,0.317014650442,1.01453498547
YbYag5,Yb_Yag5_2026-09-28_14-57-53,Yb_Yag5_2026-09-28_13-03-16,19.6,16.3,0.000484647,0.09865,0.00491279270147,0.00152195,0.09875,0.0154121518987,0.318760983785,1.0201237375
YbYag5,Yb_Yag5_2026-09-28_14-57-53,Yb_Yag5_2026-09-28_13-03-16,19.7,16.3,0.00048906,0.09865,0.00495752660922,0.00151706,0.09865,0.015378205778,0.322373538291,1.03168491591
YbYag5,Yb_Yag5_2026-09-28_14-57-53,Yb_Yag5_2026-09-28_13-03-16,19.8,16.3,0.000484588,0.0986,0.00491468559838,0.00151301,0.0987,0.0153293819656,0.320605593194,1.02602700026
YbYag5,Yb_Yag5_2026-09-28_14-57-53,Yb_Yag5_2026-09-28_13-03-16,19.9,16.3,0.000488523,0.0985,0.00495962436548,0.00151981,0.09865,0.0154060821085,0.321926387939,1.03025391052
YbYag5,Yb_Yag5_2026-09-28_14-57-53,Yb_Yag5_2026-09-28_13-03-16,20,16.3,0.000484528,0.0985,0.00491906598985,0.00152624,0.09865,0.0154712620375,0.317948592554,1.01752385978
YbYag5,Yb_Yag5_2026-09-28_14-57-53,Yb_Yag5_2026-09-28_13-03-16,20.1,16.3,0.00048423,0.09855,0.00491354642314,0.00152744,0.09855,0.0154991374937,0.317020635835,1.01455414039
YbYag5,Yb_Yag5_2026-09-28_14-57-53,Yb_Yag5_2026-09-28_13-03-16,20.2,16.3,0.000488345,0.0985,0.00495781725888,0.00153042,0.09865,0.0155136340598,0.319578071764,1.02273864612
YbYag5,Yb_Yag5_2026-09-28_14-57-53,Yb_Yag5_2026-09-28_13-03-16,20.3,16.3,0.000479044,0.09855,0.00486092338914,0.00152303,0.0986,0.0154465517241,0.314693109243,1.00710540843
YbYag5,Yb_Yag5_2026-09-28_14-57-53,Yb_Yag5_2026-09-28_13-03-16,20.4,16.3,0.000481369,0.09855,0.00488451547438,0.00153101,0.0988,0.0154960526316,0.315210304876,1.0087605782
YbYag5,Yb_Yag5_2026-09-28_14-57-53,Yb_Yag5_2026-09-28_13-03-16,20.5,16.3,0.00048578,0.0986,0.00492677484787,0.00152851,0.0987,0.0154864235056,0.318135097241,1.01812072662
YbYag5,Yb_Yag5_2026-09-28_14-57-53,Yb_Yag5_2026-09-28_13-03-16,20.6,16.3,0.000483157,0.09855,0.00490265854896,0.00152148,0.09855,0.0154386605784,0.317557246891,1.0162714449
YbYag5,Yb_Yag5_2026-09-28_14-57-53,Yb_Yag5_2026-09-28_13-03-16,20.7,16.3,0.000479521,0.09865,0.00486083122149,0.00152064,0.0987,0.0154066869301,0.315501395176,1.00969214806
YbYag5,Yb_Yag5_2026-09-28_14-57-53,Yb_Yag5_2026-09-28_13-03-16,20.8,16.3,0.000475707,0.09865,0.00482216928535,0.00151802,0.0987,0.015380141844,0.313532172477,1.00339008814
YbYag5,Yb_Yag5_2026-09-28_14-57-53,Yb_Yag5_2026-09-28_13-03-16,20.9,16.3,0.000470342,0.09865,0.00476778509883,0.00149203,0.0987,0.0151168186424,0.315396063922,1.00935505877
YbYag5,Yb_Yag5_2026-09-28_14-57-53,Yb_Yag5_2026-09-28_13-03-16,21,16.3,0.000460329,0.0986,0.00466865111562,0.00147022,0.09865,0.0149033958439,0.313260894666,1.00252192375
YbYag5,Yb_Yag5_2026-09-28_14-57-53,Yb_Yag5_2026-09-28_13-03-16,21.1,16.3,0.000450971,0.0987,0.00456910840932,0.00144208,0.0987,0.014610739615,0.31272259514,1.00079921566
YbYag5,Yb_Yag5_2026-09-28_14-57-53,Yb_Yag5_2026-09-28_13-03-16,21.2,16.3,0.000426324,0.0985,0.00432816243655,0.00140227,0.09875,0.0142002025316,0.30479582435,0.975431346141
YbYag5,Yb_Yag5_2026-09-28_14-57-53,Yb_Yag5_2026-09-28_13-03-16,21.3,16.3,0.00039232,0.0987,0.0039748733536,0.00131834,0.0988,0.0133435222672,0.297887864539,0.9533239549
YbYag5,Yb_Yag5_2026-09-28_14-57-53,Yb_Yag5_2026-09-28_13-03-16,21.4,16.3,0.000294687,0.0987,0.00298568389058,0.00120629,0.09875,0.0122155949367,0.244415757567,0.782198351732
YbYag5,Yb_Yag5_2026-09-28_14-57-53,Yb_Yag5_2026-09-28_13-03-16,13.2,16.4,0.000426235,0.0983,0.00433606307223,0.00105215,0.09825,0.0107089058524,0.404902529912,1.29580062539
YbYag5,Yb_Yag5_2026-09-28_14-57-53,Yb_Yag5_2026-09-28_13-03-16,13.3,16.4,0.000466349,0.0983,0.00474414038657,0.00139881,0.09835,0.0142227758007,0.333559387636,1.06748274257
YbYag5,Yb_Yag5_2026-09-28_14-57-53,Yb_Yag5_2026-09-28_13-03-16,13.4,16.4,0.000480833,0.09825,0.00489397455471,0.00149275,0.09835,0.0151779359431,0.322440058586,1.03189779935
YbYag5,Yb_Yag5_2026-09-28_14-57-53,Yb_Yag5_2026-09-28_13-03-16,13.5,16.4,0.000483694,0.0984,0.00491558943089,0.00151492,0.09825,0.0154190330789,0.318800109302,1.02024895003
YbYag5,Yb_Yag5_2026-09-28_14-57-53,Yb_Yag5_2026-09-28_13-03-16,13.6,16.4,0.000481727,0.09825,0.00490307379135,0.00152493,0.0984,0.0154972560976,0.316383349444,1.01251464682
YbYag5,Yb_Yag5_2026-09-28_14-57-53,Yb_Yag5_2026-09-28_13-03-16,13.7,16.4,0.000480654,0.0983,0.00488966429298,0.00152207,0.0982,0.015499694501,0.315468430211,1.00958665101
YbYag5,Yb_Yag5_2026-09-28_14-57-53,Yb_Yag5_2026-09-28_13-03-16,13.8,16.4,0.000484766,0.09825,0.00493400508906,0.00153507,0.0984,0.015600304878,0.316276196372,1.01217172721
YbYag5,Yb_Yag5_2026-09-28_14-57-53,Yb_Yag5_2026-09-28_13-03-16,13.9,16.4,0.000473263,0.0985,0.00480470050761,0.00152958,0.0984,0.0155445121951,0.309093038579,0.989183625947
YbYag5,Yb_Yag5_2026-09-28_14-57-53,Yb_Yag5_2026-09-28_13-03-16,14,16.4,0.000479164,0.09825,0.00487698727735,0.0015173,0.09835,0.0154275546518,0.316121860361,1.01167780909
YbYag5,Yb_Yag5_2026-09-28_14-57-53,Yb_Yag5_2026-09-28_13-03-16,14.1,16.4,0.000483157,0.09825,0.00491762849873,0.0015173,0.09835,0.0154275546518,0.318756187207,1.02010838712
YbYag5,Yb_Yag5_2026-09-28_14-57-53,Yb_Yag5_2026-09-28_13-03-16,14.2,16.4,0.000481011,0.0983,0.00489329603255,0.00153101,0.09845,0.015551142712,0.31465829381,1.00699398937
YbYag5,Yb_Yag5_2026-09-28_14-57-53,Yb_Yag5_2026-09-28_13-03-16,14.3,16.4,0.000480654,0.09845,0.00488221432199,0.00152624,0.09845,0.0155026917217,0.314926879127,1.00785353703
YbYag5,Yb_Yag5_2026-09-28_14-57-53,Yb_Yag5_2026-09-28_13-03-16,14.4,16.4,0.000483455,0.09845,0.00491066531234,0.00152863,0.0985,0.0155190862944,0.316427476411,1.01265586538
YbYag5,Yb_Yag5_2026-09-28_14-57-53,Yb_Yag5_2026-09-28_13-03-16,14.5,16.4,0.000479938,0.09865,0.00486505828687,0.00152541,0.0985,0.0154863959391,0.314150452178,1.00536875501
YbYag5,Yb_Yag5_2026-09-28_14-57-53,Yb_Yag5_2026-09-28_13-03-16,14.6,16.4,0.000483753,0.09855,0.00490870624049,0.00152243,0.09855,0.0154483003551,0.317750569814,1.01689013198
YbYag5,Yb_Yag5_2026-09-28_14-57-53,Yb_Yag5_2026-09-28_13-03-16,14.7,16.4,0.000483336,0.0986,0.00490198782961,0.00152159,0.0986,0.0154319472617,0.317651929888,1.01657445681
YbYag5,Yb_Yag5_2026-09-28_14-57-53,Yb_Yag5_2026-09-28_13-03-16,14.8,16.4,0.000484886,0.0986,0.00491770791075,0.00151456,0.09855,0.015368442415,0.31998739872,1.02404860614
YbYag5,Yb_Yag5_2026-09-28_14-57-53,Yb_Yag5_2026-09-28_13-03-16,14.9,16.4,0.000479819,0.09855,0.00486878741755,0.00151397,0.0985,0.0153702538071,0.316766884832,1.01374206666
YbYag5,Yb_Yag5_2026-09-28_14-57-53,Yb_Yag5_2026-09-28_13-03-16,15,16.4,0.000475647,0.09865,0.00482156107451,0.00152303,0.0987,0.0154309017224,0.312461394755,0.999963301838
YbYag5,Yb_Yag5_2026-09-28_14-57-53,Yb_Yag5_2026-09-28_13-03-16,15.1,16.4,0.000480415,0.09875,0.00486496202532,0.00152159,0.0987,0.0154163120567,0.315572363055,1.00991926499
YbYag5,Yb_Yag5_2026-09-28_14-57-53,Yb_Yag5_2026-09-28_13-03-16,15.2,16.4,0.000479462,0.09875,0.00485531139241,0.00152159,0.0988,0.015400708502,0.315265456247,1.00893707791
YbYag5,Yb_Yag5_2026-09-28_14-57-53,Yb_Yag5_2026-09-28_13-03-16,15.3,16.4,0.000476303,0.09875,0.00482332151899,0.00152314,0.0987,0.0154320162107,0.312552906447,1.00025616468
YbYag5,Yb_Yag5_2026-09-28_14-57-53,Yb_Yag5_2026-09-28_13-03-16,15.4,16.4,0.000479998,0.0989,0.00485336703741,0.00152958,0.09875,0.0154894177215,0.313334376067,1.00275708465
YbYag5,Yb_Yag5_2026-09-28_14-57-53,Yb_Yag5_2026-09-28_13-03-16,15.5,16.4,0.000484051,0.0987,0.00490426545086,0.00152696,0.0987,0.0154707193516,0.317003064913,1.01449790855
YbYag5,Yb_Yag5_2026-09-28_14-57-53,Yb_Yag5_2026-09-28_13-03-16,15.6,16.4,0.000483157,0.09865,0.00489768879878,0.0015359,0.0987,0.0155612968592,0.314735259091,1.00724029966
YbYag5,Yb_Yag5_2026-09-28_14-57-53,Yb_Yag5_2026-09-28_13-03-16,15.7,16.4,0.00047666,0.09875,0.00482693670886,0.00152815,0.0987,0.0154827760892,0.3117617074,0.997724107846
YbYag5,Yb_Yag5_2026-09-28_14-57-53,Yb_Yag5_2026-09-28_13-03-16,15.8,16.4,0.000481369,0.0987,0.00487709219858,0.00153256,0.09865,0.0155353269133,0.313935601471,1.00468117304
YbYag5,Yb_Yag5_2026-09-28_14-57-53,Yb_Yag5_2026-09-28_13-03-16,15.9,16.4,0.0004797,0.09875,0.00485772151899,0.00153626,0.099,0.0155177777778,0.31304234334,1.00182249877
YbYag5,Yb_Yag5_2026-09-28_14-57-53,Yb_Yag5_2026-09-28_13-03-16,16,16.4,0.000483872,0.0989,0.00489253791709,0.00153805,0.09895,0.0155437089439,0.314760005784,1.00731949596
YbYag5,Yb_Yag5_2026-09-28_14-57-53,Yb_Yag5_2026-09-28_13-03-16,16.1,16.4,0.000481369,0.09865,0.00487956411556,0.0015266,0.0986,0.0154827586207,0.315161156684,1.00860329032
YbYag5,Yb_Yag5_2026-09-28_14-57-53,Yb_Yag5_2026-09-28_13-03-16,16.2,16.4,0.000483753,0.0986,0.00490621703854,0.00153662,0.09875,0.0155607088608,0.315295214532,1.00903231269
YbYag5,Yb_Yag5_2026-09-28_14-57-53,Yb_Yag5_2026-09-28_13-03-16,16.3,16.4,0.000484588,0.0988,0.00490473684211,0.0015384,0.0988,0.0155708502024,0.314994799793,1.00807090204
YbYag5,Yb_Yag5_2026-09-28_14-57-53,Yb_Yag5_2026-09-28_13-03-16,16.4,16.4,0.000485362,0.09875,0.00491505822785,0.00153721,0.09865,0.0155824632539,0.315422417352,1.00943939707
YbYag5,Yb_Yag5_2026-09-28_14-57-53,Yb_Yag5_2026-09-28_13-03-16,16.5,16.4,0.000484945,0.09885,0.00490586747597,0.00154138,0.0988,0.0156010121457,0.314458281947,1.00635389582
YbYag5,Yb_Yag5_2026-09-28_14-57-53,Yb_Yag5_2026-09-28_13-03-16,16.6,16.4,0.000484647,0.09875,0.00490781772152,0.00154055,0.0987,0.0156084093212,0.314434201495,1.00627683168
YbYag5,Yb_Yag5_2026-09-28_14-57-53,Yb_Yag5_2026-09-28_13-03-16,16.7,16.4,0.000480892,0.09885,0.00486486595852,0.00153757,0.0987,0.0155782168186,0.312286445565,0.999403415808
YbYag5,Yb_Yag5_2026-09-28_14-57-53,Yb_Yag5_2026-09-28_13-03-16,16.8,16.4,0.000484886,0.09875,0.00491023797468,0.00153411,0.09865,0.0155510390269,0.315749832933,1.01048721792
YbYag5,Yb_Yag5_2026-09-28_14-57-53,Yb_Yag5_2026-09-28_13-03-16,16.9,16.4,0.000486495,0.0986,0.00493402636917,0.0015396,0.0988,0.0155829959514,0.316628868066,1.01330037465
YbYag5,Yb_Yag5_2026-09-28_14-57-53,Yb_Yag5_2026-09-28_13-03-16,17,16.4,0.000481786,0.09875,0.00487884556962,0.00152982,0.0987,0.0154996960486,0.314770402873,1.00735276953
YbYag5,Yb_Yag5_2026-09-28_14-57-53,Yb_Yag5_2026-09-28_13-03-16,17.1,16.4,0.000483872,0.09875,0.00489996962025,0.00153363,0.09885,0.0155147192716,0.3158271532,1.01073466427
YbYag5,Yb_Yag5_2026-09-28_14-57-53,Yb_Yag5_2026-09-28_13-03-16,17.2,16.4,0.00048423,0.09865,0.00490856563609,0.0015272,0.09875,0.0154653164557,0.31739186522,1.01574217759
YbYag5,Yb_Yag5_2026-09-28_14-57-53,Yb_Yag5_2026-09-28_13-03-16,17.3,16.4,0.000481131,0.0987,0.00487468085106,0.00152279,0.09875,0.0154206582278,0.316113669018,1.01165159451
YbYag5,Yb_Yag5_2026-09-28_14-57-53,Yb_Yag5_2026-09-28_13-03-16,17.4,16.4,0.000481607,0.0987,0.0048795035461,0.00152064,0.09875,0.0153988860759,0.316873799965,1.0140842248
YbYag5,Yb_Yag5_2026-09-28_14-57-53,Yb_Yag5_2026-09-28_13-03-16,17.5,16.4,0.000474753,0.09865,0.00481249873289,0.00151444,0.0987,0.0153438703141,0.313643079248,1.00374502063
YbYag5,Yb_Yag5_2026-09-28_14-57-53,Yb_Yag5_2026-09-28_13-03-16,17.6,16.4,0.000480654,0.09865,0.00487231626964,0.00152207,0.09875,0.0154133670886,0.31610979234,1.01163918807
YbYag5,Yb_Yag5_2026-09-28_14-57-53,Yb_Yag5_2026-09-28_13-03-16,17.7,16.4,0.000473024,0.0989,0.00478285136502,0.00151969,0.09885,0.0153736975215,0.311106118637,0.995626041606
YbYag5,Yb_Yag5_2026-09-28_14-57-53,Yb_Yag5_2026-09-28_13-03-16,17.8,16.4,0.000475766,0.09875,0.0048178835443,0.00152005,0.09895,0.0153617988883,0.313627562718,1.00369536342
YbYag5,Yb_Yag5_2026-09-28_14-57-53,Yb_Yag5_2026-09-28_13-03-16,17.9,16.4,0.000474693,0.0987,0.00480945288754,0.00151075,0.0987,0.0153064842958,0.314210160517,1.00555983829
YbYag5,Yb_Yag5_2026-09-28_14-57-53,Yb_Yag5_2026-09-28_13-03-16,18,16.4,0.000472607,0.09885,0.00478105209914,0.00151349,0.09885,0.0153109762266,0.312263047658,0.999328536003
YbYag5,Yb_Yag5_2026-09-28_14-57-53,Yb_Yag5_2026-09-28_13-03-16,18.1,16.4,0.000476481,0.09875,0.00482512405063,0.00151027,0.0988,0.0152861336032,0.315653662063,1.01017944441
YbYag5,Yb_Yag5_2026-09-28_14-57-53,Yb_Yag5_2026-09-28_13-03-16,18.2,16.4,0.000475647,0.0987,0.00481911854103,0.00151122,0.0987,0.0153112462006,0.314743716997,1.00726736731
YbYag5,Yb_Yag5_2026-09-28_14-57-53,Yb_Yag5_2026-09-28_13-03-16,18.3,16.4,0.000479879,0.09875,0.00485953417722,0.00151671,0.0988,0.0153513157895,0.316554896261,1.01306364432
YbYag5,Yb_Yag5_2026-09-28_14-57-53,Yb_Yag5_2026-09-28_13-03-16,18.4,16.4,0.000481131,0.0988,0.00486974696356,0.00151826,0.09885,0.0153592311583,0.317056688149,1.01466951781
YbYag5,Yb_Yag5_2026-09-28_14-57-53,Yb_Yag5_2026-09-28_13-03-16,18.5,16.4,0.000483396,0.09875,0.00489514936709,0.00152136,0.0988,0.0153983805668,0.317900271776,1.01736921986
YbYag5,Yb_Yag5_2026-09-28_14-57-53,Yb_Yag5_2026-09-28_13-03-16,18.6,16.4,0.000476601,0.0987,0.00482878419453,0.00152219,0.0988,0.0154067813765,0.313419401271,1.00302918893
YbYag5,Yb_Yag5_2026-09-28_14-57-53,Yb_Yag5_2026-09-28_13-03-16,18.7,16.4,0.000483813,0.0988,0.00489689271255,0.00152744,0.0988,0.0154599190283,0.316747630022,1.01368044591
YbYag5,Yb_Yag5_2026-09-28_14-57-53,Yb_Yag5_2026-09-28_13-03-16,18.8,16.4,0.00047964,0.0987,0.00485957446809,0.00152386,0.09865,0.0154471363406,0.314593874291,1.00678782901
YbYag5,Yb_Yag5_2026-09-28_14-57-53,Yb_Yag5_2026-09-28_13-03-16,18.9,16.4,0.0004797,0.0988,0.00485526315789,0.00153173,0.0988,0.015503340081,0.313175298518,1.00224799229
YbYag5,Yb_Yag5_2026-09-28_14-57-53,Yb_Yag5_2026-09-28_13-03-16,19,16.4,0.000479342,0.0988,0.00485163967611,0.00152779,0.0988,0.0154634615385,0.313748617283,1.00408277167
YbYag5,Yb_Yag5_2026-09-28_14-57-53,Yb_Yag5_2026-09-28_13-03-16,19.1,16.4,0.000470521,0.09875,0.00476476962025,0.00152422,0.0988,0.0154273279352,0.308852553097,0.98841400557
YbYag5,Yb_Yag5_2026-09-28_14-57-53,Yb_Yag5_2026-09-28_13-03-16,19.2,16.4,0.000479462,0.09875,0.00485531139241,0.00151861,0.09875,0.0153783291139,0.315724247833,1.01040533849
YbYag5,Yb_Yag5_2026-09-28_14-57-53,Yb_Yag5_2026-09-28_13-03-16,19.3,16.4,0.000480058,0.0987,0.00486380952381,0.0015142,0.0986,0.0153569979716,0.316716166324,1.01357975334
YbYag5,Yb_Yag5_2026-09-28_14-57-53,Yb_Yag5_2026-09-28_13-03-16,19.4,16.4,0.000484409,0.09855,0.00491536276002,0.00152171,0.0987,0.0154175278622,0.318816531674,1.02030150619
YbYag5,Yb_Yag5_2026-09-28_14-57-53,Yb_Yag5_2026-09-28_13-03-16,19.5,16.4,0.000483753,0.09865,0.00490373035986,0.00152803,0.0987,0.0154815602837,0.316746521022,1.01367689681
YbYag5,Yb_Yag5_2026-09-28_14-57-53,Yb_Yag5_2026-09-28_13-03-16,19.6,16.4,0.000477197,0.09865,0.00483727318804,0.00152744,0.0986,0.0154912778905,0.312257853886,0.999311914489
YbYag5,Yb_Yag5_2026-09-28_14-57-53,Yb_Yag5_2026-09-28_13-03-16,19.7,16.4,0.000480356,0.0986,0.00487176470588,0.00153232,0.0987,0.0155250253293,0.313800757329,1.00424963431
YbYag5,Yb_Yag5_2026-09-28_14-57-53,Yb_Yag5_2026-09-28_13-03-16,19.8,16.4,0.000483098,0.09855,0.00490205986809,0.00152827,0.09865,0.0154918398378,0.316428514587,1.01265918783
YbYag5,Yb_Yag5_2026-09-28_14-57-53,Yb_Yag5_2026-09-28_13-03-16,19.9,16.4,0.000479521,0.0986,0.00486329614604,0.00154258,0.0987,0.0156289766971,0.311171757454,0.99583610406
YbYag5,Yb_Yag5_2026-09-28_14-57-53,Yb_Yag5_2026-09-28_13-03-16,20,16.4,0.000487329,0.0985,0.00494750253807,0.0015384,0.09865,0.0155945261024,0.317258921854,1.01531672187
YbYag5,Yb_Yag5_2026-09-28_14-57-53,Yb_Yag5_2026-09-28_13-03-16,20.1,16.4,0.000482919,0.0985,0.00490273096447,0.00153995,0.0986,0.0156181541582,0.313912317346,1.00460665737
YbYag5,Yb_Yag5_2026-09-28_14-57-53,Yb_Yag5_2026-09-28_13-03-16,20.2,16.4,0.000484945,0.09855,0.00492080162354,0.00153054,0.09855,0.0155305936073,0.31684568845,1.01399426013
YbYag5,Yb_Yag5_2026-09-28_14-57-53,Yb_Yag5_2026-09-28_13-03-16,20.3,16.4,0.000475528,0.0987,0.00481791286727,0.00153518,0.09865,0.0155618854536,0.309596988208,0.990796404817
YbYag5,Yb_Yag5_2026-09-28_14-57-53,Yb_Yag5_2026-09-28_13-03-16,20.4,16.4,0.000482799,0.09855,0.00489902587519,0.0015322,0.09845,0.015563230066,0.314782076369,1.00739012796
YbYag5,Yb_Yag5_2026-09-28_14-57-53,Yb_Yag5_2026-09-28_13-03-16,20.5,16.4,0.000480415,0.0986,0.00487236308316,0.00153101,0.09855,0.01553536276,0.313630467369,1.00370465911
YbYag5,Yb_Yag5_2026-09-28_14-57-53,Yb_Yag5_2026-09-28_13-03-16,20.6,16.4,0.000480654,0.0987,0.00486984802432,0.00152207,0.09855,0.0154446473871,0.315309757631,1.00907885465
YbYag5,Yb_Yag5_2026-09-28_14-57-53,Yb_Yag5_2026-09-28_13-03-16,20.7,16.4,0.000479164,0.0986,0.00485967545639,0.00152148,0.0986,0.015430831643,0.314932828562,1.00787257687
YbYag5,Yb_Yag5_2026-09-28_14-57-53,Yb_Yag5_2026-09-28_13-03-16,20.8,16.4,0.000476601,0.09855,0.00483613394216,0.00150848,0.0986,0.0152989858012,0.316108139781,1.01163389942
YbYag5,Yb_Yag5_2026-09-28_14-57-53,Yb_Yag5_2026-09-28_13-03-16,20.9,16.4,0.000467243,0.09865,0.00473637100862,0.00149787,0.0986,0.0151913793103,0.31178018216,0.997783232211
YbYag5,Yb_Yag5_2026-09-28_14-57-53,Yb_Yag5_2026-09-28_13-03-16,21,16.4,0.00047064,0.0986,0.00477322515213,0.00149322,0.0986,0.0151442190669,0.315184634549,1.00867842602
YbYag5,Yb_Yag5_2026-09-28_14-57-53,Yb_Yag5_2026-09-28_13-03-16,21.1,16.4,0.000453057,0.0986,0.00459489858012,0.00146426,0.0986,0.0148505070994,0.309410214033,0.990198675548
YbYag5,Yb_Yag5_2026-09-28_14-57-53,Yb_Yag5_2026-09-28_13-03-16,21.2,16.4,0.000435235,0.0985,0.00441862944162,0.00140525,0.0985,0.0142664974619,0.309720690269,0.991192285791
YbYag5,Yb_Yag5_2026-09-28_14-57-53,Yb_Yag5_2026-09-28_13-03-16,21.3,16.4,0.00040287,0.0986,0.00408590263692,0.00133622,0.09875,0.0135313417722,0.301958424058,0.966350876642
YbYag5,Yb_Yag5_2026-09-28_14-57-53,Yb_Yag5_2026-09-28_13-03-16,21.4,16.4,0.000318708,0.0986,0.0032323326572,0.00121785,0.0986,0.0123514198783,0.261697253356,0.837503941097
YbYag5,Yb_Yag5_2026-09-28_14-57-53,Yb_Yag5_2026-09-28_13-03-16,13.2,16.5,0.00043452,0.0983,0.00442034587996,0.0010903,0.09825,0.0110972010178,0.39832980162,1.27476606818
YbYag5,Yb_Yag5_2026-09-28_14-57-53,Yb_Yag5_2026-09-28_13-03-16,13.3,16.5,0.000466289,0.09835,0.0047411184545,0.00141073,0.0983,0.0143512716175,0.330362255058,1.05725102978
YbYag5,Yb_Yag5_2026-09-28_14-57-53,Yb_Yag5_2026-09-28_13-03-16,13.4,16.5,0.000475826,0.09825,0.00484301272265,0.00149751,0.09835,0.0152263345196,0.31806819405,1.01790661781
YbYag5,Yb_Yag5_2026-09-28_14-57-53,Yb_Yag5_2026-09-28_13-03-16,13.5,16.5,0.000476064,0.0982,0.00484790224033,0.00152314,0.09825,0.015502697201,0.312713470274,1.00077001355
YbYag5,Yb_Yag5_2026-09-28_14-57-53,Yb_Yag5_2026-09-28_13-03-16,13.6,16.5,0.000483872,0.0982,0.00492741344196,0.00153256,0.09825,0.0155985750636,0.315888689952,1.01093159897
YbYag5,Yb_Yag5_2026-09-28_14-57-53,Yb_Yag5_2026-09-28_13-03-16,13.7,16.5,0.000479104,0.09825,0.00487637659033,0.00154067,0.09835,0.015665175394,0.311287710969,0.996207187535
YbYag5,Yb_Yag5_2026-09-28_14-57-53,Yb_Yag5_2026-09-28_13-03-16,13.8,16.5,0.000483753,0.09825,0.00492369465649,0.00153721,0.09845,0.0156141188421,0.315336056186,1.00916301734
YbYag5,Yb_Yag5_2026-09-28_14-57-53,Yb_Yag5_2026-09-28_13-03-16,13.9,16.5,0.00048417,0.09825,0.0049279389313,0.00153709,0.09835,0.0156287747839,0.315311916605,1.00908576397
YbYag5,Yb_Yag5_2026-09-28_14-57-53,Yb_Yag5_2026-09-28_13-03-16,14,16.5,0.000479402,0.09835,0.00487444839858,0.00154019,0.0984,0.0156523373984,0.311419839383,0.996630035181
YbYag5,Yb_Yag5_2026-09-28_14-57-53,Yb_Yag5_2026-09-28_13-03-16,14.1,16.5,0.000481131,0.0984,0.00488954268293,0.00153173,0.09835,0.0155742755465,0.313949927772,1.00472702118
YbYag5,Yb_Yag5_2026-09-28_14-57-53,Yb_Yag5_2026-09-28_13-03-16,14.2,16.5,0.000480535,0.0984,0.00488348577236,0.00152994,0.0984,0.0155481707317,0.314087480555,1.00516722832
YbYag5,Yb_Yag5_2026-09-28_14-57-53,Yb_Yag5_2026-09-28_13-03-16,14.3,16.5,0.000484826,0.0984,0.00492709349593,0.00152815,0.0984,0.0155299796748,0.317263357654,1.01533091767
YbYag5,Yb_Yag5_2026-09-28_14-57-53,Yb_Yag5_2026-09-28_13-03-16,14.4,16.5,0.000483396,0.0985,0.00490757360406,0.00152601,0.0985,0.0154924873096,0.316771187608,1.01375583673
YbYag5,Yb_Yag5_2026-09-28_14-57-53,Yb_Yag5_2026-09-28_13-03-16,14.5,16.5,0.000476958,0.0986,0.00483730223124,0.00152422,0.0985,0.0154743147208,0.312602032369,1.00041338129
YbYag5,Yb_Yag5_2026-09-28_14-57-53,Yb_Yag5_2026-09-28_13-03-16,14.6,16.5,0.000481548,0.0986,0.00488385395538,0.00153137,0.0986,0.0155311359026,0.314455683474,1.00634557999
YbYag5,Yb_Yag5_2026-09-28_14-57-53,Yb_Yag5_2026-09-28_13-03-16,14.7,16.5,0.000476183,0.09855,0.00483189244039,0.00152899,0.0985,0.0155227411168,0.311278298339,0.996177064502
YbYag5,Yb_Yag5_2026-09-28_14-57-53,Yb_Yag5_2026-09-28_13-03-16,14.8,16.5,0.000485362,0.0987,0.00491754812563,0.00152982,0.0987,0.0154996960486,0.317267390935,1.01534382529
YbYag5,Yb_Yag5_2026-09-28_14-57-53,Yb_Yag5_2026-09-28_13-03-16,14.9,16.5,0.000476124,0.0987,0.00482395136778,0.00152708,0.0986,0.0154876267748,0.311471307898,0.996794748732
YbYag5,Yb_Yag5_2026-09-28_14-57-53,Yb_Yag5_2026-09-28_13-03-16,15,16.5,0.000483336,0.0987,0.0048970212766,0.00153077,0.09865,0.0155171819564,0.315587024136,1.00996618453
YbYag5,Yb_Yag5_2026-09-28_14-57-53,Yb_Yag5_2026-09-28_13-03-16,15.1,16.5,0.000480892,0.09865,0.00487472883933,0.00152517,0.09875,0.0154447594937,0.315623486485,1.01008287418
YbYag5,Yb_Yag5_2026-09-28_14-57-53,Yb_Yag5_2026-09-28_13-03-16,15.2,16.5,0.000480654,0.09875,0.00486738227848,0.00153363,0.0987,0.0155382978723,0.313250673818,1.00248921419
YbYag5,Yb_Yag5_2026-09-28_14-57-53,Yb_Yag5_2026-09-28_13-03-16,15.3,16.5,0.000475051,0.09865,0.00481551951343,0.00152672,0.0987,0.0154682877406,0.31131561516,0.996296488699
YbYag5,Yb_Yag5_2026-09-28_14-57-53,Yb_Yag5_2026-09-28_13-03-16,15.4,16.5,0.000479581,0.0987,0.00485897669706,0.00152934,0.0987,0.0154948328267,0.313586906771,1.00356525309
YbYag5,Yb_Yag5_2026-09-28_14-57-53,Yb_Yag5_2026-09-28_13-03-16,15.5,16.5,0.000485601,0.0989,0.00491002022245,0.00152791,0.0988,0.0154646761134,0.317499066029,1.01608524997
YbYag5,Yb_Yag5_2026-09-28_14-57-53,Yb_Yag5_2026-09-28_13-03-16,15.6,16.5,0.000480654,0.0988,0.00486491902834,0.00153495,0.09875,0.0155437974684,0.312981370108,1.00162736748
YbYag5,Yb_Yag5_2026-09-28_14-57-53,Yb_Yag5_2026-09-28_13-03-16,15.7,16.5,0.000483574,0.09875,0.00489695189873,0.00153816,0.09875,0.0155763037975,0.314384719404,1.00611847524
YbYag5,Yb_Yag5_2026-09-28_14-57-53,Yb_Yag5_2026-09-28_13-03-16,15.8,16.5,0.000477435,0.09875,0.00483478481013,0.00153423,0.09875,0.0155365063291,0.31118867445,0.995890243148
YbYag5,Yb_Yag5_2026-09-28_14-57-53,Yb_Yag5_2026-09-28_13-03-16,15.9,16.5,0.000488345,0.09885,0.00494026302479,0.00153554,0.09875,0.0155497721519,0.317706457466,1.01674896021
YbYag5,Yb_Yag5_2026-09-28_14-57-53,Yb_Yag5_2026-09-28_13-03-16,16,16.5,0.000483992,0.0988,0.00489870445344,0.0015334,0.0987,0.0155359675785,0.315313766503,1.00909168416
YbYag5,Yb_Yag5_2026-09-28_14-57-53,Yb_Yag5_2026-09-28_13-03-16,16.1,16.5,0.000484111,0.0988,0.00489990890688,0.00154544,0.0987,0.0156579533941,0.312934186452,1.00147636666
YbYag5,Yb_Yag5_2026-09-28_14-57-53,Yb_Yag5_2026-09-28_13-03-16,16.2,16.5,0.000484528,0.0989,0.00489917087968,0.00153757,0.0987,0.0155782168186,0.314488553904,1.0064507745
YbYag5,Yb_Yag5_2026-09-28_14-57-53,Yb_Yag5_2026-09-28_13-03-16,16.3,16.5,0.00048429,0.09875,0.00490420253165,0.00153662,0.09875,0.0155607088608,0.315165753406,1.00861800111
YbYag5,Yb_Yag5_2026-09-28_14-57-53,Yb_Yag5_2026-09-28_13-03-16,16.4,16.5,0.000475528,0.0988,0.00481303643725,0.00154472,0.09885,0.0156269094588,0.307996693136,0.985675015837
YbYag5,Yb_Yag5_2026-09-28_14-57-53,Yb_Yag5_2026-09-28_13-03-16,16.5,16.5,0.00048119,0.09895,0.00486296109146,0.00154377,0.09875,0.0156331139241,0.311067975009,0.995503971395
YbYag5,Yb_Yag5_2026-09-28_14-57-53,Yb_Yag5_2026-09-28_13-03-16,16.6,16.5,0.00047821,0.0987,0.00484508611955,0.00153614,0.09875,0.0155558481013,0.31146396442,0.996771247562
YbYag5,Yb_Yag5_2026-09-28_14-57-53,Yb_Yag5_2026-09-28_13-03-16,16.7,16.5,0.000487806,0.0988,0.00493730769231,0.0015421,0.0988,0.0156082995951,0.316325789509,1.01233043903
YbYag5,Yb_Yag5_2026-09-28_14-57-53,Yb_Yag5_2026-09-28_13-03-16,16.8,16.5,0.000481548,0.0988,0.00487396761134,0.00154615,0.0987,0.0156651469098,0.311134497455,0.995716861709
YbYag5,Yb_Yag5_2026-09-28_14-57-53,Yb_Yag5_2026-09-28_13-03-16,16.9,16.5,0.000488941,0.09875,0.00495130126582,0.00153662,0.09875,0.0155607088608,0.318192526453,1.01830451606
YbYag5,Yb_Yag5_2026-09-28_14-57-53,Yb_Yag5_2026-09-28_13-03-16,17,16.5,0.00048906,0.09885,0.00494749620637,0.00153483,0.09875,0.0155425822785,0.318318804283,1.01870864021
YbYag5,Yb_Yag5_2026-09-28_14-57-53,Yb_Yag5_2026-09-28_13-03-16,17.1,16.5,0.00048119,0.0989,0.00486541961577,0.00153781,0.0988,0.0155648785425,0.312589629433,1.00037368845
YbYag5,Yb_Yag5_2026-09-28_14-57-53,Yb_Yag5_2026-09-28_13-03-16,17.2,16.5,0.000483992,0.0987,0.00490366767984,0.00154126,0.09875,0.0156076962025,0.314182670922,1.00547186395
YbYag5,Yb_Yag5_2026-09-28_14-57-53,Yb_Yag5_2026-09-28_13-03-16,17.3,16.5,0.000480356,0.0987,0.00486682877406,0.00152374,0.09875,0.015430278481,0.315407708296,1.009392324
YbYag5,Yb_Yag5_2026-09-28_14-57-53,Yb_Yag5_2026-09-28_13-03-16,17.4,16.5,0.00048578,0.09885,0.00491431461811,0.00152648,0.09875,0.0154580253165,0.317913479729,1.01741148899
YbYag5,Yb_Yag5_2026-09-28_14-57-53,Yb_Yag5_2026-09-28_13-03-16,17.5,16.5,0.000479044,0.0988,0.00484862348178,0.0015154,0.09865,0.0153613786113,0.315637261763,1.01012695889
YbYag5,Yb_Yag5_2026-09-28_14-57-53,Yb_Yag5_2026-09-28_13-03-16,17.6,16.5,0.000476601,0.0988,0.00482389676113,0.00152064,0.0988,0.0153910931174,0.313421322601,1.00303533773
YbYag5,Yb_Yag5_2026-09-28_14-57-53,Yb_Yag5_2026-09-28_13-03-16,17.7,16.5,0.00047666,0.09885,0.00482205361659,0.00151587,0.09875,0.0153505822785,0.314128384781,1.00529813321
YbYag5,Yb_Yag5_2026-09-28_14-57-53,Yb_Yag5_2026-09-28_13-03-16,17.8,16.5,0.000475766,0.09885,0.00481300961052,0.0015185,0.0987,0.0153850050659,0.312837700729,1.00116758554
YbYag5,Yb_Yag5_2026-09-28_14-57-53,Yb_Yag5_2026-09-28_13-03-16,17.9,16.5,0.000475349,0.0989,0.00480635995956,0.00151397,0.0987,0.0153391084093,0.313340243208,1.00277586113
YbYag5,Yb_Yag5_2026-09-28_14-57-53,Yb_Yag5_2026-09-28_13-03-16,18,16.5,0.000475826,0.09875,0.00481849113924,0.00151277,0.0987,0.0153269503546,0.314380292737,1.00610430868
YbYag5,Yb_Yag5_2026-09-28_14-57-53,Yb_Yag5_2026-09-28_13-03-16,18.1,16.5,0.000475468,0.09885,0.00480999494183,0.00151265,0.09875,0.0153179746835,0.314009850598,1.00491879088
YbYag5,Yb_Yag5_2026-09-28_14-57-53,Yb_Yag5_2026-09-28_13-03-16,18.2,16.5,0.000474276,0.0987,0.00480522796353,0.00151563,0.0988,0.0153403846154,0.313240383732,1.00245628306
YbYag5,Yb_Yag5_2026-09-28_14-57-53,Yb_Yag5_2026-09-28_13-03-16,18.3,16.5,0.000471892,0.09885,0.00477381891755,0.0015154,0.0988,0.0153380566802,0.311240140592,0.996054949107
YbYag5,Yb_Yag5_2026-09-28_14-57-53,Yb_Yag5_2026-09-28_13-03-16,18.4,16.5,0.00048417,0.0988,0.00490050607287,0.00151134,0.09875,0.0153047088608,0.320195968276,1.02471608668
YbYag5,Yb_Yag5_2026-09-28_14-57-53,Yb_Yag5_2026-09-28_13-03-16,18.5,16.5,0.000478866,0.09865,0.00485419158642,0.00152183,0.0988,0.0154031376518,0.315143037487,1.00854530386
YbYag5,Yb_Yag5_2026-09-28_14-57-53,Yb_Yag5_2026-09-28_13-03-16,18.6,16.5,0.000479462,0.09895,0.00484549772612,0.00152326,0.0988,0.015417611336,0.314283297232,1.0057938961
YbYag5,Yb_Yag5_2026-09-28_14-57-53,Yb_Yag5_2026-09-28_13-03-16,18.7,16.5,0.000483455,0.0987,0.00489822695035,0.00152446,0.09875,0.0154375696203,0.317292622532,1.01542457341
YbYag5,Yb_Yag5_2026-09-28_14-57-53,Yb_Yag5_2026-09-28_13-03-16,18.8,16.5,0.000478866,0.0988,0.00484682186235,0.00153852,0.09895,0.0155484588176,0.311723619634,0.997602216409
YbYag5,Yb_Yag5_2026-09-28_14-57-53,Yb_Yag5_2026-09-28_13-03-16,18.9,16.5,0.000484051,0.09875,0.00490178227848,0.00153435,0.09885,0.0155220030349,0.315795729936,1.01063410109
YbYag5,Yb_Yag5_2026-09-28_14-57-53,Yb_Yag5_2026-09-28_13-03-16,19,16.5,0.000480892,0.09885,0.00486486595852,0.00153602,0.0988,0.0155467611336,0.312918293188,1.0014255038
YbYag5,Yb_Yag5_2026-09-28_14-57-53,Yb_Yag5_2026-09-28_13-03-16,19.1,16.5,0.000488762,0.09865,0.00495450582869,0.0015303,0.0987,0.0155045592705,0.319551542372,1.02265374469
YbYag5,Yb_Yag5_2026-09-28_14-57-53,Yb_Yag5_2026-09-28_13-03-16,19.2,16.5,0.000484588,0.09875,0.00490722025316,0.001539,0.09885,0.0155690440061,0.315190852517,1.00869832524
YbYag5,Yb_Yag5_2026-09-28_14-57-53,Yb_Yag5_2026-09-28_13-03-16,19.3,16.5,0.000477197,0.09885,0.00482748609004,0.00152481,0.09875,0.0154411139241,0.312638460785,1.00052996234
YbYag5,Yb_Yag5_2026-09-28_14-57-53,Yb_Yag5_2026-09-28_13-03-16,19.4,16.5,0.000478627,0.0987,0.00484931104357,0.00152374,0.0987,0.0154380952381,0.314113300169,1.00524985826
YbYag5,Yb_Yag5_2026-09-28_14-57-53,Yb_Yag5_2026-09-28_13-03-16,19.5,16.5,0.00047976,0.09865,0.00486325392803,0.00152779,0.0987,0.0154791286727,0.31418137486,1.00546771619
YbYag5,Yb_Yag5_2026-09-28_14-57-53,Yb_Yag5_2026-09-28_13-03-16,19.6,16.5,0.000477375,0.0989,0.00482684529828,0.00153077,0.0987,0.0155093211753,0.311222215578,0.995997584079
YbYag5,Yb_Yag5_2026-09-28_14-57-53,Yb_Yag5_2026-09-28_13-03-16,19.7,16.5,0.000479044,0.0986,0.00485845841785,0.00153483,0.0988,0.0155347165992,0.312748442292,1.00088193373
YbYag5,Yb_Yag5_2026-09-28_14-57-53,Yb_Yag5_2026-09-28_13-03-16,19.8,16.5,0.00048417,0.09875,0.00490298734177,0.0015322,0.09865,0.0155316776483,0.315676609623,1.01025288298
YbYag5,Yb_Yag5_2026-09-28_14-57-53,Yb_Yag5_2026-09-28_13-03-16,19.9,16.5,0.000487925,0.09855,0.00495104008118,0.00153602,0.0986,0.015578296146,0.317816533643,1.01710123457
YbYag5,Yb_Yag5_2026-09-28_14-57-53,Yb_Yag5_2026-09-28_13-03-16,20,16.5,0.000484766,0.09865,0.00491399898632,0.00153137,0.0985,0.0155469035533,0.316075736205,1.01153019897
YbYag5,Yb_Yag5_2026-09-28_14-57-53,Yb_Yag5_2026-09-28_13-03-16,20.1,16.5,0.000484886,0.0986,0.00491770791075,0.00154651,0.0987,0.0156687943262,0.313853625772,1.00441882802
YbYag5,Yb_Yag5_2026-09-28_14-57-53,Yb_Yag5_2026-09-28_13-03-16,20.2,16.5,0.000475945,0.09865,0.00482458185504,0.00154472,0.0987,0.0156506585613,0.308267018678,0.986540132699
YbYag5,Yb_Yag5_2026-09-28_14-57-53,Yb_Yag5_2026-09-28_13-03-16,20.3,16.5,0.000488464,0.0986,0.0049539959432,0.00154174,0.09855,0.0156442415018,0.316665780353,1.01341850423
YbYag5,Yb_Yag5_2026-09-28_14-57-53,Yb_Yag5_2026-09-28_13-03-16,20.4,16.5,0.000483634,0.09875,0.00489755949367,0.00153363,0.0986,0.0155540567951,0.314873448013,1.00768254262
YbYag5,Yb_Yag5_2026-09-28_14-57-53,Yb_Yag5_2026-09-28_13-03-16,20.5,16.5,0.000480713,0.0987,0.00487044579534,0.00153089,0.0985,0.0155420304569,0.313372555076,1.00287926809
YbYag5,Yb_Yag5_2026-09-28_14-57-53,Yb_Yag5_2026-09-28_13-03-16,20.6,16.5,0.000475528,0.09865,0.00482035478966,0.00152934,0.09855,0.0155184170472,0.310621552121,0.994075294083
YbYag5,Yb_Yag5_2026-09-28_14-57-53,Yb_Yag5_2026-09-28_13-03-16,20.7,16.5,0.000479581,0.09865,0.00486143943234,0.00153793,0.09865,0.0155897617841,0.311835389127,0.997959909849
YbYag5,Yb_Yag5_2026-09-28_14-57-53,Yb_Yag5_2026-09-28_13-03-16,20.8,16.5,0.000481607,0.09855,0.00488693049214,0.00153018,0.0986,0.0155190669371,0.314898473726,1.00776263185
YbYag5,Yb_Yag5_2026-09-28_14-57-53,Yb_Yag5_2026-09-28_13-03-16,20.9,16.5,0.000475707,0.09845,0.0048319654647,0.00151039,0.09855,0.0153261288686,0.315276317074,1.00897183558
YbYag5,Yb_Yag5_2026-09-28_14-57-53,Yb_Yag5_2026-09-28_13-03-16,21,16.5,0.000466051,0.0985,0.0047314822335,0.00149179,0.0986,0.0151297160243,0.312727762101,1.00081575137
YbYag5,Yb_Yag5_2026-09-28_14-57-53,Yb_Yag5_2026-09-28_13-03-16,21.1,16.5,0.000453146,0.0986,0.00459580121704,0.00146783,0.09875,0.0148641012658,0.309187964671,0.989487415825
YbYag5,Yb_Yag5_2026-09-28_14-57-53,Yb_Yag5_2026-09-28_13-03-16,21.2,16.5,0.000430765,0.0986,0.00436881338742,0.00141991,0.0987,0.0143861195542,0.303682544202,0.971868540269
YbYag5,Yb_Yag5_2026-09-28_14-57-53,Yb_Yag5_2026-09-28_13-03-16,21.3,16.5,0.000400605,0.0987,0.00405881458967,0.0013516,0.09875,0.0136870886076,0.296543312171,0.949021013647
YbYag5,Yb_Yag5_2026-09-28_14-57-53,Yb_Yag5_2026-09-28_13-03-16,21.4,16.5,0.000319095,0.09865,0.00323461733401,0.00122524,0.0987,0.0124137791287,0.260566689682,0.833885823136
YbYag5,Yb_Yag5_2026-09-28_14-57-53,Yb_Yag5_2026-09-28_13-03-16,13.2,16.6,0.000432136,0.09825,0.0043983307888,0.00112916,0.09835,0.0114810371124,0.38309525052,1.2260112707
YbYag5,Yb_Yag5_2026-09-28_14-57-53,Yb_Yag5_2026-09-28_13-03-16,13.3,16.6,0.000466229,0.09845,0.0047356932453,0.00142289,0.0983,0.0144749745677,0.327164184168,1.04701631413
YbYag5,Yb_Yag5_2026-09-28_14-57-53,Yb_Yag5_2026-09-28_13-03-16,13.4,16.6,0.000475051,0.0983,0.00483266531027,0.00149895,0.09825,0.0152564885496,0.316761310741,1.01372422802
YbYag5,Yb_Yag5_2026-09-28_14-57-53,Yb_Yag5_2026-09-28_13-03-16,13.5,16.6,0.0004797,0.0983,0.00487995930824,0.00152124,0.0983,0.0154754832146,0.315334858406,1.00915918411
YbYag5,Yb_Yag5_2026-09-28_14-57-53,Yb_Yag5_2026-09-28_13-03-16,13.6,16.6,0.000480356,0.0983,0.00488663275687,0.00153459,0.0982,0.0156271894094,0.312700680132,1.00072908155
YbYag5,Yb_Yag5_2026-09-28_14-57-53,Yb_Yag5_2026-09-28_13-03-16,13.7,16.6,0.000474932,0.0983,0.00483145473042,0.00154353,0.09835,0.015694255211,0.307848615016,0.9852011247
YbYag5,Yb_Yag5_2026-09-28_14-57-53,Yb_Yag5_2026-09-28_13-03-16,13.8,16.6,0.000484588,0.0984,0.00492467479675,0.00153876,0.0983,0.0156537131231,0.314601063532,1.00681083658
YbYag5,Yb_Yag5_2026-09-28_14-57-53,Yb_Yag5_2026-09-28_13-03-16,13.9,16.6,0.000480356,0.09845,0.00487918740477,0.0015353,0.09825,0.0156264631043,0.312238756282,0.999250796848
YbYag5,Yb_Yag5_2026-09-28_14-57-53,Yb_Yag5_2026-09-28_13-03-16,14,16.6,0.000479938,0.0984,0.00487741869919,0.001539,0.0985,0.0156243654822,0.312167473601,0.999022672457
YbYag5,Yb_Yag5_2026-09-28_14-57-53,Yb_Yag5_2026-09-28_13-03-16,14.1,16.6,0.000480475,0.09845,0.00488039614017,0.00153507,0.09855,0.0155765601218,0.313316682375,1.00270045992
YbYag5,Yb_Yag5_2026-09-28_14-57-53,Yb_Yag5_2026-09-28_13-03-16,14.2,16.6,0.000485362,0.0985,0.00492753299492,0.00153614,0.0984,0.0156111788618,0.315641313096,1.01013992429
YbYag5,Yb_Yag5_2026-09-28_14-57-53,Yb_Yag5_2026-09-28_13-03-16,14.3,16.6,0.000480713,0.09845,0.00488281361097,0.00153507,0.09855,0.0155765601218,0.313471881647,1.00319714072
YbYag5,Yb_Yag5_2026-09-28_14-57-53,Yb_Yag5_2026-09-28_13-03-16,14.4,16.6,0.000478866,0.09845,0.00486405281869,0.00153268,0.0986,0.0155444219067,0.312913072476,1.00140879607
YbYag5,Yb_Yag5_2026-09-28_14-57-53,Yb_Yag5_2026-09-28_13-03-16,14.5,16.6,0.000475528,0.0987,0.00481791286727,0.00152767,0.0984,0.015525101626,0.310330520426,0.993143911778
YbYag5,Yb_Yag5_2026-09-28_14-57-53,Yb_Yag5_2026-09-28_13-03-16,14.6,16.6,0.000480952,0.0985,0.00488276142132,0.00152612,0.09845,0.0155014728288,0.314986935451,1.00804573396
YbYag5,Yb_Yag5_2026-09-28_14-57-53,Yb_Yag5_2026-09-28_13-03-16,14.7,16.6,0.000479819,0.09845,0.00487373285932,0.0015322,0.09855,0.0155474378488,0.313474985828,1.00320707497
YbYag5,Yb_Yag5_2026-09-28_14-57-53,Yb_Yag5_2026-09-28_13-03-16,14.8,16.6,0.000475587,0.0987,0.0048185106383,0.00152291,0.0985,0.0154610152284,0.311655513375,0.997384257451
YbYag5,Yb_Yag5_2026-09-28_14-57-53,Yb_Yag5_2026-09-28_13-03-16,14.9,16.6,0.000480296,0.09875,0.00486375696203,0.00152911,0.0987,0.0154925025329,0.313942628165,1.00470366041
YbYag5,Yb_Yag5_2026-09-28_14-57-53,Yb_Yag5_2026-09-28_13-03-16,15,16.6,0.000480475,0.09855,0.00487544393709,0.00153137,0.0987,0.0155154002026,0.314232560774,1.00563152534
YbYag5,Yb_Yag5_2026-09-28_14-57-53,Yb_Yag5_2026-09-28_13-03-16,15.1,16.6,0.000480058,0.0987,0.00486380952381,0.00152469,0.0986,0.0154633874239,0.314537131514,1.00660623635
YbYag5,Yb_Yag5_2026-09-28_14-57-53,Yb_Yag5_2026-09-28_13-03-16,15.2,16.6,0.000485899,0.09875,0.00492049620253,0.00152648,0.0986,0.0154815415822,0.317829860573,1.01714388445
YbYag5,Yb_Yag5_2026-09-28_14-57-53,Yb_Yag5_2026-09-28_13-03-16,15.3,16.6,0.000480773,0.09875,0.00486858734177,0.00153328,0.0986,0.0155505070994,0.313082223663,1.00195012688
YbYag5,Yb_Yag5_2026-09-28_14-57-53,Yb_Yag5_2026-09-28_13-03-16,15.4,16.6,0.000484766,0.0987,0.00491150962513,0.00152982,0.09875,0.0154918481013,0.317038328353,1.01461076136
YbYag5,Yb_Yag5_2026-09-28_14-57-53,Yb_Yag5_2026-09-28_13-03-16,15.5,16.6,0.000484707,0.0988,0.00490594129555,0.00152636,0.0986,0.0154803245436,0.316914628097,1.01421488616
YbYag5,Yb_Yag5_2026-09-28_14-57-53,Yb_Yag5_2026-09-28_13-03-16,15.6,16.6,0.000485303,0.09875,0.00491446075949,0.00153948,0.09875,0.0155896708861,0.31523826227,1.00885004963
YbYag5,Yb_Yag5_2026-09-28_14-57-53,Yb_Yag5_2026-09-28_13-03-16,15.7,16.6,0.00047976,0.0987,0.00486079027356,0.00154067,0.0988,0.0155938259109,0.311712488092,0.997566592381
YbYag5,Yb_Yag5_2026-09-28_14-57-53,Yb_Yag5_2026-09-28_13-03-16,15.8,16.6,0.000481786,0.0988,0.00487637651822,0.00152005,0.0987,0.0154007092199,0.316633243872,1.01331437844
YbYag5,Yb_Yag5_2026-09-28_14-57-53,Yb_Yag5_2026-09-28_13-03-16,15.9,16.6,0.000480296,0.0988,0.00486129554656,0.00152708,0.0987,0.015471935157,0.314200873855,1.00553011839
YbYag5,Yb_Yag5_2026-09-28_14-57-53,Yb_Yag5_2026-09-28_13-03-16,16,16.6,0.000484886,0.0988,0.00490775303644,0.00153697,0.09865,0.0155800304105,0.315002789284,1.00809647063
YbYag5,Yb_Yag5_2026-09-28_14-57-53,Yb_Yag5_2026-09-28_13-03-16,16.1,16.6,0.000484588,0.09875,0.00490722025316,0.00153793,0.09865,0.0155897617841,0.314771984404,1.00735783087
YbYag5,Yb_Yag5_2026-09-28_14-57-53,Yb_Yag5_2026-09-28_13-03-16,16.2,16.6,0.000481965,0.0989,0.00487325581395,0.00154436,0.0987,0.0156470111449,0.311449628867,0.996725369807
YbYag5,Yb_Yag5_2026-09-28_14-57-53,Yb_Yag5_2026-09-28_13-03-16,16.3,16.6,0.000483515,0.09875,0.00489635443038,0.00154055,0.09875,0.0156005063291,0.313858686833,1.00443502482
YbYag5,Yb_Yag5_2026-09-28_14-57-53,Yb_Yag5_2026-09-28_13-03-16,16.4,16.6,0.000485601,0.09865,0.00492246325393,0.00154067,0.0987,0.0156096251266,0.315347948077,1.00920107469
YbYag5,Yb_Yag5_2026-09-28_14-57-53,Yb_Yag5_2026-09-28_13-03-16,16.5,16.6,0.000485661,0.0988,0.00491559716599,0.00154663,0.09875,0.0156620759494,0.313853487997,1.0044183871
YbYag5,Yb_Yag5_2026-09-28_14-57-53,Yb_Yag5_2026-09-28_13-03-16,16.6,16.6,0.000479581,0.09875,0.0048565164557,0.00154842,0.0987,0.0156881458967,0.309565992545,0.990697210081
YbYag5,Yb_Yag5_2026-09-28_14-57-53,Yb_Yag5_2026-09-28_13-03-16,16.7,16.6,0.000488523,0.0988,0.00494456477733,0.00154174,0.0987,0.0156204660588,0.316543998029,1.01302876694
YbYag5,Yb_Yag5_2026-09-28_14-57-53,Yb_Yag5_2026-09-28_13-03-16,16.8,16.6,0.000480594,0.09885,0.00486185128983,0.00154866,0.09875,0.0156826329114,0.310014990295,0.992134127666
YbYag5,Yb_Yag5_2026-09-28_14-57-53,Yb_Yag5_2026-09-28_13-03-16,16.9,16.6,0.00048423,0.09875,0.00490359493671,0.00154377,0.0987,0.0156410334347,0.313508372524,1.00331392167
YbYag5,Yb_Yag5_2026-09-28_14-57-53,Yb_Yag5_2026-09-28_13-03-16,17,16.6,0.000480713,0.09875,0.00486797974684,0.00154961,0.0988,0.0156843117409,0.310372544697,0.993278401122
YbYag5,Yb_Yag5_2026-09-28_14-57-53,Yb_Yag5_2026-09-28_13-03-16,17.1,16.6,0.000484886,0.09885,0.00490527061204,0.00154532,0.09885,0.0156329792615,0.31377708177,1.00417386594
YbYag5,Yb_Yag5_2026-09-28_14-57-53,Yb_Yag5_2026-09-28_13-03-16,17.2,16.6,0.000479819,0.09885,0.00485401112797,0.00154055,0.0989,0.0155768452983,0.311617085168,0.997261276511
YbYag5,Yb_Yag5_2026-09-28_14-57-53,Yb_Yag5_2026-09-28_13-03-16,17.3,16.6,0.000484588,0.0987,0.00490970618034,0.00153816,0.09885,0.0155605462822,0.31552273881,1.00976045362
YbYag5,Yb_Yag5_2026-09-28_14-57-53,Yb_Yag5_2026-09-28_13-03-16,17.4,16.6,0.000475885,0.09885,0.00481421345473,0.00152815,0.09875,0.0154749367089,0.311097456829,0.995598321412
YbYag5,Yb_Yag5_2026-09-28_14-57-53,Yb_Yag5_2026-09-28_13-03-16,17.5,16.6,0.000478806,0.09875,0.00484866835443,0.00152696,0.0988,0.0154550607287,0.313726904057,1.00401328331
YbYag5,Yb_Yag5_2026-09-28_14-57-53,Yb_Yag5_2026-09-28_13-03-16,17.6,16.6,0.000479938,0.09865,0.00486505828687,0.00152696,0.09865,0.0154785605677,0.314309477654,1.00587768073
YbYag5,Yb_Yag5_2026-09-28_14-57-53,Yb_Yag5_2026-09-28_13-03-16,17.7,16.6,0.000480356,0.0988,0.00486190283401,0.0015266,0.0987,0.0154670719352,0.314338929461,1.0059719347
YbYag5,Yb_Yag5_2026-09-28_14-57-53,Yb_Yag5_2026-09-28_13-03-16,17.8,16.6,0.000480654,0.09875,0.00486738227848,0.00152744,0.09875,0.0154677468354,0.314679463679,1.00706173883
YbYag5,Yb_Yag5_2026-09-28_14-57-53,Yb_Yag5_2026-09-28_13-03-16,17.9,16.6,0.00047511,0.0988,0.00480880566802,0.00152028,0.0988,0.0153874493927,0.312514799906,1.00013421316
YbYag5,Yb_Yag5_2026-09-28_14-57-53,Yb_Yag5_2026-09-28_13-03-16,18,16.6,0.000475707,0.09865,0.00482216928535,0.00152064,0.09875,0.0153988860759,0.313150526706,1.0021687156
YbYag5,Yb_Yag5_2026-09-28_14-57-53,Yb_Yag5_2026-09-28_13-03-16,18.1,16.6,0.000477435,0.0987,0.00483723404255,0.00152148,0.09885,0.0153918057663,0.314273329328,1.00576199604
YbYag5,Yb_Yag5_2026-09-28_14-57-53,Yb_Yag5_2026-09-28_13-03-16,18.2,16.6,0.000483813,0.0988,0.00489689271255,0.001521,0.0988,0.0153947368421,0.318088757397,1.01797242624
YbYag5,Yb_Yag5_2026-09-28_14-57-53,Yb_Yag5_2026-09-28_13-03-16,18.3,16.6,0.000479819,0.09885,0.00485401112797,0.0015235,0.09875,0.0154278481013,0.314626582794,1.00689250531
YbYag5,Yb_Yag5_2026-09-28_14-57-53,Yb_Yag5_2026-09-28_13-03-16,18.4,16.6,0.000480892,0.09885,0.00486486595852,0.00152446,0.09875,0.0154375696203,0.31513159637,1.0085086891
YbYag5,Yb_Yag5_2026-09-28_14-57-53,Yb_Yag5_2026-09-28_13-03-16,18.5,16.6,0.000475766,0.09895,0.00480814552804,0.00152601,0.09875,0.0154532658228,0.31114106126,0.995737867709
YbYag5,Yb_Yag5_2026-09-28_14-57-53,Yb_Yag5_2026-09-28_13-03-16,18.6,16.6,0.000476243,0.0988,0.00482027327935,0.0015266,0.09875,0.0154592405063,0.311805310059,0.997863648474
YbYag5,Yb_Yag5_2026-09-28_14-57-53,Yb_Yag5_2026-09-28_13-03-16,18.7,16.6,0.000481846,0.0988,0.00487698380567,0.00153626,0.09875,0.0155570632911,0.31349000222,1.0032551316
YbYag5,Yb_Yag5_2026-09-28_14-57-53,Yb_Yag5_2026-09-28_13-03-16,18.8,16.6,0.00048125,0.0988,0.004870951417,0.00153542,0.09875,0.015548556962,0.31327353586,1.00256237908
YbYag5,Yb_Yag5_2026-09-28_14-57-53,Yb_Yag5_2026-09-28_13-03-16,18.9,16.6,0.000479462,0.0987,0.0048577710233,0.00153697,0.09875,0.0155642531646,0.312110768948,0.998841201809
YbYag5,Yb_Yag5_2026-09-28_14-57-53,Yb_Yag5_2026-09-28_13-03-16,19,16.6,0.000477554,0.09885,0.00483109762266,0.00153387,0.09875,0.0155328607595,0.31102433077,0.995364297698
YbYag5,Yb_Yag5_2026-09-28_14-57-53,Yb_Yag5_2026-09-28_13-03-16,19.1,16.6,0.000480236,0.0988,0.00486068825911,0.00153936,0.0987,0.0155963525836,0.311655448481,0.997384049774
YbYag5,Yb_Yag5_2026-09-28_14-57-53,Yb_Yag5_2026-09-28_13-03-16,19.2,16.6,0.000480833,0.0987,0.00487166160081,0.00154281,0.0987,0.0156313069909,0.311660541479,0.997400348783
YbYag5,Yb_Yag5_2026-09-28_14-57-53,Yb_Yag5_2026-09-28_13-03-16,19.3,16.6,0.000480833,0.09865,0.00487413076533,0.0015322,0.0987,0.0155238095238,0.313977748687,1.00481605584
YbYag5,Yb_Yag5_2026-09-28_14-57-53,Yb_Yag5_2026-09-28_13-03-16,19.4,16.6,0.000484647,0.0987,0.00491030395137,0.00152648,0.0987,0.0154658561297,0.31749318694,1.01606643525
YbYag5,Yb_Yag5_2026-09-28_14-57-53,Yb_Yag5_2026-09-28_13-03-16,19.5,16.6,0.000480773,0.0987,0.00487105369807,0.00152422,0.0986,0.0154586206897,0.31510273755,1.00841633286
YbYag5,Yb_Yag5_2026-09-28_14-57-53,Yb_Yag5_2026-09-28_13-03-16,19.6,16.6,0.000478687,0.09865,0.00485237709072,0.00153626,0.0987,0.0155649442756,0.31175036703,0.99768781551
YbYag5,Yb_Yag5_2026-09-28_14-57-53,Yb_Yag5_2026-09-28_13-03-16,19.7,16.6,0.000476303,0.09865,0.00482821084643,0.0015303,0.09855,0.0155281582953,0.310932613811,0.995070777941
YbYag5,Yb_Yag5_2026-09-28_14-57-53,Yb_Yag5_2026-09-28_13-03-16,19.8,16.6,0.000480475,0.09845,0.00488039614017,0.00152922,0.0985,0.0155250761421,0.31435569755,1.00602559724
YbYag5,Yb_Yag5_2026-09-28_14-57-53,Yb_Yag5_2026-09-28_13-03-16,19.9,16.6,0.000484766,0.09845,0.00492398171661,0.00153852,0.0986,0.0156036511156,0.31556599671,1.00989889092
YbYag5,Yb_Yag5_2026-09-28_14-57-53,Yb_Yag5_2026-09-28_13-03-16,20,16.6,0.00048578,0.09855,0.00492927447996,0.00154341,0.0986,0.0156532454361,0.314904311702,1.007781315
YbYag5,Yb_Yag5_2026-09-28_14-57-53,Yb_Yag5_2026-09-28_13-03-16,20.1,16.6,0.000479283,0.09855,0.00486334855403,0.00153554,0.0985,0.0155892385787,0.311968319009,0.998385322416
YbYag5,Yb_Yag5_2026-09-28_14-57-53,Yb_Yag5_2026-09-28_13-03-16,20.2,16.6,0.00047976,0.09855,0.00486818873668,0.00154436,0.09855,0.0156708269914,0.310652956564,0.994175797029
YbYag5,Yb_Yag5_2026-09-28_14-57-53,Yb_Yag5_2026-09-28_13-03-16,20.3,16.6,0.000480594,0.09855,0.00487665144597,0.00154722,0.09845,0.0157157948197,0.310302565153,0.993054447133
YbYag5,Yb_Yag5_2026-09-28_14-57-53,Yb_Yag5_2026-09-28_13-03-16,20.4,16.6,0.000485124,0.0984,0.00493012195122,0.00153721,0.0984,0.0156220528455,0.315587330294,1.00996716432
YbYag5,Yb_Yag5_2026-09-28_14-57-53,Yb_Yag5_2026-09-28_13-03-16,20.5,16.6,0.000481905,0.09835,0.00489989832232,0.00153125,0.09855,0.015537798072,0.315353456108,1.00921870192
YbYag5,Yb_Yag5_2026-09-28_14-57-53,Yb_Yag5_2026-09-28_13-03-16,20.6,16.6,0.000479998,0.0984,0.00487802845528,0.00153089,0.09855,0.015534145104,0.314019756003,1.00495049093
YbYag5,Yb_Yag5_2026-09-28_14-57-53,Yb_Yag5_2026-09-28_13-03-16,20.7,16.6,0.000480117,0.0985,0.00487428426396,0.00152517,0.0984,0.015499695122,0.314476138117,1.00641104053
YbYag5,Yb_Yag5_2026-09-28_14-57-53,Yb_Yag5_2026-09-28_13-03-16,20.8,16.6,0.000469508,0.0985,0.0047665786802,0.00151981,0.0986,0.0154138945233,0.309239087694,0.989651023706
YbYag5,Yb_Yag5_2026-09-28_14-57-53,Yb_Yag5_2026-09-28_13-03-16,20.9,16.6,0.000479223,0.09855,0.00486273972603,0.00151826,0.09865,0.0153903699949,0.315959897497,1.01115948291
YbYag5,Yb_Yag5_2026-09-28_14-57-53,Yb_Yag5_2026-09-28_13-03-16,21,16.6,0.000465395,0.0985,0.00472482233503,0.00151027,0.0986,0.0153171399594,0.308466355178,0.987178064899
YbYag5,Yb_Yag5_2026-09-28_14-57-53,Yb_Yag5_2026-09-28_13-03-16,21.1,16.6,0.000461223,0.0984,0.00468722560976,0.00148595,0.0986,0.0150704868154,0.311020185822,0.995351032715
YbYag5,Yb_Yag5_2026-09-28_14-57-53,Yb_Yag5_2026-09-28_13-03-16,21.2,16.6,0.000436308,0.0986,0.00442503042596,0.00143564,0.0986,0.0145602434077,0.303911844195,0.972602363972
YbYag5,Yb_Yag5_2026-09-28_14-57-53,Yb_Yag5_2026-09-28_13-03-16,21.3,16.6,0.000398578,0.09865,0.00404032437912,0.00135434,0.09865,0.0137287379625,0.29429685308,0.941831720225
YbYag5,Yb_Yag5_2026-09-28_14-57-53,Yb_Yag5_2026-09-28_13-03-16,21.4,16.6,0.000331702,0.0987,0.00336070921986,0.00124634,0.09875,0.012621164557,0.26627568357,0.852156190207
YbYag5,Yb_Yag5_2026-09-28_14-57-53,Yb_Yag5_2026-09-28_13-03-16,13.2,16.7,0.000430228,0.0982,0.00438114052953,0.00114525,0.0984,0.0116387195122,0.376428053356,1.20467438684
YbYag5,Yb_Yag5_2026-09-28_14-57-53,Yb_Yag5_2026-09-28_13-03-16,13.3,16.7,0.000462117,0.0982,0.00470587576375,0.00141109,0.09835,0.0143476359939,0.327989626009,1.04965795742
YbYag5,Yb_Yag5_2026-09-28_14-57-53,Yb_Yag5_2026-09-28_13-03-16,13.4,16.7,0.000476064,0.09835,0.00484050838841,0.0014937,0.0984,0.0151798780488,0.318876632134,1.02049384436
YbYag5,Yb_Yag5_2026-09-28_14-57-53,Yb_Yag5_2026-09-28_13-03-16,13.5,16.7,0.000480236,0.09815,0.00489287824758,0.00152541,0.09845,0.0154942610462,0.315786485912,1.01060451764
YbYag5,Yb_Yag5_2026-09-28_14-57-53,Yb_Yag5_2026-09-28_13-03-16,13.6,16.7,0.000484528,0.09825,0.0049315826972,0.00154579,0.0984,0.0157092479675,0.313928630282,1.0046588633
YbYag5,Yb_Yag5_2026-09-28_14-57-53,Yb_Yag5_2026-09-28_13-03-16,13.7,16.7,0.000480058,0.09825,0.00488608651399,0.0015477,0.0983,0.0157446592065,0.310332948456,0.993151682148
YbYag5,Yb_Yag5_2026-09-28_14-57-53,Yb_Yag5_2026-09-28_13-03-16,13.8,16.7,0.000479879,0.0983,0.0048817802645,0.00153852,0.0984,0.0156353658537,0.312226801098,0.999212536938
YbYag5,Yb_Yag5_2026-09-28_14-57-53,Yb_Yag5_2026-09-28_13-03-16,13.9,16.7,0.00047827,0.09835,0.004862938485,0.00154532,0.0985,0.0156885279188,0.309967800049,0.991983105764
YbYag5,Yb_Yag5_2026-09-28_14-57-53,Yb_Yag5_2026-09-28_13-03-16,14,16.7,0.000480117,0.0984,0.00487923780488,0.0015359,0.09835,0.0156166751398,0.312437683515,0.999887419279
YbYag5,Yb_Yag5_2026-09-28_14-57-53,Yb_Yag5_2026-09-28_13-03-16,14.1,16.7,0.00048423,0.0984,0.00492103658537,0.00154365,0.09855,0.0156636225266,0.314169763541,1.00543055674
YbYag5,Yb_Yag5_2026-09-28_14-57-53,Yb_Yag5_2026-09-28_13-03-16,14.2,16.7,0.000474693,0.09845,0.00482166582021,0.0015396,0.09855,0.0156225266362,0.308635468032,0.987719273031
YbYag5,Yb_Yag5_2026-09-28_14-57-53,Yb_Yag5_2026-09-28_13-03-16,14.3,16.7,0.000480296,0.09845,0.00487857795835,0.00154067,0.0985,0.015641319797,0.311903216715,0.998176976981
YbYag5,Yb_Yag5_2026-09-28_14-57-53,Yb_Yag5_2026-09-28_13-03-16,14.4,16.7,0.0004797,0.09855,0.00486757990868,0.00153757,0.09855,0.0156019279554,0.311985795768,0.998441252902
YbYag5,Yb_Yag5_2026-09-28_14-57-53,Yb_Yag5_2026-09-28_13-03-16,14.5,16.7,0.000483515,0.09845,0.00491127475876,0.00153769,0.0987,0.0155794326241,0.315240925473,1.00885857262
YbYag5,Yb_Yag5_2026-09-28_14-57-53,Yb_Yag5_2026-09-28_13-03-16,14.6,16.7,0.000475289,0.09855,0.00482282090309,0.00152994,0.0985,0.0155323857868,0.310500973211,0.99368940806
YbYag5,Yb_Yag5_2026-09-28_14-57-53,Yb_Yag5_2026-09-28_13-03-16,14.7,16.7,0.000480356,0.0985,0.0048767106599,0.0015297,0.0986,0.015514198783,0.314338544201,1.00597070176
YbYag5,Yb_Yag5_2026-09-28_14-57-53,Yb_Yag5_2026-09-28_13-03-16,14.8,16.7,0.00047976,0.09855,0.00486818873668,0.00153125,0.09865,0.0155220476432,0.313630575591,1.00370500545
YbYag5,Yb_Yag5_2026-09-28_14-57-53,Yb_Yag5_2026-09-28_13-03-16,14.9,16.7,0.000483992,0.09865,0.0049061530664,0.0015297,0.0987,0.0154984802432,0.31655704233,1.01307051233
YbYag5,Yb_Yag5_2026-09-28_14-57-53,Yb_Yag5_2026-09-28_13-03-16,15,16.7,0.000476243,0.0986,0.00483005070994,0.00152708,0.09855,0.0154954845256,0.311706981602,0.997548970084
YbYag5,Yb_Yag5_2026-09-28_14-57-53,Yb_Yag5_2026-09-28_13-03-16,15.1,16.7,0.000471177,0.0985,0.00478352284264,0.00152744,0.0986,0.0154912778905,0.308788137199,0.988207856794
YbYag5,Yb_Yag5_2026-09-28_14-57-53,Yb_Yag5_2026-09-28_13-03-16,15.2,16.7,0.000477256,0.09865,0.00483787126204,0.00153137,0.09865,0.0155232640649,0.311652964339,0.997376099828
YbYag5,Yb_Yag5_2026-09-28_14-57-53,Yb_Yag5_2026-09-28_13-03-16,15.3,16.7,0.000476839,0.09865,0.00483364419665,0.00153626,0.09865,0.0155728332489,0.310389517398,0.993332718484
YbYag5,Yb_Yag5_2026-09-28_14-57-53,Yb_Yag5_2026-09-28_13-03-16,15.4,16.7,0.000484409,0.0986,0.00491287018256,0.00153363,0.0988,0.0155225708502,0.316498486621,1.01288311779
YbYag5,Yb_Yag5_2026-09-28_14-57-53,Yb_Yag5_2026-09-28_13-03-16,15.5,16.7,0.000480296,0.09865,0.00486868727826,0.0015384,0.0987,0.0155866261398,0.312363126862,0.99964881727
YbYag5,Yb_Yag5_2026-09-28_14-57-53,Yb_Yag5_2026-09-28_13-03-16,15.6,16.7,0.000480952,0.09865,0.00487533705018,0.00153697,0.09875,0.0155642531646,0.313239382489,1.0024530788
YbYag5,Yb_Yag5_2026-09-28_14-57-53,Yb_Yag5_2026-09-28_13-03-16,15.7,16.7,0.000471713,0.0986,0.00478410750507,0.00153709,0.0988,0.0155575910931,0.307509528721,0.984115954316
YbYag5,Yb_Yag5_2026-09-28_14-57-53,Yb_Yag5_2026-09-28_13-03-16,15.8,16.7,0.000479402,0.09865,0.00485962493664,0.00152112,0.09875,0.0154037468354,0.315483303418,1.0096342494
YbYag5,Yb_Yag5_2026-09-28_14-57-53,Yb_Yag5_2026-09-28_13-03-16,15.9,16.7,0.000482561,0.09875,0.00488669367089,0.00153137,0.0986,0.0155311359026,0.314638523643,1.00693071934
YbYag5,Yb_Yag5_2026-09-28_14-57-53,Yb_Yag5_2026-09-28_13-03-16,16,16.7,0.000480654,0.0986,0.00487478701826,0.00153828,0.0987,0.0155854103343,0.312778869064,1.00097930786
YbYag5,Yb_Yag5_2026-09-28_14-57-53,Yb_Yag5_2026-09-28_13-03-16,16.1,16.7,0.000481667,0.09865,0.0048825848961,0.00153971,0.09875,0.015592,0.313146799391,1.00215678716
YbYag5,Yb_Yag5_2026-09-28_14-57-53,Yb_Yag5_2026-09-28_13-03-16,16.2,16.7,0.000476601,0.0987,0.00482878419453,0.00154639,0.0986,0.0156834685598,0.307890067565,0.985333784376
YbYag5,Yb_Yag5_2026-09-28_14-57-53,Yb_Yag5_2026-09-28_13-03-16,16.3,16.7,0.00047666,0.09865,0.00483182970096,0.0015384,0.09865,0.0155945261024,0.309841393655,0.991578570173
YbYag5,Yb_Yag5_2026-09-28_14-57-53,Yb_Yag5_2026-09-28_13-03-16,16.4,16.7,0.000485243,0.0987,0.00491634245187,0.00154353,0.0986,0.0156544624746,0.314053737702,1.00505924181
YbYag5,Yb_Yag5_2026-09-28_14-57-53,Yb_Yag5_2026-09-28_13-03-16,16.5,16.7,0.000480415,0.0987,0.00486742654509,0.00154746,0.09855,0.015702283105,0.309982090664,0.992028839704
YbYag5,Yb_Yag5_2026-09-28_14-57-53,Yb_Yag5_2026-09-28_13-03-16,16.6,16.7,0.000485184,0.09885,0.00490828528073,0.00154889,0.0986,0.0157088235294,0.312454033973,0.999939745289
YbYag5,Yb_Yag5_2026-09-28_14-57-53,Yb_Yag5_2026-09-28_13-03-16,16.7,16.7,0.000484051,0.09865,0.0049067511404,0.0015539,0.09865,0.0157516472377,0.311507175494,0.996909535009
YbYag5,Yb_Yag5_2026-09-28_14-57-53,Yb_Yag5_2026-09-28_13-03-16,16.8,16.7,0.000484111,0.0987,0.0049048733536,0.00155211,0.0988,0.0157096153846,0.312221097304,0.999194283211
YbYag5,Yb_Yag5_2026-09-28_14-57-53,Yb_Yag5_2026-09-28_13-03-16,16.9,16.7,0.000484468,0.09875,0.00490600506329,0.00154663,0.09865,0.0156779523568,0.31292384054,1.00144325687
YbYag5,Yb_Yag5_2026-09-28_14-57-53,Yb_Yag5_2026-09-28_13-03-16,17,16.7,0.00048268,0.0986,0.0048953346856,0.00154341,0.0988,0.0156215587045,0.313370437496,1.00287249125
YbYag5,Yb_Yag5_2026-09-28_14-57-53,Yb_Yag5_2026-09-28_13-03-16,17.1,16.7,0.000487985,0.0986,0.00494913793103,0.00154281,0.0987,0.0156313069909,0.316617025941,1.01326247656
YbYag5,Yb_Yag5_2026-09-28_14-57-53,Yb_Yag5_2026-09-28_13-03-16,17.2,16.7,0.000483574,0.0986,0.00490440162272,0.00154186,0.0986,0.015637525355,0.313630290687,1.00370409368
YbYag5,Yb_Yag5_2026-09-28_14-57-53,Yb_Yag5_2026-09-28_13-03-16,17.3,16.7,0.000480117,0.0988,0.00485948380567,0.00153948,0.0987,0.0155975683891,0.311553934847,0.997059177933
YbYag5,Yb_Yag5_2026-09-28_14-57-53,Yb_Yag5_2026-09-28_13-03-16,17.4,16.7,0.000479581,0.09855,0.0048663723998,0.00153137,0.09865,0.0155232640649,0.313488991713,1.00325189769
YbYag5,Yb_Yag5_2026-09-28_14-57-53,Yb_Yag5_2026-09-28_13-03-16,17.5,16.7,0.000475468,0.0986,0.00482219066937,0.00152374,0.09865,0.0154459199189,0.312198347181,0.999121476495
YbYag5,Yb_Yag5_2026-09-28_14-57-53,Yb_Yag5_2026-09-28_13-03-16,17.6,16.7,0.00047517,0.0988,0.00480941295547,0.00153387,0.0988,0.015525,0.309785053492,0.991398265994
YbYag5,Yb_Yag5_2026-09-28_14-57-53,Yb_Yag5_2026-09-28_13-03-16,17.7,16.7,0.000470402,0.09865,0.00476839330968,0.00151933,0.0986,0.0154090263692,0.309454549264,0.99034056061
YbYag5,Yb_Yag5_2026-09-28_14-57-53,Yb_Yag5_2026-09-28_13-03-16,17.8,16.7,0.000476481,0.09885,0.00482024279211,0.00152517,0.09875,0.0154447594937,0.312095684888,0.998792928624
YbYag5,Yb_Yag5_2026-09-28_14-57-53,Yb_Yag5_2026-09-28_13-03-16,17.9,16.7,0.000481071,0.09875,0.00487160506329,0.00152112,0.09865,0.0154193613786,0.315940780145,1.01109830207
YbYag5,Yb_Yag5_2026-09-28_14-57-53,Yb_Yag5_2026-09-28_13-03-16,18,16.7,0.000475051,0.09865,0.00481551951343,0.00151289,0.0986,0.0153437119675,0.313843190203,1.0043854313
YbYag5,Yb_Yag5_2026-09-28_14-57-53,Yb_Yag5_2026-09-28_13-03-16,18.1,16.7,0.000477197,0.09865,0.00483727318804,0.00151981,0.09875,0.0153904810127,0.314302924259,1.00585670804
YbYag5,Yb_Yag5_2026-09-28_14-57-53,Yb_Yag5_2026-09-28_13-03-16,18.2,16.7,0.000476303,0.0987,0.00482576494428,0.00152481,0.09875,0.0154411139241,0.312526995656,1.00017324295
YbYag5,Yb_Yag5_2026-09-28_14-57-53,Yb_Yag5_2026-09-28_13-03-16,18.3,16.7,0.000471355,0.0987,0.00477563323202,0.00152291,0.09875,0.0154218734177,0.309666219056,0.991017962771
YbYag5,Yb_Yag5_2026-09-28_14-57-53,Yb_Yag5_2026-09-28_13-03-16,18.4,16.7,0.000475528,0.09865,0.00482035478966,0.00152636,0.0989,0.0154333670374,0.312333321561,0.999553432023
YbYag5,Yb_Yag5_2026-09-28_14-57-53,Yb_Yag5_2026-09-28_13-03-16,18.5,16.7,0.000476362,0.0987,0.0048263627153,0.00152958,0.0988,0.0154815789474,0.311748739046,0.99768260551
YbYag5,Yb_Yag5_2026-09-28_14-57-53,Yb_Yag5_2026-09-28_13-03-16,18.6,16.7,0.000479044,0.0987,0.00485353596758,0.00152505,0.0986,0.0154670385396,0.31379865998,1.00424292221
YbYag5,Yb_Yag5_2026-09-28_14-57-53,Yb_Yag5_2026-09-28_13-03-16,18.7,16.7,0.000484826,0.09875,0.00490963037975,0.00153805,0.09875,0.0155751898734,0.315221221677,1.00879551499
YbYag5,Yb_Yag5_2026-09-28_14-57-53,Yb_Yag5_2026-09-28_13-03-16,18.8,16.7,0.000484349,0.0987,0.00490728470111,0.00154544,0.0987,0.0156579533941,0.313405243814,1.00298388114
YbYag5,Yb_Yag5_2026-09-28_14-57-53,Yb_Yag5_2026-09-28_13-03-16,18.9,16.7,0.000483336,0.0987,0.0048970212766,0.00154126,0.0987,0.0156156028369,0.313597965301,1.00360064346
YbYag5,Yb_Yag5_2026-09-28_14-57-53,Yb_Yag5_2026-09-28_13-03-16,19,16.7,0.000479462,0.09875,0.00485531139241,0.00154269,0.09875,0.0156221772152,0.310796076983,0.994633822144
YbYag5,Yb_Yag5_2026-09-28_14-57-53,Yb_Yag5_2026-09-28_13-03-16,19.1,16.7,0.00048119,0.09875,0.00487281012658,0.00154389,0.09885,0.0156185128983,0.311989378138,0.998452717481
YbYag5,Yb_Yag5_2026-09-28_14-57-53,Yb_Yag5_2026-09-28_13-03-16,19.2,16.7,0.000485124,0.0986,0.00492012170385,0.00154091,0.0986,0.0156278904665,0.314829548774,1.00754205285
YbYag5,Yb_Yag5_2026-09-28_14-57-53,Yb_Yag5_2026-09-28_13-03-16,19.3,16.7,0.00047517,0.0987,0.00481428571429,0.00153709,0.0988,0.0155575910931,0.309449302625,0.990323769908
YbYag5,Yb_Yag5_2026-09-28_14-57-53,Yb_Yag5_2026-09-28_13-03-16,19.4,16.7,0.000480475,0.09865,0.00487050177395,0.00153387,0.09865,0.0155486061835,0.3132436256,1.00246665794
YbYag5,Yb_Yag5_2026-09-28_14-57-53,Yb_Yag5_2026-09-28_13-03-16,19.5,16.7,0.000481429,0.0987,0.00487770010132,0.00153781,0.0986,0.0155964503043,0.312744246681,1.00086850661
YbYag5,Yb_Yag5_2026-09-28_14-57-53,Yb_Yag5_2026-09-28_13-03-16,19.6,16.7,0.000479402,0.0985,0.00486702538071,0.00153006,0.0986,0.0155178498986,0.313640447131,1.00373659712
YbYag5,Yb_Yag5_2026-09-28_14-57-53,Yb_Yag5_2026-09-28_13-03-16,19.7,16.7,0.000475647,0.09865,0.00482156107451,0.00154043,0.0986,0.0156230223124,0.308618971291,0.987666478875
YbYag5,Yb_Yag5_2026-09-28_14-57-53,Yb_Yag5_2026-09-28_13-03-16,19.8,16.7,0.000484111,0.0985,0.00491483248731,0.00153769,0.0985,0.0156110659898,0.314830037265,1.00754361616
YbYag5,Yb_Yag5_2026-09-28_14-57-53,Yb_Yag5_2026-09-28_13-03-16,19.9,16.7,0.000484528,0.09855,0.0049165702689,0.00154949,0.09865,0.0157069437405,0.313018901075,1.001747477
YbYag5,Yb_Yag5_2026-09-28_14-57-53,Yb_Yag5_2026-09-28_13-03-16,20,16.7,0.000487866,0.09845,0.00495546978162,0.00153876,0.09865,0.0155981753675,0.317695478148,1.01671382334
YbYag5,Yb_Yag5_2026-09-28_14-57-53,Yb_Yag5_2026-09-28_13-03-16,20.1,16.7,0.000485303,0.0986,0.00492193711968,0.00154901,0.0986,0.015710040568,0.313298816663,1.00264328468
YbYag5,Yb_Yag5_2026-09-28_14-57-53,Yb_Yag5_2026-09-28_13-03-16,20.2,16.7,0.0004797,0.09855,0.00486757990868,0.00154639,0.09855,0.0156914256722,0.310206351568,0.992746536923
YbYag5,Yb_Yag5_2026-09-28_14-57-53,Yb_Yag5_2026-09-28_13-03-16,20.3,16.7,0.000483396,0.0987,0.00489762917933,0.00155342,0.0987,0.015738804458,0.311181779556,0.995868177574
YbYag5,Yb_Yag5_2026-09-28_14-57-53,Yb_Yag5_2026-09-28_13-03-16,20.4,16.7,0.000477733,0.09865,0.00484270653827,0.00153816,0.09865,0.015592093259,0.310587325116,0.993965758155
YbYag5,Yb_Yag5_2026-09-28_14-57-53,Yb_Yag5_2026-09-28_13-03-16,20.5,16.7,0.000478687,0.0986,0.00485483772819,0.00154329,0.0986,0.0156520283976,0.310173071813,0.992640032458
YbYag5,Yb_Yag5_2026-09-28_14-57-53,Yb_Yag5_2026-09-28_13-03-16,20.6,16.7,0.000479938,0.0986,0.00486752535497,0.00154508,0.09865,0.0156622402433,0.310780915077,0.994585299833
YbYag5,Yb_Yag5_2026-09-28_14-57-53,Yb_Yag5_2026-09-28_13-03-16,20.7,16.7,0.000475349,0.0985,0.00482587817259,0.00151468,0.09855,0.015369660071,0.31398730683,1.00484664456
YbYag5,Yb_Yag5_2026-09-28_14-57-53,Yb_Yag5_2026-09-28_13-03-16,20.8,16.7,0.000470104,0.0985,0.00477262944162,0.00150121,0.0985,0.0152407106599,0.313150058952,1.00216721866
YbYag5,Yb_Yag5_2026-09-28_14-57-53,Yb_Yag5_2026-09-28_13-03-16,20.9,16.7,0.000474634,0.0986,0.00481373225152,0.00152016,0.09855,0.0154252663623,0.312068014805,0.99870437667
YbYag5,Yb_Yag5_2026-09-28_14-57-53,Yb_Yag5_2026-09-28_13-03-16,21,16.7,0.000465931,0.0985,0.00473026395939,0.00151492,0.0985,0.0153798984772,0.307561455389,0.984282134087
YbYag5,Yb_Yag5_2026-09-28_14-57-53,Yb_Yag5_2026-09-28_13-03-16,21.1,16.7,0.000455471,0.0985,0.00462407106599,0.00148464,0.09865,0.015049569184,0.307256042313,0.983304727362
YbYag5,Yb_Yag5_2026-09-28_14-57-53,Yb_Yag5_2026-09-28_13-03-16,21.2,16.7,0.000434102,0.0985,0.00440712690355,0.00144769,0.0987,0.0146675785208,0.300467244631,0.961578688051
YbYag5,Yb_Yag5_2026-09-28_14-57-53,Yb_Yag5_2026-09-28_13-03-16,21.3,16.7,0.000403376,0.09855,0.0040931100964,0.00136877,0.09865,0.0138750126711,0.294998656464,0.944077686099
YbYag5,Yb_Yag5_2026-09-28_14-57-53,Yb_Yag5_2026-09-28_13-03-16,21.4,16.7,0.000336232,0.09855,0.00341179096905,0.00125671,0.09875,0.0127261772152,0.26809236673,0.85797008121
YbYag5,Yb_Yag5_2026-09-28_14-57-53,Yb_Yag5_2026-09-28_13-03-16,13.2,16.8,0.000435175,0.0982,0.00443151731161,0.00115765,0.0983,0.0117767039674,0.376295211621,1.20424925637
YbYag5,Yb_Yag5_2026-09-28_14-57-53,Yb_Yag5_2026-09-28_13-03-16,13.3,16.8,0.000458421,0.0982,0.00466823828921,0.00141967,0.09825,0.01444956743,0.323071144643,1.03391745012
YbYag5,Yb_Yag5_2026-09-28_14-57-53,Yb_Yag5_2026-09-28_13-03-16,13.4,16.8,0.000476124,0.0983,0.00484358087487,0.00150204,0.09835,0.0152723945094,0.317146133954,1.01495576925
YbYag5,Yb_Yag5_2026-09-28_14-57-53,Yb_Yag5_2026-09-28_13-03-16,13.5,16.8,0.000475945,0.09825,0.00484422391858,0.00152994,0.09825,0.0155719083969,0.311087362904,0.995566018047
YbYag5,Yb_Yag5_2026-09-28_14-57-53,Yb_Yag5_2026-09-28_13-03-16,13.6,16.8,0.00048727,0.0982,0.00496201629328,0.00154782,0.09835,0.0157378749365,0.315291379128,1.00902003834
YbYag5,Yb_Yag5_2026-09-28_14-57-53,Yb_Yag5_2026-09-28_13-03-16,13.7,16.8,0.000480058,0.0983,0.00488360122075,0.00155187,0.09845,0.0157630269172,0.309813670078,0.99148984702
YbYag5,Yb_Yag5_2026-09-28_14-57-53,Yb_Yag5_2026-09-28_13-03-16,13.8,16.8,0.00048119,0.09835,0.00489262836807,0.0015607,0.0985,0.0158446700508,0.308787014964,0.988204265329
YbYag5,Yb_Yag5_2026-09-28_14-57-53,Yb_Yag5_2026-09-28_13-03-16,13.9,16.8,0.000474753,0.09845,0.00482227526663,0.0015514,0.0985,0.0157502538071,0.306171273536,0.979833165798
YbYag5,Yb_Yag5_2026-09-28_14-57-53,Yb_Yag5_2026-09-28_13-03-16,14,16.8,0.000481488,0.09845,0.00489068562722,0.00154544,0.09845,0.0156977145759,0.311553991097,0.997059357947
YbYag5,Yb_Yag5_2026-09-28_14-57-53,Yb_Yag5_2026-09-28_13-03-16,14.1,16.8,0.000477197,0.0984,0.00484956300813,0.00154234,0.09865,0.0156344652813,0.310184129798,0.992675421081
YbYag5,Yb_Yag5_2026-09-28_14-57-53,Yb_Yag5_2026-09-28_13-03-16,14.2,16.8,0.000483753,0.0983,0.00492119023398,0.00154997,0.09855,0.0157277524099,0.312898506139,1.00136217975
YbYag5,Yb_Yag5_2026-09-28_14-57-53,Yb_Yag5_2026-09-28_13-03-16,14.3,16.8,0.000484051,0.09845,0.00491671914678,0.00154544,0.09855,0.0156817858955,0.313530562115,1.00338493453
YbYag5,Yb_Yag5_2026-09-28_14-57-53,Yb_Yag5_2026-09-28_13-03-16,14.4,16.8,0.000482144,0.0984,0.00489983739837,0.0015396,0.09855,0.0156225266362,0.313639241108,1.00373273751
YbYag5,Yb_Yag5_2026-09-28_14-57-53,Yb_Yag5_2026-09-28_13-03-16,14.5,16.8,0.000475468,0.0986,0.00482219066937,0.00153828,0.09855,0.0156091324201,0.308933933007,0.988674443899
YbYag5,Yb_Yag5_2026-09-28_14-57-53,Yb_Yag5_2026-09-28_13-03-16,14.6,16.8,0.00047976,0.0985,0.00487065989848,0.00154043,0.09855,0.015630948757,0.311603599641,0.997218119075
YbYag5,Yb_Yag5_2026-09-28_14-57-53,Yb_Yag5_2026-09-28_13-03-16,14.7,16.8,0.000480654,0.09855,0.00487726027397,0.00153864,0.09855,0.0156127853881,0.312388862892,0.999731179719
YbYag5,Yb_Yag5_2026-09-28_14-57-53,Yb_Yag5_2026-09-28_13-03-16,14.8,16.8,0.000475051,0.09855,0.00482040588534,0.00152648,0.09865,0.0154736948809,0.311522614504,0.996958944131
YbYag5,Yb_Yag5_2026-09-28_14-57-53,Yb_Yag5_2026-09-28_13-03-16,14.9,16.8,0.00048423,0.09865,0.00490856563609,0.0015303,0.09875,0.0154967088608,0.316748909732,1.01368454134
YbYag5,Yb_Yag5_2026-09-28_14-57-53,Yb_Yag5_2026-09-28_13-03-16,15,16.8,0.000475826,0.09845,0.0048331742001,0.00152756,0.0986,0.015492494929,0.311968745012,0.998386685743
YbYag5,Yb_Yag5_2026-09-28_14-57-53,Yb_Yag5_2026-09-28_13-03-16,15.1,16.8,0.000480713,0.09855,0.00487785895485,0.00153518,0.0987,0.0155540020263,0.313607967043,1.00363265181
YbYag5,Yb_Yag5_2026-09-28_14-57-53,Yb_Yag5_2026-09-28_13-03-16,15.2,16.8,0.0004797,0.0985,0.00487005076142,0.00152744,0.09875,0.0154677468354,0.314851982855,1.00761384814
YbYag5,Yb_Yag5_2026-09-28_14-57-53,Yb_Yag5_2026-09-28_13-03-16,15.3,16.8,0.000477197,0.09865,0.00483727318804,0.00153268,0.09875,0.0155208101266,0.31166370496,0.997410472802
YbYag5,Yb_Yag5_2026-09-28_14-57-53,Yb_Yag5_2026-09-28_13-03-16,15.4,16.8,0.000483932,0.09855,0.00491052257737,0.0015359,0.0988,0.0155455465587,0.315879699619,1.01090282741
YbYag5,Yb_Yag5_2026-09-28_14-57-53,Yb_Yag5_2026-09-28_13-03-16,15.5,16.8,0.000484111,0.0987,0.0049048733536,0.00155068,0.0988,0.0156951417004,0.31250902013,1.00011571627
YbYag5,Yb_Yag5_2026-09-28_14-57-53,Yb_Yag5_2026-09-28_13-03-16,15.6,16.8,0.000484528,0.0986,0.00491407707911,0.00154985,0.0987,0.0157026342452,0.312946032008,1.00151427574
YbYag5,Yb_Yag5_2026-09-28_14-57-53,Yb_Yag5_2026-09-28_13-03-16,15.7,16.8,0.000483515,0.09865,0.00490131779017,0.00154866,0.0987,0.0156905775076,0.312373320089,0.99968143843
YbYag5,Yb_Yag5_2026-09-28_14-57-53,Yb_Yag5_2026-09-28_13-03-16,15.8,16.8,0.000475647,0.0985,0.0048289035533,0.00154126,0.09875,0.0156076962025,0.30939246194,0.990141863917
YbYag5,Yb_Yag5_2026-09-28_14-57-53,Yb_Yag5_2026-09-28_13-03-16,15.9,16.8,0.000480058,0.0986,0.00486874239351,0.00153876,0.09875,0.0155823797468,0.312451786738,0.999932553511
YbYag5,Yb_Yag5_2026-09-28_14-57-53,Yb_Yag5_2026-09-28_13-03-16,16,16.8,0.000480236,0.09865,0.00486807906741,0.00154067,0.0987,0.0156096251266,0.311863931896,0.998051254644
YbYag5,Yb_Yag5_2026-09-28_14-57-53,Yb_Yag5_2026-09-28_13-03-16,16.1,16.8,0.000483098,0.09845,0.00490703910615,0.00155211,0.0989,0.0156937310415,0.312675111685,1.00064725541
YbYag5,Yb_Yag5_2026-09-28_14-57-53,Yb_Yag5_2026-09-28_13-03-16,16.2,16.8,0.000480654,0.0985,0.00487973604061,0.00155509,0.09885,0.0157318158827,0.310182630981,0.992670624453
YbYag5,Yb_Yag5_2026-09-28_14-57-53,Yb_Yag5_2026-09-28_13-03-16,16.3,16.8,0.000479462,0.0985,0.00486763451777,0.00155569,0.0986,0.0157777890467,0.308511826553,0.987323585936
YbYag5,Yb_Yag5_2026-09-28_14-57-53,Yb_Yag5_2026-09-28_13-03-16,16.4,16.8,0.000479283,0.09855,0.00486334855403,0.00154949,0.09875,0.0156910379747,0.309944349244,0.99190805667
YbYag5,Yb_Yag5_2026-09-28_14-57-53,Yb_Yag5_2026-09-28_13-03-16,16.5,16.8,0.000481667,0.09855,0.00488753932014,0.00155712,0.0988,0.0157603238866,0.310116680045,0.992459563126
YbYag5,Yb_Yag5_2026-09-28_14-57-53,Yb_Yag5_2026-09-28_13-03-16,16.6,16.8,0.000480535,0.0986,0.0048735801217,0.00155485,0.0987,0.0157532928065,0.309368979652,0.990066714069
YbYag5,Yb_Yag5_2026-09-28_14-57-53,Yb_Yag5_2026-09-28_13-03-16,16.7,16.8,0.000483634,0.09855,0.00490749873161,0.00155509,0.0986,0.015771703854,0.311158437734,0.995793477254
YbYag5,Yb_Yag5_2026-09-28_14-57-53,Yb_Yag5_2026-09-28_13-03-16,16.8,16.8,0.000486316,0.09865,0.00492971109985,0.00155712,0.0988,0.0157603238866,0.3127924994,1.00102292872
YbYag5,Yb_Yag5_2026-09-28_14-57-53,Yb_Yag5_2026-09-28_13-03-16,16.9,16.8,0.000480236,0.09855,0.0048730187722,0.00155295,0.0988,0.0157181174089,0.310025599468,0.992168079967
YbYag5,Yb_Yag5_2026-09-28_14-57-53,Yb_Yag5_2026-09-28_13-03-16,17,16.8,0.00047517,0.09865,0.00481672579828,0.00154866,0.09875,0.0156826329114,0.307137572211,0.98292559011
YbYag5,Yb_Yag5_2026-09-28_14-57-53,Yb_Yag5_2026-09-28_13-03-16,17.1,16.8,0.000480833,0.09845,0.00488403250381,0.00154687,0.0988,0.0156565789474,0.31194761769,0.99831907244
YbYag5,Yb_Yag5_2026-09-28_14-57-53,Yb_Yag5_2026-09-28_13-03-16,17.2,16.8,0.00048125,0.0986,0.004880831643,0.00155474,0.09885,0.0157282751644,0.310322116824,0.993117017913
YbYag5,Yb_Yag5_2026-09-28_14-57-53,Yb_Yag5_2026-09-28_13-03-16,17.3,16.8,0.000476958,0.09855,0.0048397564688,0.00153757,0.09865,0.015586112519,0.310517228905,0.993741430799
YbYag5,Yb_Yag5_2026-09-28_14-57-53,Yb_Yag5_2026-09-28_13-03-16,17.4,16.8,0.000481786,0.09855,0.00488874682902,0.00153435,0.0987,0.0155455927052,0.314477995257,1.00641698389
YbYag5,Yb_Yag5_2026-09-28_14-57-53,Yb_Yag5_2026-09-28_13-03-16,17.5,16.8,0.000481607,0.0985,0.00488941116751,0.00153363,0.0987,0.0155382978723,0.31466838953,1.00702629848
YbYag5,Yb_Yag5_2026-09-28_14-57-53,Yb_Yag5_2026-09-28_13-03-16,17.6,16.8,0.00047523,0.0987,0.00481489361702,0.00153614,0.09885,0.0155401112797,0.309836495399,0.991562894393
YbYag5,Yb_Yag5_2026-09-28_14-57-53,Yb_Yag5_2026-09-28_13-03-16,17.7,16.8,0.000475885,0.0986,0.0048264198783,0.00153602,0.09895,0.0155231935321,0.310916685302,0.995019802285
YbYag5,Yb_Yag5_2026-09-28_14-57-53,Yb_Yag5_2026-09-28_13-03-16,17.8,16.8,0.000477614,0.09865,0.00484150025342,0.00152803,0.0987,0.0154815602837,0.312726893459,1.00081297148
YbYag5,Yb_Yag5_2026-09-28_14-57-53,Yb_Yag5_2026-09-28_13-03-16,17.9,16.8,0.00047523,0.0985,0.00482467005076,0.00151957,0.0987,0.015395845998,0.313374792875,1.00288642967
YbYag5,Yb_Yag5_2026-09-28_14-57-53,Yb_Yag5_2026-09-28_13-03-16,18,16.8,0.000471713,0.0987,0.00477926038501,0.00152314,0.099,0.0153852525253,0.310639060175,0.994131324721
YbYag5,Yb_Yag5_2026-09-28_14-57-53,Yb_Yag5_2026-09-28_13-03-16,18.1,16.8,0.000472726,0.0987,0.00478952380952,0.00152756,0.0987,0.0154767983789,0.309464767342,0.990373261298
YbYag5,Yb_Yag5_2026-09-28_14-57-53,Yb_Yag5_2026-09-28_13-03-16,18.2,16.8,0.000476243,0.0985,0.00483495431472,0.00152505,0.09875,0.0154435443038,0.313072842581,1.00192010481
YbYag5,Yb_Yag5_2026-09-28_14-57-53,Yb_Yag5_2026-09-28_13-03-16,18.3,16.8,0.000477495,0.0986,0.0048427484787,0.00153375,0.0988,0.0155237854251,0.311956674618,0.998348057129
YbYag5,Yb_Yag5_2026-09-28_14-57-53,Yb_Yag5_2026-09-28_13-03-16,18.4,16.8,0.000480594,0.09865,0.00487170805879,0.00153197,0.09875,0.0155136202532,0.314027801331,1.00497623821
YbYag5,Yb_Yag5_2026-09-28_14-57-53,Yb_Yag5_2026-09-28_13-03-16,18.5,16.8,0.000480654,0.0985,0.00487973604061,0.00153173,0.0987,0.015519047619,0.314435277242,1.00628027437
YbYag5,Yb_Yag5_2026-09-28_14-57-53,Yb_Yag5_2026-09-28_13-03-16,18.6,16.8,0.000490014,0.09855,0.00497223744292,0.00153685,0.0989,0.0155394337715,0.31997545831,1.02401039351
YbYag5,Yb_Yag5_2026-09-28_14-57-53,Yb_Yag5_2026-09-28_13-03-16,18.7,16.8,0.000480594,0.0986,0.00487417849899,0.00154413,0.0988,0.0156288461538,0.311870655775,0.998072772924
YbYag5,Yb_Yag5_2026-09-28_14-57-53,Yb_Yag5_2026-09-28_13-03-16,18.8,16.8,0.000476124,0.09855,0.00483129375951,0.00152481,0.09865,0.0154567663457,0.312568208088,1.00030513419
YbYag5,Yb_Yag5_2026-09-28_14-57-53,Yb_Yag5_2026-09-28_13-03-16,18.9,16.8,0.000474216,0.09865,0.00480705524582,0.00153423,0.0988,0.0155286437247,0.309560534136,0.990679741654
YbYag5,Yb_Yag5_2026-09-28_14-57-53,Yb_Yag5_2026-09-28_13-03-16,19,16.8,0.000484945,0.09865,0.00491581348201,0.00154639,0.0987,0.0156675785208,0.313757066894,1.00410981277
YbYag5,Yb_Yag5_2026-09-28_14-57-53,Yb_Yag5_2026-09-28_13-03-16,19.1,16.8,0.000480117,0.0987,0.00486440729483,0.00155474,0.09875,0.0157442025316,0.308964984734,0.988773818056
YbYag5,Yb_Yag5_2026-09-28_14-57-53,Yb_Yag5_2026-09-28_13-03-16,19.2,16.8,0.000477197,0.0986,0.00483972616633,0.00155283,0.0987,0.0157328267477,0.307619618772,0.984468273075
YbYag5,Yb_Yag5_2026-09-28_14-57-53,Yb_Yag5_2026-09-28_13-03-16,19.3,16.8,0.000484647,0.09845,0.00492277298121,0.00154508,0.0988,0.0156384615385,0.314786270318,1.00740354976
YbYag5,Yb_Yag5_2026-09-28_14-57-53,Yb_Yag5_2026-09-28_13-03-16,19.4,16.8,0.00047666,0.0984,0.00484410569106,0.00154115,0.0987,0.0156144883485,0.310231471115,0.992826926453
YbYag5,Yb_Yag5_2026-09-28_14-57-53,Yb_Yag5_2026-09-28_13-03-16,19.5,16.8,0.000483694,0.09835,0.00491808845958,0.00154067,0.09875,0.015601721519,0.315227294218,1.00881494881
YbYag5,Yb_Yag5_2026-09-28_14-57-53,Yb_Yag5_2026-09-28_13-03-16,19.6,16.8,0.000476601,0.09835,0.00484596847992,0.00154043,0.09865,0.0156151039027,0.310338535697,0.993169562871
YbYag5,Yb_Yag5_2026-09-28_14-57-53,Yb_Yag5_2026-09-28_13-03-16,19.7,16.8,0.000484111,0.09835,0.00492232841891,0.00154317,0.09865,0.0156428788647,0.31466895969,1.00702812315
YbYag5,Yb_Yag5_2026-09-28_14-57-53,Yb_Yag5_2026-09-28_13-03-16,19.8,16.8,0.000476779,0.09845,0.00484285424073,0.00154746,0.09875,0.0156704810127,0.309043113406,0.989023851518
YbYag5,Yb_Yag5_2026-09-28_14-57-53,Yb_Yag5_2026-09-28_13-03-16,19.9,16.8,0.000490371,0.09835,0.00498597864769,0.0015508,0.0987,0.0157122593718,0.317330469776,1.01554569511
YbYag5,Yb_Yag5_2026-09-28_14-57-53,Yb_Yag5_2026-09-28_13-03-16,20,16.8,0.000478687,0.09835,0.00486717844433,0.00155068,0.09845,0.0157509395632,0.309008768956,0.988913939735
YbYag5,Yb_Yag5_2026-09-28_14-57-53,Yb_Yag5_2026-09-28_13-03-16,20.1,16.8,0.000480236,0.09825,0.00488789821883,0.00155283,0.0985,0.0157647715736,0.310051953243,0.992252419373
YbYag5,Yb_Yag5_2026-09-28_14-57-53,Yb_Yag5_2026-09-28_13-03-16,20.2,16.8,0.000485303,0.0984,0.00493194105691,0.00155378,0.09855,0.0157664129883,0.31281313388,1.00108896479
YbYag5,Yb_Yag5_2026-09-28_14-57-53,Yb_Yag5_2026-09-28_13-03-16,20.3,16.8,0.000477733,0.09825,0.00486242239186,0.00155593,0.09855,0.0157882293252,0.307977689689,0.985614199525
YbYag5,Yb_Yag5_2026-09-28_14-57-53,Yb_Yag5_2026-09-28_13-03-16,20.4,16.8,0.000479819,0.09835,0.00487868835791,0.00155402,0.0986,0.015760851927,0.309544711194,0.990629103843
YbYag5,Yb_Yag5_2026-09-28_14-57-53,Yb_Yag5_2026-09-28_13-03-16,20.5,16.8,0.00047976,0.0985,0.00487065989848,0.00155724,0.0987,0.0157775075988,0.308709082723,0.9879548605
YbYag5,Yb_Yag5_2026-09-28_14-57-53,Yb_Yag5_2026-09-28_13-03-16,20.6,16.8,0.000476839,0.09835,0.00484838840874,0.00155652,0.0987,0.015770212766,0.307439631962,0.983892265262
YbYag5,Yb_Yag5_2026-09-28_14-57-53,Yb_Yag5_2026-09-28_13-03-16,20.7,16.8,0.000482799,0.09825,0.00491398473282,0.00155581,0.0986,0.0157790060852,0.311425491966,0.996648125017
YbYag5,Yb_Yag5_2026-09-28_14-57-53,Yb_Yag5_2026-09-28_13-03-16,20.8,16.8,0.000479879,0.0984,0.00487681910569,0.00154353,0.0986,0.0156544624746,0.31152900418,0.99697939287
YbYag5,Yb_Yag5_2026-09-28_14-57-53,Yb_Yag5_2026-09-28_13-03-16,20.9,16.8,0.00047976,0.0984,0.0048756097561,0.00153495,0.09845,0.0155911630269,0.312716232117,1.00077885222
YbYag5,Yb_Yag5_2026-09-28_14-57-53,Yb_Yag5_2026-09-28_13-03-16,21,16.8,0.000470342,0.09825,0.00478719592875,0.00153983,0.09855,0.0156248604769,0.306383275283,0.980511630308
YbYag5,Yb_Yag5_2026-09-28_14-57-53,Yb_Yag5_2026-09-28_13-03-16,21.1,16.8,0.000457646,0.09835,0.00465323843416,0.00150181,0.09865,0.0152236188545,0.30565915231,0.978194235549
YbYag5,Yb_Yag5_2026-09-28_14-57-53,Yb_Yag5_2026-09-28_13-03-16,21.2,16.8,0.000431957,0.0984,0.00438980691057,0.00146187,0.09865,0.0148187531678,0.296233216173,0.948028620273
YbYag5,Yb_Yag5_2026-09-28_14-57-53,Yb_Yag5_2026-09-28_13-03-16,21.3,16.8,0.000412347,0.09835,0.00419264870361,0.00138069,0.0986,0.0140029411765,0.299412005718,0.958201630261
YbYag5,Yb_Yag5_2026-09-28_14-57-53,Yb_Yag5_2026-09-28_13-03-16,21.4,16.8,0.000332179,0.0984,0.00337580284553,0.00127888,0.09875,0.0129506835443,0.260665997589,0.834203636036
YbYag5,Yb_Yag5_2026-09-28_14-57-53,Yb_Yag5_2026-09-28_13-03-16,13.2,16.9,0.000437202,0.0981,0.00445669724771,0.00117458,0.09845,0.011930726257,0.37354785884,1.19545696393
YbYag5,Yb_Yag5_2026-09-28_14-57-53,Yb_Yag5_2026-09-28_13-03-16,13.3,16.9,0.000468316,0.0981,0.00477386340469,0.0014422,0.0983,0.0146714140387,0.325385364498,1.04132359682
YbYag5,Yb_Yag5_2026-09-28_14-57-53,Yb_Yag5_2026-09-28_13-03-16,13.4,16.9,0.000475885,0.0981,0.00485101936799,0.00150967,0.0985,0.0153265989848,0.316509838406,1.01291944666
YbYag5,Yb_Yag5_2026-09-28_14-57-53,Yb_Yag5_2026-09-28_13-03-16,13.5,16.9,0.00048578,0.0981,0.00495188583078,0.00153542,0.09835,0.0156117946111,0.317188763633,1.01509219607
YbYag5,Yb_Yag5_2026-09-28_14-57-53,Yb_Yag5_2026-09-28_13-03-16,13.6,16.9,0.000482323,0.0982,0.0049116395112,0.00155557,0.09855,0.0157845763572,0.311167015196,0.995820927517
YbYag5,Yb_Yag5_2026-09-28_14-57-53,Yb_Yag5_2026-09-28_13-03-16,13.7,16.9,0.000480594,0.09815,0.00489652572593,0.00155724,0.09855,0.01580152207,0.30987683998,0.991692008264
YbYag5,Yb_Yag5_2026-09-28_14-57-53,Yb_Yag5_2026-09-28_13-03-16,13.8,16.9,0.000485184,0.09825,0.00493825954198,0.00156046,0.0985,0.0158422335025,0.311714856444,0.997574171765
YbYag5,Yb_Yag5_2026-09-28_14-57-53,Yb_Yag5_2026-09-28_13-03-16,13.9,16.9,0.000476541,0.09835,0.00484535841383,0.00154997,0.0985,0.0157357360406,0.30792067186,0.985431726625
YbYag5,Yb_Yag5_2026-09-28_14-57-53,Yb_Yag5_2026-09-28_13-03-16,14,16.9,0.000476899,0.09825,0.00485393384224,0.00154532,0.09855,0.0156805682395,0.309550889235,0.99064887529
YbYag5,Yb_Yag5_2026-09-28_14-57-53,Yb_Yag5_2026-09-28_13-03-16,14.1,16.9,0.000475647,0.0983,0.0048387283825,0.00154913,0.09855,0.0157192288179,0.307822249969,0.98511674922
YbYag5,Yb_Yag5_2026-09-28_14-57-53,Yb_Yag5_2026-09-28_13-03-16,14.2,16.9,0.00047368,0.0985,0.00480893401015,0.00154448,0.09855,0.0156720446474,0.306847901365,0.981998562898
YbYag5,Yb_Yag5_2026-09-28_14-57-53,Yb_Yag5_2026-09-28_13-03-16,14.3,16.9,0.000484647,0.0984,0.00492527439024,0.0015452,0.0986,0.0156713995943,0.314284270566,1.00579701104
YbYag5,Yb_Yag5_2026-09-28_14-57-53,Yb_Yag5_2026-09-28_13-03-16,14.4,16.9,0.000481011,0.0984,0.00488832317073,0.00155307,0.0987,0.0157352583587,0.310660496275,0.9941999262
YbYag5,Yb_Yag5_2026-09-28_14-57-53,Yb_Yag5_2026-09-28_13-03-16,14.5,16.9,0.000481846,0.09845,0.00489432199086,0.00154019,0.0986,0.0156205882353,0.313325075672,1.0027273208
YbYag5,Yb_Yag5_2026-09-28_14-57-53,Yb_Yag5_2026-09-28_13-03-16,14.6,16.9,0.000476899,0.0984,0.00484653455285,0.00154472,0.09875,0.0156427341772,0.309826562157,0.991531105255
YbYag5,Yb_Yag5_2026-09-28_14-57-53,Yb_Yag5_2026-09-28_13-03-16,14.7,16.9,0.000475647,0.09855,0.00482645357686,0.00154258,0.09875,0.0156210632911,0.308970873936,0.988792665138
YbYag5,Yb_Yag5_2026-09-28_14-57-53,Yb_Yag5_2026-09-28_13-03-16,14.8,16.9,0.000476183,0.0985,0.00483434517766,0.00154484,0.09865,0.0156598073999,0.308710385397,0.987959029418
YbYag5,Yb_Yag5_2026-09-28_14-57-53,Yb_Yag5_2026-09-28_13-03-16,14.9,16.9,0.000481667,0.0985,0.00489002030457,0.00153816,0.0987,0.0155841945289,0.313780753667,1.00418561703
YbYag5,Yb_Yag5_2026-09-28_14-57-53,Yb_Yag5_2026-09-28_13-03-16,15,16.9,0.000479044,0.09855,0.00486092338914,0.00153936,0.0987,0.0155963525836,0.311670524444,0.997432297044
YbYag5,Yb_Yag5_2026-09-28_14-57-53,Yb_Yag5_2026-09-28_13-03-16,15.1,16.9,0.00047213,0.09855,0.00479076610857,0.00153852,0.09865,0.0155957425241,0.307184226796,0.983074897748
YbYag5,Yb_Yag5_2026-09-28_14-57-53,Yb_Yag5_2026-09-28_13-03-16,15.2,16.9,0.000476124,0.0986,0.00482884381339,0.00153709,0.0989,0.0155418604651,0.310699212892,0.994323830135
YbYag5,Yb_Yag5_2026-09-28_14-57-53,Yb_Yag5_2026-09-28_13-03-16,15.3,16.9,0.00047213,0.0985,0.00479319796954,0.00154532,0.0988,0.0156408906883,0.306453006102,0.980734788309
YbYag5,Yb_Yag5_2026-09-28_14-57-53,Yb_Yag5_2026-09-28_13-03-16,15.4,16.9,0.000475885,0.0986,0.0048264198783,0.00153769,0.09885,0.0155557916034,0.3102651412,0.992934680082
YbYag5,Yb_Yag5_2026-09-28_14-57-53,Yb_Yag5_2026-09-28_13-03-16,15.5,16.9,0.000480117,0.09845,0.00487675977654,0.00154222,0.09885,0.0156016186141,0.312580373688,1.00034406749
YbYag5,Yb_Yag5_2026-09-28_14-57-53,Yb_Yag5_2026-09-28_13-03-16,15.6,16.9,0.000475587,0.0985,0.00482829441624,0.00153626,0.09885,0.0155413252403,0.310674562277,0.994244941316
YbYag5,Yb_Yag5_2026-09-28_14-57-53,Yb_Yag5_2026-09-28_13-03-16,15.7,16.9,0.000475945,0.0985,0.00483192893401,0.00153387,0.0987,0.0155407294833,0.310920342523,0.99503150641
YbYag5,Yb_Yag5_2026-09-28_14-57-53,Yb_Yag5_2026-09-28_13-03-16,15.8,16.9,0.000477733,0.0985,0.00485008121827,0.00154758,0.09875,0.0156716962025,0.309480298469,0.990422965223
YbYag5,Yb_Yag5_2026-09-28_14-57-53,Yb_Yag5_2026-09-28_13-03-16,15.9,16.9,0.000484349,0.09855,0.00491475393201,0.00154007,0.09875,0.0155956455696,0.315136293017,1.00852371968
YbYag5,Yb_Yag5_2026-09-28_14-57-53,Yb_Yag5_2026-09-28_13-03-16,16,16.9,0.000480475,0.0985,0.00487791878173,0.0015452,0.0986,0.0156713995943,0.311262485037,0.996126457541
YbYag5,Yb_Yag5_2026-09-28_14-57-53,Yb_Yag5_2026-09-28_13-03-16,16.1,16.9,0.000482084,0.09855,0.00489177067478,0.00155342,0.0988,0.0157228744939,0.31112444971,0.995684706134
YbYag5,Yb_Yag5_2026-09-28_14-57-53,Yb_Yag5_2026-09-28_13-03-16,16.2,16.9,0.000476541,0.09865,0.00483062341612,0.00156022,0.0988,0.0157917004049,0.305896343792,0.978953314211
YbYag5,Yb_Yag5_2026-09-28_14-57-53,Yb_Yag5_2026-09-28_13-03-16,16.3,16.9,0.000482025,0.0985,0.00489365482234,0.00155593,0.0987,0.0157642350557,0.310427674102,0.993454830541
YbYag5,Yb_Yag5_2026-09-28_14-57-53,Yb_Yag5_2026-09-28_13-03-16,16.4,16.9,0.000482561,0.09855,0.00489661085743,0.00155712,0.0988,0.0157603238866,0.310692273373,0.994301621746
YbYag5,Yb_Yag5_2026-09-28_14-57-53,Yb_Yag5_2026-09-28_13-03-16,16.5,16.9,0.000485959,0.09855,0.00493109081684,0.00155855,0.09875,0.0157827848101,0.312434774735,0.999878110376
YbYag5,Yb_Yag5_2026-09-28_14-57-53,Yb_Yag5_2026-09-28_13-03-16,16.6,16.9,0.000485601,0.09865,0.00492246325393,0.00155915,0.0988,0.0157808704453,0.311925965744,0.998249780197
YbYag5,Yb_Yag5_2026-09-28_14-57-53,Yb_Yag5_2026-09-28_13-03-16,16.7,16.9,0.000480773,0.09855,0.00487846778285,0.001557,0.09875,0.0157670886076,0.309408281025,0.990192489387
YbYag5,Yb_Yag5_2026-09-28_14-57-53,Yb_Yag5_2026-09-28_13-03-16,16.8,16.9,0.000488523,0.0985,0.00495962436548,0.00155712,0.0988,0.0157603238866,0.314690510244,1.00709709091
YbYag5,Yb_Yag5_2026-09-28_14-57-53,Yb_Yag5_2026-09-28_13-03-16,16.9,16.9,0.000479223,0.09855,0.00486273972603,0.00155533,0.09885,0.0157342438037,0.309054555573,0.989060469633
YbYag5,Yb_Yag5_2026-09-28_14-57-53,Yb_Yag5_2026-09-28_13-03-16,17,16.9,0.000480236,0.0986,0.00487054766734,0.00155402,0.0988,0.0157289473684,0.30965502988,0.990982154298
YbYag5,Yb_Yag5_2026-09-28_14-57-53,Yb_Yag5_2026-09-28_13-03-16,17.1,16.9,0.000480535,0.0985,0.00487852791878,0.00155783,0.0989,0.0157515672396,0.309716985273,0.991180428776
YbYag5,Yb_Yag5_2026-09-28_14-57-53,Yb_Yag5_2026-09-28_13-03-16,17.2,16.9,0.000479223,0.0984,0.00487015243902,0.00155068,0.09885,0.0156872028326,0.310453845149,0.993538585166
YbYag5,Yb_Yag5_2026-09-28_14-57-53,Yb_Yag5_2026-09-28_13-03-16,17.3,16.9,0.000480594,0.0986,0.00487417849899,0.00153518,0.0988,0.0155382591093,0.313688841504,1.00389147256
YbYag5,Yb_Yag5_2026-09-28_14-57-53,Yb_Yag5_2026-09-28_13-03-16,17.4,16.9,0.000480058,0.09855,0.00487121258245,0.00154484,0.0989,0.0156202224469,0.311852958497,0.998016136717
YbYag5,Yb_Yag5_2026-09-28_14-57-53,Yb_Yag5_2026-09-28_13-03-16,17.5,16.9,0.000479819,0.0985,0.00487125888325,0.00154246,0.09885,0.0156040465352,0.312179207634,0.999060224627
YbYag5,Yb_Yag5_2026-09-28_14-57-53,Yb_Yag5_2026-09-28_13-03-16,17.6,16.9,0.000476124,0.0986,0.00482884381339,0.00154115,0.09875,0.0156065822785,0.309410717044,0.990200285323
YbYag5,Yb_Yag5_2026-09-28_14-57-53,Yb_Yag5_2026-09-28_13-03-16,17.7,16.9,0.000472071,0.0986,0.00478773833671,0.0015396,0.09885,0.0155751138088,0.307396683933,0.983754819634
YbYag5,Yb_Yag5_2026-09-28_14-57-53,Yb_Yag5_2026-09-28_13-03-16,17.8,16.9,0.000475289,0.09855,0.00482282090309,0.00153816,0.0989,0.0155526794742,0.310095820536,0.992392806902
YbYag5,Yb_Yag5_2026-09-28_14-57-53,Yb_Yag5_2026-09-28_13-03-16,17.9,16.9,0.000476064,0.09855,0.00483068493151,0.00153733,0.0988,0.0155600202429,0.3104549259,0.993542043867
YbYag5,Yb_Yag5_2026-09-28_14-57-53,Yb_Yag5_2026-09-28_13-03-16,18,16.9,0.000468018,0.0986,0.00474663286004,0.00153042,0.09875,0.0154979240506,0.306275398211,0.980166393697
YbYag5,Yb_Yag5_2026-09-28_14-57-53,Yb_Yag5_2026-09-28_13-03-16,18.1,16.9,0.000479104,0.09845,0.00486647028949,0.00153065,0.09885,0.0154845725847,0.31427863203,1.00577896616
YbYag5,Yb_Yag5_2026-09-28_14-57-53,Yb_Yag5_2026-09-28_13-03-16,18.2,16.9,0.000475647,0.0985,0.0048289035533,0.00153304,0.0988,0.0155165991903,0.311208886308,0.995954926712
YbYag5,Yb_Yag5_2026-09-28_14-57-53,Yb_Yag5_2026-09-28_13-03-16,18.3,16.9,0.000471832,0.0986,0.00478531440162,0.001539,0.0988,0.0155769230769,0.307205368993,0.983142558656
YbYag5,Yb_Yag5_2026-09-28_14-57-53,Yb_Yag5_2026-09-28_13-03-16,18.4,16.9,0.000479044,0.0985,0.00486339086294,0.00153387,0.0988,0.015525,0.313261891333,1.00252511336
YbYag5,Yb_Yag5_2026-09-28_14-57-53,Yb_Yag5_2026-09-28_13-03-16,18.5,16.9,0.000475587,0.0985,0.00482829441624,0.00154258,0.09885,0.0156052604957,0.309401718579,0.990171487735
YbYag5,Yb_Yag5_2026-09-28_14-57-53,Yb_Yag5_2026-09-28_13-03-16,18.6,16.9,0.000472905,0.09865,0.00479376583882,0.00154556,0.09895,0.0156196058615,0.3069069656,0.982187584866
YbYag5,Yb_Yag5_2026-09-28_14-57-53,Yb_Yag5_2026-09-28_13-03-16,18.7,16.9,0.000474812,0.09845,0.00482287455561,0.00153423,0.09895,0.0155051035877,0.311050779399,0.995448940662
YbYag5,Yb_Yag5_2026-09-28_14-57-53,Yb_Yag5_2026-09-28_13-03-16,18.8,16.9,0.000470938,0.0987,0.004771408308,0.00152887,0.0988,0.0154743927126,0.308342200991,0.986780736994
YbYag5,Yb_Yag5_2026-09-28_14-57-53,Yb_Yag5_2026-09-28_13-03-16,18.9,16.9,0.000472011,0.09855,0.0047895585997,0.00152744,0.0989,0.0154442871587,0.310118463253,0.99246526989
YbYag5,Yb_Yag5_2026-09-28_14-57-53,Yb_Yag5_2026-09-28_13-03-16,19,16.9,0.000476124,0.0985,0.00483374619289,0.00153387,0.09885,0.0155171471927,0.311509978791,0.996918506336
YbYag5,Yb_Yag5_2026-09-28_14-57-53,Yb_Yag5_2026-09-28_13-03-16,19.1,16.9,0.000456931,0.09845,0.00464124936516,0.00148929,0.09885,0.0150661608498,0.308057866329,0.985870787055
YbYag5,Yb_Yag5_2026-09-28_14-57-53,Yb_Yag5_2026-09-28_13-03-16,19.2,16.9,0.000462534,0.0985,0.00469577664975,0.00148333,0.0987,0.0150286727457,0.312454514727,0.999941283836
YbYag5,Yb_Yag5_2026-09-28_14-57-53,Yb_Yag5_2026-09-28_13-03-16,19.3,16.9,0.000471594,0.09845,0.00479018791265,0.00149275,0.0987,0.0151241134752,0.316725203134,1.01360867364
YbYag5,Yb_Yag5_2026-09-28_14-57-53,Yb_Yag5_2026-09-28_13-03-16,19.4,16.9,0.000479462,0.0984,0.00487258130081,0.00151599,0.0986,0.0153751521298,0.316912721232,1.01420878367
YbYag5,Yb_Yag5_2026-09-28_14-57-53,Yb_Yag5_2026-09-28_13-03-16,19.5,16.9,0.000476422,0.0986,0.00483186612576,0.00154436,0.09875,0.0156390886076,0.308960851044,0.988760589099
YbYag5,Yb_Yag5_2026-09-28_14-57-53,Yb_Yag5_2026-09-28_13-03-16,19.6,16.9,0.000484528,0.0984,0.00492406504065,0.00155271,0.0988,0.0157156882591,0.313321628647,1.00271628937
YbYag5,Yb_Yag5_2026-09-28_14-57-53,Yb_Yag5_2026-09-28_13-03-16,19.7,16.9,0.000483515,0.0984,0.0049137703252,0.00154293,0.0986,0.0156483772819,0.314011493759,1.00492404945
YbYag5,Yb_Yag5_2026-09-28_14-57-53,Yb_Yag5_2026-09-28_13-03-16,19.8,16.9,0.000481369,0.09835,0.00489444839858,0.00154138,0.0986,0.0156326572008,0.313091263738,1.00197905763
YbYag5,Yb_Yag5_2026-09-28_14-57-53,Yb_Yag5_2026-09-28_13-03-16,19.9,16.9,0.000481727,0.0983,0.00490057985758,0.00154734,0.09865,0.0156851495185,0.31243437315,0.999876825192
YbYag5,Yb_Yag5_2026-09-28_14-57-53,Yb_Yag5_2026-09-28_13-03-16,20,16.9,0.0004797,0.0983,0.00487995930824,0.00154317,0.09855,0.0156587519026,0.311644206294,0.997348071651
YbYag5,Yb_Yag5_2026-09-28_14-57-53,Yb_Yag5_2026-09-28_13-03-16,20.1,16.9,0.000475587,0.0984,0.00483320121951,0.00154329,0.09855,0.0156599695586,0.308634138874,0.987715019355
YbYag5,Yb_Yag5_2026-09-28_14-57-53,Yb_Yag5_2026-09-28_13-03-16,20.2,16.9,0.000481131,0.09825,0.00489700763359,0.00155175,0.0986,0.0157378296146,0.311161561252,0.995803473379
YbYag5,Yb_Yag5_2026-09-28_14-57-53,Yb_Yag5_2026-09-28_13-03-16,20.3,16.9,0.000478866,0.09835,0.00486899847483,0.00155104,0.0986,0.0157306288032,0.309523448538,0.990561057434
YbYag5,Yb_Yag5_2026-09-28_14-57-53,Yb_Yag5_2026-09-28_13-03-16,20.4,16.9,0.000479998,0.09835,0.00488050838841,0.00154794,0.09855,0.0157071537291,0.310718827394,0.994386601993
YbYag5,Yb_Yag5_2026-09-28_14-57-53,Yb_Yag5_2026-09-28_13-03-16,20.5,16.9,0.000477256,0.0984,0.00485016260163,0.00154722,0.0986,0.0156918864097,0.309087287213,0.989165219978
YbYag5,Yb_Yag5_2026-09-28_14-57-53,Yb_Yag5_2026-09-28_13-03-16,20.6,16.9,0.00047976,0.0982,0.00488553971487,0.00154925,0.0986,0.015712474645,0.310933816935,0.995074628273
YbYag5,Yb_Yag5_2026-09-28_14-57-53,Yb_Yag5_2026-09-28_13-03-16,20.7,16.9,0.00047976,0.0985,0.00487065989848,0.00154949,0.09865,0.0157069437405,0.310095966405,0.992393273723
YbYag5,Yb_Yag5_2026-09-28_14-57-53,Yb_Yag5_2026-09-28_13-03-16,20.8,16.9,0.000480535,0.0984,0.00488348577236,0.00154806,0.09865,0.0156924480487,0.311199741252,0.995925659991
YbYag5,Yb_Yag5_2026-09-28_14-57-53,Yb_Yag5_2026-09-28_13-03-16,20.9,16.9,0.000480415,0.0982,0.00489220977597,0.00154293,0.09855,0.0156563165906,0.312475143669,1.00000730218
YbYag5,Yb_Yag5_2026-09-28_14-57-53,Yb_Yag5_2026-09-28_13-03-16,21,16.9,0.000470283,0.09845,0.00477687150838,0.00155223,0.09875,0.0157187848101,0.303895725152,0.972550778556
YbYag5,Yb_Yag5_2026-09-28_14-57-53,Yb_Yag5_2026-09-28_13-03-16,21.1,16.9,0.000462862,0.0984,0.00470388211382,0.00151242,0.09875,0.0153156455696,0.307129209307,0.982898826495
YbYag5,Yb_Yag5_2026-09-28_14-57-53,Yb_Yag5_2026-09-28_13-03-16,21.2,16.9,0.000436308,0.0985,0.00442952284264,0.00147296,0.0987,0.0149236068896,0.29681315485,0.949884585214
YbYag5,Yb_Yag5_2026-09-28_14-57-53,Yb_Yag5_2026-09-28_13-03-16,21.3,16.9,0.000403317,0.0984,0.00409875,0.00139285,0.09875,0.0141048101266,0.290592355601,0.929976298748
YbYag5,Yb_Yag5_2026-09-28_14-57-53,Yb_Yag5_2026-09-28_13-03-16,21.4,16.9,0.000330539,0.0984,0.00335913617886,0.00127996,0.0987,0.0129681864235,0.259028985948,0.82896474383
YbYag5,Yb_Yag5_2026-09-28_14-57-53,Yb_Yag5_2026-09-28_13-03-16,13.2,17,0.000440123,0.09805,0.00448876083631,0.00118006,0.0984,0.0119924796748,0.374297973233,1.19785753846
YbYag5,Yb_Yag5_2026-09-28_14-57-53,Yb_Yag5_2026-09-28_13-03-16,13.3,17,0.000468018,0.0982,0.00476596741344,0.00146092,0.09845,0.0148392077197,0.321173980678,1.02784599817
YbYag5,Yb_Yag5_2026-09-28_14-57-53,Yb_Yag5_2026-09-28_13-03-16,13.4,17,0.000476124,0.09815,0.004850983189,0.00152219,0.0984,0.0154694105691,0.313585522042,1.00356082157
YbYag5,Yb_Yag5_2026-09-28_14-57-53,Yb_Yag5_2026-09-28_13-03-16,13.5,17,0.0004797,0.0981,0.00488990825688,0.00154627,0.09855,0.0156902080162,0.311653500822,0.997377816725
YbYag5,Yb_Yag5_2026-09-28_14-57-53,Yb_Yag5_2026-09-28_13-03-16,13.6,17,0.000482084,0.0982,0.00490920570265,0.00155485,0.0985,0.0157852791878,0.310998978494,0.995283163371
YbYag5,Yb_Yag5_2026-09-28_14-57-53,Yb_Yag5_2026-09-28_13-03-16,13.7,17,0.000481429,0.09815,0.00490503311258,0.00155736,0.09865,0.0157867207299,0.310706269941,0.994346414651
YbYag5,Yb_Yag5_2026-09-28_14-57-53,Yb_Yag5_2026-09-28_13-03-16,13.8,17,0.000480475,0.09815,0.00489531329598,0.00155795,0.0986,0.0158007099391,0.309816034523,0.991497413902
YbYag5,Yb_Yag5_2026-09-28_14-57-53,Yb_Yag5_2026-09-28_13-03-16,13.9,17,0.000480415,0.09835,0.00488474834774,0.00156189,0.09855,0.0158487062405,0.308211173431,0.986361412386
YbYag5,Yb_Yag5_2026-09-28_14-57-53,Yb_Yag5_2026-09-28_13-03-16,14,17,0.000482025,0.0982,0.00490860488798,0.00155187,0.0985,0.0157550253807,0.311558043822,0.997072327795
YbYag5,Yb_Yag5_2026-09-28_14-57-53,Yb_Yag5_2026-09-28_13-03-16,14.1,17,0.000485005,0.09835,0.00493141840366,0.00155283,0.0986,0.0157487829615,0.313130126672,1.00210342982
YbYag5,Yb_Yag5_2026-09-28_14-57-53,Yb_Yag5_2026-09-28_13-03-16,14.2,17,0.000480654,0.09825,0.00489215267176,0.00155557,0.0988,0.0157446356275,0.310718697308,0.994386185679
YbYag5,Yb_Yag5_2026-09-28_14-57-53,Yb_Yag5_2026-09-28_13-03-16,14.3,17,0.000481309,0.09845,0.0048888674454,0.0015483,0.0986,0.0157028397566,0.311336517546,0.996363382145
YbYag5,Yb_Yag5_2026-09-28_14-57-53,Yb_Yag5_2026-09-28_13-03-16,14.4,17,0.000480296,0.09845,0.00487857795835,0.00155009,0.0987,0.0157050658561,0.31063721751,0.994125427682
YbYag5,Yb_Yag5_2026-09-28_14-57-53,Yb_Yag5_2026-09-28_13-03-16,14.5,17,0.000480236,0.09845,0.00487796851193,0.00154961,0.0988,0.0156843117409,0.31100940816,0.9953165412
YbYag5,Yb_Yag5_2026-09-28_14-57-53,Yb_Yag5_2026-09-28_13-03-16,14.6,17,0.000476541,0.09855,0.00483552511416,0.00154186,0.0988,0.0156058704453,0.309852957649,0.991615578166
YbYag5,Yb_Yag5_2026-09-28_14-57-53,Yb_Yag5_2026-09-28_13-03-16,14.7,17,0.000473263,0.09855,0.00480226281076,0.00154568,0.0988,0.015644534413,0.306961056429,0.982360690553
YbYag5,Yb_Yag5_2026-09-28_14-57-53,Yb_Yag5_2026-09-28_13-03-16,14.8,17,0.000480654,0.0984,0.00488469512195,0.00154234,0.0988,0.0156107287449,0.31290628399,1.00138707103
YbYag5,Yb_Yag5_2026-09-28_14-57-53,Yb_Yag5_2026-09-28_13-03-16,14.9,17,0.000485601,0.0987,0.00491996960486,0.00154413,0.09875,0.0156367594937,0.314641253314,1.00693945505
YbYag5,Yb_Yag5_2026-09-28_14-57-53,Yb_Yag5_2026-09-28_13-03-16,15,17,0.000481071,0.0985,0.00488396954315,0.00154103,0.09875,0.0156053670886,0.31296729615,1.0015823269
YbYag5,Yb_Yag5_2026-09-28_14-57-53,Yb_Yag5_2026-09-28_13-03-16,15.1,17,0.000476303,0.0986,0.00483065922921,0.00154186,0.09885,0.0155979767324,0.309697809664,0.991119061496
YbYag5,Yb_Yag5_2026-09-28_14-57-53,Yb_Yag5_2026-09-28_13-03-16,15.2,17,0.000482561,0.09855,0.00489661085743,0.00154734,0.09895,0.0156375947448,0.313130691602,1.00210523776
YbYag5,Yb_Yag5_2026-09-28_14-57-53,Yb_Yag5_2026-09-28_13-03-16,15.3,17,0.000480356,0.0986,0.00487176470588,0.00154615,0.099,0.0156176767677,0.311939142956,0.998291950938
YbYag5,Yb_Yag5_2026-09-28_14-57-53,Yb_Yag5_2026-09-28_13-03-16,15.4,17,0.000480713,0.0985,0.00488033502538,0.00155021,0.09885,0.0156824481538,0.311197268278,0.995917745789
YbYag5,Yb_Yag5_2026-09-28_14-57-53,Yb_Yag5_2026-09-28_13-03-16,15.5,17,0.000472249,0.09865,0.0047871160669,0.00155235,0.09895,0.015688226377,0.305140680142,0.976534980518
YbYag5,Yb_Yag5_2026-09-28_14-57-53,Yb_Yag5_2026-09-28_13-03-16,15.6,17,0.000477673,0.09865,0.00484209832742,0.00153828,0.09895,0.0155460333502,0.311468412446,0.996785482481
YbYag5,Yb_Yag5_2026-09-28_14-57-53,Yb_Yag5_2026-09-28_13-03-16,15.7,17,0.000480594,0.09855,0.00487665144597,0.00153816,0.09885,0.0155605462822,0.313398473134,1.00296221308
YbYag5,Yb_Yag5_2026-09-28_14-57-53,Yb_Yag5_2026-09-28_13-03-16,15.8,17,0.000481071,0.09855,0.00488149162861,0.00155426,0.09875,0.0157393417722,0.310145856114,0.992552934657
YbYag5,Yb_Yag5_2026-09-28_14-57-53,Yb_Yag5_2026-09-28_13-03-16,15.9,17,0.000477912,0.09865,0.00484452103396,0.00154806,0.09885,0.0156606980273,0.309342599258,0.989982289478
YbYag5,Yb_Yag5_2026-09-28_14-57-53,Yb_Yag5_2026-09-28_13-03-16,16,17,0.000479998,0.0985,0.00487307614213,0.00155307,0.09905,0.015679656739,0.310789720926,0.994613480997
YbYag5,Yb_Yag5_2026-09-28_14-57-53,Yb_Yag5_2026-09-28_13-03-16,16.1,17,0.000486733,0.0986,0.00493644016227,0.00155736,0.0989,0.0157468149646,0.313488167186,1.00324925898
YbYag5,Yb_Yag5_2026-09-28_14-57-53,Yb_Yag5_2026-09-28_13-03-16,16.2,17,0.000480833,0.0987,0.00487166160081,0.00156379,0.09885,0.0158198280223,0.307946558834,0.985514572136
YbYag5,Yb_Yag5_2026-09-28_14-57-53,Yb_Yag5_2026-09-28_13-03-16,16.3,17,0.000485303,0.0985,0.00492693401015,0.00156415,0.09885,0.0158234699039,0.31136874782,0.99646652798
YbYag5,Yb_Yag5_2026-09-28_14-57-53,Yb_Yag5_2026-09-28_13-03-16,16.4,17,0.000480296,0.0986,0.00487115618661,0.00155474,0.09875,0.0157442025316,0.309393643586,0.990145645514
YbYag5,Yb_Yag5_2026-09-28_14-57-53,Yb_Yag5_2026-09-28_13-03-16,16.5,17,0.000486316,0.09855,0.00493471334348,0.00155474,0.09875,0.0157442025316,0.313430504567,1.00306472257
YbYag5,Yb_Yag5_2026-09-28_14-57-53,Yb_Yag5_2026-09-28_13-03-16,16.6,17,0.000479879,0.09855,0.00486939624556,0.00155772,0.09885,0.0157584218513,0.3090027854,0.988894790692
YbYag5,Yb_Yag5_2026-09-28_14-57-53,Yb_Yag5_2026-09-28_13-03-16,16.7,17,0.000484528,0.09855,0.0049165702689,0.00156582,0.09895,0.0158243557352,0.310696394291,0.994314809826
YbYag5,Yb_Yag5_2026-09-28_14-57-53,Yb_Yag5_2026-09-28_13-03-16,16.8,17,0.000480058,0.09845,0.00487616048756,0.00156534,0.09895,0.0158195048004,0.30823723935,0.986444830573
YbYag5,Yb_Yag5_2026-09-28_14-57-53,Yb_Yag5_2026-09-28_13-03-16,16.9,17,0.000479938,0.0985,0.00487246700508,0.00155962,0.0989,0.0157696663296,0.308977178289,0.98881284082
YbYag5,Yb_Yag5_2026-09-28_14-57-53,Yb_Yag5_2026-09-28_13-03-16,17,17,0.000475528,0.09845,0.00483014728288,0.00155962,0.0989,0.0157696663296,0.306293562712,0.98022452515
YbYag5,Yb_Yag5_2026-09-28_14-57-53,Yb_Yag5_2026-09-28_13-03-16,17.1,17,0.000476481,0.0986,0.00483246450304,0.00155915,0.09875,0.0157888607595,0.306067966312,0.979502553971
YbYag5,Yb_Yag5_2026-09-28_14-57-53,Yb_Yag5_2026-09-28_13-03-16,17.2,17,0.000473024,0.0986,0.00479740365112,0.00155378,0.09885,0.01571856348,0.305206239567,0.976744788897
YbYag5,Yb_Yag5_2026-09-28_14-57-53,Yb_Yag5_2026-09-28_13-03-16,17.3,17,0.000476303,0.09855,0.0048331100964,0.0015545,0.09885,0.0157258472433,0.307335434564,0.983558804629
YbYag5,Yb_Yag5_2026-09-28_14-57-53,Yb_Yag5_2026-09-28_13-03-16,17.4,17,0.000476481,0.09865,0.00483001520527,0.00154627,0.09885,0.0156425897825,0.308773372723,0.988160606369
YbYag5,Yb_Yag5_2026-09-28_14-57-53,Yb_Yag5_2026-09-28_13-03-16,17.5,17,0.000480952,0.0985,0.00488276142132,0.00155068,0.09885,0.0156872028326,0.311257620203,0.996110888721
YbYag5,Yb_Yag5_2026-09-28_14-57-53,Yb_Yag5_2026-09-28_13-03-16,17.6,17,0.000475647,0.0986,0.00482400608519,0.00154961,0.0989,0.0156684529828,0.307880177481,0.985302133357
YbYag5,Yb_Yag5_2026-09-28_14-57-53,Yb_Yag5_2026-09-28_13-03-16,17.7,17,0.000468494,0.09855,0.00475387113141,0.00153781,0.09885,0.015557005564,0.305577516949,0.977932979706
YbYag5,Yb_Yag5_2026-09-28_14-57-53,Yb_Yag5_2026-09-28_13-03-16,17.8,17,0.000476779,0.0985,0.00484039593909,0.00154126,0.09895,0.0155761495705,0.310756899013,0.994508441753
YbYag5,Yb_Yag5_2026-09-28_14-57-53,Yb_Yag5_2026-09-28_13-03-16,17.9,17,0.000476243,0.0985,0.00483495431472,0.00153363,0.0989,0.015506875632,0.311794227894,0.997828182463
YbYag5,Yb_Yag5_2026-09-28_14-57-53,Yb_Yag5_2026-09-28_13-03-16,18,17,0.000477495,0.09845,0.004850126968,0.00153721,0.09885,0.0155509357613,0.31188650268,0.998123487426
YbYag5,Yb_Yag5_2026-09-28_14-57-53,Yb_Yag5_2026-09-28_13-03-16,18.1,17,0.000472786,0.0985,0.00479985786802,0.00153673,0.09895,0.0155303688732,0.309062708504,0.989086561279
YbYag5,Yb_Yag5_2026-09-28_14-57-53,Yb_Yag5_2026-09-28_13-03-16,18.2,17,0.000480475,0.09855,0.00487544393709,0.00154353,0.09895,0.0155990904497,0.312546680386,1.00023623956
YbYag5,Yb_Yag5_2026-09-28_14-57-53,Yb_Yag5_2026-09-28_13-03-16,18.3,17,0.000479998,0.09845,0.00487555104114,0.00154246,0.09885,0.0156040465352,0.31245427461,0.999940515395
YbYag5,Yb_Yag5_2026-09-28_14-57-53,Yb_Yag5_2026-09-28_13-03-16,18.4,17,0.000482323,0.09865,0.00488923466802,0.001539,0.0988,0.0155769230769,0.313876793503,1.0044929712
YbYag5,Yb_Yag5_2026-09-28_14-57-53,Yb_Yag5_2026-09-28_13-03-16,18.5,17,0.000475945,0.09855,0.00482947742263,0.00154937,0.09895,0.0156581101566,0.308432970156,0.987071223549
YbYag5,Yb_Yag5_2026-09-28_14-57-53,Yb_Yag5_2026-09-28_13-03-16,18.6,17,0.000485064,0.0984,0.00492951219512,0.00155474,0.0988,0.0157362348178,0.313258683046,1.00251484595
YbYag5,Yb_Yag5_2026-09-28_14-57-53,Yb_Yag5_2026-09-28_13-03-16,18.7,17,0.000480892,0.09855,0.00487967529173,0.001557,0.09895,0.015735219808,0.310111669953,0.992443529439
YbYag5,Yb_Yag5_2026-09-28_14-57-53,Yb_Yag5_2026-09-28_13-03-16,18.8,17,0.000477256,0.0985,0.00484523857868,0.00156248,0.09885,0.0158065756196,0.306533097066,0.980991101652
YbYag5,Yb_Yag5_2026-09-28_14-57-53,Yb_Yag5_2026-09-28_13-03-16,18.9,17,0.000480415,0.09855,0.00487483510908,0.0015539,0.0988,0.0157277327935,0.309951546932,0.991931091273
YbYag5,Yb_Yag5_2026-09-28_14-57-53,Yb_Yag5_2026-09-28_13-03-16,19,17,0.000467958,0.09855,0.00474843226788,0.00155235,0.09895,0.015688226377,0.302674894776,0.968643782061
YbYag5,Yb_Yag5_2026-09-28_14-57-53,Yb_Yag5_2026-09-28_13-03-16,19.1,17,0.000464262,0.09855,0.00471092846271,0.00151075,0.09895,0.0152678120263,0.308552951438,0.987455196995
YbYag5,Yb_Yag5_2026-09-28_14-57-53,Yb_Yag5_2026-09-28_13-03-16,19.2,17,0.000467004,0.09845,0.00474356526155,0.00151063,0.09885,0.0152820435003,0.31040124061,0.99337023602
YbYag5,Yb_Yag5_2026-09-28_14-57-53,Yb_Yag5_2026-09-28_13-03-16,19.3,17,0.00047213,0.09855,0.00479076610857,0.00151146,0.09885,0.0152904400607,0.313317739029,1.00270384151
YbYag5,Yb_Yag5_2026-09-28_14-57-53,Yb_Yag5_2026-09-28_13-03-16,19.4,17,0.00047672,0.0986,0.00483488843813,0.00154103,0.0988,0.0155974696356,0.309979025514,0.992019030372
YbYag5,Yb_Yag5_2026-09-28_14-57-53,Yb_Yag5_2026-09-28_13-03-16,19.5,17,0.00047666,0.0985,0.00483918781726,0.0015545,0.09865,0.0157577293462,0.3070993105,0.982803142001
YbYag5,Yb_Yag5_2026-09-28_14-57-53,Yb_Yag5_2026-09-28_13-03-16,19.6,17,0.000484945,0.09835,0.00493080833757,0.00155915,0.09885,0.0157728882145,0.312612900727,1.00044816305
YbYag5,Yb_Yag5_2026-09-28_14-57-53,Yb_Yag5_2026-09-28_13-03-16,19.7,17,0.000481727,0.0983,0.00490057985758,0.00155402,0.09855,0.0157688483004,0.310776016372,0.994569622617
YbYag5,Yb_Yag5_2026-09-28_14-57-53,Yb_Yag5_2026-09-28_13-03-16,19.8,17,0.000484111,0.0985,0.00491483248731,0.00155497,0.09855,0.0157784880771,0.311489444571,0.996852791127
YbYag5,Yb_Yag5_2026-09-28_14-57-53,Yb_Yag5_2026-09-28_13-03-16,19.9,17,0.000479164,0.0983,0.00487450661241,0.001557,0.09865,0.0157830714648,0.308843980291,0.988386570209
YbYag5,Yb_Yag5_2026-09-28_14-57-53,Yb_Yag5_2026-09-28_13-03-16,20,17,0.000475945,0.09835,0.004839298424,0.00154937,0.0988,0.0156818825911,0.308591675514,0.987579124802
YbYag5,Yb_Yag5_2026-09-28_14-57-53,Yb_Yag5_2026-09-28_13-03-16,20.1,17,0.000480952,0.0984,0.00488772357724,0.00155617,0.0986,0.0157826572008,0.309689522813,0.991092541271
YbYag5,Yb_Yag5_2026-09-28_14-57-53,Yb_Yag5_2026-09-28_13-03-16,20.2,17,0.00047976,0.0982,0.00488553971487,0.00156225,0.0986,0.0158443204868,0.308346433597,0.98679428251
YbYag5,Yb_Yag5_2026-09-28_14-57-53,Yb_Yag5_2026-09-28_13-03-16,20.3,17,0.000481786,0.0983,0.00490118006104,0.00156606,0.0988,0.0158508097166,0.309206920572,0.989548079975
YbYag5,Yb_Yag5_2026-09-28_14-57-53,Yb_Yag5_2026-09-28_13-03-16,20.4,17,0.000481369,0.09835,0.00489444839858,0.00155283,0.09855,0.0157567732116,0.310625045677,0.994086474435
YbYag5,Yb_Yag5_2026-09-28_14-57-53,Yb_Yag5_2026-09-28_13-03-16,20.5,17,0.000480654,0.09835,0.00488717844433,0.00155891,0.09875,0.0157864303797,0.309580970921,0.990745145048
YbYag5,Yb_Yag5_2026-09-28_14-57-53,Yb_Yag5_2026-09-28_13-03-16,20.6,17,0.000480415,0.09845,0.00487978669375,0.00155855,0.0987,0.0157907801418,0.309027587613,0.988974164667
YbYag5,Yb_Yag5_2026-09-28_14-57-53,Yb_Yag5_2026-09-28_13-03-16,20.7,17,0.000481965,0.09835,0.00490050838841,0.00155175,0.09865,0.0157298530157,0.311541905924,0.997020682035
YbYag5,Yb_Yag5_2026-09-28_14-57-53,Yb_Yag5_2026-09-28_13-03-16,20.8,17,0.000479402,0.09835,0.00487444839858,0.00154901,0.0988,0.0156782388664,0.3109053536,0.994983537689
YbYag5,Yb_Yag5_2026-09-28_14-57-53,Yb_Yag5_2026-09-28_13-03-16,20.9,17,0.000475826,0.0983,0.00484054933876,0.00156523,0.09865,0.0158664977192,0.305079887473,0.976340427081
YbYag5,Yb_Yag5_2026-09-28_14-57-53,Yb_Yag5_2026-09-28_13-03-16,21,17,0.000480833,0.0984,0.00488651422764,0.00157107,0.09865,0.0159256969083,0.306832049849,0.981947833641
YbYag5,Yb_Yag5_2026-09-28_14-57-53,Yb_Yag5_2026-09-28_13-03-16,21.1,17,0.00045705,0.09835,0.00464717844433,0.00151695,0.09855,0.0153926940639,0.301908062685,0.966189706252
YbYag5,Yb_Yag5_2026-09-28_14-57-53,Yb_Yag5_2026-09-28_13-03-16,21.2,17,0.000434997,0.0985,0.00441621319797,0.00149287,0.09875,0.0151176708861,0.292122591585,0.934873479174
YbYag5,Yb_Yag5_2026-09-28_14-57-53,Yb_Yag5_2026-09-28_13-03-16,21.3,17,0.000400485,0.0985,0.00406583756345,0.00139952,0.0987,0.0141795339412,0.286739859033,0.917647239051
YbYag5,Yb_Yag5_2026-09-28_14-57-53,Yb_Yag5_2026-09-28_13-03-16,21.4,17,0.000318469,0.09845,0.00323482986287,0.00129128,0.09875,0.0130762531646,0.247382015486,0.791691201452
YbYag5,Yb_Yag5_2026-09-28_14-57-53,Yb_Yag5_2026-09-28_13-03-16,13.2,17.1,0.000437142,0.09815,0.00445381558839,0.00116874,0.0984,0.0118774390244,0.374981136863,1.20004385194
YbYag5,Yb_Yag5_2026-09-28_14-57-53,Yb_Yag5_2026-09-28_13-03-16,13.3,17.1,0.000462892,0.0982,0.00471376782077,0.00145603,0.09835,0.0148045754957,0.318399390927,1.01896653986
YbYag5,Yb_Yag5_2026-09-28_14-57-53,Yb_Yag5_2026-09-28_13-03-16,13.4,17.1,0.000476422,0.09825,0.00484907888041,0.00153197,0.09845,0.0155608938547,0.311619558985,0.997269193411
YbYag5,Yb_Yag5_2026-09-28_14-57-53,Yb_Yag5_2026-09-28_13-03-16,13.5,17.1,0.000477554,0.09825,0.00486060050891,0.00153936,0.09855,0.0156200913242,0.311176190204,0.995850290094
YbYag5,Yb_Yag5_2026-09-28_14-57-53,Yb_Yag5_2026-09-28_13-03-16,13.6,17.1,0.000480058,0.0983,0.00488360122075,0.00155986,0.0985,0.015836142132,0.308383265321,0.986912154263
YbYag5,Yb_Yag5_2026-09-28_14-57-53,Yb_Yag5_2026-09-28_13-03-16,13.7,17.1,0.000480535,0.0984,0.00488348577236,0.00156129,0.0985,0.0158506598985,0.308093530719,0.985984923016
YbYag5,Yb_Yag5_2026-09-28_14-57-53,Yb_Yag5_2026-09-28_13-03-16,13.8,17.1,0.000481369,0.0984,0.00489196138211,0.00156463,0.09865,0.0158604156107,0.30843841058,0.98708863442
YbYag5,Yb_Yag5_2026-09-28_14-57-53,Yb_Yag5_2026-09-28_13-03-16,13.9,17.1,0.00048125,0.09825,0.00489821882952,0.0015663,0.09865,0.015877344146,0.308503663111,0.987297460653
YbYag5,Yb_Yag5_2026-09-28_14-57-53,Yb_Yag5_2026-09-28_13-03-16,14,17.1,0.000480296,0.09845,0.00487857795835,0.00156487,0.09875,0.0158467848101,0.307859166185,0.985234891372
YbYag5,Yb_Yag5_2026-09-28_14-57-53,Yb_Yag5_2026-09-28_13-03-16,14.1,17.1,0.000486435,0.0984,0.00494344512195,0.00155962,0.0987,0.015801621074,0.312844175847,1.00118830772
YbYag5,Yb_Yag5_2026-09-28_14-57-53,Yb_Yag5_2026-09-28_13-03-16,14.2,17.1,0.000479938,0.09845,0.00487494159472,0.00155724,0.09875,0.0157695189873,0.309136987542,0.989324274843
YbYag5,Yb_Yag5_2026-09-28_14-57-53,Yb_Yag5_2026-09-28_13-03-16,14.3,17.1,0.000476183,0.09845,0.0048368004063,0.00156081,0.09875,0.0158056708861,0.30601677342,0.979338722489
YbYag5,Yb_Yag5_2026-09-28_14-57-53,Yb_Yag5_2026-09-28_13-03-16,14.4,17.1,0.00047666,0.0983,0.0048490335707,0.00155748,0.09875,0.0157719493671,0.307446686382,0.983914841367
YbYag5,Yb_Yag5_2026-09-28_14-57-53,Yb_Yag5_2026-09-28_13-03-16,14.5,17.1,0.000476541,0.0986,0.00483307302231,0.00155485,0.09875,0.0157453164557,0.306953057178,0.982335090725
YbYag5,Yb_Yag5_2026-09-28_14-57-53,Yb_Yag5_2026-09-28_13-03-16,14.6,17.1,0.000476183,0.0986,0.00482944219067,0.0015446,0.09875,0.0156415189873,0.308757876686,0.988111014744
YbYag5,Yb_Yag5_2026-09-28_14-57-53,Yb_Yag5_2026-09-28_13-03-16,14.7,17.1,0.000477137,0.0987,0.0048342147923,0.00155199,0.0988,0.0157084008097,0.307747099839,0.984876247921
YbYag5,Yb_Yag5_2026-09-28_14-57-53,Yb_Yag5_2026-09-28_13-03-16,14.8,17.1,0.000472726,0.0987,0.00478952380952,0.00154722,0.09875,0.0156680506329,0.305687281828,0.978284257825
YbYag5,Yb_Yag5_2026-09-28_14-57-53,Yb_Yag5_2026-09-28_13-03-16,14.9,17.1,0.000475587,0.0987,0.0048185106383,0.00154365,0.09885,0.0156160849772,0.308560733714,0.987480102442
YbYag5,Yb_Yag5_2026-09-28_14-57-53,Yb_Yag5_2026-09-28_13-03-16,15,17.1,0.000473918,0.09875,0.00479916962025,0.00155295,0.0989,0.0157022244692,0.305636289283,0.978121067507
YbYag5,Yb_Yag5_2026-09-28_14-57-53,Yb_Yag5_2026-09-28_13-03-16,15.1,17.1,0.00047219,0.0987,0.00478409321175,0.00154889,0.0989,0.0156611729019,0.30547477138,0.97760416533
YbYag5,Yb_Yag5_2026-09-28_14-57-53,Yb_Yag5_2026-09-28_13-03-16,15.2,17.1,0.000476839,0.09875,0.00482874936709,0.00155426,0.0989,0.0157154701719,0.307260890974,0.983320244424
YbYag5,Yb_Yag5_2026-09-28_14-57-53,Yb_Yag5_2026-09-28_13-03-16,15.3,17.1,0.000482144,0.0988,0.00488,0.00155962,0.099,0.0157537373737,0.309767763943,0.991342934632
YbYag5,Yb_Yag5_2026-09-28_14-57-53,Yb_Yag5_2026-09-28_13-03-16,15.4,17.1,0.00047827,0.0986,0.00485060851927,0.001557,0.09895,0.015735219808,0.308264427091,0.986531838901
YbYag5,Yb_Yag5_2026-09-28_14-57-53,Yb_Yag5_2026-09-28_13-03-16,15.5,17.1,0.000475587,0.09845,0.00483074657186,0.00155426,0.0988,0.0157313765182,0.307077169393,0.982732284305
YbYag5,Yb_Yag5_2026-09-28_14-57-53,Yb_Yag5_2026-09-28_13-03-16,15.6,17.1,0.000472309,0.09865,0.00478772427775,0.00156225,0.0989,0.0157962588473,0.303092290651,0.969979564864
YbYag5,Yb_Yag5_2026-09-28_14-57-53,Yb_Yag5_2026-09-28_13-03-16,15.7,17.1,0.000482382,0.0986,0.00489231237323,0.00155819,0.09885,0.0157631765301,0.310363356262,0.993248995577
YbYag5,Yb_Yag5_2026-09-28_14-57-53,Yb_Yag5_2026-09-28_13-03-16,15.8,17.1,0.000480654,0.09865,0.00487231626964,0.0015607,0.0989,0.015780586451,0.308753814997,0.98809801621
YbYag5,Yb_Yag5_2026-09-28_14-57-53,Yb_Yag5_2026-09-28_13-03-16,15.9,17.1,0.00047666,0.09855,0.00483673262303,0.00155903,0.0989,0.0157637007078,0.306827230019,0.981932408848
YbYag5,Yb_Yag5_2026-09-28_14-57-53,Yb_Yag5_2026-09-28_13-03-16,16,17.1,0.000480952,0.09865,0.00487533705018,0.00155056,0.09885,0.015685988872,0.310808396586,0.9946732483
YbYag5,Yb_Yag5_2026-09-28_14-57-53,Yb_Yag5_2026-09-28_13-03-16,16.1,17.1,0.000476064,0.09865,0.00482578813989,0.00156177,0.0989,0.0157914054601,0.305595860488,0.977991684127
YbYag5,Yb_Yag5_2026-09-28_14-57-53,Yb_Yag5_2026-09-28_13-03-16,16.2,17.1,0.000481905,0.0988,0.00487758097166,0.00155783,0.099,0.0157356565657,0.309969968606,0.991990045748
YbYag5,Yb_Yag5_2026-09-28_14-57-53,Yb_Yag5_2026-09-28_13-03-16,16.3,17.1,0.000484886,0.0985,0.00492270050761,0.00157035,0.099,0.0158621212121,0.310343140226,0.993184298644
YbYag5,Yb_Yag5_2026-09-28_14-57-53,Yb_Yag5_2026-09-28_13-03-16,16.4,17.1,0.000475528,0.0987,0.00481791286727,0.00156499,0.09885,0.0158319676277,0.304315482482,0.97389411867
YbYag5,Yb_Yag5_2026-09-28_14-57-53,Yb_Yag5_2026-09-28_13-03-16,16.5,17.1,0.000485899,0.0986,0.00492798174442,0.00155783,0.09895,0.0157436078828,0.313014766444,1.00173424503
YbYag5,Yb_Yag5_2026-09-28_14-57-53,Yb_Yag5_2026-09-28_13-03-16,16.6,17.1,0.000477375,0.0987,0.00483662613982,0.0015657,0.0988,0.0158471659919,0.305204485287,0.976739174716
YbYag5,Yb_Yag5_2026-09-28_14-57-53,Yb_Yag5_2026-09-28_13-03-16,16.7,17.1,0.000484051,0.0986,0.00490923935091,0.0015663,0.0988,0.0158532388664,0.309667910279,0.991023375155
YbYag5,Yb_Yag5_2026-09-28_14-57-53,Yb_Yag5_2026-09-28_13-03-16,16.8,17.1,0.000484826,0.0986,0.00491709939148,0.00156487,0.09885,0.0158307536672,0.310604251374,0.994019926883
YbYag5,Yb_Yag5_2026-09-28_14-57-53,Yb_Yag5_2026-09-28_13-03-16,16.9,17.1,0.000480236,0.0986,0.00487054766734,0.00155843,0.0989,0.0157576339737,0.309091306187,0.98917808181
YbYag5,Yb_Yag5_2026-09-28_14-57-53,Yb_Yag5_2026-09-28_13-03-16,17,17.1,0.000480236,0.0986,0.00487054766734,0.00156129,0.0989,0.0157865520728,0.308525106995,0.98736608704
YbYag5,Yb_Yag5_2026-09-28_14-57-53,Yb_Yag5_2026-09-28_13-03-16,17.1,17.1,0.000480952,0.0986,0.00487780933063,0.00156582,0.0989,0.0158323559151,0.308091187236,0.985977423218
YbYag5,Yb_Yag5_2026-09-28_14-57-53,Yb_Yag5_2026-09-28_13-03-16,17.2,17.1,0.000476124,0.09865,0.00482639635073,0.00156153,0.0988,0.0158049595142,0.305372269153,0.977276129718
YbYag5,Yb_Yag5_2026-09-28_14-57-53,Yb_Yag5_2026-09-28_13-03-16,17.3,17.1,0.000474991,0.09845,0.00482469273743,0.00154603,0.0988,0.0156480769231,0.308324962942,0.986725570448
YbYag5,Yb_Yag5_2026-09-28_14-57-53,Yb_Yag5_2026-09-28_13-03-16,17.4,17.1,0.000479462,0.0984,0.00487258130081,0.00155223,0.09895,0.0156870136433,0.310612421944,0.994046074979
YbYag5,Yb_Yag5_2026-09-28_14-57-53,Yb_Yag5_2026-09-28_13-03-16,17.5,17.1,0.000476005,0.09845,0.00483499238192,0.00154687,0.0989,0.0156407482305,0.309127946481,0.989295340936
YbYag5,Yb_Yag5_2026-09-28_14-57-53,Yb_Yag5_2026-09-28_13-03-16,17.6,17.1,0.000477018,0.09855,0.0048403652968,0.00154627,0.09885,0.0156425897825,0.309435033719,0.990278105442
YbYag5,Yb_Yag5_2026-09-28_14-57-53,Yb_Yag5_2026-09-28_13-03-16,17.7,17.1,0.000475647,0.09845,0.00483135601828,0.00154198,0.0988,0.0156070850202,0.309561715851,0.990683523471
YbYag5,Yb_Yag5_2026-09-28_14-57-53,Yb_Yag5_2026-09-28_13-03-16,17.8,17.1,0.000477137,0.09855,0.00484157280568,0.00154019,0.0989,0.0155732052578,0.310891221526,0.994938311127
YbYag5,Yb_Yag5_2026-09-28_14-57-53,Yb_Yag5_2026-09-28_13-03-16,17.9,17.1,0.000473144,0.09855,0.00480105530188,0.00153781,0.09885,0.015557005564,0.308610502332,0.98763937585
YbYag5,Yb_Yag5_2026-09-28_14-57-53,Yb_Yag5_2026-09-28_13-03-16,18,17.1,0.000472428,0.0985,0.00479622335025,0.00153304,0.09885,0.0155087506323,0.309259170127,0.989715293072
YbYag5,Yb_Yag5_2026-09-28_14-57-53,Yb_Yag5_2026-09-28_13-03-16,18.1,17.1,0.000475885,0.0985,0.00483131979695,0.00154126,0.0989,0.0155840242669,0.310017471367,0.992142067787
YbYag5,Yb_Yag5_2026-09-28_14-57-53,Yb_Yag5_2026-09-28_13-03-16,18.2,17.1,0.00046772,0.09865,0.00474120628485,0.00154782,0.0989,0.0156503538928,0.302945627768,0.969510202878
YbYag5,Yb_Yag5_2026-09-28_14-57-53,Yb_Yag5_2026-09-28_13-03-16,18.3,17.1,0.00047976,0.0985,0.00487065989848,0.00154126,0.09885,0.0155919069297,0.312383848906,0.999715133569
YbYag5,Yb_Yag5_2026-09-28_14-57-53,Yb_Yag5_2026-09-28_13-03-16,18.4,17.1,0.000475707,0.09865,0.00482216928535,0.00154007,0.0989,0.015571991911,0.309669393159,0.991028120782
YbYag5,Yb_Yag5_2026-09-28_14-57-53,Yb_Yag5_2026-09-28_13-03-16,18.5,17.1,0.000476183,0.0986,0.00482944219067,0.00155164,0.09885,0.0156969145169,0.307668248143,0.984623900579
YbYag5,Yb_Yag5_2026-09-28_14-57-53,Yb_Yag5_2026-09-28_13-03-16,18.6,17.1,0.00048423,0.0986,0.00491105476673,0.0015477,0.09875,0.0156729113924,0.31334668102,1.00279646392
YbYag5,Yb_Yag5_2026-09-28_14-57-53,Yb_Yag5_2026-09-28_13-03-16,18.7,17.1,0.000484468,0.09845,0.00492095479939,0.00155855,0.09885,0.0157668184117,0.312108294197,0.998833281919
YbYag5,Yb_Yag5_2026-09-28_14-57-53,Yb_Yag5_2026-09-28_13-03-16,18.8,17.1,0.000478329,0.09855,0.00485366818874,0.00155795,0.0989,0.0157527805865,0.30811501259,0.986053670973
YbYag5,Yb_Yag5_2026-09-28_14-57-53,Yb_Yag5_2026-09-28_13-03-16,18.9,17.1,0.000476064,0.09865,0.00482578813989,0.00155438,0.09885,0.0157246332828,0.306893525153,0.982144571699
YbYag5,Yb_Yag5_2026-09-28_14-57-53,Yb_Yag5_2026-09-28_13-03-16,19,17.1,0.000480058,0.0986,0.00486874239351,0.00155509,0.09885,0.0157318158827,0.309483814825,0.99043421854
YbYag5,Yb_Yag5_2026-09-28_14-57-53,Yb_Yag5_2026-09-28_13-03-16,19.1,17.1,0.000484945,0.09865,0.00491581348201,0.00157595,0.09885,0.0159428426909,0.308339834829,0.986773164618
YbYag5,Yb_Yag5_2026-09-28_14-57-53,Yb_Yag5_2026-09-28_13-03-16,19.2,17.1,0.000481131,0.09855,0.00488210045662,0.00155402,0.0988,0.0157289473684,0.310389522088,0.993332733492
YbYag5,Yb_Yag5_2026-09-28_14-57-53,Yb_Yag5_2026-09-28_13-03-16,19.3,17.1,0.00047523,0.0985,0.00482467005076,0.00154269,0.0988,0.0156142712551,0.308991048762,0.988857230187
YbYag5,Yb_Yag5_2026-09-28_14-57-53,Yb_Yag5_2026-09-28_13-03-16,19.4,17.1,0.000482263,0.09855,0.00489358701167,0.00155009,0.0988,0.0156891700405,0.311908596761,0.998194194623
YbYag5,Yb_Yag5_2026-09-28_14-57-53,Yb_Yag5_2026-09-28_13-03-16,19.5,17.1,0.000475945,0.09845,0.0048343829355,0.00154746,0.0988,0.0156625506073,0.308658727222,0.987793708903
YbYag5,Yb_Yag5_2026-09-28_14-57-53,Yb_Yag5_2026-09-28_13-03-16,19.6,17.1,0.000476541,0.0984,0.00484289634146,0.00155175,0.0988,0.0157059716599,0.308347451933,0.986797541468
YbYag5,Yb_Yag5_2026-09-28_14-57-53,Yb_Yag5_2026-09-28_13-03-16,19.7,17.1,0.000477614,0.0985,0.00484887309645,0.00155807,0.09875,0.0157779240506,0.307320093626,0.983509709364
YbYag5,Yb_Yag5_2026-09-28_14-57-53,Yb_Yag5_2026-09-28_13-03-16,19.8,17.1,0.000480415,0.09845,0.00487978669375,0.00156475,0.09875,0.0158455696203,0.307959058001,0.985554572943
YbYag5,Yb_Yag5_2026-09-28_14-57-53,Yb_Yag5_2026-09-28_13-03-16,19.9,17.1,0.0004797,0.09835,0.00487747839349,0.00156081,0.0987,0.0158136778116,0.308434157544,0.98707502352
YbYag5,Yb_Yag5_2026-09-28_14-57-53,Yb_Yag5_2026-09-28_13-03-16,20,17.1,0.000480594,0.09845,0.00488160487557,0.00156177,0.09875,0.0158153924051,0.308661634851,0.987803014124
YbYag5,Yb_Yag5_2026-09-28_14-57-53,Yb_Yag5_2026-09-28_13-03-16,20.1,17.1,0.000476362,0.09835,0.00484353838332,0.00156701,0.0987,0.0158764944276,0.305076061054,0.976328181478
YbYag5,Yb_Yag5_2026-09-28_14-57-53,Yb_Yag5_2026-09-28_13-03-16,20.2,17.1,0.000481071,0.0982,0.00489889002037,0.00156368,0.09865,0.0158507856057,0.309062916011,0.98908722536
YbYag5,Yb_Yag5_2026-09-28_14-57-53,Yb_Yag5_2026-09-28_13-03-16,20.3,17.1,0.000481011,0.0983,0.00489329603255,0.00156523,0.09865,0.0158664977192,0.308404294328,0.986979452931
YbYag5,Yb_Yag5_2026-09-28_14-57-53,Yb_Yag5_2026-09-28_13-03-16,20.4,17.1,0.00047666,0.09845,0.00484164550533,0.00156141,0.0987,0.0158197568389,0.306050564154,0.979446862231
YbYag5,Yb_Yag5_2026-09-28_14-57-53,Yb_Yag5_2026-09-28_13-03-16,20.5,17.1,0.00047976,0.09825,0.00488305343511,0.00156225,0.0987,0.0158282674772,0.308502079722,0.987292393367
YbYag5,Yb_Yag5_2026-09-28_14-57-53,Yb_Yag5_2026-09-28_13-03-16,20.6,17.1,0.000477077,0.0984,0.00484834349593,0.00155283,0.0987,0.0157328267477,0.308167348035,0.98622115894
YbYag5,Yb_Yag5_2026-09-28_14-57-53,Yb_Yag5_2026-09-28_13-03-16,20.7,17.1,0.000480892,0.0984,0.00488711382114,0.00155557,0.09875,0.0157526075949,0.310241576939,0.992859267899
YbYag5,Yb_Yag5_2026-09-28_14-57-53,Yb_Yag5_2026-09-28_13-03-16,20.8,17.1,0.000482203,0.0984,0.00490043699187,0.00155664,0.0987,0.0157714285714,0.310716113616,0.994377917146
YbYag5,Yb_Yag5_2026-09-28_14-57-53,Yb_Yag5_2026-09-28_13-03-16,20.9,17.1,0.000475528,0.0983,0.00483751780264,0.00157738,0.0987,0.0159815602837,0.302693711801,0.96870400177
YbYag5,Yb_Yag5_2026-09-28_14-57-53,Yb_Yag5_2026-09-28_13-03-16,21,17.1,0.000480594,0.09825,0.00489154198473,0.00157727,0.09875,0.0159723544304,0.306250528439,0.980086803516
YbYag5,Yb_Yag5_2026-09-28_14-57-53,Yb_Yag5_2026-09-28_13-03-16,21.1,17.1,0.000468167,0.09845,0.00475537836465,0.00153542,0.09865,0.015564318297,0.305530783547,0.977783419829
YbYag5,Yb_Yag5_2026-09-28_14-57-53,Yb_Yag5_2026-09-28_13-03-16,21.2,17.1,0.000444146,0.09835,0.0045159735638,0.00150836,0.09875,0.0152745316456,0.295653815683,0.946174377681
YbYag5,Yb_Yag5_2026-09-28_14-57-53,Yb_Yag5_2026-09-28_13-03-16,21.3,17.1,0.000404151,0.0984,0.00410722560976,0.00141204,0.09885,0.0142846737481,0.28752673545,0.920165462273
YbYag5,Yb_Yag5_2026-09-28_14-57-53,Yb_Yag5_2026-09-28_13-03-16,21.4,17.1,0.000316771,0.09845,0.0032175825292,0.00129867,0.09875,0.0131510886076,0.244662827938,0.782989045587
YbYag5,Yb_Yag5_2026-09-28_14-57-53,Yb_Yag5_2026-09-28_13-03-16,13.2,17.2,0.000430824,0.0982,0.00438720977597,0.00115765,0.09855,0.0117468290208,0.373480346756,1.1952409065
YbYag5,Yb_Yag5_2026-09-28_14-57-53,Yb_Yag5_2026-09-28_13-03-16,13.3,17.2,0.000471951,0.0983,0.00480112919634,0.00144673,0.0984,0.0147025406504,0.326550989418,1.04505392051
YbYag5,Yb_Yag5_2026-09-28_14-57-53,Yb_Yag5_2026-09-28_13-03-16,13.4,17.2,0.000476362,0.09835,0.00484353838332,0.0015235,0.0986,0.0154513184584,0.313470879288,1.0031939329
YbYag5,Yb_Yag5_2026-09-28_14-57-53,Yb_Yag5_2026-09-28_13-03-16,13.5,17.2,0.000479402,0.0983,0.00487692777213,0.00154496,0.0985,0.0156848730964,0.310931924164,0.995068570879
YbYag5,Yb_Yag5_2026-09-28_14-57-53,Yb_Yag5_2026-09-28_13-03-16,13.6,17.2,0.000480058,0.0983,0.00488360122075,0.00155986,0.0985,0.015836142132,0.308383265321,0.986912154263
YbYag5,Yb_Yag5_2026-09-28_14-57-53,Yb_Yag5_2026-09-28_13-03-16,13.7,17.2,0.000480594,0.09825,0.00489154198473,0.00156582,0.0986,0.0158805273834,0.308021381572,0.985754025693
YbYag5,Yb_Yag5_2026-09-28_14-57-53,Yb_Yag5_2026-09-28_13-03-16,13.8,17.2,0.000479462,0.0983,0.00487753814852,0.00156976,0.09865,0.0159124176381,0.30652401536,0.98096203767
YbYag5,Yb_Yag5_2026-09-28_14-57-53,Yb_Yag5_2026-09-28_13-03-16,13.9,17.2,0.000481667,0.09845,0.00489250380904,0.0015657,0.0987,0.0158632218845,0.308418040463,0.987023444381
YbYag5,Yb_Yag5_2026-09-28_14-57-53,Yb_Yag5_2026-09-28_13-03-16,14,17.2,0.000480415,0.0985,0.00487730964467,0.00157083,0.09875,0.0159071392405,0.306611363045,0.981241574536
YbYag5,Yb_Yag5_2026-09-28_14-57-53,Yb_Yag5_2026-09-28_13-03-16,14.1,17.2,0.000479164,0.0984,0.00486955284553,0.00156952,0.09885,0.0158777946383,0.30668949665,0.981491623787
YbYag5,Yb_Yag5_2026-09-28_14-57-53,Yb_Yag5_2026-09-28_13-03-16,14.2,17.2,0.000480654,0.0984,0.00488469512195,0.0015607,0.0987,0.0158125633232,0.30891228842,0.988605175204
YbYag5,Yb_Yag5_2026-09-28_14-57-53,Yb_Yag5_2026-09-28_13-03-16,14.3,17.2,0.000476124,0.09855,0.00483129375951,0.00155235,0.0987,0.0157279635258,0.307178596363,0.9830568788
YbYag5,Yb_Yag5_2026-09-28_14-57-53,Yb_Yag5_2026-09-28_13-03-16,14.4,17.2,0.000480236,0.0986,0.00487054766734,0.00155855,0.0988,0.0157747975709,0.308755002747,0.98810181734
YbYag5,Yb_Yag5_2026-09-28_14-57-53,Yb_Yag5_2026-09-28_13-03-16,14.5,17.2,0.000479819,0.09855,0.00486878741755,0.00155533,0.0988,0.0157422064777,0.309282401069,0.989789638544
YbYag5,Yb_Yag5_2026-09-28_14-57-53,Yb_Yag5_2026-09-28_13-03-16,14.6,17.2,0.000476899,0.09865,0.0048342524075,0.00155652,0.09885,0.0157462822458,0.30700912965,0.982514538218
YbYag5,Yb_Yag5_2026-09-28_14-57-53,Yb_Yag5_2026-09-28_13-03-16,14.7,17.2,0.000476541,0.0987,0.00482817629179,0.00155295,0.0989,0.0157022244692,0.307483586243,0.984032931178
YbYag5,Yb_Yag5_2026-09-28_14-57-53,Yb_Yag5_2026-09-28_13-03-16,14.8,17.2,0.000476422,0.0987,0.00482697061803,0.00155175,0.09885,0.0156980273141,0.307488993454,0.984050235756
YbYag5,Yb_Yag5_2026-09-28_14-57-53,Yb_Yag5_2026-09-28_13-03-16,14.9,17.2,0.000476303,0.09865,0.00482821084643,0.00155497,0.09885,0.0157306019221,0.306931093314,0.982264800255
YbYag5,Yb_Yag5_2026-09-28_14-57-53,Yb_Yag5_2026-09-28_13-03-16,15,17.2,0.000476243,0.0986,0.00483005070994,0.00155581,0.0989,0.0157311425683,0.307037501502,0.98260533603
YbYag5,Yb_Yag5_2026-09-28_14-57-53,Yb_Yag5_2026-09-28_13-03-16,15.1,17.2,0.000479402,0.09855,0.00486455606291,0.00155235,0.09885,0.0157040971168,0.309763498451,0.99132928387
YbYag5,Yb_Yag5_2026-09-28_14-57-53,Yb_Yag5_2026-09-28_13-03-16,15.2,17.2,0.00047672,0.09855,0.00483734145104,0.00155581,0.09885,0.0157390996459,0.307345500052,0.98359101699
YbYag5,Yb_Yag5_2026-09-28_14-57-53,Yb_Yag5_2026-09-28_13-03-16,15.3,17.2,0.000484826,0.09865,0.00491460719716,0.00155223,0.09885,0.0157028831563,0.312974830688,1.00160643952
YbYag5,Yb_Yag5_2026-09-28_14-57-53,Yb_Yag5_2026-09-28_13-03-16,15.4,17.2,0.000474753,0.0986,0.00481493914807,0.00155926,0.09895,0.0157580596261,0.305554063274,0.977857921427
YbYag5,Yb_Yag5_2026-09-28_14-57-53,Yb_Yag5_2026-09-28_13-03-16,15.5,17.2,0.000475587,0.0987,0.0048185106383,0.00155617,0.09885,0.0157427415276,0.306078241191,0.979535436441
YbYag5,Yb_Yag5_2026-09-28_14-57-53,Yb_Yag5_2026-09-28_13-03-16,15.6,17.2,0.000475289,0.09855,0.00482282090309,0.0015626,0.09895,0.0157918140475,0.305400056547,0.9773650571
YbYag5,Yb_Yag5_2026-09-28_14-57-53,Yb_Yag5_2026-09-28_13-03-16,15.7,17.2,0.000474395,0.09855,0.0048137493658,0.001557,0.09885,0.015751138088,0.305612796923,0.978045885428
YbYag5,Yb_Yag5_2026-09-28_14-57-53,Yb_Yag5_2026-09-28_13-03-16,15.8,17.2,0.000476183,0.09865,0.00482699442473,0.00154615,0.0989,0.0156334681496,0.308760306961,0.988118792297
YbYag5,Yb_Yag5_2026-09-28_14-57-53,Yb_Yag5_2026-09-28_13-03-16,15.9,17.2,0.000475468,0.0987,0.00481730496454,0.00155509,0.0989,0.0157238624874,0.306369059663,0.980466136375
YbYag5,Yb_Yag5_2026-09-28_14-57-53,Yb_Yag5_2026-09-28_13-03-16,16,17.2,0.000480296,0.0986,0.00487115618661,0.0015607,0.0989,0.015780586451,0.308680301694,0.98786275321
YbYag5,Yb_Yag5_2026-09-28_14-57-53,Yb_Yag5_2026-09-28_13-03-16,16.1,17.2,0.00048429,0.0986,0.004911663286,0.00156356,0.0988,0.0158255060729,0.310363742137,0.993250230485
YbYag5,Yb_Yag5_2026-09-28_14-57-53,Yb_Yag5_2026-09-28_13-03-16,16.2,17.2,0.000480773,0.0987,0.00487105369807,0.00156403,0.0991,0.0157823410696,0.308639489958,0.987732144312
YbYag5,Yb_Yag5_2026-09-28_14-57-53,Yb_Yag5_2026-09-28_13-03-16,16.3,17.2,0.000488762,0.0986,0.00495701825558,0.00157178,0.0989,0.0158926188069,0.311906949749,0.998188923727
YbYag5,Yb_Yag5_2026-09-28_14-57-53,Yb_Yag5_2026-09-28_13-03-16,16.4,17.2,0.000484588,0.09855,0.00491717909691,0.0015657,0.0989,0.0158311425683,0.310601655926,0.994011620729
YbYag5,Yb_Yag5_2026-09-28_14-57-53,Yb_Yag5_2026-09-28_13-03-16,16.5,17.2,0.000485661,0.0985,0.00493056852792,0.0015632,0.0988,0.0158218623482,0.311630098873,0.997302923982
YbYag5,Yb_Yag5_2026-09-28_14-57-53,Yb_Yag5_2026-09-28_13-03-16,16.6,17.2,0.000474932,0.09865,0.00481431322859,0.00156916,0.09875,0.0158902278481,0.302973203066,0.969598451495
YbYag5,Yb_Yag5_2026-09-28_14-57-53,Yb_Yag5_2026-09-28_13-03-16,16.7,17.2,0.000480117,0.0986,0.00486934077079,0.00157214,0.0989,0.0158962588473,0.306319922037,0.980308882316
YbYag5,Yb_Yag5_2026-09-28_14-57-53,Yb_Yag5_2026-09-28_13-03-16,16.8,17.2,0.000485303,0.09865,0.00491944247339,0.00156523,0.0988,0.0158424089069,0.310523639574,0.993761946721
YbYag5,Yb_Yag5_2026-09-28_14-57-53,Yb_Yag5_2026-09-28_13-03-16,16.9,17.2,0.000480177,0.0986,0.00486994929006,0.00156487,0.0988,0.0158387651822,0.307470262614,0.983990291863
YbYag5,Yb_Yag5_2026-09-28_14-57-53,Yb_Yag5_2026-09-28_13-03-16,17,17.2,0.000484647,0.09855,0.00491777777778,0.00156499,0.0989,0.0158239635996,0.310780402573,0.994583659676
YbYag5,Yb_Yag5_2026-09-28_14-57-53,Yb_Yag5_2026-09-28_13-03-16,17.1,17.2,0.000479998,0.0987,0.00486320162107,0.00156916,0.09895,0.0158581101566,0.306669683401,0.981428215886
YbYag5,Yb_Yag5_2026-09-28_14-57-53,Yb_Yag5_2026-09-28_13-03-16,17.2,17.2,0.00047976,0.0987,0.00486079027356,0.00155891,0.0989,0.015762487361,0.308377108399,0.986892450402
YbYag5,Yb_Yag5_2026-09-28_14-57-53,Yb_Yag5_2026-09-28_13-03-16,17.3,17.2,0.000476124,0.0987,0.00482395136778,0.00155688,0.0988,0.0157578947368,0.306129178317,0.979698449399
YbYag5,Yb_Yag5_2026-09-28_14-57-53,Yb_Yag5_2026-09-28_13-03-16,17.4,17.2,0.000476601,0.0987,0.00482878419453,0.00154615,0.0988,0.015649291498,0.308562479979,0.987485690975
YbYag5,Yb_Yag5_2026-09-28_14-57-53,Yb_Yag5_2026-09-28_13-03-16,17.5,17.2,0.00048119,0.0986,0.00488022312373,0.00154663,0.09885,0.0156462316641,0.311910447736,0.998200118259
YbYag5,Yb_Yag5_2026-09-28_14-57-53,Yb_Yag5_2026-09-28_13-03-16,17.6,17.2,0.000475051,0.0985,0.00482285279188,0.00154866,0.0988,0.0156746963563,0.307683969262,0.984674212527
YbYag5,Yb_Yag5_2026-09-28_14-57-53,Yb_Yag5_2026-09-28_13-03-16,17.7,17.2,0.000472071,0.0986,0.00478773833671,0.00154341,0.0988,0.0156215587045,0.306482754204,0.980829990502
YbYag5,Yb_Yag5_2026-09-28_14-57-53,Yb_Yag5_2026-09-28_13-03-16,17.8,17.2,0.000474932,0.09865,0.00481431322859,0.00154627,0.09885,0.0156425897825,0.307769576236,0.984948178635
YbYag5,Yb_Yag5_2026-09-28_14-57-53,Yb_Yag5_2026-09-28_13-03-16,17.9,17.2,0.000471177,0.0986,0.00477867139959,0.00153566,0.0989,0.0155274014156,0.307757316996,0.984908945662
YbYag5,Yb_Yag5_2026-09-28_14-57-53,Yb_Yag5_2026-09-28_13-03-16,18,17.2,0.000476124,0.09865,0.00482639635073,0.00154186,0.09885,0.0155979767324,0.309424512777,0.990244435504
YbYag5,Yb_Yag5_2026-09-28_14-57-53,Yb_Yag5_2026-09-28_13-03-16,18.1,17.2,0.000471057,0.09855,0.0047798782344,0.00154651,0.09895,0.01562920667,0.30582986938,0.978740577618
YbYag5,Yb_Yag5_2026-09-28_14-57-53,Yb_Yag5_2026-09-28_13-03-16,18.2,17.2,0.000470938,0.09865,0.00477382665991,0.00153995,0.09885,0.0155786545271,0.306433822742,0.980673396224
YbYag5,Yb_Yag5_2026-09-28_14-57-53,Yb_Yag5_2026-09-28_13-03-16,18.3,17.2,0.000467541,0.09865,0.00473939178915,0.00154556,0.0989,0.0156275025278,0.303272501842,0.970556290758
YbYag5,Yb_Yag5_2026-09-28_14-57-53,Yb_Yag5_2026-09-28_13-03-16,18.4,17.2,0.000471415,0.0988,0.00477140688259,0.00154746,0.0989,0.0156467138524,0.304946260768,0.975912784487
YbYag5,Yb_Yag5_2026-09-28_14-57-53,Yb_Yag5_2026-09-28_13-03-16,18.5,17.2,0.000470819,0.09865,0.00477262037506,0.00155187,0.0991,0.0156596367306,0.30477210022,0.975355422331
YbYag5,Yb_Yag5_2026-09-28_14-57-53,Yb_Yag5_2026-09-28_13-03-16,18.6,17.2,0.000480415,0.09865,0.0048698935631,0.0015545,0.09905,0.015694093892,0.310301034046,0.993049547165
YbYag5,Yb_Yag5_2026-09-28_14-57-53,Yb_Yag5_2026-09-28_13-03-16,18.7,17.2,0.000477018,0.0986,0.00483791075051,0.00155259,0.0988,0.0157144736842,0.307863365184,0.985248329335
YbYag5,Yb_Yag5_2026-09-28_14-57-53,Yb_Yag5_2026-09-28_13-03-16,18.8,17.2,0.000479044,0.09855,0.00486092338914,0.00156439,0.0989,0.0158178968655,0.30730529036,0.9834623348
YbYag5,Yb_Yag5_2026-09-28_14-57-53,Yb_Yag5_2026-09-28_13-03-16,18.9,17.2,0.000476362,0.0986,0.00483125760649,0.00155426,0.0988,0.0157313765182,0.307109654448,0.982836245509
YbYag5,Yb_Yag5_2026-09-28_14-57-53,Yb_Yag5_2026-09-28_13-03-16,19,17.2,0.000475826,0.0986,0.00482582150101,0.00153423,0.099,0.0154972727273,0.311398114102,0.996560508244
YbYag5,Yb_Yag5_2026-09-28_14-57-53,Yb_Yag5_2026-09-28_13-03-16,19.1,17.2,0.000471653,0.0986,0.0047834989858,0.00155271,0.099,0.0156839393939,0.304993462781,0.97606384405
YbYag5,Yb_Yag5_2026-09-28_14-57-53,Yb_Yag5_2026-09-28_13-03-16,19.2,17.2,0.000480356,0.09865,0.0048692954891,0.00156129,0.0989,0.0157865520728,0.308445787696,0.98711224324
YbYag5,Yb_Yag5_2026-09-28_14-57-53,Yb_Yag5_2026-09-28_13-03-16,19.3,17.2,0.000471653,0.09865,0.00478107450583,0.00154722,0.09895,0.0156363820111,0.3057660335,0.978536285062
YbYag5,Yb_Yag5_2026-09-28_14-57-53,Yb_Yag5_2026-09-28_13-03-16,19.4,17.2,0.000475349,0.09845,0.00482832910107,0.00154663,0.0988,0.0156541497976,0.308437645193,0.987086184967
YbYag5,Yb_Yag5_2026-09-28_14-57-53,Yb_Yag5_2026-09-28_13-03-16,19.5,17.2,0.000472667,0.0986,0.00479378296146,0.00154424,0.0987,0.0156457953394,0.306394328794,0.980547004615
YbYag5,Yb_Yag5_2026-09-28_14-57-53,Yb_Yag5_2026-09-28_13-03-16,19.6,17.2,0.000476481,0.09855,0.00483491628615,0.00155199,0.0987,0.0157243161094,0.307480226963,0.984022180546
YbYag5,Yb_Yag5_2026-09-28_14-57-53,Yb_Yag5_2026-09-28_13-03-16,19.7,17.2,0.000483157,0.09845,0.00490763839512,0.00155497,0.09885,0.0157306019221,0.31198033104,0.998423764254
YbYag5,Yb_Yag5_2026-09-28_14-57-53,Yb_Yag5_2026-09-28_13-03-16,19.8,17.2,0.000480892,0.09835,0.00488959837316,0.00156046,0.09865,0.0158181449569,0.309113261162,0.989248343833
YbYag5,Yb_Yag5_2026-09-28_14-57-53,Yb_Yag5_2026-09-28_13-03-16,19.9,17.2,0.000480296,0.0985,0.00487610152284,0.00155891,0.0986,0.0158104462475,0.308410113574,0.986998076133
YbYag5,Yb_Yag5_2026-09-28_14-57-53,Yb_Yag5_2026-09-28_13-03-16,20,17.2,0.000480713,0.0984,0.00488529471545,0.0015657,0.0986,0.0158793103448,0.307651567314,0.98457051729
YbYag5,Yb_Yag5_2026-09-28_14-57-53,Yb_Yag5_2026-09-28_13-03-16,20.1,17.2,0.000476064,0.0983,0.00484297049847,0.0015626,0.09855,0.0158559107052,0.305436287358,0.977481005763
YbYag5,Yb_Yag5_2026-09-28_14-57-53,Yb_Yag5_2026-09-28_13-03-16,20.2,17.2,0.000480594,0.09845,0.00488160487557,0.00156499,0.09875,0.015848,0.308026557015,0.985770588548
YbYag5,Yb_Yag5_2026-09-28_14-57-53,Yb_Yag5_2026-09-28_13-03-16,20.3,17.2,0.000480177,0.0983,0.00488481180061,0.00156558,0.09875,0.0158539746835,0.308112753939,0.986046442661
YbYag5,Yb_Yag5_2026-09-28_14-57-53,Yb_Yag5_2026-09-28_13-03-16,20.4,17.2,0.000481369,0.0984,0.00489196138211,0.00156856,0.09865,0.0159002534212,0.307665623467,0.984615500884
YbYag5,Yb_Yag5_2026-09-28_14-57-53,Yb_Yag5_2026-09-28_13-03-16,20.5,17.2,0.000476124,0.0984,0.00483865853659,0.00156391,0.09865,0.0158531170806,0.305218116538,0.976782798505
YbYag5,Yb_Yag5_2026-09-28_14-57-53,Yb_Yag5_2026-09-28_13-03-16,20.6,17.2,0.00047976,0.09825,0.00488305343511,0.00156546,0.09865,0.0158688291941,0.30771352917,0.984768812448
YbYag5,Yb_Yag5_2026-09-28_14-57-53,Yb_Yag5_2026-09-28_13-03-16,20.7,17.2,0.000484647,0.09825,0.00493279389313,0.00156809,0.09865,0.0158954891029,0.310326650611,0.993131527294
YbYag5,Yb_Yag5_2026-09-28_14-57-53,Yb_Yag5_2026-09-28_13-03-16,20.8,17.2,0.000476601,0.0985,0.00483858883249,0.00156809,0.09865,0.0158954891029,0.304400122649,0.974164990727
YbYag5,Yb_Yag5_2026-09-28_14-57-53,Yb_Yag5_2026-09-28_13-03-16,20.9,17.2,0.00048119,0.09835,0.00489262836807,0.00160599,0.09875,0.0162631898734,0.300840634965,0.962773640892
YbYag5,Yb_Yag5_2026-09-28_14-57-53,Yb_Yag5_2026-09-28_13-03-16,21,17.2,0.000478866,0.09845,0.00486405281869,0.00159705,0.0987,0.0161808510638,0.300605499643,0.962021142515
YbYag5,Yb_Yag5_2026-09-28_14-57-53,Yb_Yag5_2026-09-28_13-03-16,21.1,17.2,0.000462236,0.0984,0.0046975203252,0.00156439,0.09875,0.0158419240506,0.296524608387,0.948961156341
YbYag5,Yb_Yag5_2026-09-28_14-57-53,Yb_Yag5_2026-09-28_13-03-16,21.2,17.2,0.000444951,0.0984,0.0045218597561,0.00152696,0.0988,0.0154550607287,0.292581170367,0.936341058726
YbYag5,Yb_Yag5_2026-09-28_14-57-53,Yb_Yag5_2026-09-28_13-03-16,21.3,17.2,0.000399234,0.09855,0.00405108066971,0.00143326,0.09885,0.014499342438,0.279397544201,0.894149791029
YbYag5,Yb_Yag5_2026-09-28_14-57-53,Yb_Yag5_2026-09-28_13-03-16,21.4,17.2,0.00030035,0.09855,0.00304769152714,0.00130881,0.09885,0.0132403641882,0.230181850274,0.736645892538
YbYag5,Yb_Yag5_2026-09-28_14-57-53,Yb_Yag5_2026-09-28_13-03-16,13.2,17.3,0.000426294,0.0983,0.00433666327569,0.00112463,0.09845,0.0114233621127,0.379631078215,1.21492495657
YbYag5,Yb_Yag5_2026-09-28_14-57-53,Yb_Yag5_2026-09-28_13-03-16,13.3,17.3,0.000463488,0.0984,0.00471024390244,0.00144816,0.0985,0.0147021319797,0.320378289961,1.02529956674
YbYag5,Yb_Yag5_2026-09-28_14-57-53,Yb_Yag5_2026-09-28_13-03-16,13.4,17.3,0.000480117,0.09835,0.00488171835282,0.0015266,0.0985,0.0154984771574,0.314980517327,1.00802519418
YbYag5,Yb_Yag5_2026-09-28_14-57-53,Yb_Yag5_2026-09-28_13-03-16,13.5,17.3,0.000475051,0.09845,0.00482530218385,0.00155557,0.09865,0.0157685757729,0.306007483069,0.979308990785
YbYag5,Yb_Yag5_2026-09-28_14-57-53,Yb_Yag5_2026-09-28_13-03-16,13.6,17.3,0.000477256,0.09855,0.00484278031456,0.00156379,0.09855,0.015867985794,0.305191873589,0.976698813777
YbYag5,Yb_Yag5_2026-09-28_14-57-53,Yb_Yag5_2026-09-28_13-03-16,13.7,17.3,0.000476481,0.09845,0.00483982732351,0.00156713,0.09865,0.0158857577293,0.304664555886,0.975011250575
YbYag5,Yb_Yag5_2026-09-28_14-57-53,Yb_Yag5_2026-09-28_13-03-16,13.8,17.3,0.000476362,0.09845,0.00483861858812,0.0015781,0.09875,0.0159807594937,0.302777761597,0.968972984476
YbYag5,Yb_Yag5_2026-09-28_14-57-53,Yb_Yag5_2026-09-28_13-03-16,13.9,17.3,0.000479521,0.0985,0.00486823350254,0.0015545,0.09865,0.0157577293462,0.308942576407,0.988702105181
YbYag5,Yb_Yag5_2026-09-28_14-57-53,Yb_Yag5_2026-09-28_13-03-16,14,17.3,0.000480773,0.0985,0.00488094416244,0.00156117,0.0987,0.015817325228,0.308582145975,0.987548627629
YbYag5,Yb_Yag5_2026-09-28_14-57-53,Yb_Yag5_2026-09-28_13-03-16,14.1,17.3,0.000480952,0.09865,0.00487533705018,0.00156785,0.0988,0.0158689271255,0.307225372681,0.983206576016
YbYag5,Yb_Yag5_2026-09-28_14-57-53,Yb_Yag5_2026-09-28_13-03-16,14.2,17.3,0.000476362,0.09865,0.00482880892043,0.00157035,0.09885,0.0158861911988,0.303962659142,0.972764985926
YbYag5,Yb_Yag5_2026-09-28_14-57-53,Yb_Yag5_2026-09-28_13-03-16,14.3,17.3,0.000472547,0.0986,0.00479256592292,0.00157095,0.09875,0.0159083544304,0.301260947126,0.96411875662
YbYag5,Yb_Yag5_2026-09-28_14-57-53,Yb_Yag5_2026-09-28_13-03-16,14.4,17.3,0.00047523,0.0985,0.00482467005076,0.00155593,0.0988,0.0157482793522,0.306361726437,0.980442668014
YbYag5,Yb_Yag5_2026-09-28_14-57-53,Yb_Yag5_2026-09-28_13-03-16,14.5,17.3,0.000476124,0.09855,0.00483129375951,0.00156272,0.0988,0.0158170040486,0.305449359731,0.977522840991
YbYag5,Yb_Yag5_2026-09-28_14-57-53,Yb_Yag5_2026-09-28_13-03-16,14.6,17.3,0.000476303,0.09875,0.00482332151899,0.00156129,0.0989,0.0157865520728,0.305533564058,0.977792318239
YbYag5,Yb_Yag5_2026-09-28_14-57-53,Yb_Yag5_2026-09-28_13-03-16,14.7,17.3,0.000477852,0.09875,0.00483900759494,0.00156534,0.0989,0.0158275025278,0.305734122389,0.978434160635
YbYag5,Yb_Yag5_2026-09-28_14-57-53,Yb_Yag5_2026-09-28_13-03-16,14.8,17.3,0.000476183,0.0988,0.0048196659919,0.00156248,0.0989,0.0157985844287,0.305069483513,0.976307131518
YbYag5,Yb_Yag5_2026-09-28_14-57-53,Yb_Yag5_2026-09-28_13-03-16,14.9,17.3,0.000476303,0.0987,0.00482576494428,0.00156666,0.0988,0.0158568825911,0.304332514071,0.973948624487
YbYag5,Yb_Yag5_2026-09-28_14-57-53,Yb_Yag5_2026-09-28_13-03-16,15,17.3,0.000475528,0.09875,0.00481547341772,0.00155378,0.09885,0.01571856348,0.306355820864,0.980423768538
YbYag5,Yb_Yag5_2026-09-28_14-57-53,Yb_Yag5_2026-09-28_13-03-16,15.1,17.3,0.000471296,0.0989,0.00476537917088,0.00156093,0.0989,0.0157829120324,0.301932822099,0.966268943259
YbYag5,Yb_Yag5_2026-09-28_14-57-53,Yb_Yag5_2026-09-28_13-03-16,15.2,17.3,0.000472547,0.09875,0.00478528607595,0.00155378,0.0988,0.0157265182186,0.304281342471,0.973784861146
YbYag5,Yb_Yag5_2026-09-28_14-57-53,Yb_Yag5_2026-09-28_13-03-16,15.3,17.3,0.000479938,0.0987,0.00486259371834,0.00157393,0.099,0.0158982828283,0.30585653626,0.978825919044
YbYag5,Yb_Yag5_2026-09-28_14-57-53,Yb_Yag5_2026-09-28_13-03-16,15.4,17.3,0.00047213,0.09875,0.00478106329114,0.00156248,0.09905,0.015774659263,0.30308504364,0.969956372415
YbYag5,Yb_Yag5_2026-09-28_14-57-53,Yb_Yag5_2026-09-28_13-03-16,15.5,17.3,0.000476362,0.0988,0.00482147773279,0.00155795,0.09895,0.0157448206165,0.306226272768,0.980009178627
YbYag5,Yb_Yag5_2026-09-28_14-57-53,Yb_Yag5_2026-09-28_13-03-16,15.6,17.3,0.000475945,0.09865,0.00482458185504,0.00155986,0.0989,0.0157720930233,0.305893570873,0.978944440099
YbYag5,Yb_Yag5_2026-09-28_14-57-53,Yb_Yag5_2026-09-28_13-03-16,15.7,17.3,0.000470759,0.09855,0.00477685438864,0.00156046,0.0989,0.0157781597573,0.302751047151,0.968887490825
YbYag5,Yb_Yag5_2026-09-28_14-57-53,Yb_Yag5_2026-09-28_13-03-16,15.8,17.3,0.000475647,0.09865,0.00482156107451,0.00156177,0.099,0.0157754545455,0.305636903241,0.978123032345
YbYag5,Yb_Yag5_2026-09-28_14-57-53,Yb_Yag5_2026-09-28_13-03-16,15.9,17.3,0.000480356,0.09865,0.0048692954891,0.00156141,0.09885,0.0157957511381,0.308266156293,0.986537372827
YbYag5,Yb_Yag5_2026-09-28_14-57-53,Yb_Yag5_2026-09-28_13-03-16,16,17.3,0.000481131,0.09855,0.00488210045662,0.00156105,0.09895,0.0157761495705,0.309460837374,0.990360684309
YbYag5,Yb_Yag5_2026-09-28_14-57-53,Yb_Yag5_2026-09-28_13-03-16,16.1,17.3,0.000481369,0.09865,0.00487956411556,0.00156844,0.09895,0.0158508337544,0.307842741345,0.985182327319
YbYag5,Yb_Yag5_2026-09-28_14-57-53,Yb_Yag5_2026-09-28_13-03-16,16.2,17.3,0.000481131,0.0986,0.00487962474645,0.00157417,0.09895,0.0159087417888,0.306726000788,0.981608447175
YbYag5,Yb_Yag5_2026-09-28_14-57-53,Yb_Yag5_2026-09-28_13-03-16,16.3,17.3,0.000479879,0.0987,0.00486199594732,0.00156976,0.09895,0.0158641738252,0.306476467094,0.980809870005
YbYag5,Yb_Yag5_2026-09-28_14-57-53,Yb_Yag5_2026-09-28_13-03-16,16.4,17.3,0.000479998,0.09865,0.00486566649772,0.00156916,0.0989,0.0158661274014,0.306670076108,0.981429472655
YbYag5,Yb_Yag5_2026-09-28_14-57-53,Yb_Yag5_2026-09-28_13-03-16,16.5,17.3,0.000485362,0.09865,0.00492004054739,0.00157488,0.09905,0.0158998485613,0.309439459654,0.990292269665
YbYag5,Yb_Yag5_2026-09-28_14-57-53,Yb_Yag5_2026-09-28_13-03-16,16.6,17.3,0.000480415,0.09875,0.00486496202532,0.00157464,0.09895,0.0159134916625,0.305713047048,0.978366713689
YbYag5,Yb_Yag5_2026-09-28_14-57-53,Yb_Yag5_2026-09-28_13-03-16,16.7,17.3,0.000477256,0.09875,0.0048329721519,0.00157929,0.09905,0.0159443715295,0.30311462217,0.970051031929
YbYag5,Yb_Yag5_2026-09-28_14-57-53,Yb_Yag5_2026-09-28_13-03-16,16.8,17.3,0.000476422,0.0988,0.00482208502024,0.00157858,0.09905,0.0159372034326,0.302567827576,0.968301137265
YbYag5,Yb_Yag5_2026-09-28_14-57-53,Yb_Yag5_2026-09-28_13-03-16,16.9,17.3,0.000478031,0.09875,0.00484082025316,0.00157548,0.09895,0.0159219807984,0.304033795446,0.972992641869
YbYag5,Yb_Yag5_2026-09-28_14-57-53,Yb_Yag5_2026-09-28_13-03-16,17,17.3,0.000475766,0.09865,0.00482276735935,0.00156463,0.09895,0.0158123294593,0.305000434741,0.976086156257
YbYag5,Yb_Yag5_2026-09-28_14-57-53,Yb_Yag5_2026-09-28_13-03-16,17.1,17.3,0.000482025,0.0987,0.00488373860182,0.00157262,0.09905,0.0158770318021,0.307597708608,0.984398154461
YbYag5,Yb_Yag5_2026-09-28_14-57-53,Yb_Yag5_2026-09-28_13-03-16,17.2,17.3,0.000476899,0.0987,0.00483180344478,0.00156487,0.09895,0.0158147549267,0.305525028189,0.977765001085
YbYag5,Yb_Yag5_2026-09-28_14-57-53,Yb_Yag5_2026-09-28_13-03-16,17.3,17.3,0.000480058,0.0987,0.00486380952381,0.00155783,0.09895,0.0157436078828,0.308938685466,0.98868965309
YbYag5,Yb_Yag5_2026-09-28_14-57-53,Yb_Yag5_2026-09-28_13-03-16,17.4,17.3,0.000480773,0.09855,0.00487846778285,0.00155581,0.09885,0.0157390996459,0.309958504146,0.991953356291
YbYag5,Yb_Yag5_2026-09-28_14-57-53,Yb_Yag5_2026-09-28_13-03-16,17.5,17.3,0.000476183,0.09875,0.00482210632911,0.00155605,0.09895,0.0157256189995,0.306640160191,0.981333733407
YbYag5,Yb_Yag5_2026-09-28_14-57-53,Yb_Yag5_2026-09-28_13-03-16,17.6,17.3,0.000479283,0.09855,0.00486334855403,0.00155748,0.09895,0.0157400707428,0.308978824397,0.988818108822
YbYag5,Yb_Yag5_2026-09-28_14-57-53,Yb_Yag5_2026-09-28_13-03-16,17.7,17.3,0.000474574,0.09885,0.00480095093576,0.00154579,0.09895,0.0156219302678,0.307321237098,0.983513368793
YbYag5,Yb_Yag5_2026-09-28_14-57-53,Yb_Yag5_2026-09-28_13-03-16,17.8,17.3,0.000472011,0.0987,0.00478227963526,0.00154401,0.0988,0.0156276315789,0.306014357397,0.979330990546
YbYag5,Yb_Yag5_2026-09-28_14-57-53,Yb_Yag5_2026-09-28_13-03-16,17.9,17.3,0.00047511,0.09875,0.00481124050633,0.00154091,0.0989,0.0155804853387,0.308799142115,0.988243075585
YbYag5,Yb_Yag5_2026-09-28_14-57-53,Yb_Yag5_2026-09-28_13-03-16,18,17.3,0.000471296,0.09875,0.00477261772152,0.00154448,0.09885,0.0156244815377,0.305457669748,0.977549435353
YbYag5,Yb_Yag5_2026-09-28_14-57-53,Yb_Yag5_2026-09-28_13-03-16,18.1,17.3,0.00047213,0.09875,0.00478106329114,0.00154806,0.09885,0.0156606980273,0.305290561302,0.977014641886
YbYag5,Yb_Yag5_2026-09-28_14-57-53,Yb_Yag5_2026-09-28_13-03-16,18.2,17.3,0.000475468,0.09865,0.00481974657881,0.00155199,0.09895,0.0156845881758,0.307291879442,0.983419416134
YbYag5,Yb_Yag5_2026-09-28_14-57-53,Yb_Yag5_2026-09-28_13-03-16,18.3,17.3,0.00047666,0.09865,0.00483182970096,0.00154949,0.0988,0.015683097166,0.308091549126,0.985978581365
YbYag5,Yb_Yag5_2026-09-28_14-57-53,Yb_Yag5_2026-09-28_13-03-16,18.4,17.3,0.000472249,0.09875,0.00478226835443,0.00154472,0.0989,0.0156190091001,0.306182570468,0.979869319121
YbYag5,Yb_Yag5_2026-09-28_14-57-53,Yb_Yag5_2026-09-28_13-03-16,18.5,17.3,0.000471892,0.0988,0.00477623481781,0.0015564,0.0989,0.0157371081901,0.303501428605,0.971288920023
YbYag5,Yb_Yag5_2026-09-28_14-57-53,Yb_Yag5_2026-09-28_13-03-16,18.6,17.3,0.000480296,0.0987,0.00486622087133,0.00156427,0.09895,0.0158086912582,0.307819337594,0.985107428812
YbYag5,Yb_Yag5_2026-09-28_14-57-53,Yb_Yag5_2026-09-28_13-03-16,18.7,17.3,0.000472011,0.09865,0.00478470349721,0.00156201,0.0989,0.0157938321537,0.302947596926,0.969516504729
YbYag5,Yb_Yag5_2026-09-28_14-57-53,Yb_Yag5_2026-09-28_13-03-16,18.8,17.3,0.000480296,0.09865,0.00486868727826,0.0015688,0.0989,0.015862487361,0.306930884637,0.982264132433
YbYag5,Yb_Yag5_2026-09-28_14-57-53,Yb_Yag5_2026-09-28_13-03-16,18.9,17.3,0.000476958,0.09865,0.0048348504815,0.00156403,0.0989,0.0158142568251,0.305727327877,0.97841241631
YbYag5,Yb_Yag5_2026-09-28_14-57-53,Yb_Yag5_2026-09-28_13-03-16,19,17.3,0.000477495,0.09875,0.00483539240506,0.00156022,0.09885,0.015783712696,0.306353295843,0.980415687769
YbYag5,Yb_Yag5_2026-09-28_14-57-53,Yb_Yag5_2026-09-28_13-03-16,19.1,17.3,0.000479938,0.0987,0.00486259371834,0.00156475,0.09895,0.015813542193,0.307495541416,0.984071191053
YbYag5,Yb_Yag5_2026-09-28_14-57-53,Yb_Yag5_2026-09-28_13-03-16,19.2,17.3,0.000474812,0.09845,0.00482287455561,0.00157417,0.09885,0.0159248356095,0.302852391941,0.96921182232
YbYag5,Yb_Yag5_2026-09-28_14-57-53,Yb_Yag5_2026-09-28_13-03-16,19.3,17.3,0.000472428,0.09875,0.00478408101266,0.00156546,0.09885,0.0158367223065,0.302087826008,0.966764998846
YbYag5,Yb_Yag5_2026-09-28_14-57-53,Yb_Yag5_2026-09-28_13-03-16,19.4,17.3,0.000471773,0.0986,0.00478471602434,0.00155915,0.0989,0.0157649140546,0.303504098263,0.971297463671
YbYag5,Yb_Yag5_2026-09-28_14-57-53,Yb_Yag5_2026-09-28_13-03-16,19.5,17.3,0.000471534,0.0986,0.00478229208925,0.00155044,0.0989,0.0156768452983,0.305054492677,0.976259156677
YbYag5,Yb_Yag5_2026-09-28_14-57-53,Yb_Yag5_2026-09-28_13-03-16,19.6,17.3,0.000476303,0.0985,0.00483556345178,0.0015632,0.09885,0.0158138593829,0.30578009673,0.978581291305
YbYag5,Yb_Yag5_2026-09-28_14-57-53,Yb_Yag5_2026-09-28_13-03-16,19.7,17.3,0.000476124,0.0986,0.00482884381339,0.00155772,0.09875,0.0157743797468,0.306119409504,0.979667186484
YbYag5,Yb_Yag5_2026-09-28_14-57-53,Yb_Yag5_2026-09-28_13-03-16,19.8,17.3,0.0004797,0.0984,0.004875,0.0015595,0.09875,0.0157924050633,0.308692689965,0.987902399117
YbYag5,Yb_Yag5_2026-09-28_14-57-53,Yb_Yag5_2026-09-28_13-03-16,19.9,17.3,0.000481011,0.0984,0.00488832317073,0.00157369,0.09875,0.0159361012658,0.306745237696,0.981670010627
YbYag5,Yb_Yag5_2026-09-28_14-57-53,Yb_Yag5_2026-09-28_13-03-16,20,17.3,0.000480773,0.0985,0.00488094416244,0.00157774,0.0988,0.0159690283401,0.305650666934,0.978167079987
YbYag5,Yb_Yag5_2026-09-28_14-57-53,Yb_Yag5_2026-09-28_13-03-16,20.1,17.3,0.000479223,0.0985,0.00486520812183,0.00157643,0.09875,0.0159638481013,0.304764120214,0.975329884097
YbYag5,Yb_Yag5_2026-09-28_14-57-53,Yb_Yag5_2026-09-28_13-03-16,20.2,17.3,0.000477435,0.09845,0.00484951752158,0.00158037,0.0988,0.0159956477733,0.303177313624,0.970251662005
YbYag5,Yb_Yag5_2026-09-28_14-57-53,Yb_Yag5_2026-09-28_13-03-16,20.3,17.3,0.000477018,0.0986,0.00483791075051,0.00157107,0.09865,0.0159256969083,0.303780159723,0.972180937066
YbYag5,Yb_Yag5_2026-09-28_14-57-53,Yb_Yag5_2026-09-28_13-03-16,20.4,17.3,0.000475409,0.09845,0.00482893854749,0.00157619,0.0987,0.0159695035461,0.302385013632,0.967716081838
YbYag5,Yb_Yag5_2026-09-28_14-57-53,Yb_Yag5_2026-09-28_13-03-16,20.5,17.3,0.000480296,0.0984,0.00488105691057,0.00157393,0.0987,0.0159466058764,0.306087511562,0.979565104204
YbYag5,Yb_Yag5_2026-09-28_14-57-53,Yb_Yag5_2026-09-28_13-03-16,20.6,17.3,0.000480654,0.0985,0.00487973604061,0.00157619,0.0987,0.0159695035461,0.30556591985,0.977895865765
YbYag5,Yb_Yag5_2026-09-28_14-57-53,Yb_Yag5_2026-09-28_13-03-16,20.7,17.3,0.000475647,0.0984,0.00483381097561,0.00156749,0.0986,0.015897464503,0.304061756181,0.973082123991
YbYag5,Yb_Yag5_2026-09-28_14-57-53,Yb_Yag5_2026-09-28_13-03-16,20.8,17.3,0.000479581,0.09845,0.00487131538852,0.00158442,0.09855,0.0160773211568,0.302992976318,0.969661731396
YbYag5,Yb_Yag5_2026-09-28_14-57-53,Yb_Yag5_2026-09-28_13-03-16,20.9,17.3,0.000477495,0.0984,0.00485259146341,0.00162483,0.0987,0.0164623100304,0.294769777416,0.943345209534
YbYag5,Yb_Yag5_2026-09-28_14-57-53,Yb_Yag5_2026-09-28_13-03-16,21,17.3,0.000483336,0.09835,0.00491444839858,0.0016054,0.09875,0.0162572151899,0.302293371969,0.967422803046
YbYag5,Yb_Yag5_2026-09-28_14-57-53,Yb_Yag5_2026-09-28_13-03-16,21.1,17.3,0.000465127,0.0985,0.00472210152284,0.00158454,0.0988,0.016037854251,0.294434744757,0.942273011914
YbYag5,Yb_Yag5_2026-09-28_14-57-53,Yb_Yag5_2026-09-28_13-03-16,21.2,17.3,0.000441821,0.0985,0.00448549238579,0.0015334,0.0988,0.015520242915,0.289009161155,0.924909636522
YbYag5,Yb_Yag5_2026-09-28_14-57-53,Yb_Yag5_2026-09-28_13-03-16,21.3,17.3,0.000398727,0.0985,0.00404798984772,0.00143779,0.09885,0.0145451694487,0.278304756916,0.89065256801
YbYag5,Yb_Yag5_2026-09-28_14-57-53,Yb_Yag5_2026-09-28_13-03-16,21.4,17.3,0.000278773,0.09865,0.00282587937152,0.00128926,0.09885,0.0130425897825,0.216665510351,0.693389848351
YbYag5,Yb_Yag5_2026-09-28_14-57-53,Yb_Yag5_2026-09-28_13-03-16,13.2,17.4,0.000425162,0.09825,0.00432734860051,0.00111652,0.09865,0.0113179929042,0.38234240268,1.22360194838
YbYag5,Yb_Yag5_2026-09-28_14-57-53,Yb_Yag5_2026-09-28_13-03-16,13.3,17.4,0.000464739,0.09845,0.00472055865922,0.00144542,0.09845,0.0146817673946,0.321525231421,1.02897009817
YbYag5,Yb_Yag5_2026-09-28_14-57-53,Yb_Yag5_2026-09-28_13-03-16,13.4,17.4,0.000477018,0.09825,0.00485514503817,0.00152756,0.09865,0.0154846426761,0.313545823415,1.00343377493
YbYag5,Yb_Yag5_2026-09-28_14-57-53,Yb_Yag5_2026-09-28_13-03-16,13.5,17.4,0.000475707,0.09835,0.00483687849517,0.00156308,0.09865,0.0158447034972,0.305267845247,0.976941944196
YbYag5,Yb_Yag5_2026-09-28_14-57-53,Yb_Yag5_2026-09-28_13-03-16,13.6,17.4,0.000471236,0.09845,0.00478655154901,0.00156129,0.0987,0.0158185410334,0.302591214885,0.968375983155
YbYag5,Yb_Yag5_2026-09-28_14-57-53,Yb_Yag5_2026-09-28_13-03-16,13.7,17.4,0.000481071,0.09845,0.00488644997461,0.00156832,0.09875,0.015881721519,0.307677600867,0.984653831895
YbYag5,Yb_Yag5_2026-09-28_14-57-53,Yb_Yag5_2026-09-28_13-03-16,13.8,17.4,0.000482203,0.0985,0.00489546192893,0.00157095,0.0987,0.0159164133739,0.30757318335,0.984319666821
YbYag5,Yb_Yag5_2026-09-28_14-57-53,Yb_Yag5_2026-09-28_13-03-16,13.9,17.4,0.000480713,0.09855,0.00487785895485,0.00157345,0.09885,0.0159175518462,0.306445300256,0.98071012746
YbYag5,Yb_Yag5_2026-09-28_14-57-53,Yb_Yag5_2026-09-28_13-03-16,14,17.4,0.00047976,0.0986,0.00486572008114,0.00156832,0.09875,0.015881721519,0.30637233346,0.980476613435
YbYag5,Yb_Yag5_2026-09-28_14-57-53,Yb_Yag5_2026-09-28_13-03-16,14.1,17.4,0.000476601,0.0986,0.00483368154158,0.00157107,0.09895,0.0158774128348,0.304437605287,0.974284945585
YbYag5,Yb_Yag5_2026-09-28_14-57-53,Yb_Yag5_2026-09-28_13-03-16,14.2,17.4,0.000480594,0.09865,0.00487170805879,0.00157858,0.09885,0.0159694486596,0.305064261305,0.976290419002
YbYag5,Yb_Yag5_2026-09-28_14-57-53,Yb_Yag5_2026-09-28_13-03-16,14.3,17.4,0.000479581,0.0986,0.00486390466531,0.00156809,0.09885,0.0158633282752,0.306613125627,0.98124721529
YbYag5,Yb_Yag5_2026-09-28_14-57-53,Yb_Yag5_2026-09-28_13-03-16,14.4,17.4,0.000480952,0.0987,0.00487286727457,0.00156785,0.0988,0.0158689271255,0.307069736727,0.98270849771
YbYag5,Yb_Yag5_2026-09-28_14-57-53,Yb_Yag5_2026-09-28_13-03-16,14.5,17.4,0.000476958,0.0988,0.00482751012146,0.00156916,0.0988,0.0158821862348,0.303957531419,0.972748575785
YbYag5,Yb_Yag5_2026-09-28_14-57-53,Yb_Yag5_2026-09-28_13-03-16,14.6,17.4,0.000479044,0.0988,0.00484862348178,0.00157321,0.099,0.015891010101,0.305117387187,0.976460436589
YbYag5,Yb_Yag5_2026-09-28_14-57-53,Yb_Yag5_2026-09-28_13-03-16,14.7,17.4,0.00047666,0.09875,0.00482693670886,0.00156546,0.09885,0.0158367223065,0.304793922343,0.975425259192
YbYag5,Yb_Yag5_2026-09-28_14-57-53,Yb_Yag5_2026-09-28_13-03-16,14.8,17.4,0.000480296,0.0986,0.00487115618661,0.00156499,0.0989,0.0158239635996,0.307834137506,0.985154792643
YbYag5,Yb_Yag5_2026-09-28_14-57-53,Yb_Yag5_2026-09-28_13-03-16,14.9,17.4,0.000474336,0.09875,0.00480340253165,0.0015595,0.09895,0.0157604850935,0.304775043608,0.975364841991
YbYag5,Yb_Yag5_2026-09-28_14-57-53,Yb_Yag5_2026-09-28_13-03-16,15,17.4,0.000480296,0.0986,0.00487115618661,0.00156618,0.09895,0.0158279939363,0.307755752638,0.98490393928
YbYag5,Yb_Yag5_2026-09-28_14-57-53,Yb_Yag5_2026-09-28_13-03-16,15.1,17.4,0.000479819,0.09865,0.00486385200203,0.00156821,0.0991,0.0158245206862,0.307361726682,0.983642946716
YbYag5,Yb_Yag5_2026-09-28_14-57-53,Yb_Yag5_2026-09-28_13-03-16,15.2,17.4,0.000483694,0.09855,0.00490810755961,0.00155986,0.0988,0.0157880566802,0.31087471112,0.994885473239
YbYag5,Yb_Yag5_2026-09-28_14-57-53,Yb_Yag5_2026-09-28_13-03-16,15.3,17.4,0.000476839,0.0986,0.00483609533469,0.00157023,0.09905,0.0158529025745,0.305060559854,0.97627857333
YbYag5,Yb_Yag5_2026-09-28_14-57-53,Yb_Yag5_2026-09-28_13-03-16,15.4,17.4,0.000476064,0.09875,0.00482090126582,0.00157524,0.0989,0.01592760364,0.30267586856,0.968646898441
YbYag5,Yb_Yag5_2026-09-28_14-57-53,Yb_Yag5_2026-09-28_13-03-16,15.5,17.4,0.000475409,0.09875,0.00481426835443,0.00157202,0.0989,0.0158950455005,0.302878551325,0.969295539616
YbYag5,Yb_Yag5_2026-09-28_14-57-53,Yb_Yag5_2026-09-28_13-03-16,15.6,17.4,0.000475349,0.09855,0.0048234297311,0.00157417,0.0991,0.0158846619576,0.303653281636,0.971774891923
YbYag5,Yb_Yag5_2026-09-28_14-57-53,Yb_Yag5_2026-09-28_13-03-16,15.7,17.4,0.000471951,0.09875,0.00477925063291,0.00157119,0.09885,0.0158946889226,0.300682237707,0.962266725646
YbYag5,Yb_Yag5_2026-09-28_14-57-53,Yb_Yag5_2026-09-28_13-03-16,15.8,17.4,0.0004707,0.09875,0.00476658227848,0.00157226,0.09895,0.0158894391107,0.299984300596,0.960033132919
YbYag5,Yb_Yag5_2026-09-28_14-57-53,Yb_Yag5_2026-09-28_13-03-16,15.9,17.4,0.000478568,0.09865,0.00485117080588,0.00157214,0.09885,0.0159042994436,0.305022602415,0.976157098977
YbYag5,Yb_Yag5_2026-09-28_14-57-53,Yb_Yag5_2026-09-28_13-03-16,16,17.4,0.00047821,0.09855,0.00485246067986,0.00157345,0.09895,0.0159014653866,0.305158082094,0.976590671601
YbYag5,Yb_Yag5_2026-09-28_14-57-53,Yb_Yag5_2026-09-28_13-03-16,16.1,17.4,0.000477018,0.09865,0.00483545869235,0.0015688,0.09885,0.0158705108751,0.304681980965,0.975067015671
YbYag5,Yb_Yag5_2026-09-28_14-57-53,Yb_Yag5_2026-09-28_13-03-16,16.2,17.4,0.000477912,0.09865,0.00484452103396,0.00157488,0.0988,0.0159400809717,0.303920729296,0.972630798765
YbYag5,Yb_Yag5_2026-09-28_14-57-53,Yb_Yag5_2026-09-28_13-03-16,16.3,17.4,0.00048268,0.0985,0.00490030456853,0.00157417,0.0988,0.0159328947368,0.307558962102,0.984274154874
YbYag5,Yb_Yag5_2026-09-28_14-57-53,Yb_Yag5_2026-09-28_13-03-16,16.4,17.4,0.000478508,0.0986,0.00485302231237,0.00157429,0.0988,0.0159341093117,0.304568157368,0.974702748528
YbYag5,Yb_Yag5_2026-09-28_14-57-53,Yb_Yag5_2026-09-28_13-03-16,16.5,17.4,0.000478389,0.09855,0.00485427701674,0.00157655,0.0988,0.0159569838057,0.304210186326,0.973557141707
YbYag5,Yb_Yag5_2026-09-28_14-57-53,Yb_Yag5_2026-09-28_13-03-16,16.6,17.4,0.000482203,0.0984,0.00490043699187,0.00156904,0.0988,0.0158809716599,0.308572869269,0.98751893959
YbYag5,Yb_Yag5_2026-09-28_14-57-53,Yb_Yag5_2026-09-28_13-03-16,16.7,17.4,0.00047827,0.0985,0.00485553299492,0.00157846,0.09875,0.0159844050633,0.30376688877,0.972138466327
YbYag5,Yb_Yag5_2026-09-28_14-57-53,Yb_Yag5_2026-09-28_13-03-16,16.8,17.4,0.000476601,0.0985,0.00483858883249,0.00157417,0.09885,0.0159248356095,0.303839169907,0.972369786052
YbYag5,Yb_Yag5_2026-09-28_14-57-53,Yb_Yag5_2026-09-28_13-03-16,16.9,17.4,0.00047821,0.09855,0.00485246067986,0.00157119,0.09885,0.0158946889226,0.3052881817,0.977007026495
YbYag5,Yb_Yag5_2026-09-28_14-57-53,Yb_Yag5_2026-09-28_13-03-16,17,17.4,0.000474216,0.0986,0.00480949290061,0.00157214,0.09885,0.0159042994436,0.30240205912,0.967770632137
YbYag5,Yb_Yag5_2026-09-28_14-57-53,Yb_Yag5_2026-09-28_13-03-16,17.1,17.4,0.000477912,0.09865,0.00484452103396,0.0015744,0.09885,0.0159271623672,0.304167240986,0.973419704681
YbYag5,Yb_Yag5_2026-09-28_14-57-53,Yb_Yag5_2026-09-28_13-03-16,17.2,17.4,0.000478866,0.0986,0.00485665314402,0.00157107,0.09885,0.0158934749621,0.305575285178,0.977925837419
YbYag5,Yb_Yag5_2026-09-28_14-57-53,Yb_Yag5_2026-09-28_13-03-16,17.3,17.4,0.000474753,0.09855,0.00481738203957,0.00156463,0.0989,0.0158203235592,0.304505911118,0.974503543226
YbYag5,Yb_Yag5_2026-09-28_14-57-53,Yb_Yag5_2026-09-28_13-03-16,17.4,17.4,0.000474276,0.0986,0.00481010141988,0.00156117,0.0989,0.015785338726,0.304719556759,0.975187268655
YbYag5,Yb_Yag5_2026-09-28_14-57-53,Yb_Yag5_2026-09-28_13-03-16,17.5,17.4,0.000478508,0.0986,0.00485302231237,0.00155342,0.09895,0.0156990399192,0.309128605147,0.98929744885
YbYag5,Yb_Yag5_2026-09-28_14-57-53,Yb_Yag5_2026-09-28_13-03-16,17.6,17.4,0.0004707,0.09875,0.00476658227848,0.00155557,0.0988,0.0157446356275,0.302743257529,0.96886256187
YbYag5,Yb_Yag5_2026-09-28_14-57-53,Yb_Yag5_2026-09-28_13-03-16,17.7,17.4,0.00047815,0.09855,0.00485185185185,0.00155056,0.09885,0.015685988872,0.30931118793,0.989881764498
YbYag5,Yb_Yag5_2026-09-28_14-57-53,Yb_Yag5_2026-09-28_13-03-16,17.8,17.4,0.000474872,0.0986,0.00481614604462,0.00154556,0.0989,0.0156275025278,0.30818398756,0.986274410045
YbYag5,Yb_Yag5_2026-09-28_14-57-53,Yb_Yag5_2026-09-28_13-03-16,17.9,17.4,0.00047213,0.0986,0.004788336714,0.00154496,0.09885,0.0156293373799,0.306368504154,0.980464358591
YbYag5,Yb_Yag5_2026-09-28_14-57-53,Yb_Yag5_2026-09-28_13-03-16,18,17.4,0.000466527,0.09865,0.00472911302585,0.00155342,0.0988,0.0157228744939,0.300779162721,0.962576912629
YbYag5,Yb_Yag5_2026-09-28_14-57-53,Yb_Yag5_2026-09-28_13-03-16,18.1,17.4,0.000474634,0.09855,0.0048161745307,0.00154639,0.09895,0.0156279939363,0.308176119746,0.986249230853
YbYag5,Yb_Yag5_2026-09-28_14-57-53,Yb_Yag5_2026-09-28_13-03-16,18.2,17.4,0.000471475,0.09865,0.00477927014698,0.00155104,0.099,0.0156670707071,0.305051929383,0.976250953424
YbYag5,Yb_Yag5_2026-09-28_14-57-53,Yb_Yag5_2026-09-28_13-03-16,18.3,17.4,0.000471177,0.0987,0.00477382978723,0.00155628,0.0989,0.0157358948433,0.303371993444,0.970874691533
YbYag5,Yb_Yag5_2026-09-28_14-57-53,Yb_Yag5_2026-09-28_13-03-16,18.4,17.4,0.000478568,0.0986,0.00485363083164,0.00155259,0.09885,0.0157065250379,0.309020029569,0.988949976826
YbYag5,Yb_Yag5_2026-09-28_14-57-53,Yb_Yag5_2026-09-28_13-03-16,18.5,17.4,0.000475766,0.09875,0.0048178835443,0.00155187,0.09885,0.0156992412747,0.306886394062,0.982121750227
YbYag5,Yb_Yag5_2026-09-28_14-57-53,Yb_Yag5_2026-09-28_13-03-16,18.6,17.4,0.000471236,0.09855,0.00478169457128,0.00156153,0.09885,0.0157969650986,0.30269703968,0.968714651909
YbYag5,Yb_Yag5_2026-09-28_14-57-53,Yb_Yag5_2026-09-28_13-03-16,18.7,17.4,0.000474932,0.0986,0.00481675456389,0.00156511,0.09895,0.0158171803941,0.304526751537,0.97457023836
YbYag5,Yb_Yag5_2026-09-28_14-57-53,Yb_Yag5_2026-09-28_13-03-16,18.8,17.4,0.000476601,0.0987,0.00482878419453,0.00156952,0.09875,0.0158938734177,0.303814184726,0.972289826529
YbYag5,Yb_Yag5_2026-09-28_14-57-53,Yb_Yag5_2026-09-28_13-03-16,18.9,17.4,0.000481786,0.0986,0.00488626774848,0.00157178,0.0988,0.0159087044534,0.3071442909,0.982947091784
YbYag5,Yb_Yag5_2026-09-28_14-57-53,Yb_Yag5_2026-09-28_13-03-16,19,17.4,0.00047511,0.0987,0.00481367781155,0.00156964,0.0988,0.0158870445344,0.302993914389,0.969664733484
YbYag5,Yb_Yag5_2026-09-28_14-57-53,Yb_Yag5_2026-09-28_13-03-16,19.1,17.4,0.000478866,0.0987,0.0048517325228,0.00156856,0.09875,0.0158841518987,0.305444858104,0.977508434533
YbYag5,Yb_Yag5_2026-09-28_14-57-53,Yb_Yag5_2026-09-28_13-03-16,19.2,17.4,0.000480356,0.09875,0.00486436455696,0.00156499,0.0987,0.0158560283688,0.306783290482,0.981791790118
YbYag5,Yb_Yag5_2026-09-28_14-57-53,Yb_Yag5_2026-09-28_13-03-16,19.3,17.4,0.000479521,0.0987,0.00485836879433,0.00156379,0.0988,0.0158278340081,0.306950956893,0.98232836923
YbYag5,Yb_Yag5_2026-09-28_14-57-53,Yb_Yag5_2026-09-28_13-03-16,19.4,17.4,0.000476124,0.09835,0.0048411184545,0.00156081,0.0987,0.0158136778116,0.306134886026,0.979716715653
YbYag5,Yb_Yag5_2026-09-28_14-57-53,Yb_Yag5_2026-09-28_13-03-16,19.5,17.4,0.000471832,0.0985,0.00479017258883,0.00156236,0.0987,0.0158293819656,0.302612736191,0.968444857315
YbYag5,Yb_Yag5_2026-09-28_14-57-53,Yb_Yag5_2026-09-28_13-03-16,19.6,17.4,0.000480654,0.0985,0.00487973604061,0.00157083,0.0987,0.0159151975684,0.30660857458,0.981232650675
YbYag5,Yb_Yag5_2026-09-28_14-57-53,Yb_Yag5_2026-09-28_13-03-16,19.7,17.4,0.000478866,0.0984,0.00486652439024,0.00156821,0.0987,0.0158886524823,0.306289309031,0.980210912188
YbYag5,Yb_Yag5_2026-09-28_14-57-53,Yb_Yag5_2026-09-28_13-03-16,19.8,17.4,0.000480236,0.0984,0.00488044715447,0.00156809,0.09865,0.0158954891029,0.307033468607,0.982592429646
YbYag5,Yb_Yag5_2026-09-28_14-57-53,Yb_Yag5_2026-09-28_13-03-16,19.9,17.4,0.000476183,0.0985,0.00483434517766,0.00157655,0.0987,0.0159731509625,0.302654447392,0.968578344749
YbYag5,Yb_Yag5_2026-09-28_14-57-53,Yb_Yag5_2026-09-28_13-03-16,20,17.4,0.000474991,0.09845,0.00482469273743,0.00158144,0.09875,0.0160145822785,0.301268722064,0.964143638581
YbYag5,Yb_Yag5_2026-09-28_14-57-53,Yb_Yag5_2026-09-28_13-03-16,20.1,17.4,0.000480117,0.09835,0.00488171835282,0.0015781,0.09865,0.0159969589458,0.305165398584,0.976614086401
YbYag5,Yb_Yag5_2026-09-28_14-57-53,Yb_Yag5_2026-09-28_13-03-16,20.2,17.4,0.000481071,0.0984,0.00488893292683,0.00158001,0.0987,0.0160082066869,0.305401661938,0.977370194798
YbYag5,Yb_Yag5_2026-09-28_14-57-53,Yb_Yag5_2026-09-28_13-03-16,20.3,17.4,0.000487687,0.0984,0.00495616869919,0.00157715,0.0986,0.0159954361055,0.309848926062,0.99160267597
YbYag5,Yb_Yag5_2026-09-28_14-57-53,Yb_Yag5_2026-09-28_13-03-16,20.4,17.4,0.000475707,0.09835,0.00483687849517,0.00157345,0.0986,0.0159579107505,0.303102240061,0.97001140574
YbYag5,Yb_Yag5_2026-09-28_14-57-53,Yb_Yag5_2026-09-28_13-03-16,20.5,17.4,0.000480415,0.09845,0.00487978669375,0.0015812,0.0988,0.016004048583,0.304909515142,0.975795188273
YbYag5,Yb_Yag5_2026-09-28_14-57-53,Yb_Yag5_2026-09-28_13-03-16,20.6,17.4,0.000479462,0.09835,0.00487505846467,0.00157452,0.0986,0.0159687626775,0.305287176165,0.977003808507
YbYag5,Yb_Yag5_2026-09-28_14-57-53,Yb_Yag5_2026-09-28_13-03-16,20.7,17.4,0.000475707,0.0984,0.00483442073171,0.00158013,0.09855,0.0160337899543,0.301514535583,0.96493031016
YbYag5,Yb_Yag5_2026-09-28_14-57-53,Yb_Yag5_2026-09-28_13-03-16,20.8,17.4,0.000484409,0.09835,0.00492535841383,0.00160826,0.09865,0.0163026862646,0.302119438103,0.966866166336
YbYag5,Yb_Yag5_2026-09-28_14-57-53,Yb_Yag5_2026-09-28_13-03-16,20.9,17.4,0.000488464,0.09845,0.00496154393093,0.00165237,0.09865,0.0167498226052,0.296214715097,0.947969411689
YbYag5,Yb_Yag5_2026-09-28_14-57-53,Yb_Yag5_2026-09-28_13-03-16,21,17.4,0.000484826,0.0985,0.00492209137056,0.00163341,0.0988,0.0165324898785,0.297722327776,0.952794191254
YbYag5,Yb_Yag5_2026-09-28_14-57-53,Yb_Yag5_2026-09-28_13-03-16,21.1,17.4,0.000476541,0.09845,0.00484043676993,0.00162507,0.09885,0.0164397572079,0.294434808782,0.942273216812
YbYag5,Yb_Yag5_2026-09-28_14-57-53,Yb_Yag5_2026-09-28_13-03-16,21.2,17.4,0.000448765,0.0985,0.00455598984772,0.00155855,0.09885,0.0157668184117,0.28896063421,0.924754336811
YbYag5,Yb_Yag5_2026-09-28_14-57-53,Yb_Yag5_2026-09-28_13-03-16,21.3,17.4,0.000389697,0.09845,0.00395832402235,0.00146342,0.09885,0.0148044511887,0.267373911528,0.855670824892
YbYag5,Yb_Yag5_2026-09-28_14-57-53,Yb_Yag5_2026-09-28_13-03-16,13.2,17.5,0.00041336,0.09835,0.00420294865277,0.00105835,0.0986,0.0107337728195,0.391563034121,1.25311053157
YbYag5,Yb_Yag5_2026-09-28_14-57-53,Yb_Yag5_2026-09-28_13-03-16,13.3,17.5,0.00046319,0.09845,0.00470482478415,0.00142813,0.09855,0.0144914256722,0.324662658497,1.03901073676
YbYag5,Yb_Yag5_2026-09-28_14-57-53,Yb_Yag5_2026-09-28_13-03-16,13.4,17.5,0.000470759,0.09825,0.00479144020356,0.00153352,0.09865,0.0155450582869,0.308229156503,0.986418963216
YbYag5,Yb_Yag5_2026-09-28_14-57-53,Yb_Yag5_2026-09-28_13-03-16,13.5,17.5,0.000484051,0.09825,0.00492672773537,0.00156475,0.09865,0.0158616320324,0.310606608784,0.994027471253
YbYag5,Yb_Yag5_2026-09-28_14-57-53,Yb_Yag5_2026-09-28_13-03-16,13.6,17.5,0.000476899,0.0984,0.00484653455285,0.00157977,0.0987,0.016005775076,0.302799116559,0.969041326289
YbYag5,Yb_Yag5_2026-09-28_14-57-53,Yb_Yag5_2026-09-28_13-03-16,13.7,17.5,0.000470759,0.09845,0.00478170644997,0.00157548,0.0987,0.0159623100304,0.299562309018,0.958682642592
YbYag5,Yb_Yag5_2026-09-28_14-57-53,Yb_Yag5_2026-09-28_13-03-16,13.8,17.5,0.000475409,0.09845,0.00482893854749,0.00158168,0.09875,0.0160170126582,0.301488089604,0.964845675677
YbYag5,Yb_Yag5_2026-09-28_14-57-53,Yb_Yag5_2026-09-28_13-03-16,13.9,17.5,0.000485661,0.09845,0.0049330726257,0.00157715,0.09875,0.0159711392405,0.30887418558,0.988483235529
YbYag5,Yb_Yag5_2026-09-28_14-57-53,Yb_Yag5_2026-09-28_13-03-16,14,17.5,0.000479938,0.0985,0.00487246700508,0.00157858,0.09885,0.0159694486596,0.305111786195,0.976442511858
YbYag5,Yb_Yag5_2026-09-28_14-57-53,Yb_Yag5_2026-09-28_13-03-16,14.1,17.5,0.000480594,0.09855,0.00487665144597,0.00157667,0.0989,0.0159420626896,0.305898398527,0.978959889934
YbYag5,Yb_Yag5_2026-09-28_14-57-53,Yb_Yag5_2026-09-28_13-03-16,14.2,17.5,0.000483813,0.09855,0.00490931506849,0.00157953,0.0989,0.0159709807887,0.307389704705,0.983732484164
YbYag5,Yb_Yag5_2026-09-28_14-57-53,Yb_Yag5_2026-09-28_13-03-16,14.3,17.5,0.000479819,0.0985,0.00487125888325,0.00156761,0.09885,0.015858472433,0.307170750766,0.983031770709
YbYag5,Yb_Yag5_2026-09-28_14-57-53,Yb_Yag5_2026-09-28_13-03-16,14.4,17.5,0.000484111,0.0985,0.00491483248731,0.00156952,0.099,0.0158537373737,0.310010969115,0.992121258771
YbYag5,Yb_Yag5_2026-09-28_14-57-53,Yb_Yag5_2026-09-28_13-03-16,14.5,17.5,0.000476958,0.0986,0.00483730223124,0.00156999,0.099,0.0158584848485,0.30502928101,0.976178472335
YbYag5,Yb_Yag5_2026-09-28_14-57-53,Yb_Yag5_2026-09-28_13-03-16,14.6,17.5,0.00047976,0.0987,0.00486079027356,0.00156594,0.0989,0.0158335692619,0.306992706013,0.982461978018
YbYag5,Yb_Yag5_2026-09-28_14-57-53,Yb_Yag5_2026-09-28_13-03-16,14.7,17.5,0.00048423,0.09865,0.00490856563609,0.00156904,0.0989,0.0158649140546,0.309397556091,0.990158166618
YbYag5,Yb_Yag5_2026-09-28_14-57-53,Yb_Yag5_2026-09-28_13-03-16,14.8,17.5,0.000475647,0.09865,0.00482156107451,0.00157119,0.099,0.0158706060606,0.303804470737,0.972258739064
YbYag5,Yb_Yag5_2026-09-28_14-57-53,Yb_Yag5_2026-09-28_13-03-16,14.9,17.5,0.000480236,0.0987,0.00486561296859,0.0015626,0.09875,0.0158237974684,0.307487060442,0.98404404958
YbYag5,Yb_Yag5_2026-09-28_14-57-53,Yb_Yag5_2026-09-28_13-03-16,15,17.5,0.000474634,0.0988,0.00480398785425,0.00156308,0.09885,0.0158126454224,0.303806714558,0.972265919916
YbYag5,Yb_Yag5_2026-09-28_14-57-53,Yb_Yag5_2026-09-28_13-03-16,15.1,17.5,0.000484051,0.0986,0.00490923935091,0.00156403,0.09875,0.015838278481,0.309960413741,0.991959467524
YbYag5,Yb_Yag5_2026-09-28_14-57-53,Yb_Yag5_2026-09-28_13-03-16,15.2,17.5,0.000471415,0.09875,0.00477382278481,0.0015626,0.09885,0.0158077895802,0.301991797183,0.966457679917
YbYag5,Yb_Yag5_2026-09-28_14-57-53,Yb_Yag5_2026-09-28_13-03-16,15.3,17.5,0.00047511,0.09875,0.00481124050633,0.00156689,0.0989,0.0158431749242,0.303679062394,0.971857397516
YbYag5,Yb_Yag5_2026-09-28_14-57-53,Yb_Yag5_2026-09-28_13-03-16,15.4,17.5,0.000479581,0.0986,0.00486390466531,0.00156618,0.09885,0.0158440060698,0.306987048849,0.982443873519
YbYag5,Yb_Yag5_2026-09-28_14-57-53,Yb_Yag5_2026-09-28_13-03-16,15.5,17.5,0.000475885,0.0986,0.0048264198783,0.0015576,0.09895,0.0157412834765,0.306609044015,0.981234152997
YbYag5,Yb_Yag5_2026-09-28_14-57-53,Yb_Yag5_2026-09-28_13-03-16,15.6,17.5,0.000475289,0.0988,0.00481061740891,0.00156689,0.09885,0.0158511886697,0.30348622486,0.971240263813
YbYag5,Yb_Yag5_2026-09-28_14-57-53,Yb_Yag5_2026-09-28_13-03-16,15.7,17.5,0.000476005,0.0987,0.00482274569402,0.0015688,0.09895,0.0158544719555,0.304188351877,0.9734872654
YbYag5,Yb_Yag5_2026-09-28_14-57-53,Yb_Yag5_2026-09-28_13-03-16,15.8,17.5,0.000481548,0.0987,0.00487890577508,0.001575,0.0988,0.0159412955466,0.306054533699,0.979459565878
YbYag5,Yb_Yag5_2026-09-28_14-57-53,Yb_Yag5_2026-09-28_13-03-16,15.9,17.5,0.000476362,0.0987,0.0048263627153,0.00157262,0.09875,0.0159252658228,0.303063243591,0.969886606197
YbYag5,Yb_Yag5_2026-09-28_14-57-53,Yb_Yag5_2026-09-28_13-03-16,16,17.5,0.000466527,0.09865,0.00472911302585,0.00155402,0.0989,0.0157130434783,0.300967348075,0.96317915806
YbYag5,Yb_Yag5_2026-09-28_14-57-53,Yb_Yag5_2026-09-28_13-03-16,16.1,17.5,0.00048119,0.0987,0.00487527862209,0.00156618,0.09895,0.0158279939363,0.308016204815,0.985737458631
YbYag5,Yb_Yag5_2026-09-28_14-57-53,Yb_Yag5_2026-09-28_13-03-16,16.2,17.5,0.000480117,0.09875,0.0048619443038,0.00157285,0.09885,0.0159114820435,0.305562001736,0.977883326712
YbYag5,Yb_Yag5_2026-09-28_14-57-53,Yb_Yag5_2026-09-28_13-03-16,16.3,17.5,0.000475826,0.09865,0.0048233755702,0.00157619,0.0988,0.015953340081,0.302342678443,0.967580597466
YbYag5,Yb_Yag5_2026-09-28_14-57-53,Yb_Yag5_2026-09-28_13-03-16,16.4,17.5,0.000475587,0.09865,0.00482095286366,0.00157834,0.0988,0.0159751012146,0.301779174911,0.965777229556
YbYag5,Yb_Yag5_2026-09-28_14-57-53,Yb_Yag5_2026-09-28_13-03-16,16.5,17.5,0.000477316,0.0987,0.00483602836879,0.00157929,0.099,0.0159524242424,0.30315319448,0.970174474043
YbYag5,Yb_Yag5_2026-09-28_14-57-53,Yb_Yag5_2026-09-28_13-03-16,16.6,17.5,0.000479283,0.09855,0.00486334855403,0.00158001,0.09885,0.0159839150228,0.304265165768,0.973733091199
YbYag5,Yb_Yag5_2026-09-28_14-57-53,Yb_Yag5_2026-09-28_13-03-16,16.7,17.5,0.000480833,0.09865,0.00487413076533,0.00157667,0.09885,0.0159501264542,0.305585713024,0.977959209423
YbYag5,Yb_Yag5_2026-09-28_14-57-53,Yb_Yag5_2026-09-28_13-03-16,16.8,17.5,0.000481429,0.09855,0.00488512430238,0.00157977,0.0988,0.0159895748988,0.305519335773,0.977746783774
YbYag5,Yb_Yag5_2026-09-28_14-57-53,Yb_Yag5_2026-09-28_13-03-16,16.9,17.5,0.000483813,0.09865,0.0049043385707,0.00157953,0.0989,0.0159709807887,0.307078108451,0.982735289553
YbYag5,Yb_Yag5_2026-09-28_14-57-53,Yb_Yag5_2026-09-28_13-03-16,17,17.5,0.000474932,0.09865,0.00481431322859,0.00157762,0.09895,0.0159436078828,0.301958832905,0.966352185068
YbYag5,Yb_Yag5_2026-09-28_14-57-53,Yb_Yag5_2026-09-28_13-03-16,17.1,17.5,0.000480236,0.0987,0.00486561296859,0.00157357,0.0988,0.0159268218623,0.30549804667,0.977678652726
YbYag5,Yb_Yag5_2026-09-28_14-57-53,Yb_Yag5_2026-09-28_13-03-16,17.2,17.5,0.00047976,0.0986,0.00486572008114,0.001575,0.09895,0.0159171298636,0.305690794938,0.978295500753
YbYag5,Yb_Yag5_2026-09-28_14-57-53,Yb_Yag5_2026-09-28_13-03-16,17.3,17.5,0.000475349,0.09875,0.00481366075949,0.00157667,0.099,0.015925959596,0.302252478444,0.967291932401
YbYag5,Yb_Yag5_2026-09-28_14-57-53,Yb_Yag5_2026-09-28_13-03-16,17.4,17.5,0.000480952,0.09865,0.00487533705018,0.00156523,0.0988,0.0158424089069,0.307739629676,0.984852341321
YbYag5,Yb_Yag5_2026-09-28_14-57-53,Yb_Yag5_2026-09-28_13-03-16,17.5,17.5,0.000475647,0.0987,0.00481911854103,0.00156308,0.099,0.0157886868687,0.305226050849,0.976808190508
YbYag5,Yb_Yag5_2026-09-28_14-57-53,Yb_Yag5_2026-09-28_13-03-16,17.6,17.5,0.000478568,0.09865,0.00485117080588,0.00157023,0.09895,0.0158689236988,0.305702573026,0.978333193908
YbYag5,Yb_Yag5_2026-09-28_14-57-53,Yb_Yag5_2026-09-28_13-03-16,17.7,17.5,0.000470938,0.0986,0.0047762474645,0.00155783,0.0988,0.0157675101215,0.302917038118,0.969418708051
YbYag5,Yb_Yag5_2026-09-28_14-57-53,Yb_Yag5_2026-09-28_13-03-16,17.8,17.5,0.000474872,0.09855,0.00481858954845,0.00155402,0.0988,0.0157289473684,0.306351686199,0.980410536462
YbYag5,Yb_Yag5_2026-09-28_14-57-53,Yb_Yag5_2026-09-28_13-03-16,17.9,17.5,0.000472428,0.0985,0.00479622335025,0.0015514,0.099,0.0156707070707,0.306062982903,0.979486605676
YbYag5,Yb_Yag5_2026-09-28_14-57-53,Yb_Yag5_2026-09-28_13-03-16,18,17.5,0.000474157,0.09865,0.00480645717182,0.00155664,0.0989,0.0157395348837,0.305374790763,0.977284199569
YbYag5,Yb_Yag5_2026-09-28_14-57-53,Yb_Yag5_2026-09-28_13-03-16,18.1,17.5,0.000471177,0.09865,0.00477624936645,0.00154854,0.09885,0.0156655538695,0.304888636957,0.975728372279
YbYag5,Yb_Yag5_2026-09-28_14-57-53,Yb_Yag5_2026-09-28_13-03-16,18.2,17.5,0.000474634,0.09865,0.00481129244805,0.00155307,0.0989,0.015703437816,0.306384659488,0.98051606015
YbYag5,Yb_Yag5_2026-09-28_14-57-53,Yb_Yag5_2026-09-28_13-03-16,18.3,17.5,0.000465812,0.09865,0.00472186517993,0.00155211,0.09885,0.0157016691958,0.300723771533,0.962399645432
YbYag5,Yb_Yag5_2026-09-28_14-57-53,Yb_Yag5_2026-09-28_13-03-16,18.4,17.5,0.00047517,0.09875,0.00481184810127,0.00155378,0.0989,0.0157106167846,0.306280024982,0.98018120065
YbYag5,Yb_Yag5_2026-09-28_14-57-53,Yb_Yag5_2026-09-28_13-03-16,18.5,17.5,0.000475349,0.0987,0.00481609929078,0.00155903,0.0989,0.0157637007078,0.305518315785,0.977743519526
YbYag5,Yb_Yag5_2026-09-28_14-57-53,Yb_Yag5_2026-09-28_13-03-16,18.6,17.5,0.000470044,0.09865,0.0047647643183,0.00156213,0.09895,0.0157870641738,0.301814464415,0.965890165777
YbYag5,Yb_Yag5_2026-09-28_14-57-53,Yb_Yag5_2026-09-28_13-03-16,18.7,17.5,0.000475349,0.0986,0.00482098377282,0.0015595,0.0988,0.0157844129555,0.305426865504,0.977450853213
YbYag5,Yb_Yag5_2026-09-28_14-57-53,Yb_Yag5_2026-09-28_13-03-16,18.8,17.5,0.000471415,0.0988,0.00477140688259,0.00156236,0.0989,0.0157973710819,0.302038032648,0.966605646256
YbYag5,Yb_Yag5_2026-09-28_14-57-53,Yb_Yag5_2026-09-28_13-03-16,18.9,17.5,0.000474395,0.0987,0.00480643363728,0.0015657,0.0989,0.0158311425683,0.303606237929,0.971624338988
YbYag5,Yb_Yag5_2026-09-28_14-57-53,Yb_Yag5_2026-09-28_13-03-16,19,17.5,0.00047517,0.09855,0.00482161339422,0.00156594,0.09875,0.0158576202532,0.304056555601,0.97306548069
YbYag5,Yb_Yag5_2026-09-28_14-57-53,Yb_Yag5_2026-09-28_13-03-16,19.1,17.5,0.000471594,0.0986,0.00478290060852,0.00156332,0.0988,0.0158230769231,0.30227373802,0.967359968952
YbYag5,Yb_Yag5_2026-09-28_14-57-53,Yb_Yag5_2026-09-28_13-03-16,19.2,17.5,0.000471951,0.0986,0.00478652129817,0.0015657,0.099,0.0158151515152,0.302654153744,0.968577404995
YbYag5,Yb_Yag5_2026-09-28_14-57-53,Yb_Yag5_2026-09-28_13-03-16,19.3,17.5,0.000474634,0.09855,0.0048161745307,0.00156737,0.0988,0.0158640688259,0.303590118245,0.971572751518
YbYag5,Yb_Yag5_2026-09-28_14-57-53,Yb_Yag5_2026-09-28_13-03-16,19.4,17.5,0.000469448,0.09865,0.00475872275722,0.00156117,0.0987,0.015817325228,0.300855086977,0.962819891348
YbYag5,Yb_Yag5_2026-09-28_14-57-53,Yb_Yag5_2026-09-28_13-03-16,19.5,17.5,0.000475528,0.09855,0.00482524606799,0.00155855,0.09865,0.0157987835783,0.305418834563,0.977425151968
YbYag5,Yb_Yag5_2026-09-28_14-57-53,Yb_Yag5_2026-09-28_13-03-16,19.6,17.5,0.000478508,0.09835,0.00486535841383,0.00156832,0.0987,0.0158897669706,0.306194447208,0.979907327991
YbYag5,Yb_Yag5_2026-09-28_14-57-53,Yb_Yag5_2026-09-28_13-03-16,19.7,17.5,0.000474753,0.09855,0.00481738203957,0.00157095,0.0987,0.0159164133739,0.302667562497,0.96862031673
YbYag5,Yb_Yag5_2026-09-28_14-57-53,Yb_Yag5_2026-09-28_13-03-16,19.8,17.5,0.000479402,0.0984,0.00487197154472,0.00157548,0.0987,0.0159623100304,0.305217198228,0.976779859658
YbYag5,Yb_Yag5_2026-09-28_14-57-53,Yb_Yag5_2026-09-28_13-03-16,19.9,17.5,0.000478985,0.09835,0.00487020843925,0.00157262,0.09865,0.0159414090218,0.305506773748,0.977706581802
YbYag5,Yb_Yag5_2026-09-28_14-57-53,Yb_Yag5_2026-09-28_13-03-16,20,17.5,0.000488464,0.0985,0.00495902538071,0.00157357,0.0986,0.015959127789,0.310732857477,0.994431502155
YbYag5,Yb_Yag5_2026-09-28_14-57-53,Yb_Yag5_2026-09-28_13-03-16,20.1,17.5,0.000474991,0.0984,0.00482714430894,0.00158335,0.09865,0.0160501773948,0.300753330646,0.962494242807
YbYag5,Yb_Yag5_2026-09-28_14-57-53,Yb_Yag5_2026-09-28_13-03-16,20.2,17.5,0.000479402,0.0984,0.00487197154472,0.00158454,0.0987,0.0160541033435,0.303472043282,0.971194878824
YbYag5,Yb_Yag5_2026-09-28_14-57-53,Yb_Yag5_2026-09-28_13-03-16,20.3,17.5,0.000473978,0.09835,0.004819298424,0.00158239,0.0987,0.0160323201621,0.300598938599,0.962000145348
YbYag5,Yb_Yag5_2026-09-28_14-57-53,Yb_Yag5_2026-09-28_13-03-16,20.4,17.5,0.000478866,0.09855,0.00485911719939,0.00158239,0.09885,0.0160079919069,0.303543206896,0.971422622165
YbYag5,Yb_Yag5_2026-09-28_14-57-53,Yb_Yag5_2026-09-28_13-03-16,20.5,17.5,0.000483455,0.09845,0.00491066531234,0.00156904,0.0987,0.0158970618034,0.308903958044,0.988578515687
YbYag5,Yb_Yag5_2026-09-28_14-57-53,Yb_Yag5_2026-09-28_13-03-16,20.6,17.5,0.000475289,0.0983,0.00483508646999,0.00158025,0.0988,0.0159944331984,0.302298081465,0.967437874741
YbYag5,Yb_Yag5_2026-09-28_14-57-53,Yb_Yag5_2026-09-28_13-03-16,20.7,17.5,0.000475826,0.0984,0.0048356300813,0.00158788,0.0987,0.0160879432624,0.300574784634,0.961922845948
YbYag5,Yb_Yag5_2026-09-28_14-57-53,Yb_Yag5_2026-09-28_13-03-16,20.8,17.5,0.000479879,0.0985,0.0048718680203,0.00163103,0.09875,0.0165167594937,0.294965124494,0.943970374476
YbYag5,Yb_Yag5_2026-09-28_14-57-53,Yb_Yag5_2026-09-28_13-03-16,20.9,17.5,0.000487925,0.09835,0.00496110828673,0.00167502,0.0986,0.0169880324544,0.292035484394,0.934594711957
YbYag5,Yb_Yag5_2026-09-28_14-57-53,Yb_Yag5_2026-09-28_13-03-16,21,17.5,0.000488941,0.0984,0.00496891260163,0.00164903,0.09875,0.0166990379747,0.297556817893,0.952264513631
YbYag5,Yb_Yag5_2026-09-28_14-57-53,Yb_Yag5_2026-09-28_13-03-16,21.1,17.5,0.00047061,0.09845,0.00478019299137,0.00164653,0.0988,0.0166652834008,0.286835385658,0.9179529508
YbYag5,Yb_Yag5_2026-09-28_14-57-53,Yb_Yag5_2026-09-28_13-03-16,21.2,17.5,0.000452818,0.0984,0.00460180894309,0.00157357,0.09885,0.0159187658068,0.289080761595,0.92513877783
YbYag5,Yb_Yag5_2026-09-28_14-57-53,Yb_Yag5_2026-09-28_13-03-16,21.3,17.5,0.000393273,0.09865,0.00398654840345,0.00146461,0.0989,0.0148089989889,0.269197695701,0.861507441107
YbYag5,Yb_Yag5_2026-09-28_14-57-53,Yb_Yag5_2026-09-28_13-03-16,13.2,17.6,0.000404598,0.09835,0.00411385866802,0.000991113,0.09875,0.0100365873418,0.409886202144,1.31174976158
YbYag5,Yb_Yag5_2026-09-28_14-57-53,Yb_Yag5_2026-09-28_13-03-16,13.3,17.6,0.000456097,0.09845,0.00463277805993,0.0013975,0.0986,0.0141734279919,0.326863625552,1.04605444303
YbYag5,Yb_Yag5_2026-09-28_14-57-53,Yb_Yag5_2026-09-28_13-03-16,13.4,17.6,0.000475468,0.09845,0.00482953783647,0.00152481,0.09865,0.0154567663457,0.312454605864,0.999941575498
YbYag5,Yb_Yag5_2026-09-28_14-57-53,Yb_Yag5_2026-09-28_13-03-16,13.5,17.6,0.000477614,0.09845,0.0048513357034,0.00156439,0.0987,0.0158499493414,0.306078940627,0.979537674828
YbYag5,Yb_Yag5_2026-09-28_14-57-53,Yb_Yag5_2026-09-28_13-03-16,13.6,17.6,0.000476899,0.09845,0.00484407313357,0.00157512,0.0987,0.015958662614,0.303538789605,0.971408485606
YbYag5,Yb_Yag5_2026-09-28_14-57-53,Yb_Yag5_2026-09-28_13-03-16,13.7,17.6,0.000471892,0.09845,0.00479321482986,0.00155652,0.0987,0.015770212766,0.303941037511,0.972695790695
YbYag5,Yb_Yag5_2026-09-28_14-57-53,Yb_Yag5_2026-09-28_13-03-16,13.8,17.6,0.000467958,0.09865,0.00474361885454,0.00156368,0.09875,0.0158347341772,0.299570475984,0.958708779152
YbYag5,Yb_Yag5_2026-09-28_14-57-53,Yb_Yag5_2026-09-28_13-03-16,13.9,17.6,0.00047976,0.0985,0.00487065989848,0.00157262,0.0989,0.0159011122346,0.306309384313,0.980275158671
YbYag5,Yb_Yag5_2026-09-28_14-57-53,Yb_Yag5_2026-09-28_13-03-16,14,17.6,0.000480117,0.09855,0.00487181126332,0.00157524,0.0988,0.0159437246964,0.30556293188,0.977886303431
YbYag5,Yb_Yag5_2026-09-28_14-57-53,Yb_Yag5_2026-09-28_13-03-16,14.1,17.6,0.000476481,0.0986,0.00483246450304,0.00158001,0.09885,0.0159839150228,0.302332970123,0.967549528145
YbYag5,Yb_Yag5_2026-09-28_14-57-53,Yb_Yag5_2026-09-28_13-03-16,14.2,17.6,0.000474634,0.09855,0.0048161745307,0.00157262,0.09885,0.0159091552858,0.302729745494,0.968819319604
YbYag5,Yb_Yag5_2026-09-28_14-57-53,Yb_Yag5_2026-09-28_13-03-16,14.3,17.6,0.000470163,0.0985,0.0047732284264,0.00156928,0.099,0.0158513131313,0.301125111015,0.963684043314
YbYag5,Yb_Yag5_2026-09-28_14-57-53,Yb_Yag5_2026-09-28_13-03-16,14.4,17.6,0.000480058,0.09855,0.00487121258245,0.00157321,0.0988,0.0159231781377,0.305919618579,0.979027799997
YbYag5,Yb_Yag5_2026-09-28_14-57-53,Yb_Yag5_2026-09-28_13-03-16,14.5,17.6,0.000475945,0.09875,0.00481969620253,0.00156272,0.0989,0.0158010111223,0.305024543381,0.976163310605
YbYag5,Yb_Yag5_2026-09-28_14-57-53,Yb_Yag5_2026-09-28_13-03-16,14.6,17.6,0.000478866,0.0986,0.00485665314402,0.00157584,0.09895,0.0159256189995,0.304958516474,0.975952006154
YbYag5,Yb_Yag5_2026-09-28_14-57-53,Yb_Yag5_2026-09-28_13-03-16,14.7,17.6,0.000479581,0.0986,0.00486390466531,0.00157262,0.099,0.0158850505051,0.306193843309,0.979905395345
YbYag5,Yb_Yag5_2026-09-28_14-57-53,Yb_Yag5_2026-09-28_13-03-16,14.8,17.6,0.000475647,0.09865,0.00482156107451,0.00157595,0.0989,0.0159347826087,0.302580913271,0.968343015125
YbYag5,Yb_Yag5_2026-09-28_14-57-53,Yb_Yag5_2026-09-28_13-03-16,14.9,17.6,0.000474336,0.0987,0.00480583586626,0.00156439,0.0989,0.0158178968655,0.303822683074,0.972317023605
YbYag5,Yb_Yag5_2026-09-28_14-57-53,Yb_Yag5_2026-09-28_13-03-16,15,17.6,0.000475885,0.0987,0.00482152988855,0.00156773,0.0989,0.0158516683519,0.30416545322,0.973413983335
YbYag5,Yb_Yag5_2026-09-28_14-57-53,Yb_Yag5_2026-09-28_13-03-16,15.1,17.6,0.000475587,0.0987,0.0048185106383,0.00156737,0.0989,0.0158480283114,0.304044802522,0.97302786757
YbYag5,Yb_Yag5_2026-09-28_14-57-53,Yb_Yag5_2026-09-28_13-03-16,15.2,17.6,0.000471236,0.09875,0.00477201012658,0.00156511,0.0989,0.0158251769464,0.30154545145,0.965029249526
YbYag5,Yb_Yag5_2026-09-28_14-57-53,Yb_Yag5_2026-09-28_13-03-16,15.3,17.6,0.000471832,0.0987,0.00478046605876,0.00156642,0.09885,0.0158464339909,0.301674563596,0.965442444275
YbYag5,Yb_Yag5_2026-09-28_14-57-53,Yb_Yag5_2026-09-28_13-03-16,15.4,17.6,0.000476303,0.09875,0.00482332151899,0.00156618,0.09895,0.0158279939363,0.304733596589,0.975232200011
YbYag5,Yb_Yag5_2026-09-28_14-57-53,Yb_Yag5_2026-09-28_13-03-16,15.5,17.6,0.000475528,0.09865,0.00482035478966,0.00156463,0.09895,0.0158123294593,0.304847859518,0.975597873141
YbYag5,Yb_Yag5_2026-09-28_14-57-53,Yb_Yag5_2026-09-28_13-03-16,15.6,17.6,0.000473144,0.0988,0.00478890688259,0.00156749,0.09895,0.0158412329459,0.302306449185,0.967464653773
YbYag5,Yb_Yag5_2026-09-28_14-57-53,Yb_Yag5_2026-09-28_13-03-16,15.7,17.6,0.000476362,0.09875,0.00482391898734,0.00157381,0.09885,0.0159211937279,0.302987267775,0.969643462473
YbYag5,Yb_Yag5_2026-09-28_14-57-53,Yb_Yag5_2026-09-28_13-03-16,15.8,17.6,0.000478746,0.0986,0.00485543610548,0.00156809,0.0988,0.0158713562753,0.305924460472,0.979043295401
YbYag5,Yb_Yag5_2026-09-28_14-57-53,Yb_Yag5_2026-09-28_13-03-16,15.9,17.6,0.000476064,0.09865,0.00482578813989,0.00156368,0.0988,0.0158267206478,0.304913964635,0.975809427887
YbYag5,Yb_Yag5_2026-09-28_14-57-53,Yb_Yag5_2026-09-28_13-03-16,16,17.6,0.000470163,0.0986,0.00476838742394,0.0015483,0.0989,0.0156552072801,0.304587945635,0.974766076482
YbYag5,Yb_Yag5_2026-09-28_14-57-53,Yb_Yag5_2026-09-28_13-03-16,16.1,17.6,0.000480773,0.09855,0.00487846778285,0.00155199,0.0988,0.0157084008097,0.310564254245,0.993891924957
YbYag5,Yb_Yag5_2026-09-28_14-57-53,Yb_Yag5_2026-09-28_13-03-16,16.2,17.6,0.000475707,0.0986,0.00482461460446,0.0015787,0.0989,0.0159625884732,0.302245128512,0.967268410575
YbYag5,Yb_Yag5_2026-09-28_14-57-53,Yb_Yag5_2026-09-28_13-03-16,16.3,17.6,0.000484468,0.09865,0.00491097820578,0.00157679,0.0988,0.0159594129555,0.307716719874,0.984779023588
YbYag5,Yb_Yag5_2026-09-28_14-57-53,Yb_Yag5_2026-09-28_13-03-16,16.4,17.6,0.000479819,0.0987,0.00486138804458,0.00158656,0.0988,0.0160582995951,0.30273367462,0.968831893899
YbYag5,Yb_Yag5_2026-09-28_14-57-53,Yb_Yag5_2026-09-28_13-03-16,16.5,17.6,0.000475826,0.09875,0.00481849113924,0.00158692,0.09885,0.0160538189176,0.300146100063,0.960550936183
YbYag5,Yb_Yag5_2026-09-28_14-57-53,Yb_Yag5_2026-09-28_13-03-16,16.6,17.6,0.000476303,0.09865,0.00482821084643,0.00158489,0.0989,0.0160251769464,0.301289081711,0.964208795109
YbYag5,Yb_Yag5_2026-09-28_14-57-53,Yb_Yag5_2026-09-28_13-03-16,16.7,17.6,0.000481071,0.09855,0.00488149162861,0.00158883,0.0989,0.0160650151668,0.303858513542,0.97243169106
YbYag5,Yb_Yag5_2026-09-28_14-57-53,Yb_Yag5_2026-09-28_13-03-16,16.8,17.6,0.000475528,0.0987,0.00481791286727,0.00158597,0.0988,0.0160523279352,0.300137954241,0.960524867286
YbYag5,Yb_Yag5_2026-09-28_14-57-53,Yb_Yag5_2026-09-28_13-03-16,16.9,17.6,0.000477554,0.09855,0.00484580416032,0.00158227,0.0989,0.015998685541,0.302887643357,0.969324636646
YbYag5,Yb_Yag5_2026-09-28_14-57-53,Yb_Yag5_2026-09-28_13-03-16,17,17.6,0.000475289,0.09855,0.00482282090309,0.0015806,0.09895,0.0159737241031,0.301922136126,0.966234745175
YbYag5,Yb_Yag5_2026-09-28_14-57-53,Yb_Yag5_2026-09-28_13-03-16,17.1,17.6,0.000475051,0.0987,0.00481308004053,0.00158084,0.09885,0.0159923115832,0.300962122673,0.963162435322
YbYag5,Yb_Yag5_2026-09-28_14-57-53,Yb_Yag5_2026-09-28_13-03-16,17.2,17.6,0.000480475,0.0987,0.00486803444782,0.00157905,0.0988,0.0159822874494,0.304589343874,0.974770551235
YbYag5,Yb_Yag5_2026-09-28_14-57-53,Yb_Yag5_2026-09-28_13-03-16,17.3,17.6,0.000475468,0.09875,0.00481486582278,0.00157798,0.0989,0.0159553083923,0.301772031251,0.965754367859
YbYag5,Yb_Yag5_2026-09-28_14-57-53,Yb_Yag5_2026-09-28_13-03-16,17.4,17.6,0.0004707,0.09865,0.00477141409022,0.0015688,0.0988,0.0158785425101,0.300494462082,0.961665791459
YbYag5,Yb_Yag5_2026-09-28_14-57-53,Yb_Yag5_2026-09-28_13-03-16,17.5,17.6,0.000475647,0.09865,0.00482156107451,0.00156546,0.0989,0.0158287158746,0.304608479469,0.974831790457
YbYag5,Yb_Yag5_2026-09-28_14-57-53,Yb_Yag5_2026-09-28_13-03-16,17.6,17.6,0.000475349,0.09865,0.00481854029397,0.00156773,0.0989,0.0158516683519,0.303976855117,0.972810416991
YbYag5,Yb_Yag5_2026-09-28_14-57-53,Yb_Yag5_2026-09-28_13-03-16,17.7,17.6,0.000469806,0.0986,0.00476476673428,0.00156189,0.0988,0.0158086032389,0.301403398028,0.964574639095
YbYag5,Yb_Yag5_2026-09-28_14-57-53,Yb_Yag5_2026-09-28_13-03-16,17.8,17.6,0.000471773,0.09875,0.00477744810127,0.0015626,0.0989,0.0157997977755,0.302374003082,0.967680845018
YbYag5,Yb_Yag5_2026-09-28_14-57-53,Yb_Yag5_2026-09-28_13-03-16,17.9,17.6,0.000471355,0.09865,0.00477805372529,0.0015545,0.09885,0.0157258472433,0.303834423123,0.972354595025
YbYag5,Yb_Yag5_2026-09-28_14-57-53,Yb_Yag5_2026-09-28_13-03-16,18,17.6,0.000470342,0.0986,0.00477020283976,0.00155628,0.09895,0.0157279434058,0.303294761221,0.970627526957
YbYag5,Yb_Yag5_2026-09-28_14-57-53,Yb_Yag5_2026-09-28_13-03-16,18.1,17.6,0.000471892,0.0988,0.00477623481781,0.00155736,0.09885,0.0157547799697,0.303160997932,0.970199447256
YbYag5,Yb_Yag5_2026-09-28_14-57-53,Yb_Yag5_2026-09-28_13-03-16,18.2,17.6,0.000471355,0.09855,0.00478290208016,0.00156081,0.0989,0.0157816986855,0.303066366649,0.969896600851
YbYag5,Yb_Yag5_2026-09-28_14-57-53,Yb_Yag5_2026-09-28_13-03-16,18.3,17.6,0.0004707,0.0987,0.00476899696049,0.00155128,0.09895,0.0156774128348,0.304195405884,0.973509840183
YbYag5,Yb_Yag5_2026-09-28_14-57-53,Yb_Yag5_2026-09-28_13-03-16,18.4,17.6,0.000466825,0.0987,0.00472973657548,0.00154782,0.09885,0.0156582701062,0.302059968528,0.966675847168
YbYag5,Yb_Yag5_2026-09-28_14-57-53,Yb_Yag5_2026-09-28_13-03-16,18.5,17.6,0.000471832,0.0987,0.00478046605876,0.00154365,0.09885,0.0156160849772,0.306124490597,0.979683447392
YbYag5,Yb_Yag5_2026-09-28_14-57-53,Yb_Yag5_2026-09-28_13-03-16,18.6,17.6,0.000474991,0.09855,0.00481979705733,0.00156463,0.0989,0.0158203235592,0.304658563985,0.974992074828
YbYag5,Yb_Yag5_2026-09-28_14-57-53,Yb_Yag5_2026-09-28_13-03-16,18.7,17.6,0.000471296,0.09865,0.00477745565129,0.00156928,0.09885,0.0158753667172,0.300935136579,0.963076072322
YbYag5,Yb_Yag5_2026-09-28_14-57-53,Yb_Yag5_2026-09-28_13-03-16,18.8,17.6,0.000471832,0.09865,0.00478288900152,0.00156666,0.0987,0.0158729483283,0.301323289322,0.964318268972
YbYag5,Yb_Yag5_2026-09-28_14-57-53,Yb_Yag5_2026-09-28_13-03-16,18.9,17.6,0.000474216,0.09855,0.00481193302892,0.00156439,0.09885,0.015825897825,0.304054347003,0.973058412563
YbYag5,Yb_Yag5_2026-09-28_14-57-53,Yb_Yag5_2026-09-28_13-03-16,19,17.6,0.000474216,0.0986,0.00480949290061,0.00157154,0.09885,0.0158982296409,0.302517513537,0.968140118358
YbYag5,Yb_Yag5_2026-09-28_14-57-53,Yb_Yag5_2026-09-28_13-03-16,19.1,17.6,0.000479044,0.0985,0.00486339086294,0.00157047,0.0988,0.0158954453441,0.30596128373,0.97916114006
YbYag5,Yb_Yag5_2026-09-28_14-57-53,Yb_Yag5_2026-09-28_13-03-16,19.2,17.6,0.000468852,0.09845,0.00476233621127,0.00156904,0.09875,0.0158890126582,0.299725119094,0.959203680084
YbYag5,Yb_Yag5_2026-09-28_14-57-53,Yb_Yag5_2026-09-28_13-03-16,19.3,17.6,0.000469925,0.09855,0.00476839167935,0.00156904,0.0988,0.0158809716599,0.300258182022,0.960909629601
YbYag5,Yb_Yag5_2026-09-28_14-57-53,Yb_Yag5_2026-09-28_13-03-16,19.4,17.6,0.000478568,0.09855,0.00485609335363,0.00156213,0.0988,0.0158110323887,0.307133224083,0.982911674895
YbYag5,Yb_Yag5_2026-09-28_14-57-53,Yb_Yag5_2026-09-28_13-03-16,19.5,17.6,0.000478329,0.0984,0.00486106707317,0.00156415,0.09875,0.0158394936709,0.306895357527,0.982150435805
YbYag5,Yb_Yag5_2026-09-28_14-57-53,Yb_Yag5_2026-09-28_13-03-16,19.6,17.6,0.000465395,0.09835,0.00473202846975,0.00155009,0.0986,0.0157209939148,0.301000591654,0.963285546753
YbYag5,Yb_Yag5_2026-09-28_14-57-53,Yb_Yag5_2026-09-28_13-03-16,19.7,17.6,0.000474991,0.0985,0.00482224365482,0.00155462,0.0987,0.0157509625127,0.306155490557,0.97978265588
YbYag5,Yb_Yag5_2026-09-28_14-57-53,Yb_Yag5_2026-09-28_13-03-16,19.8,17.6,0.000470998,0.0985,0.00478170558376,0.00157584,0.0987,0.0159659574468,0.299493819879,0.958463458311
YbYag5,Yb_Yag5_2026-09-28_14-57-53,Yb_Yag5_2026-09-28_13-03-16,19.9,17.6,0.000477793,0.09825,0.00486303307888,0.0015806,0.0985,0.0160467005076,0.303055015988,0.969860275581
YbYag5,Yb_Yag5_2026-09-28_14-57-53,Yb_Yag5_2026-09-28_13-03-16,20,17.6,0.000479879,0.0984,0.00487681910569,0.00158323,0.09865,0.0160489609731,0.303871329357,0.97247270523
YbYag5,Yb_Yag5_2026-09-28_14-57-53,Yb_Yag5_2026-09-28_13-03-16,20.1,17.6,0.000475409,0.09835,0.00483384850025,0.00159276,0.09865,0.0161455651292,0.299391719123,0.958136707519
YbYag5,Yb_Yag5_2026-09-28_14-57-53,Yb_Yag5_2026-09-28_13-03-16,20.2,17.6,0.000475468,0.09845,0.00482953783647,0.00159932,0.0987,0.0162038500507,0.298048786021,0.953838948365
YbYag5,Yb_Yag5_2026-09-28_14-57-53,Yb_Yag5_2026-09-28_13-03-16,20.3,17.6,0.000476362,0.09845,0.00483861858812,0.00159181,0.09865,0.0161359351242,0.299866016495,0.959654590925
YbYag5,Yb_Yag5_2026-09-28_14-57-53,Yb_Yag5_2026-09-28_13-03-16,20.4,17.6,0.000479819,0.09845,0.00487373285932,0.00158883,0.09865,0.0161057273188,0.302608678444,0.968431871396
YbYag5,Yb_Yag5_2026-09-28_14-57-53,Yb_Yag5_2026-09-28_13-03-16,20.5,17.6,0.000475528,0.09845,0.00483014728288,0.00158883,0.0987,0.0160975683891,0.300054465751,0.960257680916
YbYag5,Yb_Yag5_2026-09-28_14-57-53,Yb_Yag5_2026-09-28_13-03-16,20.6,17.6,0.00047976,0.0985,0.00487065989848,0.00159002,0.09875,0.0161014683544,0.302497871081,0.968077257038
YbYag5,Yb_Yag5_2026-09-28_14-57-53,Yb_Yag5_2026-09-28_13-03-16,20.7,17.6,0.000476243,0.09855,0.00483250126839,0.00161207,0.0987,0.016333029382,0.295872930573,0.946875606224
YbYag5,Yb_Yag5_2026-09-28_14-57-53,Yb_Yag5_2026-09-28_13-03-16,20.8,17.6,0.00048423,0.09835,0.00492353838332,0.0016718,0.0987,0.0169381965552,0.290676658951,0.930246092896
YbYag5,Yb_Yag5_2026-09-28_14-57-53,Yb_Yag5_2026-09-28_13-03-16,20.9,17.6,0.000503186,0.09845,0.00511108176739,0.00169302,0.09855,0.0171792998478,0.29751397395,0.952127401104
YbYag5,Yb_Yag5_2026-09-28_14-57-53,Yb_Yag5_2026-09-28_13-03-16,21,17.6,0.000490371,0.09855,0.00497585996956,0.00167752,0.09885,0.01697035913,0.293208878577,0.938349899449
YbYag5,Yb_Yag5_2026-09-28_14-57-53,Yb_Yag5_2026-09-28_13-03-16,21.1,17.6,0.000479879,0.09865,0.00486446021287,0.00168014,0.09885,0.0169968639353,0.286197514517,0.915911585874
YbYag5,Yb_Yag5_2026-09-28_14-57-53,Yb_Yag5_2026-09-28_13-03-16,21.2,17.6,0.000446917,0.0986,0.00453262677485,0.00159145,0.09885,0.0160996459282,0.281535804891,0.900992819496
YbYag5,Yb_Yag5_2026-09-28_14-57-53,Yb_Yag5_2026-09-28_13-03-16,21.3,17.6,0.000378789,0.09865,0.00383972630512,0.00147677,0.09875,0.0149546329114,0.256758312148,0.821697956609
YbYag5,Yb_Yag5_2026-09-28_14-57-53,Yb_Yag5_2026-09-28_13-03-16,13.2,17.7,0.000393691,0.09835,0.00400295882054,0.000914577,0.09845,0.00928976130015,0.430900072801,1.37899998782
YbYag5,Yb_Yag5_2026-09-28_14-57-53,Yb_Yag5_2026-09-28_13-03-16,13.3,17.7,0.00045413,0.0986,0.00460578093306,0.00136257,0.0985,0.0138331979695,0.332951277298,1.06553662048
YbYag5,Yb_Yag5_2026-09-28_14-57-53,Yb_Yag5_2026-09-28_13-03-16,13.4,17.7,0.000476541,0.0984,0.00484289634146,0.00151683,0.09865,0.0153758743031,0.314967217213,1.00798263012
YbYag5,Yb_Yag5_2026-09-28_14-57-53,Yb_Yag5_2026-09-28_13-03-16,13.5,17.7,0.000476064,0.09855,0.00483068493151,0.00155474,0.0986,0.0157681541582,0.306357033489,0.980427649276
YbYag5,Yb_Yag5_2026-09-28_14-57-53,Yb_Yag5_2026-09-28_13-03-16,13.6,17.7,0.000472428,0.0985,0.00479622335025,0.00157786,0.0986,0.0160026369168,0.299714564243,0.959169901625
YbYag5,Yb_Yag5_2026-09-28_14-57-53,Yb_Yag5_2026-09-28_13-03-16,13.7,17.7,0.000472607,0.0985,0.00479804060914,0.00154496,0.0987,0.0156530901722,0.306523539848,0.980960515898
YbYag5,Yb_Yag5_2026-09-28_14-57-53,Yb_Yag5_2026-09-28_13-03-16,13.8,17.7,0.000471475,0.09855,0.00478411973617,0.0015657,0.0986,0.0158793103448,0.301280070248,0.964179955924
YbYag5,Yb_Yag5_2026-09-28_14-57-53,Yb_Yag5_2026-09-28_13-03-16,13.9,17.7,0.000484051,0.0984,0.00491921747967,0.00157572,0.0988,0.015948582996,0.308442291137,0.987101053278
YbYag5,Yb_Yag5_2026-09-28_14-57-53,Yb_Yag5_2026-09-28_13-03-16,14,17.7,0.000477018,0.0987,0.00483300911854,0.00158478,0.0988,0.0160402834008,0.301304471859,0.96425804786
YbYag5,Yb_Yag5_2026-09-28_14-57-53,Yb_Yag5_2026-09-28_13-03-16,14.1,17.7,0.000479938,0.0987,0.00486259371834,0.00158621,0.09875,0.0160628860759,0.302722293825,0.96879547219
YbYag5,Yb_Yag5_2026-09-28_14-57-53,Yb_Yag5_2026-09-28_13-03-16,14.2,17.7,0.000477256,0.0987,0.00483542046606,0.00157905,0.09875,0.0159903797468,0.302395599268,0.967749958815
YbYag5,Yb_Yag5_2026-09-28_14-57-53,Yb_Yag5_2026-09-28_13-03-16,14.3,17.7,0.000473024,0.09865,0.00479497212367,0.00157071,0.0988,0.0158978744939,0.301610893048,0.965238680826
YbYag5,Yb_Yag5_2026-09-28_14-57-53,Yb_Yag5_2026-09-28_13-03-16,14.4,17.7,0.000471713,0.0987,0.00477926038501,0.00157524,0.0988,0.0159437246964,0.299758085141,0.959309180596
YbYag5,Yb_Yag5_2026-09-28_14-57-53,Yb_Yag5_2026-09-28_13-03-16,14.5,17.7,0.000477554,0.09875,0.00483598987342,0.00156809,0.0987,0.0158874366768,0.304390819728,0.974135218792
YbYag5,Yb_Yag5_2026-09-28_14-57-53,Yb_Yag5_2026-09-28_13-03-16,14.6,17.7,0.000476899,0.0988,0.00482691295547,0.00157166,0.09885,0.0158994436014,0.303590054877,0.971572548725
YbYag5,Yb_Yag5_2026-09-28_14-57-53,Yb_Yag5_2026-09-28_13-03-16,14.7,17.7,0.00047666,0.0986,0.00483427991886,0.0015688,0.0987,0.0158946301925,0.304145479342,0.973350061374
YbYag5,Yb_Yag5_2026-09-28_14-57-53,Yb_Yag5_2026-09-28_13-03-16,14.8,17.7,0.000475468,0.0985,0.00482708629442,0.00157333,0.09895,0.0159002526529,0.303585508972,0.971558000565
YbYag5,Yb_Yag5_2026-09-28_14-57-53,Yb_Yag5_2026-09-28_13-03-16,14.9,17.7,0.00047219,0.09865,0.0047865179929,0.00156189,0.099,0.0157766666667,0.303392224354,0.970939436069
YbYag5,Yb_Yag5_2026-09-28_14-57-53,Yb_Yag5_2026-09-28_13-03-16,15,17.7,0.000472428,0.0986,0.00479135902637,0.00154973,0.09875,0.0156934683544,0.30530912085,0.977074037597
YbYag5,Yb_Yag5_2026-09-28_14-57-53,Yb_Yag5_2026-09-28_13-03-16,15.1,17.7,0.000466945,0.09855,0.00473815322171,0.00155855,0.09885,0.0157668184117,0.300514225381,0.961729039507
YbYag5,Yb_Yag5_2026-09-28_14-57-53,Yb_Yag5_2026-09-28_13-03-16,15.2,17.7,0.000477495,0.0986,0.0048427484787,0.0015657,0.09885,0.0158391502276,0.305745473028,0.978470485836
YbYag5,Yb_Yag5_2026-09-28_14-57-53,Yb_Yag5_2026-09-28_13-03-16,15.3,17.7,0.000471832,0.09875,0.00477804556962,0.0015719,0.0988,0.0159099190283,0.300318660398,0.961103177212
YbYag5,Yb_Yag5_2026-09-28_14-57-53,Yb_Yag5_2026-09-28_13-03-16,15.4,17.7,0.000470879,0.0986,0.00477564908722,0.00155593,0.09885,0.0157403136065,0.303402410308,0.970972033954
YbYag5,Yb_Yag5_2026-09-28_14-57-53,Yb_Yag5_2026-09-28_13-03-16,15.5,17.7,0.000467779,0.0987,0.00473940222898,0.00156379,0.099,0.0157958585859,0.300040811533,0.960213983626
YbYag5,Yb_Yag5_2026-09-28_14-57-53,Yb_Yag5_2026-09-28_13-03-16,15.6,17.7,0.000472786,0.0987,0.00479013171226,0.0015688,0.09895,0.0158544719555,0.302131267803,0.966904024663
YbYag5,Yb_Yag5_2026-09-28_14-57-53,Yb_Yag5_2026-09-28_13-03-16,15.7,17.7,0.000471832,0.0986,0.00478531440162,0.00157238,0.09875,0.015922835443,0.300531549092,0.961784480198
YbYag5,Yb_Yag5_2026-09-28_14-57-53,Yb_Yag5_2026-09-28_13-03-16,15.8,17.7,0.000471892,0.09865,0.00478349721237,0.00157738,0.09885,0.0159573090541,0.299768413092,0.95934223291
YbYag5,Yb_Yag5_2026-09-28_14-57-53,Yb_Yag5_2026-09-28_13-03-16,15.9,17.7,0.000472369,0.0988,0.00478106275304,0.00157572,0.09885,0.0159405159332,0.299931493628,0.959864135946
YbYag5,Yb_Yag5_2026-09-28_14-57-53,Yb_Yag5_2026-09-28_13-03-16,16,17.7,0.000475647,0.09865,0.00482156107451,0.00157119,0.0988,0.0159027327935,0.303190724331,0.970294579997
YbYag5,Yb_Yag5_2026-09-28_14-57-53,Yb_Yag5_2026-09-28_13-03-16,16.1,17.7,0.000480236,0.0986,0.00487054766734,0.00157047,0.09885,0.0158874051593,0.306566592751,0.981098297153
YbYag5,Yb_Yag5_2026-09-28_14-57-53,Yb_Yag5_2026-09-28_13-03-16,16.2,17.7,0.000472846,0.09865,0.00479316776483,0.00156618,0.09875,0.0158600506329,0.302216422619,0.967176543741
YbYag5,Yb_Yag5_2026-09-28_14-57-53,Yb_Yag5_2026-09-28_13-03-16,16.3,17.7,0.000471653,0.09865,0.00478107450583,0.00157619,0.09885,0.015945270612,0.299842794906,0.959580275385
YbYag5,Yb_Yag5_2026-09-28_14-57-53,Yb_Yag5_2026-09-28_13-03-16,16.4,17.7,0.000480594,0.0988,0.00486431174089,0.0015812,0.0988,0.016004048583,0.303942575259,0.972700711918
YbYag5,Yb_Yag5_2026-09-28_14-57-53,Yb_Yag5_2026-09-28_13-03-16,16.5,17.7,0.000472667,0.09875,0.00478650126582,0.00158215,0.0988,0.0160136639676,0.298901068207,0.956566488225
YbYag5,Yb_Yag5_2026-09-28_14-57-53,Yb_Yag5_2026-09-28_13-03-16,16.6,17.7,0.000481905,0.09865,0.00488499746579,0.00158239,0.09875,0.0160242025316,0.304851205928,0.975608582583
YbYag5,Yb_Yag5_2026-09-28_14-57-53,Yb_Yag5_2026-09-28_13-03-16,16.7,17.7,0.00047666,0.09855,0.00483673262303,0.00159169,0.09895,0.0160858009096,0.300683357342,0.962270308788
YbYag5,Yb_Yag5_2026-09-28_14-57-53,Yb_Yag5_2026-09-28_13-03-16,16.8,17.7,0.000481548,0.09865,0.00488137861125,0.00158835,0.09885,0.0160682852807,0.303789640648,0.972211278659
YbYag5,Yb_Yag5_2026-09-28_14-57-53,Yb_Yag5_2026-09-28_13-03-16,16.9,17.7,0.000477197,0.0988,0.0048299291498,0.00158811,0.0987,0.0160902735562,0.300176944347,0.960649646461
YbYag5,Yb_Yag5_2026-09-28_14-57-53,Yb_Yag5_2026-09-28_13-03-16,17,17.7,0.000476422,0.0988,0.00482208502024,0.00157834,0.09885,0.0159670207385,0.302002803104,0.966492901923
YbYag5,Yb_Yag5_2026-09-28_14-57-53,Yb_Yag5_2026-09-28_13-03-16,17.1,17.7,0.000476779,0.0987,0.00483058763931,0.00157619,0.09885,0.015945270612,0.302947987328,0.969517754126
YbYag5,Yb_Yag5_2026-09-28_14-57-53,Yb_Yag5_2026-09-28_13-03-16,17.2,17.7,0.000477435,0.0986,0.00484213995943,0.00158263,0.09885,0.016010419828,0.302436788757,0.967881776626
YbYag5,Yb_Yag5_2026-09-28_14-57-53,Yb_Yag5_2026-09-28_13-03-16,17.3,17.7,0.000476779,0.0987,0.00483058763931,0.00157667,0.0988,0.0159581983806,0.302702568555,0.968732345843
YbYag5,Yb_Yag5_2026-09-28_14-57-53,Yb_Yag5_2026-09-28_13-03-16,17.4,17.7,0.000476124,0.09865,0.00482639635073,0.00157285,0.09875,0.0159275949367,0.303021038011,0.969751536611
YbYag5,Yb_Yag5_2026-09-28_14-57-53,Yb_Yag5_2026-09-28_13-03-16,17.5,17.7,0.000473561,0.09865,0.00480041561075,0.00156832,0.09885,0.0158656550329,0.302566493523,0.968296867925
YbYag5,Yb_Yag5_2026-09-28_14-57-53,Yb_Yag5_2026-09-28_13-03-16,17.6,17.7,0.000476303,0.0985,0.00483556345178,0.00157572,0.0987,0.0159647416413,0.302890178897,0.96933275108
YbYag5,Yb_Yag5_2026-09-28_14-57-53,Yb_Yag5_2026-09-28_13-03-16,17.7,17.7,0.000472428,0.09875,0.00478408101266,0.00156165,0.09885,0.0157981790592,0.302824837896,0.969123641718
YbYag5,Yb_Yag5_2026-09-28_14-57-53,Yb_Yag5_2026-09-28_13-03-16,17.8,17.7,0.000471832,0.0986,0.00478531440162,0.00156356,0.0988,0.0158255060729,0.302379865742,0.967699607158
YbYag5,Yb_Yag5_2026-09-28_14-57-53,Yb_Yag5_2026-09-28_13-03-16,17.9,17.7,0.000474216,0.09855,0.00481193302892,0.00155903,0.09885,0.0157716742539,0.305099696548,0.976403821627
YbYag5,Yb_Yag5_2026-09-28_14-57-53,Yb_Yag5_2026-09-28_13-03-16,18,17.7,0.00047064,0.0986,0.00477322515213,0.00156165,0.0989,0.0157901921132,0.302290505265,0.967413628797
YbYag5,Yb_Yag5_2026-09-28_14-57-53,Yb_Yag5_2026-09-28_13-03-16,18.1,17.7,0.000471355,0.0987,0.00477563323202,0.00155736,0.0986,0.0157947261663,0.302356190398,0.967623839477
YbYag5,Yb_Yag5_2026-09-28_14-57-53,Yb_Yag5_2026-09-28_13-03-16,18.2,17.7,0.000467958,0.0987,0.00474121580547,0.00155521,0.09865,0.0157649265079,0.300744554889,0.962466157945
YbYag5,Yb_Yag5_2026-09-28_14-57-53,Yb_Yag5_2026-09-28_13-03-16,18.3,17.7,0.00046772,0.0987,0.00473880445795,0.00155783,0.0988,0.0157675101215,0.300542344443,0.961819028323
YbYag5,Yb_Yag5_2026-09-28_14-57-53,Yb_Yag5_2026-09-28_13-03-16,18.4,17.7,0.000467779,0.0987,0.00473940222898,0.00155617,0.09885,0.0157427415276,0.301053169213,0.963453809552
YbYag5,Yb_Yag5_2026-09-28_14-57-53,Yb_Yag5_2026-09-28_13-03-16,18.5,17.7,0.00046909,0.0986,0.00475750507099,0.00155426,0.0989,0.0157154701719,0.302727504742,0.968812148574
YbYag5,Yb_Yag5_2026-09-28_14-57-53,Yb_Yag5_2026-09-28_13-03-16,18.6,17.7,0.000466468,0.09865,0.00472851495185,0.00156475,0.09885,0.0158295397066,0.29871462086,0.9559698049
YbYag5,Yb_Yag5_2026-09-28_14-57-53,Yb_Yag5_2026-09-28_13-03-16,18.7,17.7,0.000471951,0.09865,0.00478409528637,0.00157262,0.0988,0.0159172064777,0.300561238121,0.961879493343
YbYag5,Yb_Yag5_2026-09-28_14-57-53,Yb_Yag5_2026-09-28_13-03-16,18.8,17.7,0.000475528,0.09855,0.00482524606799,0.00158072,0.0989,0.0159830131446,0.301898398277,0.966158777461
YbYag5,Yb_Yag5_2026-09-28_14-57-53,Yb_Yag5_2026-09-28_13-03-16,18.9,17.7,0.000478448,0.09855,0.00485487569762,0.0015657,0.09885,0.0158391502276,0.306511121358,0.98092077328
YbYag5,Yb_Yag5_2026-09-28_14-57-53,Yb_Yag5_2026-09-28_13-03-16,19,17.7,0.000471951,0.09915,0.00475996974281,0.00156642,0.09865,0.0158785605677,0.29977337823,0.95935812273
YbYag5,Yb_Yag5_2026-09-28_14-57-53,Yb_Yag5_2026-09-28_13-03-16,19.1,17.7,0.000476183,0.0992,0.00480023185484,0.00157357,0.09875,0.0159348860759,0.301240425063,0.964053080316
YbYag5,Yb_Yag5_2026-09-28_14-57-53,Yb_Yag5_2026-09-28_13-03-16,19.2,17.7,0.000474753,0.0991,0.00479064581231,0.00157238,0.0988,0.0159147773279,0.301018714469,0.963343544797
YbYag5,Yb_Yag5_2026-09-28_14-57-53,Yb_Yag5_2026-09-28_13-03-16,19.3,17.7,0.0004707,0.0991,0.00474974772957,0.00156737,0.0987,0.015880141844,0.29909983023,0.95720258194
YbYag5,Yb_Yag5_2026-09-28_14-57-53,Yb_Yag5_2026-09-28_13-03-16,19.4,17.7,0.00047517,0.09915,0.00479243570348,0.00156618,0.0988,0.0158520242915,0.302323262654,0.967518461546
YbYag5,Yb_Yag5_2026-09-28_14-57-53,Yb_Yag5_2026-09-28_13-03-16,19.5,17.7,0.000473918,0.09915,0.00477980837115,0.00157023,0.09885,0.0158849772382,0.300901178483,0.962967396976
YbYag5,Yb_Yag5_2026-09-28_14-57-53,Yb_Yag5_2026-09-28_13-03-16,19.6,17.7,0.000474395,0.09905,0.00478944977284,0.00155044,0.0987,0.0157086119554,0.304893251322,0.97574313953
YbYag5,Yb_Yag5_2026-09-28_14-57-53,Yb_Yag5_2026-09-28_13-03-16,19.7,17.7,0.000474753,0.0991,0.00479064581231,0.00156046,0.0987,0.0158101317123,0.303011125997,0.969719815414
YbYag5,Yb_Yag5_2026-09-28_14-57-53,Yb_Yag5_2026-09-28_13-03-16,19.8,17.7,0.000477077,0.0991,0.00481409687185,0.001575,0.0987,0.0159574468085,0.301683403969,0.965470735927
YbYag5,Yb_Yag5_2026-09-28_14-57-53,Yb_Yag5_2026-09-28_13-03-16,19.9,17.7,0.000476124,0.099,0.00480933333333,0.00158072,0.09865,0.0160235174861,0.300142171499,0.960538363685
YbYag5,Yb_Yag5_2026-09-28_14-57-53,Yb_Yag5_2026-09-28_13-03-16,20,17.7,0.000479223,0.099,0.00484063636364,0.00158335,0.09855,0.016066463724,0.301288226631,0.964206058618
YbYag5,Yb_Yag5_2026-09-28_14-57-53,Yb_Yag5_2026-09-28_13-03-16,20.1,17.7,0.000473561,0.09895,0.00478586154624,0.00159503,0.09865,0.0161685757729,0.295997718875,0.947274963472
YbYag5,Yb_Yag5_2026-09-28_14-57-53,Yb_Yag5_2026-09-28_13-03-16,20.2,17.7,0.000477793,0.099,0.00482619191919,0.00159336,0.09865,0.0161516472377,0.298804936002,0.956258838454
YbYag5,Yb_Yag5_2026-09-28_14-57-53,Yb_Yag5_2026-09-28_13-03-16,20.3,17.7,0.000480117,0.09895,0.00485211723092,0.0015905,0.09855,0.0161390157281,0.300645176426,0.962148119247
YbYag5,Yb_Yag5_2026-09-28_14-57-53,Yb_Yag5_2026-09-28_13-03-16,20.4,17.7,0.000479164,0.09895,0.00484248610409,0.00159384,0.09875,0.0161401518987,0.300027294321,0.960170724788
YbYag5,Yb_Yag5_2026-09-28_14-57-53,Yb_Yag5_2026-09-28_13-03-16,20.5,17.7,0.000481965,0.0988,0.00487818825911,0.00159288,0.0986,0.016154969574,0.301962082737,0.966362585431
YbYag5,Yb_Yag5_2026-09-28_14-57-53,Yb_Yag5_2026-09-28_13-03-16,20.6,17.7,0.000478687,0.09895,0.00483766548762,0.0016029,0.0988,0.0162236842105,0.298185382855,0.954276096197
YbYag5,Yb_Yag5_2026-09-28_14-57-53,Yb_Yag5_2026-09-28_13-03-16,20.7,17.7,0.000482382,0.09895,0.00487500757959,0.00163484,0.09855,0.0165889396246,0.293870957994,0.940468737588
YbYag5,Yb_Yag5_2026-09-28_14-57-53,Yb_Yag5_2026-09-28_13-03-16,20.8,17.7,0.000495259,0.09895,0.00500514401213,0.0017047,0.0988,0.017254048583,0.290085192936,0.92835323727
YbYag5,Yb_Yag5_2026-09-28_14-57-53,Yb_Yag5_2026-09-28_13-03-16,20.9,17.7,0.000510339,0.099,0.00515493939394,0.00171829,0.0987,0.0174092198582,0.296103986045,0.947615047947
YbYag5,Yb_Yag5_2026-09-28_14-57-53,Yb_Yag5_2026-09-28_13-03-16,21,17.7,0.000495855,0.0991,0.00500358224016,0.00171388,0.0988,0.0173469635628,0.288441387569,0.923092603251
YbYag5,Yb_Yag5_2026-09-28_14-57-53,Yb_Yag5_2026-09-28_13-03-16,21.1,17.7,0.000481727,0.09915,0.00485856782653,0.00170899,0.0989,0.0172799797776,0.281167448635,0.899813977105
YbYag5,Yb_Yag5_2026-09-28_14-57-53,Yb_Yag5_2026-09-28_13-03-16,21.2,17.7,0.00044507,0.09915,0.00448885526979,0.00161052,0.0989,0.0162843276036,0.275654935166,0.882172401977
YbYag5,Yb_Yag5_2026-09-28_14-57-53,Yb_Yag5_2026-09-28_13-03-16,21.3,17.7,0.00036356,0.09905,0.00367046945987,0.00148369,0.09895,0.014994340576,0.24479032214,0.783397062464
YbYag5,Yb_Yag5_2026-09-28_14-57-53,Yb_Yag5_2026-09-28_13-03-16,13.3,17.8,0.000453832,0.0983,0.00461680569685,0.00133849,0.0985,0.0135887309645,0.339752527952,1.08730251276
YbYag5,Yb_Yag5_2026-09-28_14-57-53,Yb_Yag5_2026-09-28_13-03-16,13.4,17.8,0.000471653,0.0984,0.00479322154472,0.00152231,0.09855,0.0154470826991,0.310299468067,0.993044535598
YbYag5,Yb_Yag5_2026-09-28_14-57-53,Yb_Yag5_2026-09-28_13-03-16,13.5,17.8,0.000473084,0.09845,0.00480532249873,0.00156737,0.09855,0.0159043125317,0.30213959196,0.966930664279
YbYag5,Yb_Yag5_2026-09-28_14-57-53,Yb_Yag5_2026-09-28_13-03-16,13.6,17.8,0.000478329,0.0984,0.00486106707317,0.00158621,0.09875,0.0160628860759,0.302627252052,0.968491312103
YbYag5,Yb_Yag5_2026-09-28_14-57-53,Yb_Yag5_2026-09-28_13-03-16,13.7,17.8,0.000478866,0.09845,0.00486405281869,0.00159026,0.0987,0.0161120567376,0.301889007586,0.966128724642
YbYag5,Yb_Yag5_2026-09-28_14-57-53,Yb_Yag5_2026-09-28_13-03-16,13.8,17.8,0.000480236,0.09855,0.0048730187722,0.00159193,0.0988,0.0161126518219,0.302434312245,0.9678738511
YbYag5,Yb_Yag5_2026-09-28_14-57-53,Yb_Yag5_2026-09-28_13-03-16,13.9,17.8,0.000475707,0.0984,0.00483442073171,0.00158215,0.0987,0.0160298885512,0.301587919109,0.965165157837
YbYag5,Yb_Yag5_2026-09-28_14-57-53,Yb_Yag5_2026-09-28_13-03-16,14,17.8,0.000478389,0.09845,0.00485920771965,0.00158644,0.09865,0.0160815002534,0.30216134335,0.967000274772
YbYag5,Yb_Yag5_2026-09-28_14-57-53,Yb_Yag5_2026-09-28_13-03-16,14.1,17.8,0.000474216,0.0986,0.00480949290061,0.00159395,0.0988,0.016133097166,0.298113428012,0.954045820703
YbYag5,Yb_Yag5_2026-09-28_14-57-53,Yb_Yag5_2026-09-28_13-03-16,14.2,17.8,0.000479462,0.09855,0.00486516489092,0.00158287,0.09875,0.0160290632911,0.303521472376,0.971353065659
YbYag5,Yb_Yag5_2026-09-28_14-57-53,Yb_Yag5_2026-09-28_13-03-16,14.3,17.8,0.000482144,0.09855,0.00489237950279,0.00158132,0.09885,0.0159971674254,0.305827861439,0.978734151648
YbYag5,Yb_Yag5_2026-09-28_14-57-53,Yb_Yag5_2026-09-28_13-03-16,14.4,17.8,0.000475528,0.09855,0.00482524606799,0.00157834,0.09875,0.0159831898734,0.301895060136,0.966148094482
YbYag5,Yb_Yag5_2026-09-28_14-57-53,Yb_Yag5_2026-09-28_13-03-16,14.5,17.8,0.000483157,0.09855,0.00490265854896,0.00158132,0.09875,0.0160133670886,0.306160379752,0.979798302664
YbYag5,Yb_Yag5_2026-09-28_14-57-53,Yb_Yag5_2026-09-28_13-03-16,14.6,17.8,0.000473322,0.0986,0.00480042596349,0.00157977,0.09895,0.0159653360283,0.300678041162,0.962253295536
YbYag5,Yb_Yag5_2026-09-28_14-57-53,Yb_Yag5_2026-09-28_13-03-16,14.7,17.8,0.000476481,0.09875,0.00482512405063,0.00158323,0.09885,0.0160164896308,0.301259774261,0.964115003126
YbYag5,Yb_Yag5_2026-09-28_14-57-53,Yb_Yag5_2026-09-28_13-03-16,14.8,17.8,0.00047517,0.09855,0.00482161339422,0.00157131,0.0988,0.0159039473684,0.303170859569,0.970231007236
YbYag5,Yb_Yag5_2026-09-28_14-57-53,Yb_Yag5_2026-09-28_13-03-16,14.9,17.8,0.000470402,0.09855,0.004773231862,0.00156689,0.0989,0.0158431749242,0.301280007627,0.96417975552
YbYag5,Yb_Yag5_2026-09-28_14-57-53,Yb_Yag5_2026-09-28_13-03-16,15,17.8,0.000466825,0.0986,0.00473453346856,0.00155748,0.09885,0.0157559939302,0.300490942655,0.961654528316
YbYag5,Yb_Yag5_2026-09-28_14-57-53,Yb_Yag5_2026-09-28_13-03-16,15.1,17.8,0.000471296,0.0987,0.00477503546099,0.00156403,0.09875,0.015838278481,0.30148702504,0.964842268775
YbYag5,Yb_Yag5_2026-09-28_14-57-53,Yb_Yag5_2026-09-28_13-03-16,15.2,17.8,0.000474991,0.09875,0.00481003544304,0.00157321,0.0988,0.0159231781377,0.302077600429,0.966732274152
YbYag5,Yb_Yag5_2026-09-28_14-57-53,Yb_Yag5_2026-09-28_13-03-16,15.3,17.8,0.000466647,0.0986,0.00473272819473,0.00157095,0.0989,0.0158842264914,0.297951442413,0.953527421768
YbYag5,Yb_Yag5_2026-09-28_14-57-53,Yb_Yag5_2026-09-28_13-03-16,15.4,17.8,0.000471415,0.0987,0.00477624113475,0.0015657,0.09875,0.0158551898734,0.30124149713,0.964056511228
YbYag5,Yb_Yag5_2026-09-28_14-57-53,Yb_Yag5_2026-09-28_13-03-16,15.5,17.8,0.000478687,0.0986,0.00485483772819,0.00156976,0.0988,0.0158882591093,0.305561339023,0.977881205848
YbYag5,Yb_Yag5_2026-09-28_14-57-53,Yb_Yag5_2026-09-28_13-03-16,15.6,17.8,0.000470879,0.0987,0.00477081053698,0.0015806,0.0988,0.0159979757085,0.298213387988,0.954365720406
YbYag5,Yb_Yag5_2026-09-28_14-57-53,Yb_Yag5_2026-09-28_13-03-16,15.7,17.8,0.000470283,0.09865,0.00476718702484,0.00157381,0.0989,0.0159131445905,0.299575423181,0.958724611558
YbYag5,Yb_Yag5_2026-09-28_14-57-53,Yb_Yag5_2026-09-28_13-03-16,15.8,17.8,0.000470759,0.0986,0.00477443204868,0.00156821,0.0989,0.0158565217391,0.301102103427,0.963610412637
YbYag5,Yb_Yag5_2026-09-28_14-57-53,Yb_Yag5_2026-09-28_13-03-16,15.9,17.8,0.000471296,0.09855,0.00478230339929,0.00157154,0.09885,0.0158982296409,0.300807291586,0.962666932812
YbYag5,Yb_Yag5_2026-09-28_14-57-53,Yb_Yag5_2026-09-28_13-03-16,16,17.8,0.000476064,0.09855,0.00483068493151,0.00158311,0.09885,0.0160152756702,0.301629833353,0.965299295067
YbYag5,Yb_Yag5_2026-09-28_14-57-53,Yb_Yag5_2026-09-28_13-03-16,16.1,17.8,0.000471296,0.09875,0.00477261772152,0.00156773,0.0989,0.0158516683519,0.301079836871,0.963539153469
YbYag5,Yb_Yag5_2026-09-28_14-57-53,Yb_Yag5_2026-09-28_13-03-16,16.2,17.8,0.000470223,0.0986,0.0047689959432,0.00154794,0.0988,0.0156674089069,0.304389575299,0.974131236274
YbYag5,Yb_Yag5_2026-09-28_14-57-53,Yb_Yag5_2026-09-28_13-03-16,16.3,17.8,0.000471594,0.0986,0.00478290060852,0.00156177,0.09875,0.0158153924051,0.302420609366,0.96782999808
YbYag5,Yb_Yag5_2026-09-28_14-57-53,Yb_Yag5_2026-09-28_13-03-16,16.4,17.8,0.000479581,0.09855,0.0048663723998,0.00158883,0.0988,0.0160812753036,0.302611099426,0.968439619212
YbYag5,Yb_Yag5_2026-09-28_14-57-53,Yb_Yag5_2026-09-28_13-03-16,16.5,17.8,0.000479521,0.0986,0.00486329614604,0.00158942,0.09895,0.0160628600303,0.30276651461,0.968936990992
YbYag5,Yb_Yag5_2026-09-28_14-57-53,Yb_Yag5_2026-09-28_13-03-16,16.6,17.8,0.000480296,0.0987,0.00486622087133,0.00159241,0.09875,0.0161256708861,0.301768584123,0.965743336091
YbYag5,Yb_Yag5_2026-09-28_14-57-53,Yb_Yag5_2026-09-28_13-03-16,16.7,17.8,0.000479938,0.0986,0.00486752535497,0.00159014,0.09895,0.0160701364325,0.3028925968,0.969340489041
YbYag5,Yb_Yag5_2026-09-28_14-57-53,Yb_Yag5_2026-09-28_13-03-16,16.8,17.8,0.000475468,0.09855,0.00482463723998,0.00158799,0.09885,0.0160646433991,0.300326444859,0.96112808965
YbYag5,Yb_Yag5_2026-09-28_14-57-53,Yb_Yag5_2026-09-28_13-03-16,16.9,17.8,0.000470938,0.09865,0.00477382665991,0.00158489,0.09885,0.0160332827516,0.297744805844,0.952866127317
YbYag5,Yb_Yag5_2026-09-28_14-57-53,Yb_Yag5_2026-09-28_13-03-16,17,17.8,0.000471534,0.0987,0.00477744680851,0.00158358,0.09885,0.016020030349,0.298217088509,0.954377563103
YbYag5,Yb_Yag5_2026-09-28_14-57-53,Yb_Yag5_2026-09-28_13-03-16,17.1,17.8,0.000474753,0.09855,0.00481738203957,0.00158811,0.09885,0.0160658573596,0.299852160501,0.959610247891
YbYag5,Yb_Yag5_2026-09-28_14-57-53,Yb_Yag5_2026-09-28_13-03-16,17.2,17.8,0.000478866,0.09855,0.00485911719939,0.00158585,0.0989,0.0160348837209,0.303034140064,0.969793466823
YbYag5,Yb_Yag5_2026-09-28_14-57-53,Yb_Yag5_2026-09-28_13-03-16,17.3,17.8,0.000471594,0.09865,0.00478047643183,0.00157977,0.0988,0.0159895748988,0.298974579505,0.956801744809
YbYag5,Yb_Yag5_2026-09-28_14-57-53,Yb_Yag5_2026-09-28_13-03-16,17.4,17.8,0.0004707,0.09855,0.00477625570776,0.00157643,0.09885,0.0159476985331,0.29949498342,0.958467181968
YbYag5,Yb_Yag5_2026-09-28_14-57-53,Yb_Yag5_2026-09-28_13-03-16,17.5,17.8,0.0004707,0.09855,0.00477625570776,0.00157929,0.0988,0.0159847165992,0.298801400583,0.956247524129
YbYag5,Yb_Yag5_2026-09-28_14-57-53,Yb_Yag5_2026-09-28_13-03-16,17.6,17.8,0.000471415,0.09855,0.00478351090817,0.00157142,0.0988,0.0159050607287,0.300754017213,0.962496440012
YbYag5,Yb_Yag5_2026-09-28_14-57-53,Yb_Yag5_2026-09-28_13-03-16,17.7,17.8,0.000474812,0.09855,0.00481798072045,0.00156904,0.09875,0.0158890126582,0.303227193791,0.970411292402
YbYag5,Yb_Yag5_2026-09-28_14-57-53,Yb_Yag5_2026-09-28_13-03-16,17.8,17.8,0.00046617,0.0985,0.00473269035533,0.00156487,0.09875,0.0158467848101,0.298653033536,0.955772708346
YbYag5,Yb_Yag5_2026-09-28_14-57-53,Yb_Yag5_2026-09-28_13-03-16,17.9,17.8,0.000467183,0.0986,0.0047381643002,0.00155545,0.09865,0.0157673593512,0.300504618095,0.961698293523
YbYag5,Yb_Yag5_2026-09-28_14-57-53,Yb_Yag5_2026-09-28_13-03-16,18,17.8,0.000466527,0.0985,0.00473631472081,0.00156248,0.0988,0.0158145748988,0.299490485904,0.958452788667
YbYag5,Yb_Yag5_2026-09-28_14-57-53,Yb_Yag5_2026-09-28_13-03-16,18.1,17.8,0.000464858,0.0986,0.0047145841785,0.00155986,0.0988,0.0157880566802,0.298617130278,0.95565780794
YbYag5,Yb_Yag5_2026-09-28_14-57-53,Yb_Yag5_2026-09-28_13-03-16,18.2,17.8,0.000471236,0.09865,0.00477684744045,0.00155426,0.09875,0.0157393417722,0.303497281499,0.971275648131
YbYag5,Yb_Yag5_2026-09-28_14-57-53,Yb_Yag5_2026-09-28_13-03-16,18.3,17.8,0.000471236,0.0987,0.00477442755826,0.00156379,0.0988,0.0158278340081,0.301647563136,0.965356035298
YbYag5,Yb_Yag5_2026-09-28_14-57-53,Yb_Yag5_2026-09-28_13-03-16,18.4,17.8,0.000470342,0.0986,0.00477020283976,0.00157083,0.0988,0.0158990890688,0.300029946314,0.960179211905
YbYag5,Yb_Yag5_2026-09-28_14-57-53,Yb_Yag5_2026-09-28_13-03-16,18.5,17.8,0.000467481,0.0986,0.00474118661258,0.0015688,0.0988,0.0158785425101,0.298590793806,0.955573523913
YbYag5,Yb_Yag5_2026-09-28_14-57-53,Yb_Yag5_2026-09-28_13-03-16,18.6,17.8,0.000463011,0.0987,0.00469109422492,0.00156999,0.0988,0.0158905870445,0.295212141111,0.9447608963
YbYag5,Yb_Yag5_2026-09-28_14-57-53,Yb_Yag5_2026-09-28_13-03-16,18.7,17.8,0.000471057,0.09855,0.0047798782344,0.00157762,0.0989,0.0159516683519,0.299647543376,0.958955416227
YbYag5,Yb_Yag5_2026-09-28_14-57-53,Yb_Yag5_2026-09-28_13-03-16,18.8,17.8,0.00047523,0.09855,0.00482222222222,0.00158215,0.09895,0.0159893885801,0.301588906797,0.965168318712
YbYag5,Yb_Yag5_2026-09-28_14-57-53,Yb_Yag5_2026-09-28_13-03-16,18.9,17.8,0.000476303,0.0986,0.00483065922921,0.00157905,0.09885,0.0159742033384,0.3024037648,0.967776090785
YbYag5,Yb_Yag5_2026-09-28_14-57-53,Yb_Yag5_2026-09-28_13-03-16,19,17.8,0.000475051,0.0986,0.00481796146045,0.00158287,0.09875,0.0160290632911,0.300576607189,0.96192867863
YbYag5,Yb_Yag5_2026-09-28_14-57-53,Yb_Yag5_2026-09-28_13-03-16,19.1,17.8,0.000471057,0.09855,0.0047798782344,0.00157619,0.0988,0.015953340081,0.299616143712,0.958854928575
YbYag5,Yb_Yag5_2026-09-28_14-57-53,Yb_Yag5_2026-09-28_13-03-16,19.2,17.8,0.000476243,0.0986,0.00483005070994,0.00157452,0.09865,0.0159606690319,0.302622070559,0.968474729886
YbYag5,Yb_Yag5_2026-09-28_14-57-53,Yb_Yag5_2026-09-28_13-03-16,19.3,17.8,0.000475289,0.0986,0.00482037525355,0.00157321,0.0987,0.0159393110436,0.30242055258,0.967829816347
YbYag5,Yb_Yag5_2026-09-28_14-57-53,Yb_Yag5_2026-09-28_13-03-16,19.4,17.8,0.000471117,0.09855,0.0047804870624,0.00156987,0.09895,0.0158652854977,0.301317430631,0.964299519535
YbYag5,Yb_Yag5_2026-09-28_14-57-53,Yb_Yag5_2026-09-28_13-03-16,19.5,17.8,0.000467064,0.0986,0.00473695740365,0.00156236,0.09885,0.0158053616591,0.299705726817,0.959141619408
YbYag5,Yb_Yag5_2026-09-28_14-57-53,Yb_Yag5_2026-09-28_13-03-16,19.6,17.8,0.000476124,0.09845,0.00483620111732,0.00158156,0.09875,0.0160157974684,0.301964427738,0.966370090089
YbYag5,Yb_Yag5_2026-09-28_14-57-53,Yb_Yag5_2026-09-28_13-03-16,19.7,17.8,0.000473859,0.09855,0.00480831050228,0.00157154,0.09875,0.0159143291139,0.302137178882,0.966922941761
YbYag5,Yb_Yag5_2026-09-28_14-57-53,Yb_Yag5_2026-09-28_13-03-16,19.8,17.8,0.00047213,0.09845,0.00479563230066,0.00158132,0.0987,0.01602147923,0.29932518913,0.95792379305
YbYag5,Yb_Yag5_2026-09-28_14-57-53,Yb_Yag5_2026-09-28_13-03-16,19.9,17.8,0.000476362,0.09845,0.00483861858812,0.00158299,0.0987,0.0160383991895,0.301689621947,0.965490635184
YbYag5,Yb_Yag5_2026-09-28_14-57-53,Yb_Yag5_2026-09-28_13-03-16,20,17.8,0.00047523,0.0985,0.00482467005076,0.00159097,0.0987,0.0161192502533,0.299311070611,0.957878609866
YbYag5,Yb_Yag5_2026-09-28_14-57-53,Yb_Yag5_2026-09-28_13-03-16,20.1,17.8,0.000481846,0.09835,0.004899298424,0.00159753,0.09865,0.0161939178915,0.302539413675,0.968210204886
YbYag5,Yb_Yag5_2026-09-28_14-57-53,Yb_Yag5_2026-09-28_13-03-16,20.2,17.8,0.000480415,0.09845,0.00487978669375,0.00159968,0.09865,0.0162157121135,0.300929534244,0.963058143292
YbYag5,Yb_Yag5_2026-09-28_14-57-53,Yb_Yag5_2026-09-28_13-03-16,20.3,17.8,0.000479938,0.0985,0.00487246700508,0.00159431,0.09865,0.0161612772428,0.301490218371,0.964852488321
YbYag5,Yb_Yag5_2026-09-28_14-57-53,Yb_Yag5_2026-09-28_13-03-16,20.4,17.8,0.00047666,0.09855,0.00483673262303,0.0015986,0.0987,0.0161965552178,0.298627242521,0.95569016993
YbYag5,Yb_Yag5_2026-09-28_14-57-53,Yb_Yag5_2026-09-28_13-03-16,20.5,17.8,0.00048119,0.0985,0.00488517766497,0.00160814,0.09865,0.0163014698429,0.299677128017,0.959050095298
YbYag5,Yb_Yag5_2026-09-28_14-57-53,Yb_Yag5_2026-09-28_13-03-16,20.6,17.8,0.000481071,0.09855,0.00488149162861,0.00162066,0.0987,0.0164200607903,0.297288279925,0.951405117501
YbYag5,Yb_Yag5_2026-09-28_14-57-53,Yb_Yag5_2026-09-28_13-03-16,20.7,17.8,0.000485124,0.0985,0.00492511675127,0.00168193,0.0987,0.0170408308004,0.289018581838,0.924939785325
YbYag5,Yb_Yag5_2026-09-28_14-57-53,Yb_Yag5_2026-09-28_13-03-16,20.8,17.8,0.000503305,0.0986,0.00510451318458,0.00174332,0.0988,0.0176449392713,0.289290493217,0.925809977307
YbYag5,Yb_Yag5_2026-09-28_14-57-53,Yb_Yag5_2026-09-28_13-03-16,20.9,17.8,0.000520412,0.09855,0.00528069000507,0.00175834,0.09885,0.0177879615579,0.29686875519,0.950062521757
YbYag5,Yb_Yag5_2026-09-28_14-57-53,Yb_Yag5_2026-09-28_13-03-16,21,17.8,0.000506047,0.09845,0.00514014220416,0.00175954,0.09885,0.0178001011634,0.288770392762,0.924145511306
YbYag5,Yb_Yag5_2026-09-28_14-57-53,Yb_Yag5_2026-09-28_13-03-16,21.1,17.8,0.000490073,0.09855,0.0049728361238,0.00173569,0.0989,0.0175499494439,0.283353301939,0.906809315167
YbYag5,Yb_Yag5_2026-09-28_14-57-53,Yb_Yag5_2026-09-28_13-03-16,21.2,17.8,0.000441076,0.0987,0.00446885511651,0.0016327,0.09875,0.0165336708861,0.270288137903,0.864997159208
YbYag5,Yb_Yag5_2026-09-28_14-57-53,Yb_Yag5_2026-09-28_13-03-16,21.3,17.8,0.000326933,0.0986,0.0033157505071,0.00148226,0.09875,0.0150102278481,0.220899412098,0.706939510619
YbYag5,Yb_Yag5_2026-09-28_14-57-53,Yb_Yag5_2026-09-28_13-03-16,13.3,17.9,0.00044346,0.0984,0.00450670731707,0.00131322,0.0988,0.0132917004049,0.339061758826,1.08509185958
YbYag5,Yb_Yag5_2026-09-28_14-57-53,Yb_Yag5_2026-09-28_13-03-16,13.4,17.9,0.000470819,0.09845,0.00478231589639,0.00151134,0.09855,0.0153357686454,0.31184063916,0.997976711414
YbYag5,Yb_Yag5_2026-09-28_14-57-53,Yb_Yag5_2026-09-28_13-03-16,13.5,17.9,0.000471951,0.0986,0.00478652129817,0.00156451,0.0987,0.0158511651469,0.301966527622,0.9663768103
YbYag5,Yb_Yag5_2026-09-28_14-57-53,Yb_Yag5_2026-09-28_13-03-16,13.6,17.9,0.000479998,0.0985,0.00487307614213,0.00158907,0.0987,0.0161,0.302675536778,0.968645836647
YbYag5,Yb_Yag5_2026-09-28_14-57-53,Yb_Yag5_2026-09-28_13-03-16,13.7,17.9,0.000478687,0.0985,0.00485976649746,0.00159884,0.09875,0.0161907848101,0.300156326853,0.960583664751
YbYag5,Yb_Yag5_2026-09-28_14-57-53,Yb_Yag5_2026-09-28_13-03-16,13.8,17.9,0.000480117,0.0986,0.00486934077079,0.00159884,0.0989,0.0161662285137,0.301204499656,0.963938109027
YbYag5,Yb_Yag5_2026-09-28_14-57-53,Yb_Yag5_2026-09-28_13-03-16,13.9,17.9,0.000480892,0.0986,0.00487720081136,0.00159455,0.0989,0.016122851365,0.302502373863,0.968091667194
YbYag5,Yb_Yag5_2026-09-28_14-57-53,Yb_Yag5_2026-09-28_13-03-16,14,17.9,0.000480117,0.0985,0.00487428426396,0.00159074,0.0989,0.0160843276036,0.303045572317,0.969830053209
YbYag5,Yb_Yag5_2026-09-28_14-57-53,Yb_Yag5_2026-09-28_13-03-16,14.1,17.9,0.0004797,0.09865,0.00486264571718,0.00160027,0.0989,0.0161806875632,0.300521575377,0.961752561539
YbYag5,Yb_Yag5_2026-09-28_14-57-53,Yb_Yag5_2026-09-28_13-03-16,14.2,17.9,0.000476779,0.0986,0.00483548681542,0.00158764,0.099,0.0160367676768,0.301525027541,0.964963887341
YbYag5,Yb_Yag5_2026-09-28_14-57-53,Yb_Yag5_2026-09-28_13-03-16,14.3,17.9,0.000466527,0.0986,0.00473151115619,0.00158287,0.09895,0.0159966649823,0.295781099462,0.946581721147
YbYag5,Yb_Yag5_2026-09-28_14-57-53,Yb_Yag5_2026-09-28_13-03-16,14.4,17.9,0.000474455,0.09865,0.00480947795236,0.00158335,0.0989,0.0160096056623,0.300412018497,0.961401949076
YbYag5,Yb_Yag5_2026-09-28_14-57-53,Yb_Yag5_2026-09-28_13-03-16,14.5,17.9,0.000476779,0.09865,0.00483303598581,0.00158406,0.09885,0.0160248861912,0.301595651173,0.965189902591
YbYag5,Yb_Yag5_2026-09-28_14-57-53,Yb_Yag5_2026-09-28_13-03-16,14.6,17.9,0.000474753,0.0986,0.00481493914807,0.0015843,0.09885,0.0160273141123,0.300420838721,0.961430176244
YbYag5,Yb_Yag5_2026-09-28_14-57-53,Yb_Yag5_2026-09-28_13-03-16,14.7,17.9,0.000475468,0.0987,0.00481730496454,0.00157953,0.0988,0.015987145749,0.301323640891,0.964319394091
YbYag5,Yb_Yag5_2026-09-28_14-57-53,Yb_Yag5_2026-09-28_13-03-16,14.8,17.9,0.000476183,0.0987,0.0048245491388,0.00157476,0.0989,0.0159227502528,0.302997224864,0.969675327924
YbYag5,Yb_Yag5_2026-09-28_14-57-53,Yb_Yag5_2026-09-28_13-03-16,14.9,17.9,0.000471773,0.0987,0.00477986828774,0.00158001,0.099,0.0159596969697,0.299496180712,0.958471013633
YbYag5,Yb_Yag5_2026-09-28_14-57-53,Yb_Yag5_2026-09-28_13-03-16,15,17.9,0.000474693,0.09875,0.00480701772152,0.00157786,0.0988,0.015970242915,0.300998409799,0.96327856421
YbYag5,Yb_Yag5_2026-09-28_14-57-53,Yb_Yag5_2026-09-28_13-03-16,15.1,17.9,0.000476422,0.09875,0.00482452658228,0.00157452,0.0989,0.0159203235592,0.303041993106,0.969818598742
YbYag5,Yb_Yag5_2026-09-28_14-57-53,Yb_Yag5_2026-09-28_13-03-16,15.2,17.9,0.000472607,0.0988,0.00478347165992,0.00157262,0.09895,0.0158930773118,0.300978316916,0.963214261399
YbYag5,Yb_Yag5_2026-09-28_14-57-53,Yb_Yag5_2026-09-28_13-03-16,15.3,17.9,0.000469925,0.0988,0.00475632591093,0.00155664,0.09885,0.0157474962064,0.30203696185,0.966602219406
YbYag5,Yb_Yag5_2026-09-28_14-57-53,Yb_Yag5_2026-09-28_13-03-16,15.4,17.9,0.00047213,0.09885,0.00477622660597,0.00156999,0.09885,0.0158825493171,0.300721660648,0.962392890014
YbYag5,Yb_Yag5_2026-09-28_14-57-53,Yb_Yag5_2026-09-28_13-03-16,15.5,17.9,0.000477018,0.0988,0.00482811740891,0.00157572,0.09905,0.0159083291267,0.303496198152,0.97127218112
YbYag5,Yb_Yag5_2026-09-28_14-57-53,Yb_Yag5_2026-09-28_13-03-16,15.6,17.9,0.000472786,0.09865,0.00479255955398,0.00158001,0.09885,0.0159839150228,0.299836400978,0.95955981304
YbYag5,Yb_Yag5_2026-09-28_14-57-53,Yb_Yag5_2026-09-28_13-03-16,15.7,17.9,0.000475826,0.0987,0.00482093211753,0.00158072,0.099,0.0159668686869,0.301933473123,0.966271026716
YbYag5,Yb_Yag5_2026-09-28_14-57-53,Yb_Yag5_2026-09-28_13-03-16,15.8,17.9,0.000472369,0.0987,0.00478590678825,0.0015812,0.0989,0.0159878665319,0.299346180974,0.957990972786
YbYag5,Yb_Yag5_2026-09-28_14-57-53,Yb_Yag5_2026-09-28_13-03-16,15.9,17.9,0.000476422,0.09865,0.00482941713127,0.00157858,0.0988,0.0159775303644,0.302263054497,0.967325778712
YbYag5,Yb_Yag5_2026-09-28_14-57-53,Yb_Yag5_2026-09-28_13-03-16,16,17.9,0.000476899,0.09865,0.0048342524075,0.00157572,0.09885,0.0159405159332,0.30326825228,0.970542690978
YbYag5,Yb_Yag5_2026-09-28_14-57-53,Yb_Yag5_2026-09-28_13-03-16,16.1,17.9,0.00047672,0.0987,0.00482998986829,0.00157476,0.09885,0.0159308042489,0.303185563819,0.970278064922
YbYag5,Yb_Yag5_2026-09-28_14-57-53,Yb_Yag5_2026-09-28_13-03-16,16.2,17.9,0.000476422,0.0987,0.00482697061803,0.0015719,0.0989,0.0158938321537,0.303700867818,0.971927180931
YbYag5,Yb_Yag5_2026-09-28_14-57-53,Yb_Yag5_2026-09-28_13-03-16,16.3,17.9,0.000474455,0.0987,0.00480704154002,0.00158406,0.0988,0.0160329959514,0.299821789676,0.959513052813
YbYag5,Yb_Yag5_2026-09-28_14-57-53,Yb_Yag5_2026-09-28_13-03-16,16.4,17.9,0.000472428,0.09865,0.0047889305626,0.00159193,0.09885,0.0161045017704,0.29736595586,0.95165370208
YbYag5,Yb_Yag5_2026-09-28_14-57-53,Yb_Yag5_2026-09-28_13-03-16,16.5,17.9,0.000476481,0.0987,0.00482756838906,0.00158788,0.0987,0.0160879432624,0.30007368315,0.960319181935
YbYag5,Yb_Yag5_2026-09-28_14-57-53,Yb_Yag5_2026-09-28_13-03-16,16.6,17.9,0.000477316,0.09865,0.00483847947288,0.00159145,0.0989,0.0160915065723,0.300685299486,0.96227652419
YbYag5,Yb_Yag5_2026-09-28_14-57-53,Yb_Yag5_2026-09-28_13-03-16,16.7,17.9,0.000471773,0.0986,0.00478471602434,0.00158692,0.0988,0.0160619433198,0.297891477331,0.953335516839
YbYag5,Yb_Yag5_2026-09-28_14-57-53,Yb_Yag5_2026-09-28_13-03-16,16.8,17.9,0.000476481,0.0987,0.00482756838906,0.00159717,0.09875,0.0161738734177,0.29847942199,0.95521710315
YbYag5,Yb_Yag5_2026-09-28_14-57-53,Yb_Yag5_2026-09-28_13-03-16,16.9,17.9,0.000480058,0.0988,0.00485888663968,0.00159026,0.09875,0.0161038987342,0.301721137215,0.9655914928
YbYag5,Yb_Yag5_2026-09-28_14-57-53,Yb_Yag5_2026-09-28_13-03-16,17,17.9,0.000475528,0.0986,0.00482279918864,0.00158811,0.09885,0.0160658573596,0.30018934444,0.960689330206
YbYag5,Yb_Yag5_2026-09-28_14-57-53,Yb_Yag5_2026-09-28_13-03-16,17.1,17.9,0.00047213,0.0987,0.00478348530902,0.00159121,0.09885,0.0160972180071,0.297162236786,0.951001744426
YbYag5,Yb_Yag5_2026-09-28_14-57-53,Yb_Yag5_2026-09-28_13-03-16,17.2,17.9,0.000475528,0.0987,0.00481791286727,0.00158406,0.0988,0.0160329959514,0.300499849303,0.961683032063
YbYag5,Yb_Yag5_2026-09-28_14-57-53,Yb_Yag5_2026-09-28_13-03-16,17.3,17.9,0.000471594,0.0988,0.00477321862348,0.0015874,0.09885,0.0160586747597,0.297236147746,0.95123828004
YbYag5,Yb_Yag5_2026-09-28_14-57-53,Yb_Yag5_2026-09-28_13-03-16,17.4,17.9,0.00046772,0.09865,0.00474120628485,0.00157786,0.09875,0.0159783291139,0.296727289259,0.949609791459
YbYag5,Yb_Yag5_2026-09-28_14-57-53,Yb_Yag5_2026-09-28_13-03-16,17.5,17.9,0.000471653,0.09865,0.00478107450583,0.00157738,0.0988,0.0159653846154,0.299465037705,0.958371347358
YbYag5,Yb_Yag5_2026-09-28_14-57-53,Yb_Yag5_2026-09-28_13-03-16,17.6,17.9,0.000471415,0.09865,0.00477866193614,0.00157548,0.09895,0.0159219807984,0.300129864283,0.960498977174
YbYag5,Yb_Yag5_2026-09-28_14-57-53,Yb_Yag5_2026-09-28_13-03-16,17.7,17.9,0.000467064,0.0986,0.00473695740365,0.00157285,0.09885,0.0159114820435,0.297706862925,0.952744699431
YbYag5,Yb_Yag5_2026-09-28_14-57-53,Yb_Yag5_2026-09-28_13-03-16,17.8,17.9,0.000471713,0.09855,0.00478653475393,0.00157166,0.0988,0.0159074898785,0.30089818007,0.962957801222
YbYag5,Yb_Yag5_2026-09-28_14-57-53,Yb_Yag5_2026-09-28_13-03-16,17.9,17.9,0.000475051,0.09855,0.00482040588534,0.00157023,0.09895,0.0158689236988,0.303763883224,0.972128847745
YbYag5,Yb_Yag5_2026-09-28_14-57-53,Yb_Yag5_2026-09-28_13-03-16,18,17.9,0.000468137,0.09865,0.00474543335023,0.00156165,0.0989,0.0157901921132,0.300530437895,0.96178092406
YbYag5,Yb_Yag5_2026-09-28_14-57-53,Yb_Yag5_2026-09-28_13-03-16,18.1,17.9,0.000467123,0.09865,0.00473515458692,0.00155855,0.0988,0.0157747975709,0.300172129984,0.960634239163
YbYag5,Yb_Yag5_2026-09-28_14-57-53,Yb_Yag5_2026-09-28_13-03-16,18.2,17.9,0.000470998,0.0986,0.00477685598377,0.00156713,0.0988,0.0158616396761,0.301157766871,0.963788551129
YbYag5,Yb_Yag5_2026-09-28_14-57-53,Yb_Yag5_2026-09-28_13-03-16,18.3,17.9,0.000467839,0.09865,0.00474241256969,0.00156737,0.0988,0.0158640688259,0.298940493876,0.956692661323
YbYag5,Yb_Yag5_2026-09-28_14-57-53,Yb_Yag5_2026-09-28_13-03-16,18.4,17.9,0.000471594,0.09865,0.00478047643183,0.00156332,0.0988,0.0158230769231,0.302120532881,0.966869669931
YbYag5,Yb_Yag5_2026-09-28_14-57-53,Yb_Yag5_2026-09-28_13-03-16,18.5,17.9,0.000467004,0.0986,0.00473634888438,0.001575,0.09895,0.0159171298636,0.297562998164,0.952284292215
YbYag5,Yb_Yag5_2026-09-28_14-57-53,Yb_Yag5_2026-09-28_13-03-16,18.6,17.9,0.000467302,0.0987,0.00473456940223,0.0015719,0.09885,0.0159018715225,0.297736615186,0.952839914936
YbYag5,Yb_Yag5_2026-09-28_14-57-53,Yb_Yag5_2026-09-28_13-03-16,18.7,17.9,0.000467481,0.0987,0.00473638297872,0.00157381,0.09875,0.0159373164557,0.297188236921,0.951084952084
YbYag5,Yb_Yag5_2026-09-28_14-57-53,Yb_Yag5_2026-09-28_13-03-16,18.8,17.9,0.000479402,0.0986,0.00486208924949,0.00158287,0.09885,0.0160128477491,0.303636762534,0.971722026208
YbYag5,Yb_Yag5_2026-09-28_14-57-53,Yb_Yag5_2026-09-28_13-03-16,18.9,17.9,0.000475826,0.09875,0.00481849113924,0.00158168,0.09885,0.016000809307,0.30114046401,0.963733177163
YbYag5,Yb_Yag5_2026-09-28_14-57-53,Yb_Yag5_2026-09-28_13-03-16,19,17.9,0.000476481,0.0987,0.00482756838906,0.00158573,0.09885,0.0160417804755,0.300937193127,0.963082653846
YbYag5,Yb_Yag5_2026-09-28_14-57-53,Yb_Yag5_2026-09-28_13-03-16,19.1,17.9,0.000474872,0.0985,0.00482103553299,0.0015812,0.0988,0.016004048583,0.301238496496,0.964046908364
YbYag5,Yb_Yag5_2026-09-28_14-57-53,Yb_Yag5_2026-09-28_13-03-16,19.2,17.9,0.000471355,0.09855,0.00478290208016,0.00157667,0.0988,0.0159581983806,0.299714414252,0.959169421614
YbYag5,Yb_Yag5_2026-09-28_14-57-53,Yb_Yag5_2026-09-28_13-03-16,19.3,17.9,0.000479819,0.0986,0.00486631845842,0.00157667,0.09875,0.015966278481,0.304787271762,0.975403975484
YbYag5,Yb_Yag5_2026-09-28_14-57-53,Yb_Yag5_2026-09-28_13-03-16,19.4,17.9,0.000471117,0.09855,0.0047804870624,0.00156785,0.0988,0.0158689271255,0.301248283806,0.964078230476
YbYag5,Yb_Yag5_2026-09-28_14-57-53,Yb_Yag5_2026-09-28_13-03-16,19.5,17.9,0.000470879,0.0985,0.00478049746193,0.00155855,0.0988,0.0157747975709,0.303046517107,0.969833076801
YbYag5,Yb_Yag5_2026-09-28_14-57-53,Yb_Yag5_2026-09-28_13-03-16,19.6,17.9,0.000476064,0.0987,0.00482334346505,0.00157357,0.09875,0.0159348860759,0.30269080319,0.968694693406
YbYag5,Yb_Yag5_2026-09-28_14-57-53,Yb_Yag5_2026-09-28_13-03-16,19.7,17.9,0.000471534,0.0986,0.00478229208925,0.0015812,0.09875,0.0160121518987,0.298666420323,0.955815549784
YbYag5,Yb_Yag5_2026-09-28_14-57-53,Yb_Yag5_2026-09-28_13-03-16,19.8,17.9,0.000475051,0.09855,0.00482040588534,0.00158048,0.0987,0.0160129685917,0.301031370775,0.963384048494
YbYag5,Yb_Yag5_2026-09-28_14-57-53,Yb_Yag5_2026-09-28_13-03-16,19.9,17.9,0.000481071,0.0985,0.00488396954315,0.00159121,0.0987,0.0161216818642,0.302944170732,0.969505539956
YbYag5,Yb_Yag5_2026-09-28_14-57-53,Yb_Yag5_2026-09-28_13-03-16,20,17.9,0.000479998,0.0984,0.00487802845528,0.00158907,0.09865,0.0161081601622,0.302829646972,0.969139032095
YbYag5,Yb_Yag5_2026-09-28_14-57-53,Yb_Yag5_2026-09-28_13-03-16,20.1,17.9,0.000482561,0.0984,0.00490407520325,0.00160552,0.09875,0.0162584303797,0.301632758435,0.965308656141
YbYag5,Yb_Yag5_2026-09-28_14-57-53,Yb_Yag5_2026-09-28_13-03-16,20.2,17.9,0.000484707,0.09835,0.00492838840874,0.0015986,0.09865,0.0162047643183,0.304132063382,0.973307126573
YbYag5,Yb_Yag5_2026-09-28_14-57-53,Yb_Yag5_2026-09-28_13-03-16,20.3,17.9,0.000480475,0.0983,0.00488784333672,0.00160194,0.09855,0.0162550989346,0.300696006612,0.962310789968
YbYag5,Yb_Yag5_2026-09-28_14-57-53,Yb_Yag5_2026-09-28_13-03-16,20.4,17.9,0.000475289,0.0985,0.00482526903553,0.00160719,0.09875,0.0162753417722,0.296477278515,0.948809687598
YbYag5,Yb_Yag5_2026-09-28_14-57-53,Yb_Yag5_2026-09-28_13-03-16,20.5,17.9,0.000483932,0.0985,0.00491301522843,0.00161219,0.0987,0.0163342451874,0.300780058831,0.962579780429
YbYag5,Yb_Yag5_2026-09-28_14-57-53,Yb_Yag5_2026-09-28_13-03-16,20.6,17.9,0.000481786,0.0986,0.00488626774848,0.00165368,0.0986,0.0167716024341,0.291341734797,0.932374520441
YbYag5,Yb_Yag5_2026-09-28_14-57-53,Yb_Yag5_2026-09-28_13-03-16,20.7,17.9,0.000497404,0.09845,0.00505235144744,0.00172354,0.09885,0.0174359129995,0.289766956717,0.927334792923
YbYag5,Yb_Yag5_2026-09-28_14-57-53,Yb_Yag5_2026-09-28_13-03-16,20.8,17.9,0.000517968,0.0985,0.00525855837563,0.0017748,0.0988,0.017963562753,0.292734712369,0.936832435805
YbYag5,Yb_Yag5_2026-09-28_14-57-53,Yb_Yag5_2026-09-28_13-03-16,20.9,17.9,0.000530247,0.09865,0.00537503294475,0.00179745,0.0989,0.0181744186047,0.295747174183,0.946473150824
YbYag5,Yb_Yag5_2026-09-28_14-57-53,Yb_Yag5_2026-09-28_13-03-16,21,17.9,0.000515524,0.0986,0.00522843813387,0.00181473,0.0988,0.0183677125506,0.284653743326,0.910971089021
YbYag5,Yb_Yag5_2026-09-28_14-57-53,Yb_Yag5_2026-09-28_13-03-16,21.1,17.9,0.000499789,0.09865,0.00506628484541,0.00177456,0.0989,0.0179429726997,0.282354821032,0.903613898768
YbYag5,Yb_Yag5_2026-09-28_14-57-53,Yb_Yag5_2026-09-28_13-03-16,21.2,17.9,0.000446411,0.0987,0.00452290780142,0.0016594,0.099,0.0167616161616,0.269837213656,0.863554076297
YbYag5,Yb_Yag5_2026-09-28_14-57-53,Yb_Yag5_2026-09-28_13-03-16,21.3,17.9,0.000289323,0.0987,0.00293133738602,0.00147153,0.09885,0.0148864946889,0.196912533627,0.630174833129
YbYag5,Yb_Yag5_2026-09-28_14-57-53,Yb_Yag5_2026-09-28_13-03-16,13.3,18,0.000435116,0.09835,0.00442415861718,0.00124932,0.0986,0.0126705882353,0.349167578886,1.11743329236
YbYag5,Yb_Yag5_2026-09-28_14-57-53,Yb_Yag5_2026-09-28_13-03-16,13.4,18,0.000467958,0.0984,0.00475567073171,0.00150324,0.0987,0.0152303951368,0.312248677004,0.999282545915
YbYag5,Yb_Yag5_2026-09-28_14-57-53,Yb_Yag5_2026-09-28_13-03-16,13.5,18,0.000475826,0.0984,0.0048356300813,0.00156642,0.09865,0.0158785605677,0.304538315087,0.974607244935
YbYag5,Yb_Yag5_2026-09-28_14-57-53,Yb_Yag5_2026-09-28_13-03-16,13.6,18,0.000475349,0.09845,0.00482832910107,0.0015812,0.09875,0.0160121518987,0.301541549919,0.965016763541
YbYag5,Yb_Yag5_2026-09-28_14-57-53,Yb_Yag5_2026-09-28_13-03-16,13.7,18,0.000480117,0.09855,0.00487181126332,0.00160218,0.09885,0.0162081942337,0.300577053377,0.961930106555
YbYag5,Yb_Yag5_2026-09-28_14-57-53,Yb_Yag5_2026-09-28_13-03-16,13.8,18,0.000481429,0.0986,0.00488264705882,0.0015905,0.0987,0.0161144883485,0.302997337131,0.969675687209
YbYag5,Yb_Yag5_2026-09-28_14-57-53,Yb_Yag5_2026-09-28_13-03-16,13.9,18,0.000479521,0.09855,0.00486576357179,0.00159348,0.0987,0.0161446808511,0.30138493394,0.964515548882
YbYag5,Yb_Yag5_2026-09-28_14-57-53,Yb_Yag5_2026-09-28_13-03-16,14,18,0.000475468,0.09855,0.00482463723998,0.00159801,0.0988,0.0161741902834,0.29829235068,0.954618422966
YbYag5,Yb_Yag5_2026-09-28_14-57-53,Yb_Yag5_2026-09-28_13-03-16,14.1,18,0.000467481,0.09865,0.00473878357831,0.00158096,0.0988,0.0160016194332,0.296143999555,0.947743102302
YbYag5,Yb_Yag5_2026-09-28_14-57-53,Yb_Yag5_2026-09-28_13-03-16,14.2,18,0.000470521,0.0987,0.00476718338399,0.00157333,0.09885,0.0159163378857,0.299515090608,0.958531530559
YbYag5,Yb_Yag5_2026-09-28_14-57-53,Yb_Yag5_2026-09-28_13-03-16,14.3,18,0.000479879,0.09855,0.00486939624556,0.00158358,0.0989,0.0160119312437,0.304110489325,0.973238083595
YbYag5,Yb_Yag5_2026-09-28_14-57-53,Yb_Yag5_2026-09-28_13-03-16,14.4,18,0.000472071,0.0987,0.00478288753799,0.00158835,0.09885,0.0160682852807,0.297660108371,0.952595071866
YbYag5,Yb_Yag5_2026-09-28_14-57-53,Yb_Yag5_2026-09-28_13-03-16,14.5,18,0.000475707,0.0986,0.00482461460446,0.00158537,0.09885,0.0160381385938,0.300821356309,0.962711943835
YbYag5,Yb_Yag5_2026-09-28_14-57-53,Yb_Yag5_2026-09-28_13-03-16,14.6,18,0.00047064,0.0986,0.00477322515213,0.00159169,0.09895,0.0160858009096,0.296735312028,0.949635466551
YbYag5,Yb_Yag5_2026-09-28_14-57-53,Yb_Yag5_2026-09-28_13-03-16,14.7,18,0.000470223,0.09855,0.00477141552511,0.00158597,0.099,0.0160198989899,0.297843046833,0.953180525786
YbYag5,Yb_Yag5_2026-09-28_14-57-53,Yb_Yag5_2026-09-28_13-03-16,14.8,18,0.000474097,0.0986,0.00480828600406,0.00158788,0.0988,0.016071659919,0.299177933598,0.957452534424
YbYag5,Yb_Yag5_2026-09-28_14-57-53,Yb_Yag5_2026-09-28_13-03-16,14.9,18,0.000473322,0.09865,0.00479799290421,0.0015719,0.09895,0.0158858009096,0.30203028047,0.96658083713
YbYag5,Yb_Yag5_2026-09-28_14-57-53,Yb_Yag5_2026-09-28_13-03-16,15,18,0.000470163,0.09865,0.00476597060314,0.00157166,0.0988,0.0159074898785,0.299605446211,0.958820693597
YbYag5,Yb_Yag5_2026-09-28_14-57-53,Yb_Yag5_2026-09-28_13-03-16,15.1,18,0.00047362,0.0986,0.00480344827586,0.00157548,0.09895,0.0159219807984,0.301686601478,0.965480968841
YbYag5,Yb_Yag5_2026-09-28_14-57-53,Yb_Yag5_2026-09-28_13-03-16,15.2,18,0.00047815,0.0985,0.00485431472081,0.00158203,0.09905,0.0159720343261,0.303925888318,0.97264730907
YbYag5,Yb_Yag5_2026-09-28_14-57-53,Yb_Yag5_2026-09-28_13-03-16,15.3,18,0.000470521,0.0987,0.00476718338399,0.00158001,0.09905,0.0159516405856,0.298852231431,0.95641019697
YbYag5,Yb_Yag5_2026-09-28_14-57-53,Yb_Yag5_2026-09-28_13-03-16,15.4,18,0.000470521,0.0989,0.0047575429727,0.00158108,0.09895,0.0159785750379,0.297745134433,0.952867178893
YbYag5,Yb_Yag5_2026-09-28_14-57-53,Yb_Yag5_2026-09-28_13-03-16,15.5,18,0.000478031,0.0986,0.00484818458418,0.0015818,0.09885,0.0160020232676,0.302973224267,0.969598519343
YbYag5,Yb_Yag5_2026-09-28_14-57-53,Yb_Yag5_2026-09-28_13-03-16,15.6,18,0.000466229,0.09875,0.00472130632911,0.00158358,0.0989,0.0160119312437,0.294861766345,0.943639599673
YbYag5,Yb_Yag5_2026-09-28_14-57-53,Yb_Yag5_2026-09-28_13-03-16,15.7,18,0.000466825,0.0986,0.00473453346856,0.00157786,0.09885,0.0159621648963,0.296609733035,0.949233578874
YbYag5,Yb_Yag5_2026-09-28_14-57-53,Yb_Yag5_2026-09-28_13-03-16,15.8,18,0.000469269,0.09865,0.00475690826153,0.00157667,0.0988,0.0159581983806,0.298085545002,0.953956587321
YbYag5,Yb_Yag5_2026-09-28_14-57-53,Yb_Yag5_2026-09-28_13-03-16,15.9,18,0.000474932,0.0986,0.00481675456389,0.00158048,0.0988,0.0159967611336,0.301108113303,0.963629645909
YbYag5,Yb_Yag5_2026-09-28_14-57-53,Yb_Yag5_2026-09-28_13-03-16,16,18,0.000471177,0.0988,0.00476899797571,0.00158513,0.09895,0.0160195048004,0.297699462944,0.952721017437
YbYag5,Yb_Yag5_2026-09-28_14-57-53,Yb_Yag5_2026-09-28_13-03-16,16.1,18,0.000475826,0.0986,0.00482582150101,0.00158096,0.0988,0.0160016194332,0.301583319186,0.965150436803
YbYag5,Yb_Yag5_2026-09-28_14-57-53,Yb_Yag5_2026-09-28_13-03-16,16.2,18,0.000470521,0.09865,0.00476959959453,0.00158871,0.0988,0.0160800607287,0.29661576999,0.949252898807
YbYag5,Yb_Yag5_2026-09-28_14-57-53,Yb_Yag5_2026-09-28_13-03-16,16.3,18,0.000475647,0.09875,0.00481667848101,0.00158561,0.09895,0.0160243557352,0.300584844758,0.961955041141
YbYag5,Yb_Yag5_2026-09-28_14-57-53,Yb_Yag5_2026-09-28_13-03-16,16.4,18,0.00047511,0.0988,0.00480880566802,0.00158501,0.0989,0.0160263902932,0.300055444803,0.960260814157
YbYag5,Yb_Yag5_2026-09-28_14-57-53,Yb_Yag5_2026-09-28_13-03-16,16.5,18,0.000470461,0.0987,0.00476657548126,0.00158287,0.09885,0.0160128477491,0.297671941677,0.952632941735
YbYag5,Yb_Yag5_2026-09-28_14-57-53,Yb_Yag5_2026-09-28_13-03-16,16.6,18,0.000477495,0.09865,0.00484029396858,0.00159205,0.0988,0.0161138663968,0.300380669008,0.961301621998
YbYag5,Yb_Yag5_2026-09-28_14-57-53,Yb_Yag5_2026-09-28_13-03-16,16.7,18,0.000471117,0.0985,0.00478291370558,0.00159384,0.0988,0.0161319838057,0.296486393936,0.948838859476
YbYag5,Yb_Yag5_2026-09-28_14-57-53,Yb_Yag5_2026-09-28_13-03-16,16.8,18,0.000478329,0.0985,0.0048561319797,0.00159395,0.09885,0.0161249367729,0.301156652463,0.963784984712
YbYag5,Yb_Yag5_2026-09-28_14-57-53,Yb_Yag5_2026-09-28_13-03-16,16.9,18,0.000475528,0.0987,0.00481791286727,0.00159372,0.09885,0.0161226100152,0.298829585453,0.956337723548
YbYag5,Yb_Yag5_2026-09-28_14-57-53,Yb_Yag5_2026-09-28_13-03-16,17,18,0.000474991,0.09865,0.00481491130258,0.00159157,0.09885,0.0161008598887,0.299046841961,0.957033004754
YbYag5,Yb_Yag5_2026-09-28_14-57-53,Yb_Yag5_2026-09-28_13-03-16,17.1,18,0.000470283,0.0986,0.00476960446247,0.00159407,0.09885,0.0161261507334,0.295768317023,0.946540813788
YbYag5,Yb_Yag5_2026-09-28_14-57-53,Yb_Yag5_2026-09-28_13-03-16,17.2,18,0.000475587,0.0986,0.00482339756592,0.00158394,0.0989,0.0160155712841,0.301169248374,0.96382529513
YbYag5,Yb_Yag5_2026-09-28_14-57-53,Yb_Yag5_2026-09-28_13-03-16,17.3,18,0.000471236,0.0986,0.00477926977688,0.00157715,0.09885,0.0159549822964,0.299547168909,0.958634190036
YbYag5,Yb_Yag5_2026-09-28_14-57-53,Yb_Yag5_2026-09-28_13-03-16,17.4,18,0.000469984,0.0986,0.00476657200811,0.00158239,0.09895,0.0159918140475,0.29806324623,0.953885225055
YbYag5,Yb_Yag5_2026-09-28_14-57-53,Yb_Yag5_2026-09-28_13-03-16,17.5,18,0.000475826,0.0986,0.00482582150101,0.00158335,0.09895,0.0160015159171,0.301585270171,0.9651566805
YbYag5,Yb_Yag5_2026-09-28_14-57-53,Yb_Yag5_2026-09-28_13-03-16,17.6,18,0.000467302,0.09855,0.00474177574835,0.00157274,0.09875,0.0159264810127,0.297729030322,0.952815641263
YbYag5,Yb_Yag5_2026-09-28_14-57-53,Yb_Yag5_2026-09-28_13-03-16,17.7,18,0.000471832,0.09855,0.00478774226281,0.00157476,0.0988,0.0159388663968,0.300381604539,0.961304615957
YbYag5,Yb_Yag5_2026-09-28_14-57-53,Yb_Yag5_2026-09-28_13-03-16,17.8,18,0.0004676,0.09865,0.00473998986315,0.0015756,0.099,0.0159151515152,0.297828761393,0.953134808407
YbYag5,Yb_Yag5_2026-09-28_14-57-53,Yb_Yag5_2026-09-28_13-03-16,17.9,18,0.000466885,0.09855,0.00473754439371,0.00157405,0.0989,0.0159155712841,0.297667253606,0.952617938604
YbYag5,Yb_Yag5_2026-09-28_14-57-53,Yb_Yag5_2026-09-28_13-03-16,18,18,0.000465753,0.09865,0.00472126710593,0.00157393,0.0989,0.0159143579373,0.296667143251,0.949417307519
YbYag5,Yb_Yag5_2026-09-28_14-57-53,Yb_Yag5_2026-09-28_13-03-16,18.1,18,0.000471117,0.09865,0.0047756411556,0.00157035,0.09875,0.015902278481,0.300311754778,0.961081077309
YbYag5,Yb_Yag5_2026-09-28_14-57-53,Yb_Yag5_2026-09-28_13-03-16,18.2,18,0.000471296,0.0986,0.00477987829615,0.00156725,0.0988,0.015862854251,0.301325235706,0.964324497942
YbYag5,Yb_Yag5_2026-09-28_14-57-53,Yb_Yag5_2026-09-28_13-03-16,18.3,18,0.000470163,0.0985,0.0047732284264,0.00156678,0.09875,0.0158661265823,0.30084396476,0.962784297161
YbYag5,Yb_Yag5_2026-09-28_14-57-53,Yb_Yag5_2026-09-28_13-03-16,18.4,18,0.000469567,0.09855,0.00476475900558,0.00156999,0.09885,0.0158825493171,0.299999635477,0.960082208803
YbYag5,Yb_Yag5_2026-09-28_14-57-53,Yb_Yag5_2026-09-28_13-03-16,18.5,18,0.000471534,0.09865,0.00477986822098,0.00156689,0.09875,0.0158672405063,0.301241303999,0.964055893153
YbYag5,Yb_Yag5_2026-09-28_14-57-53,Yb_Yag5_2026-09-28_13-03-16,18.6,18,0.000471594,0.0986,0.00478290060852,0.00157285,0.0987,0.0159356636272,0.300138150529,0.960525495464
YbYag5,Yb_Yag5_2026-09-28_14-57-53,Yb_Yag5_2026-09-28_13-03-16,18.7,18,0.000467064,0.09855,0.00473936073059,0.00158239,0.0989,0.0159998988878,0.296211917577,0.947960458846
YbYag5,Yb_Yag5_2026-09-28_14-57-53,Yb_Yag5_2026-09-28_13-03-16,18.8,18,0.000476362,0.09865,0.00482880892043,0.00158132,0.09875,0.0160133670886,0.301548630823,0.965039424402
YbYag5,Yb_Yag5_2026-09-28_14-57-53,Yb_Yag5_2026-09-28_13-03-16,18.9,18,0.000474753,0.09865,0.00481249873289,0.00158716,0.0988,0.0160643724696,0.2995758933,0.958726116071
YbYag5,Yb_Yag5_2026-09-28_14-57-53,Yb_Yag5_2026-09-28_13-03-16,19,18,0.000470998,0.0986,0.00477685598377,0.00158048,0.09875,0.0160048607595,0.298462826734,0.955163993718
YbYag5,Yb_Yag5_2026-09-28_14-57-53,Yb_Yag5_2026-09-28_13-03-16,19.1,18,0.000471236,0.09875,0.00477201012658,0.00158025,0.0988,0.0159944331984,0.298354437909,0.954817119354
YbYag5,Yb_Yag5_2026-09-28_14-57-53,Yb_Yag5_2026-09-28_13-03-16,19.2,18,0.000470342,0.09845,0.00477747079736,0.00158466,0.0988,0.0160390688259,0.297864598576,0.953249497354
YbYag5,Yb_Yag5_2026-09-28_14-57-53,Yb_Yag5_2026-09-28_13-03-16,19.3,18,0.000475528,0.09865,0.00482035478966,0.00157703,0.0987,0.0159780141844,0.301686726149,0.965481367826
YbYag5,Yb_Yag5_2026-09-28_14-57-53,Yb_Yag5_2026-09-28_13-03-16,19.4,18,0.000475647,0.0985,0.0048289035533,0.00157774,0.0988,0.0159690283401,0.30239182062,0.967737866091
YbYag5,Yb_Yag5_2026-09-28_14-57-53,Yb_Yag5_2026-09-28_13-03-16,19.5,18,0.000469269,0.09855,0.00476173515982,0.00157822,0.09875,0.0159819746835,0.297944106039,0.953503943333
YbYag5,Yb_Yag5_2026-09-28_14-57-53,Yb_Yag5_2026-09-28_13-03-16,19.6,18,0.000465872,0.09865,0.00472247339078,0.00158573,0.0987,0.0160661600811,0.293939147061,0.940686961551
YbYag5,Yb_Yag5_2026-09-28_14-57-53,Yb_Yag5_2026-09-28_13-03-16,19.7,18,0.000483217,0.09855,0.00490326737697,0.0015955,0.0988,0.0161487854251,0.303630721933,0.971702694606
YbYag5,Yb_Yag5_2026-09-28_14-57-53,Yb_Yag5_2026-09-28_13-03-16,19.8,18,0.000479164,0.09845,0.00486707973591,0.00159145,0.0987,0.0161241134752,0.301850997476,0.966007081726
YbYag5,Yb_Yag5_2026-09-28_14-57-53,Yb_Yag5_2026-09-28_13-03-16,19.9,18,0.00047523,0.09845,0.00482712036567,0.00159539,0.09865,0.016172225038,0.298482141717,0.955225807031
YbYag5,Yb_Yag5_2026-09-28_14-57-53,Yb_Yag5_2026-09-28_13-03-16,20,18,0.000476422,0.0985,0.0048367715736,0.00160027,0.0987,0.0162134751773,0.298318005283,0.954700524826
YbYag5,Yb_Yag5_2026-09-28_14-57-53,Yb_Yag5_2026-09-28_13-03-16,20.1,18,0.000479164,0.09835,0.00487202846975,0.00160194,0.0987,0.0162303951368,0.30017928884,0.960657149491
YbYag5,Yb_Yag5_2026-09-28_14-57-53,Yb_Yag5_2026-09-28_13-03-16,20.2,18,0.000476124,0.0984,0.00483865853659,0.00160421,0.09875,0.016245164557,0.297852232867,0.953209923647
YbYag5,Yb_Yag5_2026-09-28_14-57-53,Yb_Yag5_2026-09-28_13-03-16,20.3,18,0.000481011,0.09845,0.00488584052819,0.00161339,0.0988,0.0163298582996,0.299196749816,0.957512751549
YbYag5,Yb_Yag5_2026-09-28_14-57-53,Yb_Yag5_2026-09-28_13-03-16,20.4,18,0.000484528,0.0983,0.00492907426246,0.00162125,0.09875,0.016417721519,0.300228887227,0.960815878116
YbYag5,Yb_Yag5_2026-09-28_14-57-53,Yb_Yag5_2026-09-28_13-03-16,20.5,18,0.000479402,0.0984,0.00487197154472,0.00163317,0.0987,0.0165468085106,0.294435724061,0.94227614596
YbYag5,Yb_Yag5_2026-09-28_14-57-53,Yb_Yag5_2026-09-28_13-03-16,20.6,18,0.00049198,0.0985,0.00499472081218,0.00169278,0.09875,0.0171420759494,0.291371991754,0.932471351112
YbYag5,Yb_Yag5_2026-09-28_14-57-53,Yb_Yag5_2026-09-28_13-03-16,20.7,18,0.000510875,0.09835,0.00519445856634,0.0017717,0.09875,0.0179412658228,0.289525756858,0.926562886343
YbYag5,Yb_Yag5_2026-09-28_14-57-53,Yb_Yag5_2026-09-28_13-03-16,20.8,18,0.000531916,0.09845,0.00540290502793,0.00181652,0.09885,0.0183765300961,0.294011165311,0.940917439968
YbYag5,Yb_Yag5_2026-09-28_14-57-53,Yb_Yag5_2026-09-28_13-03-16,20.9,18,0.000538353,0.09855,0.00546273972603,0.00183655,0.0989,0.0185697674419,0.294173836216,0.941438032074
YbYag5,Yb_Yag5_2026-09-28_14-57-53,Yb_Yag5_2026-09-28_13-03-16,21,18,0.000520233,0.09855,0.00527887366819,0.0018592,0.0988,0.0188178137652,0.280525343382,0.897759061844
YbYag5,Yb_Yag5_2026-09-28_14-57-53,Yb_Yag5_2026-09-28_13-03-16,21.1,18,0.000507716,0.0985,0.00515447715736,0.00179244,0.0989,0.0181237613751,0.284404382218,0.910173064174
YbYag5,Yb_Yag5_2026-09-28_14-57-53,Yb_Yag5_2026-09-28_13-03-16,21.2,18,0.000452938,0.09855,0.00459602232369,0.00169087,0.0989,0.0170967644085,0.268824101092,0.860311834529
YbYag5,Yb_Yag5_2026-09-28_14-57-53,Yb_Yag5_2026-09-28_13-03-16,13.3,18.1,0.000417711,0.0984,0.0042450304878,0.00112224,0.0986,0.0113817444219,0.372968354449,1.19360238883
YbYag5,Yb_Yag5_2026-09-28_14-57-53,Yb_Yag5_2026-09-28_13-03-16,13.4,18.1,0.000462534,0.0984,0.00470054878049,0.00145937,0.0988,0.014770951417,0.318229249274,1.01842203929
YbYag5,Yb_Yag5_2026-09-28_14-57-53,Yb_Yag5_2026-09-28_13-03-16,13.5,18.1,0.000476005,0.09865,0.00482519006589,0.00156523,0.0987,0.0158584599797,0.304265992541,0.973735737102
YbYag5,Yb_Yag5_2026-09-28_14-57-53,Yb_Yag5_2026-09-28_13-03-16,13.6,18.1,0.00047976,0.0984,0.0048756097561,0.00158978,0.09885,0.0160827516439,0.303157684957,0.970188844816
YbYag5,Yb_Yag5_2026-09-28_14-57-53,Yb_Yag5_2026-09-28_13-03-16,13.7,18.1,0.000480713,0.09855,0.00487785895485,0.00160099,0.0987,0.0162207700101,0.300716855723,0.962377512919
YbYag5,Yb_Yag5_2026-09-28_14-57-53,Yb_Yag5_2026-09-28_13-03-16,13.8,18.1,0.000486018,0.09855,0.00493168949772,0.00160147,0.0988,0.0162092105263,0.304252294689,0.973691900169
YbYag5,Yb_Yag5_2026-09-28_14-57-53,Yb_Yag5_2026-09-28_13-03-16,13.9,18.1,0.000476362,0.0986,0.00483125760649,0.00160456,0.0989,0.0162240647118,0.297783428032,0.952989729053
YbYag5,Yb_Yag5_2026-09-28_14-57-53,Yb_Yag5_2026-09-28_13-03-16,14,18.1,0.000475766,0.0986,0.00482521298174,0.00159694,0.09875,0.0161715443038,0.298376759269,0.954888553909
YbYag5,Yb_Yag5_2026-09-28_14-57-53,Yb_Yag5_2026-09-28_13-03-16,14.1,18.1,0.000471236,0.0987,0.00477442755826,0.00158406,0.0989,0.0160167846309,0.29808901526,0.953967693112
YbYag5,Yb_Yag5_2026-09-28_14-57-53,Yb_Yag5_2026-09-28_13-03-16,14.2,18.1,0.000475349,0.0987,0.00481609929078,0.00158621,0.09875,0.0160628860759,0.299827768685,0.959532187303
YbYag5,Yb_Yag5_2026-09-28_14-57-53,Yb_Yag5_2026-09-28_13-03-16,14.3,18.1,0.000478329,0.09855,0.00485366818874,0.00159789,0.0989,0.0161566228514,0.300413535265,0.961406803155
YbYag5,Yb_Yag5_2026-09-28_14-57-53,Yb_Yag5_2026-09-28_13-03-16,14.4,18.1,0.000481071,0.09865,0.00487654333502,0.00158573,0.0988,0.0160498987854,0.303836391757,0.972360895201
YbYag5,Yb_Yag5_2026-09-28_14-57-53,Yb_Yag5_2026-09-28_13-03-16,14.5,18.1,0.000475289,0.0987,0.00481549138804,0.00159503,0.09885,0.0161358624178,0.298434088204,0.955072022434
YbYag5,Yb_Yag5_2026-09-28_14-57-53,Yb_Yag5_2026-09-28_13-03-16,14.6,18.1,0.000470342,0.0987,0.0047653698075,0.00159097,0.09875,0.0161110886076,0.295781987398,0.946584562789
YbYag5,Yb_Yag5_2026-09-28_14-57-53,Yb_Yag5_2026-09-28_13-03-16,14.7,18.1,0.000481011,0.0986,0.00487840770791,0.00158668,0.09895,0.0160351692774,0.304231756055,0.973626170835
YbYag5,Yb_Yag5_2026-09-28_14-57-53,Yb_Yag5_2026-09-28_13-03-16,14.8,18.1,0.000471475,0.0987,0.00477684903749,0.00157691,0.09885,0.0159525543753,0.299441012712,0.958294460704
YbYag5,Yb_Yag5_2026-09-28_14-57-53,Yb_Yag5_2026-09-28_13-03-16,14.9,18.1,0.000466229,0.09865,0.00472609224531,0.00156546,0.0989,0.0158287158746,0.298577110282,0.955529732832
YbYag5,Yb_Yag5_2026-09-28_14-57-53,Yb_Yag5_2026-09-28_13-03-16,15,18.1,0.00047517,0.0987,0.00481428571429,0.00156785,0.09895,0.015844871147,0.303838741863,0.972368416194
YbYag5,Yb_Yag5_2026-09-28_14-57-53,Yb_Yag5_2026-09-28_13-03-16,15.1,18.1,0.000475766,0.0989,0.00481057633974,0.00157786,0.09895,0.0159460333502,0.30167855755,0.965455226039
YbYag5,Yb_Yag5_2026-09-28_14-57-53,Yb_Yag5_2026-09-28_13-03-16,15.2,18.1,0.000474991,0.09865,0.00481491130258,0.00157405,0.0988,0.0159316801619,0.302222443186,0.967195811227
YbYag5,Yb_Yag5_2026-09-28_14-57-53,Yb_Yag5_2026-09-28_13-03-16,15.3,18.1,0.000470879,0.09875,0.00476839493671,0.00158072,0.09885,0.0159910976227,0.298190596369,0.954292780892
YbYag5,Yb_Yag5_2026-09-28_14-57-53,Yb_Yag5_2026-09-28_13-03-16,15.4,18.1,0.000476064,0.0987,0.00482334346505,0.00158239,0.09885,0.0160079919069,0.301308464741,0.964270826193
YbYag5,Yb_Yag5_2026-09-28_14-57-53,Yb_Yag5_2026-09-28_13-03-16,15.5,18.1,0.000474812,0.09865,0.00481309680689,0.00157977,0.0989,0.0159734074823,0.301319352945,0.964305671472
YbYag5,Yb_Yag5_2026-09-28_14-57-53,Yb_Yag5_2026-09-28_13-03-16,15.6,18.1,0.000474872,0.0985,0.00482103553299,0.00158335,0.09895,0.0160015159171,0.301286175508,0.964199494453
YbYag5,Yb_Yag5_2026-09-28_14-57-53,Yb_Yag5_2026-09-28_13-03-16,15.7,18.1,0.000471415,0.0988,0.00477140688259,0.00157738,0.09895,0.0159411824154,0.299313235258,0.957885537338
YbYag5,Yb_Yag5_2026-09-28_14-57-53,Yb_Yag5_2026-09-28_13-03-16,15.8,18.1,0.000474872,0.09865,0.00481370501774,0.00158668,0.0988,0.01605951417,0.299741633949,0.959256532208
YbYag5,Yb_Yag5_2026-09-28_14-57-53,Yb_Yag5_2026-09-28_13-03-16,15.9,18.1,0.000474634,0.0986,0.00481373225152,0.00158668,0.0988,0.01605951417,0.299743329752,0.959261959251
YbYag5,Yb_Yag5_2026-09-28_14-57-53,Yb_Yag5_2026-09-28_13-03-16,16,18.1,0.000471475,0.09865,0.00477927014698,0.00157905,0.09885,0.0159742033384,0.299186760412,0.957480782681
YbYag5,Yb_Yag5_2026-09-28_14-57-53,Yb_Yag5_2026-09-28_13-03-16,16.1,18.1,0.000470521,0.0987,0.00476718338399,0.00158239,0.0989,0.0159998988878,0.297950844403,0.953525507971
YbYag5,Yb_Yag5_2026-09-28_14-57-53,Yb_Yag5_2026-09-28_13-03-16,16.2,18.1,0.000474634,0.0987,0.00480885511651,0.00158573,0.0988,0.0160498987854,0.299619030675,0.958864167658
YbYag5,Yb_Yag5_2026-09-28_14-57-53,Yb_Yag5_2026-09-28_13-03-16,16.3,18.1,0.000471177,0.09875,0.00477141265823,0.00159002,0.09895,0.0160689236988,0.296934178522,0.950271894599
YbYag5,Yb_Yag5_2026-09-28_14-57-53,Yb_Yag5_2026-09-28_13-03-16,16.4,18.1,0.000471594,0.0987,0.00477805471125,0.00159479,0.09885,0.0161334344967,0.296158558937,0.94778969637
YbYag5,Yb_Yag5_2026-09-28_14-57-53,Yb_Yag5_2026-09-28_13-03-16,16.5,18.1,0.000473263,0.0986,0.00479982758621,0.00158716,0.09875,0.0160725063291,0.298635912031,0.95571791477
YbYag5,Yb_Yag5_2026-09-28_14-57-53,Yb_Yag5_2026-09-28_13-03-16,16.6,18.1,0.000475349,0.0986,0.00482098377282,0.00159646,0.09895,0.0161340070743,0.298808829736,0.956271299483
YbYag5,Yb_Yag5_2026-09-28_14-57-53,Yb_Yag5_2026-09-28_13-03-16,16.7,18.1,0.000479581,0.0986,0.00486390466531,0.00160027,0.09895,0.0161725113694,0.300751352354,0.962487911724
YbYag5,Yb_Yag5_2026-09-28_14-57-53,Yb_Yag5_2026-09-28_13-03-16,16.8,18.1,0.000480177,0.09865,0.00486748099341,0.00159908,0.0988,0.0161850202429,0.300739876772,0.962451186674
YbYag5,Yb_Yag5_2026-09-28_14-57-53,Yb_Yag5_2026-09-28_13-03-16,16.9,18.1,0.000476124,0.09855,0.00483129375951,0.00159431,0.0989,0.0161204246714,0.299700154183,0.959123785429
YbYag5,Yb_Yag5_2026-09-28_14-57-53,Yb_Yag5_2026-09-28_13-03-16,17,18.1,0.000476183,0.09865,0.00482699442473,0.00159193,0.09885,0.0161045017704,0.299729510018,0.959217732261
YbYag5,Yb_Yag5_2026-09-28_14-57-53,Yb_Yag5_2026-09-28_13-03-16,17.1,18.1,0.000477733,0.09855,0.00484762049721,0.00159121,0.09885,0.0160972180071,0.301146477303,0.963752421371
YbYag5,Yb_Yag5_2026-09-28_14-57-53,Yb_Yag5_2026-09-28_13-03-16,17.2,18.1,0.000466051,0.0986,0.00472668356998,0.00158668,0.0989,0.0160432760364,0.294620846718,0.942868589912
YbYag5,Yb_Yag5_2026-09-28_14-57-53,Yb_Yag5_2026-09-28_13-03-16,17.3,18.1,0.000476362,0.09865,0.00482880892043,0.00158668,0.0989,0.0160432760364,0.300986463704,0.963240333387
YbYag5,Yb_Yag5_2026-09-28_14-57-53,Yb_Yag5_2026-09-28_13-03-16,17.4,18.1,0.000475885,0.0986,0.0048264198783,0.0015874,0.09885,0.0160586747597,0.300549077089,0.96184057466
YbYag5,Yb_Yag5_2026-09-28_14-57-53,Yb_Yag5_2026-09-28_13-03-16,17.5,18.1,0.000471534,0.0986,0.00478229208925,0.00158239,0.09895,0.0159918140475,0.29904625423,0.95703112385
YbYag5,Yb_Yag5_2026-09-28_14-57-53,Yb_Yag5_2026-09-28_13-03-16,17.6,18.1,0.000468137,0.0986,0.00474783975659,0.0015781,0.09885,0.0159645928174,0.297398111615,0.951756609432
YbYag5,Yb_Yag5_2026-09-28_14-57-53,Yb_Yag5_2026-09-28_13-03-16,17.7,18.1,0.00046766,0.0986,0.0047430020284,0.00156952,0.0989,0.0158697674419,0.298870291941,0.956467995622
YbYag5,Yb_Yag5_2026-09-28_14-57-53,Yb_Yag5_2026-09-28_13-03-16,17.8,18.1,0.000467004,0.09855,0.00473875190259,0.00157667,0.0989,0.0159420626896,0.297248354548,0.9512773452
YbYag5,Yb_Yag5_2026-09-28_14-57-53,Yb_Yag5_2026-09-28_13-03-16,17.9,18.1,0.000466527,0.0986,0.00473151115619,0.00156451,0.0988,0.0158351214575,0.298798538987,0.956238366229
YbYag5,Yb_Yag5_2026-09-28_14-57-53,Yb_Yag5_2026-09-28_13-03-16,18,18.1,0.000467302,0.09865,0.00473696908262,0.0015719,0.09885,0.0159018715225,0.297887520718,0.95332285458
YbYag5,Yb_Yag5_2026-09-28_14-57-53,Yb_Yag5_2026-09-28_13-03-16,18.1,18.1,0.000466587,0.09855,0.00473452054795,0.00157119,0.0988,0.0159027327935,0.297717418096,0.952778478913
YbYag5,Yb_Yag5_2026-09-28_14-57-53,Yb_Yag5_2026-09-28_13-03-16,18.2,18.1,0.000467481,0.09865,0.00473878357831,0.00156523,0.09875,0.0158504303797,0.298968763926,0.95678313334
YbYag5,Yb_Yag5_2026-09-28_14-57-53,Yb_Yag5_2026-09-28_13-03-16,18.3,18.1,0.000466468,0.09865,0.00472851495185,0.00156642,0.09875,0.0158624810127,0.298094286011,0.953984560981
YbYag5,Yb_Yag5_2026-09-28_14-57-53,Yb_Yag5_2026-09-28_13-03-16,18.4,18.1,0.000462534,0.0988,0.00468151821862,0.00157023,0.09885,0.0158849772382,0.294713561651,0.943165303465
YbYag5,Yb_Yag5_2026-09-28_14-57-53,Yb_Yag5_2026-09-28_13-03-16,18.5,18.1,0.000467123,0.0987,0.00473275582573,0.00157548,0.09885,0.0159380880121,0.296946272485,0.950310598643
YbYag5,Yb_Yag5_2026-09-28_14-57-53,Yb_Yag5_2026-09-28_13-03-16,18.6,18.1,0.0004676,0.0987,0.00473758865248,0.00157476,0.09875,0.0159469367089,0.297084558556,0.950753152502
YbYag5,Yb_Yag5_2026-09-28_14-57-53,Yb_Yag5_2026-09-28_13-03-16,18.7,18.1,0.000470759,0.0986,0.00477443204868,0.00157643,0.0989,0.015939635996,0.299532062707,0.958585845991
YbYag5,Yb_Yag5_2026-09-28_14-57-53,Yb_Yag5_2026-09-28_13-03-16,18.8,18.1,0.000471236,0.09865,0.00477684744045,0.00157929,0.0988,0.0159847165992,0.298838419237,0.95636599411
YbYag5,Yb_Yag5_2026-09-28_14-57-53,Yb_Yag5_2026-09-28_13-03-16,18.9,18.1,0.000477614,0.09875,0.00483659746835,0.00158168,0.09895,0.0159846387064,0.302577840963,0.968333182885
YbYag5,Yb_Yag5_2026-09-28_14-57-53,Yb_Yag5_2026-09-28_13-03-16,19,18.1,0.000471415,0.09865,0.00477866193614,0.0015874,0.0988,0.0160668016194,0.297424593229,0.951841357957
YbYag5,Yb_Yag5_2026-09-28_14-57-53,Yb_Yag5_2026-09-28_13-03-16,19.1,18.1,0.000471475,0.0987,0.00477684903749,0.00159503,0.09885,0.0161358624178,0.2960392766,0.947407959742
YbYag5,Yb_Yag5_2026-09-28_14-57-53,Yb_Yag5_2026-09-28_13-03-16,19.2,18.1,0.00047213,0.0987,0.00478348530902,0.00158573,0.0988,0.0160498987854,0.298038347343,0.953805541695
YbYag5,Yb_Yag5_2026-09-28_14-57-53,Yb_Yag5_2026-09-28_13-03-16,19.3,18.1,0.000471296,0.0986,0.00477987829615,0.00158072,0.09875,0.0160072911392,0.298606319744,0.955623211229
YbYag5,Yb_Yag5_2026-09-28_14-57-53,Yb_Yag5_2026-09-28_13-03-16,19.4,18.1,0.000475587,0.09865,0.00482095286366,0.00158406,0.0989,0.0160167846309,0.300993799614,0.963263810337
YbYag5,Yb_Yag5_2026-09-28_14-57-53,Yb_Yag5_2026-09-28_13-03-16,19.5,18.1,0.00046766,0.09865,0.004740598074,0.00158573,0.09885,0.0160417804755,0.295515705457,0.945732386572
YbYag5,Yb_Yag5_2026-09-28_14-57-53,Yb_Yag5_2026-09-28_13-03-16,19.6,18.1,0.000467183,0.0986,0.0047381643002,0.00158335,0.0988,0.0160258097166,0.295658340139,0.946188857198
YbYag5,Yb_Yag5_2026-09-28_14-57-53,Yb_Yag5_2026-09-28_13-03-16,19.7,18.1,0.000474753,0.09845,0.00482227526663,0.00159336,0.09875,0.0161352911392,0.298865091744,0.956451353545
YbYag5,Yb_Yag5_2026-09-28_14-57-53,Yb_Yag5_2026-09-28_13-03-16,19.8,18.1,0.000480058,0.0985,0.00487368527919,0.0015936,0.0988,0.0161295546559,0.302158700793,0.966991817855
YbYag5,Yb_Yag5_2026-09-28_14-57-53,Yb_Yag5_2026-09-28_13-03-16,19.9,18.1,0.000476779,0.09845,0.00484285424073,0.0015936,0.0987,0.0161458966565,0.299943344353,0.959902061561
YbYag5,Yb_Yag5_2026-09-28_14-57-53,Yb_Yag5_2026-09-28_13-03-16,20,18.1,0.000474395,0.0985,0.0048161928934,0.00160552,0.0987,0.0162666666667,0.296077431971,0.947530067531
YbYag5,Yb_Yag5_2026-09-28_14-57-53,Yb_Yag5_2026-09-28_13-03-16,20.1,18.1,0.000481429,0.0985,0.00488760406091,0.0016048,0.0986,0.016275862069,0.300297707132,0.961036120936
YbYag5,Yb_Yag5_2026-09-28_14-57-53,Yb_Yag5_2026-09-28_13-03-16,20.2,18.1,0.000481488,0.0985,0.00488820304569,0.00161124,0.0987,0.0163246200608,0.299437477104,0.958283145775
YbYag5,Yb_Yag5_2026-09-28_14-57-53,Yb_Yag5_2026-09-28_13-03-16,20.3,18.1,0.000479164,0.0985,0.00486460913706,0.00162602,0.09885,0.0164493677289,0.295732286932,0.946425507486
YbYag5,Yb_Yag5_2026-09-28_14-57-53,Yb_Yag5_2026-09-28_13-03-16,20.4,18.1,0.000485661,0.09855,0.00492806697108,0.0016234,0.09875,0.0164394936709,0.299769997163,0.959347302375
YbYag5,Yb_Yag5_2026-09-28_14-57-53,Yb_Yag5_2026-09-28_13-03-16,20.5,18.1,0.000485482,0.09845,0.00493125444388,0.0016594,0.09885,0.0167870510875,0.293753466179,0.940092731126
YbYag5,Yb_Yag5_2026-09-28_14-57-53,Yb_Yag5_2026-09-28_13-03-16,20.6,18.1,0.000506584,0.09835,0.00515082867311,0.00174022,0.0987,0.017631408308,0.29213937895,0.934927203409
YbYag5,Yb_Yag5_2026-09-28_14-57-53,Yb_Yag5_2026-09-28_13-03-16,20.7,18.1,0.000525359,0.0986,0.00532818458418,0.00179506,0.0988,0.0181686234818,0.293262975564,0.938523024842
YbYag5,Yb_Yag5_2026-09-28_14-57-53,Yb_Yag5_2026-09-28_13-03-16,20.8,18.1,0.000530664,0.09855,0.00538471841705,0.00184584,0.0988,0.0186825910931,0.28822117822,0.922387872134
YbYag5,Yb_Yag5_2026-09-28_14-57-53,Yb_Yag5_2026-09-28_13-03-16,20.9,18.1,0.00053728,0.0985,0.00545461928934,0.00185967,0.09885,0.0188130500759,0.289938062533,0.927882379089
YbYag5,Yb_Yag5_2026-09-28_14-57-53,Yb_Yag5_2026-09-28_13-03-16,21,18.1,0.000533048,0.0987,0.00540068895643,0.00185252,0.09885,0.01874071826,0.288179400677,0.922254172388
YbYag5,Yb_Yag5_2026-09-28_14-57-53,Yb_Yag5_2026-09-28_13-03-16,21.1,18.1,0.000506822,0.09865,0.00513757729346,0.00178767,0.09885,0.0180846737481,0.284084599204,0.909149669654
YbYag5,Yb_Yag5_2026-09-28_14-57-53,Yb_Yag5_2026-09-28_13-03-16,21.2,18.1,0.000431092,0.09875,0.00436548860759,0.00167347,0.0991,0.0168866801211,0.258516687489,0.827325246385
YbYag5,Yb_Yag5_2026-09-28_14-57-53,Yb_Yag5_2026-09-28_13-03-16,13.3,18.2,0.000381591,0.0984,0.00387795731707,0.000937942,0.09875,0.00949814683544,0.408285677644,1.30662763837
YbYag5,Yb_Yag5_2026-09-28_14-57-53,Yb_Yag5_2026-09-28_13-03-16,13.4,18.2,0.000453295,0.09845,0.00460431691214,0.00139452,0.09875,0.014121721519,0.326045015542,1.04343466349
YbYag5,Yb_Yag5_2026-09-28_14-57-53,Yb_Yag5_2026-09-28_13-03-16,13.5,18.2,0.0004707,0.0984,0.00478353658537,0.0015533,0.0986,0.0157535496957,0.303648173127,0.971758543277
YbYag5,Yb_Yag5_2026-09-28_14-57-53,Yb_Yag5_2026-09-28_13-03-16,13.6,18.2,0.000483992,0.0985,0.00491362436548,0.0015936,0.09875,0.016137721519,0.304480676513,0.974422785478
YbYag5,Yb_Yag5_2026-09-28_14-57-53,Yb_Yag5_2026-09-28_13-03-16,13.7,18.2,0.000480296,0.09865,0.00486868727826,0.00159717,0.09875,0.0161738734177,0.301021725132,0.963353179754
YbYag5,Yb_Yag5_2026-09-28_14-57-53,Yb_Yag5_2026-09-28_13-03-16,13.8,18.2,0.000475587,0.0986,0.00482339756592,0.00160218,0.0987,0.0162328267477,0.297138486161,0.950925735825
YbYag5,Yb_Yag5_2026-09-28_14-57-53,Yb_Yag5_2026-09-28_13-03-16,13.9,18.2,0.000479164,0.0986,0.00485967545639,0.00160504,0.0989,0.0162289180991,0.299445436024,0.958308616532
YbYag5,Yb_Yag5_2026-09-28_14-57-53,Yb_Yag5_2026-09-28_13-03-16,14,18.2,0.000477375,0.09865,0.00483907754688,0.0016079,0.0987,0.0162907801418,0.297043941712,0.950623167313
YbYag5,Yb_Yag5_2026-09-28_14-57-53,Yb_Yag5_2026-09-28_13-03-16,14.1,18.2,0.000477018,0.09875,0.00483056202532,0.00160838,0.09875,0.0162873924051,0.296582897076,0.949147696346
YbYag5,Yb_Yag5_2026-09-28_14-57-53,Yb_Yag5_2026-09-28_13-03-16,14.2,18.2,0.000480654,0.09865,0.00487231626964,0.00160743,0.09885,0.0162613050076,0.299626399441,0.958887749758
YbYag5,Yb_Yag5_2026-09-28_14-57-53,Yb_Yag5_2026-09-28_13-03-16,14.3,18.2,0.000480594,0.09855,0.00487665144597,0.00159956,0.09875,0.0161980759494,0.301063623927,0.963487267543
YbYag5,Yb_Yag5_2026-09-28_14-57-53,Yb_Yag5_2026-09-28_13-03-16,14.4,18.2,0.000484349,0.0987,0.00490728470111,0.0015967,0.09885,0.0161527567021,0.303804780299,0.972259729751
YbYag5,Yb_Yag5_2026-09-28_14-57-53,Yb_Yag5_2026-09-28_13-03-16,14.5,18.2,0.000470521,0.09865,0.00476959959453,0.00159527,0.0988,0.0161464574899,0.295396039504,0.945349422265
YbYag5,Yb_Yag5_2026-09-28_14-57-53,Yb_Yag5_2026-09-28_13-03-16,14.6,18.2,0.000471951,0.09865,0.00478409528637,0.00159384,0.09895,0.0161075290551,0.297009880908,0.950514163273
YbYag5,Yb_Yag5_2026-09-28_14-57-53,Yb_Yag5_2026-09-28_13-03-16,14.7,18.2,0.000471892,0.0987,0.0047810739615,0.00159455,0.09885,0.0161310065756,0.296390305161,0.948531348694
YbYag5,Yb_Yag5_2026-09-28_14-57-53,Yb_Yag5_2026-09-28_13-03-16,14.8,18.2,0.000471296,0.0987,0.00477503546099,0.00158668,0.0988,0.01605951417,0.297333743128,0.951550612387
YbYag5,Yb_Yag5_2026-09-28_14-57-53,Yb_Yag5_2026-09-28_13-03-16,14.9,18.2,0.000476541,0.09875,0.00482573164557,0.00157905,0.0988,0.0159822874494,0.301942488574,0.966299878664
YbYag5,Yb_Yag5_2026-09-28_14-57-53,Yb_Yag5_2026-09-28_13-03-16,15,18.2,0.00047219,0.0987,0.00478409321175,0.00158335,0.0988,0.0160258097166,0.298524274052,0.955360642214
YbYag5,Yb_Yag5_2026-09-28_14-57-53,Yb_Yag5_2026-09-28_13-03-16,15.1,18.2,0.000475528,0.09855,0.00482524606799,0.00158716,0.09885,0.0160562468386,0.300521418018,0.961752057947
YbYag5,Yb_Yag5_2026-09-28_14-57-53,Yb_Yag5_2026-09-28_13-03-16,15.2,18.2,0.000471534,0.09865,0.00477986822098,0.00158668,0.09885,0.0160513909965,0.297785296117,0.952995707445
YbYag5,Yb_Yag5_2026-09-28_14-57-53,Yb_Yag5_2026-09-28_13-03-16,15.3,18.2,0.000472011,0.09865,0.00478470349721,0.00158406,0.0988,0.0160329959514,0.298428535235,0.955054251391
YbYag5,Yb_Yag5_2026-09-28_14-57-53,Yb_Yag5_2026-09-28_13-03-16,15.4,18.2,0.000475349,0.0986,0.00482098377282,0.00158668,0.099,0.0160270707071,0.30080255219,0.962651765427
YbYag5,Yb_Yag5_2026-09-28_14-57-53,Yb_Yag5_2026-09-28_13-03-16,15.5,18.2,0.000472071,0.0986,0.00478773833671,0.00158668,0.09885,0.0160513909965,0.298275603513,0.954564827379
YbYag5,Yb_Yag5_2026-09-28_14-57-53,Yb_Yag5_2026-09-28_13-03-16,15.6,18.2,0.000471713,0.09865,0.00478168271668,0.00157572,0.09895,0.0159244062658,0.300273846124,0.960959759082
YbYag5,Yb_Yag5_2026-09-28_14-57-53,Yb_Yag5_2026-09-28_13-03-16,15.7,18.2,0.00046617,0.0987,0.00472310030395,0.00158144,0.0989,0.0159902932255,0.295372963919,0.945275573981
YbYag5,Yb_Yag5_2026-09-28_14-57-53,Yb_Yag5_2026-09-28_13-03-16,15.8,18.2,0.000471892,0.09865,0.00478349721237,0.00158573,0.09885,0.0160417804755,0.298189918487,0.95429061148
YbYag5,Yb_Yag5_2026-09-28_14-57-53,Yb_Yag5_2026-09-28_13-03-16,15.9,18.2,0.000471475,0.0986,0.00478169371197,0.00158382,0.09895,0.0160062657908,0.298738867295,0.95604740023
YbYag5,Yb_Yag5_2026-09-28_14-57-53,Yb_Yag5_2026-09-28_13-03-16,16,18.2,0.000471057,0.09855,0.0047798782344,0.00158788,0.0988,0.016071659919,0.297410364486,0.951795822025
YbYag5,Yb_Yag5_2026-09-28_14-57-53,Yb_Yag5_2026-09-28_13-03-16,16.1,18.2,0.000475409,0.0986,0.00482159229209,0.00158859,0.09885,0.0160707132018,0.300023541678,0.960158715288
YbYag5,Yb_Yag5_2026-09-28_14-57-53,Yb_Yag5_2026-09-28_13-03-16,16.2,18.2,0.000476183,0.0987,0.0048245491388,0.00158501,0.0988,0.016042611336,0.300733405413,0.962430476526
YbYag5,Yb_Yag5_2026-09-28_14-57-53,Yb_Yag5_2026-09-28_13-03-16,16.3,18.2,0.000475051,0.09865,0.00481551951343,0.00158954,0.09885,0.0160803237228,0.299466577691,0.95837627574
YbYag5,Yb_Yag5_2026-09-28_14-57-53,Yb_Yag5_2026-09-28_13-03-16,16.4,18.2,0.000471236,0.09865,0.00477684744045,0.00158907,0.0987,0.0161,0.296698598786,0.949517973972
YbYag5,Yb_Yag5_2026-09-28_14-57-53,Yb_Yag5_2026-09-28_13-03-16,16.5,18.2,0.000476481,0.09855,0.00483491628615,0.00159169,0.0988,0.0161102226721,0.300114801922,0.960450773431
YbYag5,Yb_Yag5_2026-09-28_14-57-53,Yb_Yag5_2026-09-28_13-03-16,16.6,18.2,0.00047064,0.0986,0.00477322515213,0.00159884,0.09895,0.0161580596261,0.295408314029,0.945388704158
YbYag5,Yb_Yag5_2026-09-28_14-57-53,Yb_Yag5_2026-09-28_13-03-16,16.7,18.2,0.0004797,0.09855,0.00486757990868,0.00160218,0.09885,0.0162081942337,0.300315990696,0.961094633422
YbYag5,Yb_Yag5_2026-09-28_14-57-53,Yb_Yag5_2026-09-28_13-03-16,16.8,18.2,0.000473144,0.09865,0.00479618854536,0.00159765,0.0989,0.0161541961577,0.296900477036,0.95016404048
YbYag5,Yb_Yag5_2026-09-28_14-57-53,Yb_Yag5_2026-09-28_13-03-16,16.9,18.2,0.000476541,0.0986,0.00483307302231,0.00159288,0.09885,0.0161141122914,0.299927972135,0.95985286619
YbYag5,Yb_Yag5_2026-09-28_14-57-53,Yb_Yag5_2026-09-28_13-03-16,17,18.2,0.00047672,0.0985,0.00483979695431,0.0015955,0.0989,0.0161324570273,0.300003709672,0.960095247357
YbYag5,Yb_Yag5_2026-09-28_14-57-53,Yb_Yag5_2026-09-28_13-03-16,17.1,18.2,0.000480356,0.09865,0.0048692954891,0.0016029,0.0988,0.0162236842105,0.300135001762,0.960515418533
YbYag5,Yb_Yag5_2026-09-28_14-57-53,Yb_Yag5_2026-09-28_13-03-16,17.2,18.2,0.000479283,0.0987,0.00485595744681,0.00159288,0.0988,0.0161222672065,0.301195693175,0.96390992584
YbYag5,Yb_Yag5_2026-09-28_14-57-53,Yb_Yag5_2026-09-28_13-03-16,17.3,18.2,0.000470819,0.0986,0.00477504056795,0.00159455,0.09895,0.0161147043962,0.296315740615,0.948292721422
YbYag5,Yb_Yag5_2026-09-28_14-57-53,Yb_Yag5_2026-09-28_13-03-16,17.4,18.2,0.000471892,0.09865,0.00478349721237,0.00158597,0.09885,0.0160442083966,0.298144794316,0.954146201593
YbYag5,Yb_Yag5_2026-09-28_14-57-53,Yb_Yag5_2026-09-28_13-03-16,17.5,18.2,0.000471177,0.0987,0.00477382978723,0.00158668,0.09895,0.0160351692774,0.297709971416,0.952754647469
YbYag5,Yb_Yag5_2026-09-28_14-57-53,Yb_Yag5_2026-09-28_13-03-16,17.6,18.2,0.000470521,0.09865,0.00476959959453,0.00158239,0.09895,0.0159918140475,0.298252567242,0.954491104909
YbYag5,Yb_Yag5_2026-09-28_14-57-53,Yb_Yag5_2026-09-28_13-03-16,17.7,18.2,0.000466825,0.0986,0.00473453346856,0.00157548,0.09885,0.0159380880121,0.297057806744,0.950667539268
YbYag5,Yb_Yag5_2026-09-28_14-57-53,Yb_Yag5_2026-09-28_13-03-16,17.8,18.2,0.000467362,0.09855,0.00474238457636,0.00157572,0.09895,0.0159244062658,0.297806052998,0.953062135234
YbYag5,Yb_Yag5_2026-09-28_14-57-53,Yb_Yag5_2026-09-28_13-03-16,17.9,18.2,0.000471236,0.0985,0.00478412182741,0.00156999,0.09895,0.0158664982314,0.301523484113,0.964958947943
YbYag5,Yb_Yag5_2026-09-28_14-57-53,Yb_Yag5_2026-09-28_13-03-16,18,18.2,0.000466051,0.0987,0.00472189463019,0.0015688,0.09885,0.0158705108751,0.297526315778,0.952166898386
YbYag5,Yb_Yag5_2026-09-28_14-57-53,Yb_Yag5_2026-09-28_13-03-16,18.1,18.2,0.000462236,0.09865,0.00468561581348,0.00156523,0.09885,0.0158343955488,0.295913778271,0.947006330209
YbYag5,Yb_Yag5_2026-09-28_14-57-53,Yb_Yag5_2026-09-28_13-03-16,18.2,18.2,0.000465455,0.0987,0.00471585612969,0.00156928,0.0989,0.0158673407482,0.297205196795,0.951139228396
YbYag5,Yb_Yag5_2026-09-28_14-57-53,Yb_Yag5_2026-09-28_13-03-16,18.3,18.2,0.000471355,0.09875,0.00477321518987,0.00156832,0.09885,0.0158656550329,0.300852071974,0.962810242499
YbYag5,Yb_Yag5_2026-09-28_14-57-53,Yb_Yag5_2026-09-28_13-03-16,18.4,18.2,0.000463428,0.0987,0.00469531914894,0.00157071,0.09885,0.0158898330804,0.295492037278,0.945656641824
YbYag5,Yb_Yag5_2026-09-28_14-57-53,Yb_Yag5_2026-09-28_13-03-16,18.5,18.2,0.000470283,0.09855,0.00477202435312,0.00156809,0.09885,0.0158633282752,0.300821130997,0.962711222773
YbYag5,Yb_Yag5_2026-09-28_14-57-53,Yb_Yag5_2026-09-28_13-03-16,18.6,18.2,0.000470223,0.0988,0.00475934210526,0.00156952,0.09885,0.0158777946383,0.299748309742,0.959277896602
YbYag5,Yb_Yag5_2026-09-28_14-57-53,Yb_Yag5_2026-09-28_13-03-16,18.7,18.2,0.00047219,0.09865,0.0047865179929,0.00157929,0.09885,0.0159766312595,0.299594946842,0.958787092699
YbYag5,Yb_Yag5_2026-09-28_14-57-53,Yb_Yag5_2026-09-28_13-03-16,18.8,18.2,0.000471177,0.09855,0.00478109589041,0.00158525,0.09885,0.0160369246333,0.298130470756,0.954100362221
YbYag5,Yb_Yag5_2026-09-28_14-57-53,Yb_Yag5_2026-09-28_13-03-16,18.9,18.2,0.000475885,0.0986,0.0048264198783,0.0015812,0.09885,0.0159959534648,0.301727551841,0.965612021386
YbYag5,Yb_Yag5_2026-09-28_14-57-53,Yb_Yag5_2026-09-28_13-03-16,19,18.2,0.000476243,0.0986,0.00483005070994,0.00159455,0.0988,0.0161391700405,0.299275036933,0.957763292082
YbYag5,Yb_Yag5_2026-09-28_14-57-53,Yb_Yag5_2026-09-28_13-03-16,19.1,18.2,0.000472726,0.09865,0.00479195134313,0.0015874,0.09875,0.0160749367089,0.298100790685,0.954005377743
YbYag5,Yb_Yag5_2026-09-28_14-57-53,Yb_Yag5_2026-09-28_13-03-16,19.2,18.2,0.000479521,0.09855,0.00486576357179,0.00159002,0.0988,0.0160933198381,0.302346788651,0.967593751276
YbYag5,Yb_Yag5_2026-09-28_14-57-53,Yb_Yag5_2026-09-28_13-03-16,19.3,18.2,0.000472428,0.0986,0.00479135902637,0.00159169,0.09895,0.0160858009096,0.297862633841,0.953243209654
YbYag5,Yb_Yag5_2026-09-28_14-57-53,Yb_Yag5_2026-09-28_13-03-16,19.4,18.2,0.000471177,0.09845,0.00478595226003,0.00158811,0.09875,0.0160821265823,0.297594490103,0.952385075172
YbYag5,Yb_Yag5_2026-09-28_14-57-53,Yb_Yag5_2026-09-28_13-03-16,19.5,18.2,0.000471355,0.0986,0.00478047667343,0.00158978,0.0988,0.0160908906883,0.297092110439,0.950777320627
YbYag5,Yb_Yag5_2026-09-28_14-57-53,Yb_Yag5_2026-09-28_13-03-16,19.6,18.2,0.000472249,0.0986,0.00478954361055,0.00159026,0.09885,0.0160876074861,0.297716339405,0.952775026803
YbYag5,Yb_Yag5_2026-09-28_14-57-53,Yb_Yag5_2026-09-28_13-03-16,19.7,18.2,0.000471653,0.09865,0.00478107450583,0.00158573,0.09875,0.0160580253165,0.29773738748,0.952842386493
YbYag5,Yb_Yag5_2026-09-28_14-57-53,Yb_Yag5_2026-09-28_13-03-16,19.8,18.2,0.000475647,0.09845,0.00483135601828,0.00158954,0.09875,0.0160966075949,0.300147468328,0.960555315011
YbYag5,Yb_Yag5_2026-09-28_14-57-53,Yb_Yag5_2026-09-28_13-03-16,19.9,18.2,0.000476243,0.0985,0.00483495431472,0.00160194,0.09875,0.0162221772152,0.29804595589,0.95382989116
YbYag5,Yb_Yag5_2026-09-28_14-57-53,Yb_Yag5_2026-09-28_13-03-16,20,18.2,0.000476303,0.09845,0.00483801929914,0.00160838,0.0987,0.0162956433637,0.296890352296,0.950131638497
YbYag5,Yb_Yag5_2026-09-28_14-57-53,Yb_Yag5_2026-09-28_13-03-16,20.1,18.2,0.000474812,0.09855,0.00481798072045,0.00161339,0.09875,0.0163381265823,0.294891871242,0.943735943712
YbYag5,Yb_Yag5_2026-09-28_14-57-53,Yb_Yag5_2026-09-28_13-03-16,20.2,18.2,0.000481727,0.09845,0.00489311325546,0.00161935,0.0987,0.0164067882472,0.298237118791,0.954441665572
YbYag5,Yb_Yag5_2026-09-28_14-57-53,Yb_Yag5_2026-09-28_13-03-16,20.3,18.2,0.000485362,0.09835,0.0049350482969,0.00162698,0.09865,0.0164924480487,0.299230792319,0.957621697022
YbYag5,Yb_Yag5_2026-09-28_14-57-53,Yb_Yag5_2026-09-28_13-03-16,20.4,18.2,0.000484647,0.0984,0.00492527439024,0.00164867,0.0987,0.0167038500507,0.294858632907,0.943629571802
YbYag5,Yb_Yag5_2026-09-28_14-57-53,Yb_Yag5_2026-09-28_13-03-16,20.5,18.2,0.000494663,0.0985,0.00502195939086,0.00170708,0.09885,0.0172693980779,0.290801067195,0.930644233851
YbYag5,Yb_Yag5_2026-09-28_14-57-53,Yb_Yag5_2026-09-28_13-03-16,20.6,18.2,0.000520889,0.0985,0.00528821319797,0.00178362,0.0987,0.0180711246201,0.292633320236,0.936507952798
YbYag5,Yb_Yag5_2026-09-28_14-57-53,Yb_Yag5_2026-09-28_13-03-16,20.7,18.2,0.000539724,0.09855,0.00547665144597,0.00184227,0.0988,0.0186464574899,0.293710022343,0.939953698776
YbYag5,Yb_Yag5_2026-09-28_14-57-53,Yb_Yag5_2026-09-28_13-03-16,20.8,18.2,0.00054026,0.0986,0.00547931034483,0.00186969,0.09885,0.0189144157815,0.289689642447,0.927087365773
YbYag5,Yb_Yag5_2026-09-28_14-57-53,Yb_Yag5_2026-09-28_13-03-16,20.9,18.2,0.000544611,0.0985,0.00552904568528,0.00188995,0.09895,0.0191000505306,0.289478065852,0.92641026187
YbYag5,Yb_Yag5_2026-09-28_14-57-53,Yb_Yag5_2026-09-28_13-03-16,21,18.2,0.000533167,0.09865,0.00540463253928,0.00184084,0.0988,0.0186319838057,0.290072844397,0.928313718513
YbYag5,Yb_Yag5_2026-09-28_14-57-53,Yb_Yag5_2026-09-28_13-03-16,21.1,18.2,0.000493649,0.09865,0.00500404460213,0.00178982,0.0988,0.0181155870445,0.276228674778,0.884008528189
YbYag5,Yb_Yag5_2026-09-28_14-57-53,Yb_Yag5_2026-09-28_13-03-16,21.2,18.2,0.00037265,0.0988,0.0037717611336,0.00161601,0.09875,0.0163646582278,0.230482120744,0.737606841494
YbYag5,Yb_Yag5_2026-09-28_14-57-53,Yb_Yag5_2026-09-28_13-03-16,13.4,18.3,0.000443222,0.0983,0.00450887080366,0.00129796,0.09865,0.0131572225038,0.342691689098,1.09670864527
YbYag5,Yb_Yag5_2026-09-28_14-57-53,Yb_Yag5_2026-09-28_13-03-16,13.5,18.3,0.000470581,0.0983,0.00478719226857,0.00153828,0.0987,0.0155854103343,0.307158564702,0.982992771915
YbYag5,Yb_Yag5_2026-09-28_14-57-53,Yb_Yag5_2026-09-28_13-03-16,13.6,18.3,0.000477614,0.09855,0.00484641298833,0.00158954,0.09875,0.0160966075949,0.301082880958,0.963548895396
YbYag5,Yb_Yag5_2026-09-28_14-57-53,Yb_Yag5_2026-09-28_13-03-16,13.7,18.3,0.000474991,0.0985,0.00482224365482,0.00159884,0.09875,0.0161907848101,0.29783878369,0.953166882542
YbYag5,Yb_Yag5_2026-09-28_14-57-53,Yb_Yag5_2026-09-28_13-03-16,13.8,18.3,0.000479223,0.0984,0.00487015243902,0.00160599,0.0988,0.0162549595142,0.299610247246,0.958836058244
YbYag5,Yb_Yag5_2026-09-28_14-57-53,Yb_Yag5_2026-09-28_13-03-16,13.9,18.3,0.00048727,0.09845,0.00494941594718,0.00160838,0.09875,0.0162873924051,0.303880192979,0.972501071283
YbYag5,Yb_Yag5_2026-09-28_14-57-53,Yb_Yag5_2026-09-28_13-03-16,14,18.3,0.000475468,0.0984,0.00483199186992,0.0016017,0.09885,0.0162033383915,0.29820964996,0.95435375768
YbYag5,Yb_Yag5_2026-09-28_14-57-53,Yb_Yag5_2026-09-28_13-03-16,14.1,18.3,0.000479164,0.0985,0.00486460913706,0.00161291,0.0989,0.0163084934277,0.298286850262,0.954600820099
YbYag5,Yb_Yag5_2026-09-28_14-57-53,Yb_Yag5_2026-09-28_13-03-16,14.2,18.3,0.000478448,0.0986,0.0048524137931,0.00160194,0.09875,0.0162221772152,0.299122228091,0.95727426132
YbYag5,Yb_Yag5_2026-09-28_14-57-53,Yb_Yag5_2026-09-28_13-03-16,14.3,18.3,0.000474336,0.0986,0.00481070993915,0.00160242,0.0988,0.0162188259109,0.296612712016,0.94924311244
YbYag5,Yb_Yag5_2026-09-28_14-57-53,Yb_Yag5_2026-09-28_13-03-16,14.4,18.3,0.000475826,0.0987,0.00482093211753,0.00159336,0.0989,0.0161108190091,0.299235694648,0.957637385835
YbYag5,Yb_Yag5_2026-09-28_14-57-53,Yb_Yag5_2026-09-28_13-03-16,14.5,18.3,0.000475468,0.0986,0.00482219066937,0.00160099,0.0988,0.0162043522267,0.297586142408,0.952358360229
YbYag5,Yb_Yag5_2026-09-28_14-57-53,Yb_Yag5_2026-09-28_13-03-16,14.6,18.3,0.000475051,0.0986,0.00481796146045,0.00159646,0.09885,0.016150328781,0.298319713845,0.954705992699
YbYag5,Yb_Yag5_2026-09-28_14-57-53,Yb_Yag5_2026-09-28_13-03-16,14.7,18.3,0.000479462,0.0987,0.0048577710233,0.00160361,0.0989,0.0162144590495,0.299595010137,0.958787295261
YbYag5,Yb_Yag5_2026-09-28_14-57-53,Yb_Yag5_2026-09-28_13-03-16,14.8,18.3,0.0004707,0.0987,0.00476899696049,0.00159837,0.09885,0.0161696509863,0.294935058557,0.943874155121
YbYag5,Yb_Yag5_2026-09-28_14-57-53,Yb_Yag5_2026-09-28_13-03-16,14.9,18.3,0.000474216,0.0986,0.00480949290061,0.00158835,0.09885,0.0160682852807,0.299315876996,0.957893991633
YbYag5,Yb_Yag5_2026-09-28_14-57-53,Yb_Yag5_2026-09-28_13-03-16,15,18.3,0.000475051,0.09865,0.00481551951343,0.00158835,0.0989,0.0160601617796,0.299842528333,0.959579422278
YbYag5,Yb_Yag5_2026-09-28_14-57-53,Yb_Yag5_2026-09-28_13-03-16,15.1,18.3,0.000470402,0.09865,0.00476839330968,0.00159312,0.09885,0.0161165402124,0.295869538179,0.946864749619
YbYag5,Yb_Yag5_2026-09-28_14-57-53,Yb_Yag5_2026-09-28_13-03-16,15.2,18.3,0.000465574,0.09865,0.00471945261024,0.00158907,0.0989,0.0160674418605,0.293727691764,0.940010245835
YbYag5,Yb_Yag5_2026-09-28_14-57-53,Yb_Yag5_2026-09-28_13-03-16,15.3,18.3,0.000471296,0.09865,0.00477745565129,0.00159145,0.09895,0.0160833754421,0.297043096985,0.950620463951
YbYag5,Yb_Yag5_2026-09-28_14-57-53,Yb_Yag5_2026-09-28_13-03-16,15.4,18.3,0.000470819,0.0987,0.00477020263425,0.00158501,0.09885,0.0160344967122,0.297496249484,0.95207067789
YbYag5,Yb_Yag5_2026-09-28_14-57-53,Yb_Yag5_2026-09-28_13-03-16,15.5,18.3,0.000474455,0.09855,0.00481435819381,0.00158954,0.09885,0.0160803237228,0.299394357776,0.958145151939
YbYag5,Yb_Yag5_2026-09-28_14-57-53,Yb_Yag5_2026-09-28_13-03-16,15.6,18.3,0.000465872,0.0986,0.00472486815416,0.00158621,0.09885,0.0160466363177,0.29444601726,0.942309087056
YbYag5,Yb_Yag5_2026-09-28_14-57-53,Yb_Yag5_2026-09-28_13-03-16,15.7,18.3,0.000471177,0.0987,0.00477382978723,0.00158144,0.09895,0.015982213239,0.29869641431,0.955911538879
YbYag5,Yb_Yag5_2026-09-28_14-57-53,Yb_Yag5_2026-09-28_13-03-16,15.8,18.3,0.000470461,0.0986,0.00477140973631,0.00158931,0.0989,0.0160698685541,0.296916537945,0.95021543985
YbYag5,Yb_Yag5_2026-09-28_14-57-53,Yb_Yag5_2026-09-28_13-03-16,15.9,18.3,0.000474038,0.09865,0.00480525088697,0.00159527,0.09895,0.0161219807984,0.298055862183,0.953861594052
YbYag5,Yb_Yag5_2026-09-28_14-57-53,Yb_Yag5_2026-09-28_13-03-16,16,18.3,0.000470342,0.09875,0.00476295696203,0.00159312,0.099,0.0160921212121,0.295980678945,0.947220430961
YbYag5,Yb_Yag5_2026-09-28_14-57-53,Yb_Yag5_2026-09-28_13-03-16,16.1,18.3,0.000470819,0.09865,0.00477262037506,0.00158764,0.0989,0.0160529828109,0.297304272438,0.951456297988
YbYag5,Yb_Yag5_2026-09-28_14-57-53,Yb_Yag5_2026-09-28_13-03-16,16.2,18.3,0.000466468,0.0986,0.0047309127789,0.00159121,0.099,0.0160728282828,0.294342271047,0.941977070341
YbYag5,Yb_Yag5_2026-09-28_14-57-53,Yb_Yag5_2026-09-28_13-03-16,16.3,18.3,0.000472547,0.09855,0.00479499746322,0.0015967,0.0989,0.0161445904954,0.297003350106,0.950493262892
YbYag5,Yb_Yag5_2026-09-28_14-57-53,Yb_Yag5_2026-09-28_13-03-16,16.4,18.3,0.000476899,0.09865,0.0048342524075,0.00159336,0.09895,0.0161026781203,0.300214186198,0.960768830737
YbYag5,Yb_Yag5_2026-09-28_14-57-53,Yb_Yag5_2026-09-28_13-03-16,16.5,18.3,0.000475945,0.09865,0.00482458185504,0.00159622,0.09885,0.0161479008599,0.298774552612,0.956161603161
YbYag5,Yb_Yag5_2026-09-28_14-57-53,Yb_Yag5_2026-09-28_13-03-16,16.6,18.3,0.000470819,0.0986,0.00477504056795,0.00159765,0.0989,0.0161541961577,0.295591344895,0.945974453796
YbYag5,Yb_Yag5_2026-09-28_14-57-53,Yb_Yag5_2026-09-28_13-03-16,16.7,18.3,0.000471892,0.09865,0.00478349721237,0.00159741,0.09885,0.016159939302,0.296009602696,0.947312995
YbYag5,Yb_Yag5_2026-09-28_14-57-53,Yb_Yag5_2026-09-28_13-03-16,16.8,18.3,0.00046915,0.09855,0.00476052765094,0.00158954,0.0989,0.0160721941355,0.296196500043,0.947911118452
YbYag5,Yb_Yag5_2026-09-28_14-57-53,Yb_Yag5_2026-09-28_13-03-16,16.9,18.3,0.000467183,0.0987,0.00473336372847,0.00157333,0.0988,0.0159243927126,0.297239826592,0.951250053368
YbYag5,Yb_Yag5_2026-09-28_14-57-53,Yb_Yag5_2026-09-28_13-03-16,17,18.3,0.00047213,0.09865,0.00478590978206,0.00159145,0.0989,0.0160915065723,0.29741837786,0.95182146705
YbYag5,Yb_Yag5_2026-09-28_14-57-53,Yb_Yag5_2026-09-28_13-03-16,17.1,18.3,0.000475945,0.09865,0.00482458185504,0.0015936,0.09895,0.0161051035877,0.29956850813,0.958702481472
YbYag5,Yb_Yag5_2026-09-28_14-57-53,Yb_Yag5_2026-09-28_13-03-16,17.2,18.3,0.000472488,0.0986,0.00479196754564,0.00159956,0.09895,0.0161653360283,0.29643476246,0.948673624406
YbYag5,Yb_Yag5_2026-09-28_14-57-53,Yb_Yag5_2026-09-28_13-03-16,17.3,18.3,0.00046766,0.09875,0.00473579746835,0.00159121,0.09885,0.0160972180071,0.294199747202,0.94152095443
YbYag5,Yb_Yag5_2026-09-28_14-57-53,Yb_Yag5_2026-09-28_13-03-16,17.4,18.3,0.000471355,0.0987,0.00477563323202,0.00158978,0.0988,0.0160908906883,0.296791105261,0.949814020403
YbYag5,Yb_Yag5_2026-09-28_14-57-53,Yb_Yag5_2026-09-28_13-03-16,17.5,18.3,0.000471594,0.0987,0.00477805471125,0.00158072,0.09885,0.0159910976227,0.298794668383,0.956225979218
YbYag5,Yb_Yag5_2026-09-28_14-57-53,Yb_Yag5_2026-09-28_13-03-16,17.6,18.3,0.000470461,0.0987,0.00476657548126,0.00158501,0.09885,0.0160344967122,0.29727004014,0.95134674512
YbYag5,Yb_Yag5_2026-09-28_14-57-53,Yb_Yag5_2026-09-28_13-03-16,17.7,18.3,0.000471594,0.0986,0.00478290060852,0.0015812,0.09905,0.0159636547198,0.299611880392,0.958841284764
YbYag5,Yb_Yag5_2026-09-28_14-57-53,Yb_Yag5_2026-09-28_13-03-16,17.8,18.3,0.000470521,0.0986,0.00477201825558,0.00157262,0.09885,0.0159091552858,0.299954219432,0.959936864837
YbYag5,Yb_Yag5_2026-09-28_14-57-53,Yb_Yag5_2026-09-28_13-03-16,17.9,18.3,0.000467302,0.0988,0.00472977732794,0.00157357,0.09885,0.0159187658068,0.297119599933,0.950865294647
YbYag5,Yb_Yag5_2026-09-28_14-57-53,Yb_Yag5_2026-09-28_13-03-16,18,18.3,0.000471415,0.09865,0.00477866193614,0.00156785,0.0988,0.0158689271255,0.301133271225,0.963710158254
YbYag5,Yb_Yag5_2026-09-28_14-57-53,Yb_Yag5_2026-09-28_13-03-16,18.1,18.3,0.000465753,0.0987,0.00471887537994,0.00156666,0.0989,0.0158408493428,0.297892826188,0.953339833556
YbYag5,Yb_Yag5_2026-09-28_14-57-53,Yb_Yag5_2026-09-28_13-03-16,18.2,18.3,0.000458481,0.09865,0.00464755195134,0.00156117,0.09885,0.015793323217,0.294273212008,0.941756062224
YbYag5,Yb_Yag5_2026-09-28_14-57-53,Yb_Yag5_2026-09-28_13-03-16,18.3,18.3,0.000459732,0.09885,0.00465080424886,0.00155831,0.0988,0.0157723684211,0.29487037867,0.943667161508
YbYag5,Yb_Yag5_2026-09-28_14-57-53,Yb_Yag5_2026-09-28_13-03-16,18.4,18.3,0.000462534,0.09875,0.00468388860759,0.0015545,0.09885,0.0157258472433,0.297846502966,0.953191586371
YbYag5,Yb_Yag5_2026-09-28_14-57-53,Yb_Yag5_2026-09-28_13-03-16,18.5,18.3,0.000461521,0.09875,0.00467363037975,0.00155783,0.0989,0.0157515672396,0.296708912114,0.949550979489
YbYag5,Yb_Yag5_2026-09-28_14-57-53,Yb_Yag5_2026-09-28_13-03-16,18.6,18.3,0.00046766,0.0987,0.00473819655522,0.00156284,0.0989,0.0158022244692,0.299843643182,0.959582990104
YbYag5,Yb_Yag5_2026-09-28_14-57-53,Yb_Yag5_2026-09-28_13-03-16,18.7,18.3,0.000470998,0.0987,0.00477201621074,0.00157691,0.09895,0.0159364325417,0.299440680858,0.958293398678
YbYag5,Yb_Yag5_2026-09-28_14-57-53,Yb_Yag5_2026-09-28_13-03-16,18.8,18.3,0.000466587,0.09865,0.0047297212367,0.00158335,0.09885,0.0160177035913,0.295280856569,0.944980804861
YbYag5,Yb_Yag5_2026-09-28_14-57-53,Yb_Yag5_2026-09-28_13-03-16,18.9,18.3,0.00046772,0.09875,0.00473640506329,0.00158859,0.09885,0.0160707132018,0.294722767049,0.943194763297
YbYag5,Yb_Yag5_2026-09-28_14-57-53,Yb_Yag5_2026-09-28_13-03-16,19,18.3,0.000471951,0.0987,0.00478167173252,0.00159074,0.0989,0.0160843276036,0.297287636161,0.951403057279
YbYag5,Yb_Yag5_2026-09-28_14-57-53,Yb_Yag5_2026-09-28_13-03-16,19.1,18.3,0.000470879,0.0986,0.00477564908722,0.00159336,0.0989,0.0161108190091,0.296424972841,0.948642294904
YbYag5,Yb_Yag5_2026-09-28_14-57-53,Yb_Yag5_2026-09-28_13-03-16,19.2,18.3,0.000470461,0.09865,0.00476899138368,0.00158168,0.09875,0.0160170126582,0.297745371465,0.952867937464
YbYag5,Yb_Yag5_2026-09-28_14-57-53,Yb_Yag5_2026-09-28_13-03-16,19.3,18.3,0.000471355,0.0985,0.00478532994924,0.00159074,0.0989,0.0160843276036,0.29751507599,0.952130927941
YbYag5,Yb_Yag5_2026-09-28_14-57-53,Yb_Yag5_2026-09-28_13-03-16,19.4,18.3,0.000474336,0.0986,0.00481070993915,0.00159217,0.09885,0.0161069296915,0.298673305918,0.955837585602
YbYag5,Yb_Yag5_2026-09-28_14-57-53,Yb_Yag5_2026-09-28_13-03-16,19.5,18.3,0.000471355,0.09865,0.00477805372529,0.00158525,0.0987,0.0160612968592,0.297488662788,0.952046398354
YbYag5,Yb_Yag5_2026-09-28_14-57-53,Yb_Yag5_2026-09-28_13-03-16,19.6,18.3,0.000475945,0.09855,0.00482947742263,0.00158954,0.0987,0.0161047619048,0.299878846467,0.959695650399
YbYag5,Yb_Yag5_2026-09-28_14-57-53,Yb_Yag5_2026-09-28_13-03-16,19.7,18.3,0.000470879,0.0985,0.00478049746193,0.00158597,0.09875,0.0160604556962,0.297656402306,0.952583211429
YbYag5,Yb_Yag5_2026-09-28_14-57-53,Yb_Yag5_2026-09-28_13-03-16,19.8,18.3,0.000475826,0.09845,0.0048331742001,0.00158549,0.09875,0.0160555949367,0.30102741251,0.963371380944
YbYag5,Yb_Yag5_2026-09-28_14-57-53,Yb_Yag5_2026-09-28_13-03-16,19.9,18.3,0.000476422,0.09855,0.00483431760528,0.0015998,0.0988,0.0161923076923,0.29855643168,0.95546355556
YbYag5,Yb_Yag5_2026-09-28_14-57-53,Yb_Yag5_2026-09-28_13-03-16,20,18.3,0.000484588,0.09835,0.00492717844433,0.00161076,0.0988,0.0163032388664,0.30222083383,0.967190660841
YbYag5,Yb_Yag5_2026-09-28_14-57-53,Yb_Yag5_2026-09-28_13-03-16,20.1,18.3,0.000477733,0.09855,0.00484762049721,0.00161458,0.0987,0.0163584599797,0.296337216537,0.948361450341
YbYag5,Yb_Yag5_2026-09-28_14-57-53,Yb_Yag5_2026-09-28_13-03-16,20.2,18.3,0.000476422,0.09855,0.00483431760528,0.00162459,0.0987,0.0164598784195,0.293703117488,0.939931601322
YbYag5,Yb_Yag5_2026-09-28_14-57-53,Yb_Yag5_2026-09-28_13-03-16,20.3,18.3,0.000484051,0.09835,0.00492171835282,0.00163866,0.09875,0.0165940253165,0.296595808368,0.949189016067
YbYag5,Yb_Yag5_2026-09-28_14-57-53,Yb_Yag5_2026-09-28_13-03-16,20.4,18.3,0.000493649,0.09845,0.00501421025901,0.00167824,0.09875,0.016994835443,0.295043178019,0.944220167447
YbYag5,Yb_Yag5_2026-09-28_14-57-53,Yb_Yag5_2026-09-28_13-03-16,20.5,18.3,0.000517193,0.09845,0.00525335703403,0.00175525,0.0987,0.0177836879433,0.295403127337,0.945372105301
YbYag5,Yb_Yag5_2026-09-28_14-57-53,Yb_Yag5_2026-09-28_13-03-16,20.6,18.3,0.000536922,0.09855,0.00544821917808,0.00182272,0.0989,0.0184299292214,0.295618019615,0.946059820315
YbYag5,Yb_Yag5_2026-09-28_14-57-53,Yb_Yag5_2026-09-28_13-03-16,20.7,18.3,0.000546936,0.09855,0.0055498325723,0.00186921,0.09885,0.0189095599393,0.293493481081,0.939260706558
YbYag5,Yb_Yag5_2026-09-28_14-57-53,Yb_Yag5_2026-09-28_13-03-16,20.8,18.3,0.000545029,0.0986,0.00552767748479,0.00189567,0.0989,0.0191675429727,0.288387379262,0.92291976166
YbYag5,Yb_Yag5_2026-09-28_14-57-53,Yb_Yag5_2026-09-28_13-03-16,20.9,18.3,0.000556711,0.0986,0.00564615618661,0.00188876,0.09895,0.0190880242547,0.295795736178,0.946628562707
YbYag5,Yb_Yag5_2026-09-28_14-57-53,Yb_Yag5_2026-09-28_13-03-16,21,18.3,0.00052518,0.0987,0.00532097264438,0.00185133,0.09885,0.0187286798179,0.284108260492,0.909225392353
YbYag5,Yb_Yag5_2026-09-28_14-57-53,Yb_Yag5_2026-09-28_13-03-16,21.1,18.3,0.00048578,0.09865,0.00492427774962,0.00176001,0.0988,0.0178138663968,0.276429475776,0.88465114719
YbYag5,Yb_Yag5_2026-09-28_14-57-53,Yb_Yag5_2026-09-28_13-03-16,13.4,18.4,0.00041187,0.0985,0.0041814213198,0.0011437,0.09865,0.0115935124176,0.360669068112,1.15424125436
YbYag5,Yb_Yag5_2026-09-28_14-57-53,Yb_Yag5_2026-09-28_13-03-16,13.5,18.4,0.000465455,0.09855,0.0047230339929,0.00149012,0.09865,0.015105119108,0.31267770609,1.00065555823
YbYag5,Yb_Yag5_2026-09-28_14-57-53,Yb_Yag5_2026-09-28_13-03-16,13.6,18.4,0.000475826,0.09855,0.00482826991375,0.0015874,0.09865,0.016091231627,0.300055957535,0.960262455039
YbYag5,Yb_Yag5_2026-09-28_14-57-53,Yb_Yag5_2026-09-28_13-03-16,13.7,18.4,0.000479581,0.0986,0.00486390466531,0.00160456,0.0987,0.0162569402229,0.299189429168,0.957489323442
YbYag5,Yb_Yag5_2026-09-28_14-57-53,Yb_Yag5_2026-09-28_13-03-16,13.8,18.4,0.000476481,0.0985,0.00483737055838,0.0016079,0.09875,0.0162825316456,0.297089584327,0.950769236366
YbYag5,Yb_Yag5_2026-09-28_14-57-53,Yb_Yag5_2026-09-28_13-03-16,13.9,18.4,0.000481786,0.09855,0.00488874682902,0.00161792,0.09885,0.016367425392,0.298687589033,0.955883295541
YbYag5,Yb_Yag5_2026-09-28_14-57-53,Yb_Yag5_2026-09-28_13-03-16,14,18.4,0.000480713,0.0986,0.00487538539554,0.00161505,0.09885,0.0163383915023,0.298400573573,0.9549647663
YbYag5,Yb_Yag5_2026-09-28_14-57-53,Yb_Yag5_2026-09-28_13-03-16,14.1,18.4,0.000476183,0.0985,0.00483434517766,0.00161553,0.0988,0.0163515182186,0.295651150739,0.946165849118
YbYag5,Yb_Yag5_2026-09-28_14-57-53,Yb_Yag5_2026-09-28_13-03-16,14.2,18.4,0.000477614,0.09865,0.00484150025342,0.00160909,0.09895,0.0162616472966,0.297725080683,0.952803001322
YbYag5,Yb_Yag5_2026-09-28_14-57-53,Yb_Yag5_2026-09-28_13-03-16,14.3,18.4,0.000476779,0.0986,0.00483548681542,0.00161029,0.0988,0.0162984817814,0.296683266593,0.949468906696
YbYag5,Yb_Yag5_2026-09-28_14-57-53,Yb_Yag5_2026-09-28_13-03-16,14.4,18.4,0.00047517,0.0986,0.004819168357,0.00160123,0.09895,0.016182213239,0.297806504328,0.953063579615
YbYag5,Yb_Yag5_2026-09-28_14-57-53,Yb_Yag5_2026-09-28_13-03-16,14.5,18.4,0.000471296,0.0986,0.00477987829615,0.00159813,0.09895,0.016150884285,0.295951491683,0.94712702361
YbYag5,Yb_Yag5_2026-09-28_14-57-53,Yb_Yag5_2026-09-28_13-03-16,14.6,18.4,0.000471832,0.0986,0.00478531440162,0.00160528,0.09895,0.0162231430015,0.294968391832,0.943980830866
YbYag5,Yb_Yag5_2026-09-28_14-57-53,Yb_Yag5_2026-09-28_13-03-16,14.7,18.4,0.000475051,0.0986,0.00481796146045,0.00160123,0.0988,0.0162067813765,0.297280585733,0.951380493948
YbYag5,Yb_Yag5_2026-09-28_14-57-53,Yb_Yag5_2026-09-28_13-03-16,14.8,18.4,0.000475289,0.09865,0.00481793208312,0.00159837,0.09885,0.0161696509863,0.297961414702,0.953559335864
YbYag5,Yb_Yag5_2026-09-28_14-57-53,Yb_Yag5_2026-09-28_13-03-16,14.9,18.4,0.00047517,0.0987,0.00481428571429,0.0015986,0.09895,0.0161556341587,0.297994227091,0.953664344628
YbYag5,Yb_Yag5_2026-09-28_14-57-53,Yb_Yag5_2026-09-28_13-03-16,15,18.4,0.00047064,0.0987,0.00476838905775,0.00158811,0.09885,0.0160658573596,0.296802651176,0.94985097054
YbYag5,Yb_Yag5_2026-09-28_14-57-53,Yb_Yag5_2026-09-28_13-03-16,15.1,18.4,0.000470759,0.0986,0.00477443204868,0.00159074,0.099,0.0160680808081,0.297137667261,0.950923115118
YbYag5,Yb_Yag5_2026-09-28_14-57-53,Yb_Yag5_2026-09-28_13-03-16,15.2,18.4,0.000471713,0.09875,0.00477684050633,0.00159908,0.09895,0.0161604850935,0.295587692986,0.945962766674
YbYag5,Yb_Yag5_2026-09-28_14-57-53,Yb_Yag5_2026-09-28_13-03-16,15.3,18.4,0.00047672,0.09875,0.0048275443038,0.00158835,0.09885,0.0160682852807,0.300439295137,0.961489241904
YbYag5,Yb_Yag5_2026-09-28_14-57-53,Yb_Yag5_2026-09-28_13-03-16,15.4,18.4,0.000470759,0.0987,0.00476959473151,0.0015936,0.0989,0.0161132457027,0.296004592713,0.947296961662
YbYag5,Yb_Yag5_2026-09-28_14-57-53,Yb_Yag5_2026-09-28_13-03-16,15.5,18.4,0.000467779,0.0987,0.00473940222898,0.00159455,0.0989,0.016122851365,0.293955586496,0.940739572312
YbYag5,Yb_Yag5_2026-09-28_14-57-53,Yb_Yag5_2026-09-28_13-03-16,15.6,18.4,0.000471296,0.0987,0.00477503546099,0.00159574,0.0989,0.0161348837209,0.29594483255,0.947105712532
YbYag5,Yb_Yag5_2026-09-28_14-57-53,Yb_Yag5_2026-09-28_13-03-16,15.7,18.4,0.000470342,0.0986,0.00477020283976,0.00159074,0.0989,0.0160843276036,0.296574588464,0.949121106479
YbYag5,Yb_Yag5_2026-09-28_14-57-53,Yb_Yag5_2026-09-28_13-03-16,15.8,18.4,0.000475945,0.09865,0.00482458185504,0.0015936,0.0989,0.0161132457027,0.299417134453,0.958218043637
YbYag5,Yb_Yag5_2026-09-28_14-57-53,Yb_Yag5_2026-09-28_13-03-16,15.9,18.4,0.000471415,0.0986,0.0047810851927,0.00159622,0.0989,0.0161397371082,0.29623067344,0.94802048282
YbYag5,Yb_Yag5_2026-09-28_14-57-53,Yb_Yag5_2026-09-28_13-03-16,16,18.4,0.000467004,0.0988,0.0047267611336,0.00158788,0.0989,0.0160554095046,0.294403025488,0.942171501438
YbYag5,Yb_Yag5_2026-09-28_14-57-53,Yb_Yag5_2026-09-28_13-03-16,16.1,18.4,0.000471236,0.09875,0.00477201012658,0.00159622,0.0989,0.0161397371082,0.295668392526,0.94622102763
YbYag5,Yb_Yag5_2026-09-28_14-57-53,Yb_Yag5_2026-09-28_13-03-16,16.2,18.4,0.000471951,0.0987,0.00478167173252,0.00159193,0.09885,0.0161045017704,0.296915222879,0.950211231276
YbYag5,Yb_Yag5_2026-09-28_14-57-53,Yb_Yag5_2026-09-28_13-03-16,16.3,18.4,0.000474634,0.0986,0.00481373225152,0.00159884,0.0989,0.0161662285137,0.297764704207,0.952929807609
YbYag5,Yb_Yag5_2026-09-28_14-57-53,Yb_Yag5_2026-09-28_13-03-16,16.4,18.4,0.000475528,0.09865,0.00482035478966,0.00160576,0.0989,0.01623619818,0.296889378672,0.95012852263
YbYag5,Yb_Yag5_2026-09-28_14-57-53,Yb_Yag5_2026-09-28_13-03-16,16.5,18.4,0.000471713,0.09865,0.00478168271668,0.00160433,0.099,0.0162053535354,0.295068090075,0.94429989295
YbYag5,Yb_Yag5_2026-09-28_14-57-53,Yb_Yag5_2026-09-28_13-03-16,16.6,18.4,0.000478866,0.0987,0.0048517325228,0.0016029,0.0989,0.0162072800809,0.299355135383,0.958019629381
YbYag5,Yb_Yag5_2026-09-28_14-57-53,Yb_Yag5_2026-09-28_13-03-16,16.7,18.4,0.000475766,0.0987,0.00482032421479,0.0016079,0.09885,0.0162660596864,0.296342464477,0.948378245207
YbYag5,Yb_Yag5_2026-09-28_14-57-53,Yb_Yag5_2026-09-28_13-03-16,16.8,18.4,0.000471892,0.0987,0.0047810739615,0.00160528,0.099,0.0162149494949,0.29485592681,0.943620911539
YbYag5,Yb_Yag5_2026-09-28_14-57-53,Yb_Yag5_2026-09-28_13-03-16,16.9,18.4,0.000471296,0.0986,0.00477987829615,0.00159598,0.09885,0.0161454729388,0.296050683326,0.947444464433
YbYag5,Yb_Yag5_2026-09-28_14-57-53,Yb_Yag5_2026-09-28_13-03-16,17,18.4,0.000475587,0.09845,0.00483074657186,0.00160123,0.09905,0.0161658758203,0.298823684257,0.956318838079
YbYag5,Yb_Yag5_2026-09-28_14-57-53,Yb_Yag5_2026-09-28_13-03-16,17.1,18.4,0.000471832,0.0988,0.00477562753036,0.00159837,0.0989,0.0161614762386,0.295494511755,0.945664560836
YbYag5,Yb_Yag5_2026-09-28_14-57-53,Yb_Yag5_2026-09-28_13-03-16,17.2,18.4,0.000471415,0.0987,0.00477624113475,0.00159717,0.0988,0.0161656882591,0.295455476946,0.945539638599
YbYag5,Yb_Yag5_2026-09-28_14-57-53,Yb_Yag5_2026-09-28_13-03-16,17.3,18.4,0.000474753,0.09855,0.00481738203957,0.00159932,0.09885,0.0161792615073,0.297750428065,0.952884119987
YbYag5,Yb_Yag5_2026-09-28_14-57-53,Yb_Yag5_2026-09-28_13-03-16,17.4,18.4,0.000463607,0.0988,0.00469237854251,0.00159217,0.09885,0.0161069296915,0.291326691827,0.932326378754
YbYag5,Yb_Yag5_2026-09-28_14-57-53,Yb_Yag5_2026-09-28_13-03-16,17.5,18.4,0.000475826,0.0988,0.00481605263158,0.00159097,0.0987,0.0161192502533,0.298776466393,0.956167727791
YbYag5,Yb_Yag5_2026-09-28_14-57-53,Yb_Yag5_2026-09-28_13-03-16,17.6,18.4,0.000470521,0.09875,0.00476476962025,0.00158668,0.0988,0.01605951417,0.296694505812,0.949504875319
YbYag5,Yb_Yag5_2026-09-28_14-57-53,Yb_Yag5_2026-09-28_13-03-16,17.7,18.4,0.00046307,0.0987,0.00469169199595,0.00158239,0.0988,0.0160160931174,0.292936108798,0.937476960347
YbYag5,Yb_Yag5_2026-09-28_14-57-53,Yb_Yag5_2026-09-28_13-03-16,17.8,18.4,0.000461521,0.09875,0.00467363037975,0.00156999,0.0988,0.0158905870445,0.294113135447,0.941243772742
YbYag5,Yb_Yag5_2026-09-28_14-57-53,Yb_Yag5_2026-09-28_13-03-16,17.9,18.4,0.000462474,0.09875,0.00468328101266,0.00156999,0.0989,0.0158745197169,0.295018753082,0.944142000862
YbYag5,Yb_Yag5_2026-09-28_14-57-53,Yb_Yag5_2026-09-28_13-03-16,18,18.4,0.000462772,0.09865,0.00469104916371,0.00156379,0.09905,0.0157878849066,0.297129678324,0.950897548299
YbYag5,Yb_Yag5_2026-09-28_14-57-53,Yb_Yag5_2026-09-28_13-03-16,18.1,18.4,0.000463547,0.0986,0.00470128803245,0.00156022,0.09895,0.0157677614957,0.298158241024,0.954189234797
YbYag5,Yb_Yag5_2026-09-28_14-57-53,Yb_Yag5_2026-09-28_13-03-16,18.2,18.4,0.000461282,0.0987,0.00467357649443,0.00155235,0.0989,0.0156961577351,0.297752900634,0.952892032895
YbYag5,Yb_Yag5_2026-09-28_14-57-53,Yb_Yag5_2026-09-28_13-03-16,18.3,18.4,0.000462772,0.09865,0.00469104916371,0.00155068,0.0988,0.0156951417004,0.298885429215,0.956516439104
YbYag5,Yb_Yag5_2026-09-28_14-57-53,Yb_Yag5_2026-09-28_13-03-16,18.4,18.4,0.000462355,0.0987,0.00468444782168,0.00155021,0.0988,0.0156903846154,0.298555321396,0.955460002342
YbYag5,Yb_Yag5_2026-09-28_14-57-53,Yb_Yag5_2026-09-28_13-03-16,18.5,18.4,0.000460865,0.0986,0.0046740872211,0.00154854,0.09885,0.0156655538695,0.29836718574,0.954857915956
YbYag5,Yb_Yag5_2026-09-28_14-57-53,Yb_Yag5_2026-09-28_13-03-16,18.6,18.4,0.00045705,0.09855,0.00463774733638,0.00155497,0.0989,0.0157226491405,0.294972386329,0.943993614364
YbYag5,Yb_Yag5_2026-09-28_14-57-53,Yb_Yag5_2026-09-28_13-03-16,18.7,18.4,0.000467183,0.0986,0.0047381643002,0.00157429,0.09885,0.0159260495701,0.297510332323,0.952115746888
YbYag5,Yb_Yag5_2026-09-28_14-57-53,Yb_Yag5_2026-09-28_13-03-16,18.8,18.4,0.000471236,0.09855,0.00478169457128,0.00158406,0.09875,0.0160411139241,0.298089932776,0.953970629416
YbYag5,Yb_Yag5_2026-09-28_14-57-53,Yb_Yag5_2026-09-28_13-03-16,18.9,18.4,0.000470104,0.09845,0.00477505332656,0.00158478,0.09875,0.0160484050633,0.2975406782,0.952212862126
YbYag5,Yb_Yag5_2026-09-28_14-57-53,Yb_Yag5_2026-09-28_13-03-16,19,18.4,0.000476303,0.0987,0.00482576494428,0.00160218,0.0989,0.0162,0.297886724956,0.953320307917
YbYag5,Yb_Yag5_2026-09-28_14-57-53,Yb_Yag5_2026-09-28_13-03-16,19.1,18.4,0.000474932,0.09865,0.00481431322859,0.00159837,0.0989,0.0161614762386,0.297888210057,0.953325060654
YbYag5,Yb_Yag5_2026-09-28_14-57-53,Yb_Yag5_2026-09-28_13-03-16,19.2,18.4,0.000464382,0.09855,0.00471214611872,0.00158311,0.0987,0.0160396149949,0.293781747269,0.940183238473
YbYag5,Yb_Yag5_2026-09-28_14-57-53,Yb_Yag5_2026-09-28_13-03-16,19.3,18.4,0.000475826,0.09865,0.0048233755702,0.00159336,0.09885,0.0161189681335,0.299236001353,0.957638367376
YbYag5,Yb_Yag5_2026-09-28_14-57-53,Yb_Yag5_2026-09-28_13-03-16,19.4,18.4,0.000469925,0.09865,0.00476355803345,0.00159002,0.09865,0.0161177901673,0.295546596897,0.945831247767
YbYag5,Yb_Yag5_2026-09-28_14-57-53,Yb_Yag5_2026-09-28_13-03-16,19.5,18.4,0.000469984,0.09855,0.00476899036022,0.00159241,0.0989,0.0161012133468,0.296188259698,0.94788474706
YbYag5,Yb_Yag5_2026-09-28_14-57-53,Yb_Yag5_2026-09-28_13-03-16,19.6,18.4,0.000470461,0.09855,0.00477383054287,0.00159288,0.09895,0.0160978271854,0.296551235635,0.949046370935
YbYag5,Yb_Yag5_2026-09-28_14-57-53,Yb_Yag5_2026-09-28_13-03-16,19.7,18.4,0.000471296,0.0985,0.00478473096447,0.00159121,0.0988,0.0161053643725,0.297089271239,0.950768234399
YbYag5,Yb_Yag5_2026-09-28_14-57-53,Yb_Yag5_2026-09-28_13-03-16,19.8,18.4,0.000470104,0.0984,0.0047774796748,0.00160027,0.0988,0.0161970647773,0.294959595488,0.943952680118
YbYag5,Yb_Yag5_2026-09-28_14-57-53,Yb_Yag5_2026-09-28_13-03-16,19.9,18.4,0.000479164,0.0985,0.00486460913706,0.00161339,0.0987,0.0163464032421,0.29759507734,0.952386954493
YbYag5,Yb_Yag5_2026-09-28_14-57-53,Yb_Yag5_2026-09-28_13-03-16,20,18.4,0.00047976,0.0984,0.0048756097561,0.00161386,0.0986,0.0163677484787,0.297879073743,0.953295821912
YbYag5,Yb_Yag5_2026-09-28_14-57-53,Yb_Yag5_2026-09-28_13-03-16,20.1,18.4,0.000482799,0.09845,0.00490400203149,0.00162984,0.0987,0.0165130699088,0.29697700419,0.950408948639
YbYag5,Yb_Yag5_2026-09-28_14-57-53,Yb_Yag5_2026-09-28_13-03-16,20.2,18.4,0.000484588,0.09845,0.00492217369223,0.00163818,0.0987,0.0165975683891,0.296559928348,0.949074190034
YbYag5,Yb_Yag5_2026-09-28_14-57-53,Yb_Yag5_2026-09-28_13-03-16,20.3,18.4,0.000489417,0.0985,0.00496870050761,0.00166488,0.09875,0.0168595443038,0.294711435735,0.943158499942
YbYag5,Yb_Yag5_2026-09-28_14-57-53,Yb_Yag5_2026-09-28_13-03-16,20.4,18.4,0.000502054,0.0985,0.00509699492386,0.00172854,0.09885,0.0174864946889,0.291481798642,0.932822763669
YbYag5,Yb_Yag5_2026-09-28_14-57-53,Yb_Yag5_2026-09-28_13-03-16,20.5,18.4,0.000524048,0.09855,0.00531758498224,0.00180841,0.09895,0.0182759979788,0.290960033395,0.931152969872
YbYag5,Yb_Yag5_2026-09-28_14-57-53,Yb_Yag5_2026-09-28_13-03-16,20.6,18.4,0.000543062,0.09865,0.0055049366447,0.00185848,0.09875,0.0188200506329,0.292503816917,0.936093506188
YbYag5,Yb_Yag5_2026-09-28_14-57-53,Yb_Yag5_2026-09-28_13-03-16,20.7,18.4,0.000547294,0.0985,0.00555628426396,0.00187994,0.0988,0.0190277327935,0.292009790355,0.93451248389
YbYag5,Yb_Yag5_2026-09-28_14-57-53,Yb_Yag5_2026-09-28_13-03-16,20.8,18.4,0.000556294,0.0985,0.00564765482234,0.00192643,0.0989,0.0194785642063,0.289942049246,0.927895137678
YbYag5,Yb_Yag5_2026-09-28_14-57-53,Yb_Yag5_2026-09-28_13-03-16,20.9,18.4,0.000547055,0.09855,0.00555104008118,0.00186826,0.0989,0.0188903943377,0.293855172208,0.940418218684
YbYag5,Yb_Yag5_2026-09-28_14-57-53,Yb_Yag5_2026-09-28_13-03-16,21,18.4,0.000537816,0.09855,0.00545729071537,0.00185443,0.09875,0.0187790379747,0.290605446494,0.930018193243
YbYag5,Yb_Yag5_2026-09-28_14-57-53,Yb_Yag5_2026-09-28_13-03-16,21.1,18.4,0.000417473,0.09855,0.00423615423643,0.0016954,0.09895,0.0171339060131,0.247238092306,0.791230607276
YbYag5,Yb_Yag5_2026-09-28_14-57-53,Yb_Yag5_2026-09-28_13-03-16,13.4,18.5,0.000373067,0.09835,0.0037932587697,0.000934605,0.09875,0.00946435443038,0.400794243031,1.2826529656
YbYag5,Yb_Yag5_2026-09-28_14-57-53,Yb_Yag5_2026-09-28_13-03-16,13.5,18.5,0.000454368,0.0985,0.00461287309645,0.00139547,0.09855,0.0141600202943,0.325767407149,1.04254623948
YbYag5,Yb_Yag5_2026-09-28_14-57-53,Yb_Yag5_2026-09-28_13-03-16,13.6,18.5,0.000476303,0.0986,0.00483065922921,0.00156952,0.09875,0.0158938734177,0.303932156892,0.972667370248
YbYag5,Yb_Yag5_2026-09-28_14-57-53,Yb_Yag5_2026-09-28_13-03-16,13.7,18.5,0.000476422,0.09855,0.00483431760528,0.00161386,0.0988,0.0163346153846,0.295955398487,0.947139526467
YbYag5,Yb_Yag5_2026-09-28_14-57-53,Yb_Yag5_2026-09-28_13-03-16,13.8,18.5,0.000476958,0.0986,0.00483730223124,0.00162388,0.0987,0.0164526849037,0.294012938287,0.940923113982
YbYag5,Yb_Yag5_2026-09-28_14-57-53,Yb_Yag5_2026-09-28_13-03-16,13.9,18.5,0.000484945,0.0985,0.00492329949239,0.00161815,0.09875,0.0163863291139,0.30045164223,0.961528756032
YbYag5,Yb_Yag5_2026-09-28_14-57-53,Yb_Yag5_2026-09-28_13-03-16,14,18.5,0.000480773,0.09855,0.00487846778285,0.00161625,0.0988,0.016358805668,0.298216623014,0.954376073388
YbYag5,Yb_Yag5_2026-09-28_14-57-53,Yb_Yag5_2026-09-28_13-03-16,14.1,18.5,0.000481131,0.0986,0.00487962474645,0.00161887,0.0988,0.0163853238866,0.29780459515,0.953057469714
YbYag5,Yb_Yag5_2026-09-28_14-57-53,Yb_Yag5_2026-09-28_13-03-16,14.2,18.5,0.000485124,0.0988,0.00491016194332,0.00161291,0.09885,0.0163167425392,0.300927831123,0.963052692832
YbYag5,Yb_Yag5_2026-09-28_14-57-53,Yb_Yag5_2026-09-28_13-03-16,14.3,18.5,0.000479819,0.0988,0.00485646761134,0.0016079,0.099,0.0162414141414,0.299017534376,0.956939212335
YbYag5,Yb_Yag5_2026-09-28_14-57-53,Yb_Yag5_2026-09-28_13-03-16,14.4,18.5,0.000476362,0.09875,0.00482391898734,0.00160838,0.099,0.0162462626263,0.296924843473,0.95024201985
YbYag5,Yb_Yag5_2026-09-28_14-57-53,Yb_Yag5_2026-09-28_13-03-16,14.5,18.5,0.000477554,0.0987,0.00483843971631,0.00160147,0.09895,0.0161846387064,0.298952593511,0.956731383517
YbYag5,Yb_Yag5_2026-09-28_14-57-53,Yb_Yag5_2026-09-28_13-03-16,14.6,18.5,0.000476779,0.09865,0.00483303598581,0.00160719,0.09885,0.0162588770865,0.297255213881,0.95129929697
YbYag5,Yb_Yag5_2026-09-28_14-57-53,Yb_Yag5_2026-09-28_13-03-16,14.7,18.5,0.000476124,0.09875,0.00482150886076,0.00160337,0.09885,0.0162202326758,0.297252755687,0.951291430065
YbYag5,Yb_Yag5_2026-09-28_14-57-53,Yb_Yag5_2026-09-28_13-03-16,14.8,18.5,0.000468554,0.09875,0.00474485063291,0.00159884,0.09905,0.0161417465926,0.293949022535,0.940718565815
YbYag5,Yb_Yag5_2026-09-28_14-57-53,Yb_Yag5_2026-09-28_13-03-16,14.9,18.5,0.000475885,0.09865,0.0048239736442,0.00159813,0.0989,0.016159049545,0.29853077873,0.955381458989
YbYag5,Yb_Yag5_2026-09-28_14-57-53,Yb_Yag5_2026-09-28_13-03-16,15,18.5,0.000471534,0.09865,0.00477986822098,0.00159074,0.099,0.0160680808081,0.297475988456,0.952005836968
YbYag5,Yb_Yag5_2026-09-28_14-57-53,Yb_Yag5_2026-09-28_13-03-16,15.1,18.5,0.000468316,0.0988,0.00474004048583,0.00159145,0.099,0.0160752525253,0.29486569361,0.943652168013
YbYag5,Yb_Yag5_2026-09-28_14-57-53,Yb_Yag5_2026-09-28_13-03-16,15.2,18.5,0.000471057,0.09865,0.00477503294475,0.00159908,0.09885,0.0161768335862,0.295177231026,0.944649174327
YbYag5,Yb_Yag5_2026-09-28_14-57-53,Yb_Yag5_2026-09-28_13-03-16,15.3,18.5,0.000471892,0.09875,0.00477865316456,0.00159479,0.09895,0.0161171298636,0.296495294448,0.948867343589
YbYag5,Yb_Yag5_2026-09-28_14-57-53,Yb_Yag5_2026-09-28_13-03-16,15.4,18.5,0.00047219,0.0988,0.00477925101215,0.00158716,0.09875,0.0160725063291,0.29735567772,0.951620809176
YbYag5,Yb_Yag5_2026-09-28_14-57-53,Yb_Yag5_2026-09-28_13-03-16,15.5,18.5,0.000470819,0.09885,0.004762964087,0.00158573,0.09915,0.0159932425618,0.297811032916,0.953078072353
YbYag5,Yb_Yag5_2026-09-28_14-57-53,Yb_Yag5_2026-09-28_13-03-16,15.6,18.5,0.000467243,0.0987,0.00473397163121,0.00158954,0.0989,0.0160721941355,0.294544204189,0.942623312518
YbYag5,Yb_Yag5_2026-09-28_14-57-53,Yb_Yag5_2026-09-28_13-03-16,15.7,18.5,0.000472369,0.0987,0.00478590678825,0.0015936,0.09895,0.0161051035877,0.2971670913,0.951017280222
YbYag5,Yb_Yag5_2026-09-28_14-57-53,Yb_Yag5_2026-09-28_13-03-16,15.8,18.5,0.000471475,0.09875,0.00477443037975,0.00159193,0.0988,0.0161126518219,0.296315617846,0.948292328529
YbYag5,Yb_Yag5_2026-09-28_14-57-53,Yb_Yag5_2026-09-28_13-03-16,15.9,18.5,0.0004797,0.09855,0.00486757990868,0.00159527,0.0988,0.0161464574899,0.301464263088,0.964769424204
YbYag5,Yb_Yag5_2026-09-28_14-57-53,Yb_Yag5_2026-09-28_13-03-16,16,18.5,0.000471117,0.09865,0.0047756411556,0.00159908,0.09895,0.0161604850935,0.295513477966,0.945725257983
YbYag5,Yb_Yag5_2026-09-28_14-57-53,Yb_Yag5_2026-09-28_13-03-16,16.1,18.5,0.000471415,0.09865,0.00477866193614,0.00159193,0.09885,0.0161045017704,0.296728331262,0.94961312616
YbYag5,Yb_Yag5_2026-09-28_14-57-53,Yb_Yag5_2026-09-28_13-03-16,16.2,18.5,0.000475349,0.09875,0.00481366075949,0.00159813,0.0988,0.0161754048583,0.297591361803,0.952375063741
YbYag5,Yb_Yag5_2026-09-28_14-57-53,Yb_Yag5_2026-09-28_13-03-16,16.3,18.5,0.000472249,0.0987,0.00478469098278,0.00159431,0.09895,0.0161122789288,0.296959294456,0.95035227257
YbYag5,Yb_Yag5_2026-09-28_14-57-53,Yb_Yag5_2026-09-28_13-03-16,16.4,18.5,0.000471832,0.0986,0.00478531440162,0.00159264,0.0989,0.0161035389282,0.297159178672,0.950991957612
YbYag5,Yb_Yag5_2026-09-28_14-57-53,Yb_Yag5_2026-09-28_13-03-16,16.5,18.5,0.000479223,0.0986,0.00486027383367,0.00159479,0.09895,0.0161171298636,0.301559513065,0.965074250601
YbYag5,Yb_Yag5_2026-09-28_14-57-53,Yb_Yag5_2026-09-28_13-03-16,16.6,18.5,0.00047672,0.09865,0.00483243791181,0.00160671,0.09875,0.0162704810127,0.297006456542,0.95050320435
YbYag5,Yb_Yag5_2026-09-28_14-57-53,Yb_Yag5_2026-09-28_13-03-16,16.7,18.5,0.000471892,0.09875,0.00477865316456,0.0016029,0.099,0.0161909090909,0.295144215666,0.944543516
YbYag5,Yb_Yag5_2026-09-28_14-57-53,Yb_Yag5_2026-09-28_13-03-16,16.8,18.5,0.000475826,0.09865,0.0048233755702,0.00161172,0.09895,0.016288226377,0.29612650626,0.947687118897
YbYag5,Yb_Yag5_2026-09-28_14-57-53,Yb_Yag5_2026-09-28_13-03-16,16.9,18.5,0.000471951,0.09865,0.00478409528637,0.00160671,0.09885,0.0162540212443,0.294333027776,0.941947489307
YbYag5,Yb_Yag5_2026-09-28_14-57-53,Yb_Yag5_2026-09-28_13-03-16,17,18.5,0.000475945,0.0986,0.00482702839757,0.0016017,0.09885,0.0162033383915,0.297903325904,0.953373435565
YbYag5,Yb_Yag5_2026-09-28_14-57-53,Yb_Yag5_2026-09-28_13-03-16,17.1,18.5,0.000470759,0.0986,0.00477443204868,0.00160504,0.0989,0.0162289180991,0.294192873457,0.941498956536
YbYag5,Yb_Yag5_2026-09-28_14-57-53,Yb_Yag5_2026-09-28_13-03-16,17.2,18.5,0.000472249,0.09865,0.0047871160669,0.00160099,0.0988,0.0162043522267,0.295421625001,0.945431302967
YbYag5,Yb_Yag5_2026-09-28_14-57-53,Yb_Yag5_2026-09-28_13-03-16,17.3,18.5,0.000472071,0.09855,0.0047901674277,0.00159145,0.09885,0.0160996459282,0.297532470532,0.952186595307
YbYag5,Yb_Yag5_2026-09-28_14-57-53,Yb_Yag5_2026-09-28_13-03-16,17.4,18.5,0.000470819,0.0986,0.00477504056795,0.00159169,0.0989,0.0160939332659,0.296698171234,0.949516605687
YbYag5,Yb_Yag5_2026-09-28_14-57-53,Yb_Yag5_2026-09-28_13-03-16,17.5,18.5,0.000467481,0.0988,0.00473158906883,0.00159074,0.0989,0.0160843276036,0.294173880652,0.94143817428
YbYag5,Yb_Yag5_2026-09-28_14-57-53,Yb_Yag5_2026-09-28_13-03-16,17.6,18.5,0.000467779,0.0987,0.00473940222898,0.00158168,0.09895,0.0159846387064,0.296497300692,0.948873764127
YbYag5,Yb_Yag5_2026-09-28_14-57-53,Yb_Yag5_2026-09-28_13-03-16,17.7,18.5,0.000461103,0.09885,0.0046646737481,0.00157405,0.09885,0.015923621649,0.292940503795,0.93749102556
YbYag5,Yb_Yag5_2026-09-28_14-57-53,Yb_Yag5_2026-09-28_13-03-16,17.8,18.5,0.00046617,0.09865,0.00472549417131,0.00156618,0.0989,0.0158359959555,0.298402082483,0.954969595232
YbYag5,Yb_Yag5_2026-09-28_14-57-53,Yb_Yag5_2026-09-28_13-03-16,17.9,18.5,0.000458362,0.0986,0.00464870182556,0.00156427,0.09875,0.0158407088608,0.293465517636,0.939171215763
YbYag5,Yb_Yag5_2026-09-28_14-57-53,Yb_Yag5_2026-09-28_13-03-16,18,18.5,0.000453355,0.09865,0.00459559047136,0.00154877,0.09895,0.0156520464881,0.29360955929,0.939632189087
YbYag5,Yb_Yag5_2026-09-28_14-57-53,Yb_Yag5_2026-09-28_13-03-16,18.1,18.5,0.000453176,0.09875,0.00458912405063,0.00154901,0.09895,0.0156544719555,0.293150996321,0.938164660142
YbYag5,Yb_Yag5_2026-09-28_14-57-53,Yb_Yag5_2026-09-28_13-03-16,18.2,18.5,0.000461521,0.0985,0.00468549238579,0.00155354,0.09895,0.0157002526529,0.2984342029,0.955072389492
YbYag5,Yb_Yag5_2026-09-28_14-57-53,Yb_Yag5_2026-09-28_13-03-16,18.3,18.5,0.000461401,0.0985,0.00468427411168,0.00156022,0.09895,0.0157677614957,0.297079208926,0.9507360322
YbYag5,Yb_Yag5_2026-09-28_14-57-53,Yb_Yag5_2026-09-28_13-03-16,18.4,18.5,0.000466408,0.0986,0.00473030425963,0.00156189,0.0988,0.0158086032389,0.299223415766,0.95759809
YbYag5,Yb_Yag5_2026-09-28_14-57-53,Yb_Yag5_2026-09-28_13-03-16,18.5,18.5,0.0004586,0.0987,0.00464640324215,0.0015545,0.09875,0.0157417721519,0.295163924196,0.944606588771
YbYag5,Yb_Yag5_2026-09-28_14-57-53,Yb_Yag5_2026-09-28_13-03-16,18.6,18.5,0.000467183,0.09855,0.00474056823947,0.00155545,0.09875,0.0157513924051,0.300961852613,0.963161571054
YbYag5,Yb_Yag5_2026-09-28_14-57-53,Yb_Yag5_2026-09-28_13-03-16,18.7,18.5,0.000467183,0.09855,0.00474056823947,0.00156976,0.09875,0.0158963037975,0.298218271358,0.954381348547
YbYag5,Yb_Yag5_2026-09-28_14-57-53,Yb_Yag5_2026-09-28_13-03-16,18.8,18.5,0.000476481,0.0986,0.00483246450304,0.00158263,0.09885,0.016010419828,0.301832466291,0.965947776783
YbYag5,Yb_Yag5_2026-09-28_14-57-53,Yb_Yag5_2026-09-28_13-03-16,18.9,18.5,0.000471415,0.09865,0.00477866193614,0.00158692,0.0989,0.01604570273,0.297815684146,0.953092957584
YbYag5,Yb_Yag5_2026-09-28_14-57-53,Yb_Yag5_2026-09-28_13-03-16,19,18.5,0.000474753,0.0987,0.00481006079027,0.00159145,0.09885,0.0160996459282,0.298768110288,0.956140985933
YbYag5,Yb_Yag5_2026-09-28_14-57-53,Yb_Yag5_2026-09-28_13-03-16,19.1,18.5,0.000476481,0.09865,0.00483001520527,0.00159455,0.099,0.0161065656566,0.299878652485,0.959695029605
YbYag5,Yb_Yag5_2026-09-28_14-57-53,Yb_Yag5_2026-09-28_13-03-16,19.2,18.5,0.000471355,0.09855,0.00478290208016,0.00159932,0.09885,0.0161792615073,0.295619307346,0.946063941411
YbYag5,Yb_Yag5_2026-09-28_14-57-53,Yb_Yag5_2026-09-28_13-03-16,19.3,18.5,0.000471236,0.0985,0.00478412182741,0.00159717,0.0988,0.0161656882591,0.295942971974,0.947099758174
YbYag5,Yb_Yag5_2026-09-28_14-57-53,Yb_Yag5_2026-09-28_13-03-16,19.4,18.5,0.000467958,0.0987,0.00474121580547,0.0015874,0.09875,0.0160749367089,0.294944601732,0.943904695932
YbYag5,Yb_Yag5_2026-09-28_14-57-53,Yb_Yag5_2026-09-28_13-03-16,19.5,18.5,0.000466408,0.0987,0.00472551165147,0.00158239,0.0988,0.0160160931174,0.295047713374,0.944234681843
YbYag5,Yb_Yag5_2026-09-28_14-57-53,Yb_Yag5_2026-09-28_13-03-16,19.6,18.5,0.000466527,0.09845,0.00473872016252,0.00159002,0.0989,0.0160770475228,0.294750647207,0.943283987549
YbYag5,Yb_Yag5_2026-09-28_14-57-53,Yb_Yag5_2026-09-28_13-03-16,19.7,18.5,0.000476899,0.09855,0.00483915778792,0.00159956,0.09875,0.0161980759494,0.298748925677,0.956079589847
YbYag5,Yb_Yag5_2026-09-28_14-57-53,Yb_Yag5_2026-09-28_13-03-16,19.8,18.5,0.000475885,0.09845,0.00483377348908,0.00160599,0.09875,0.0162631898734,0.297221733664,0.951192150972
YbYag5,Yb_Yag5_2026-09-28_14-57-53,Yb_Yag5_2026-09-28_13-03-16,19.9,18.5,0.000478985,0.09855,0.00486032470827,0.00161005,0.09875,0.0163043037975,0.298100720438,0.954005152933
YbYag5,Yb_Yag5_2026-09-28_14-57-53,Yb_Yag5_2026-09-28_13-03-16,20,18.5,0.000476779,0.0986,0.00483548681542,0.00161792,0.09865,0.0164006082108,0.294835822749,0.943556572957
YbYag5,Yb_Yag5_2026-09-28_14-57-53,Yb_Yag5_2026-09-28_13-03-16,20.1,18.5,0.000477256,0.09855,0.00484278031456,0.00162006,0.0988,0.0163973684211,0.295338873299,0.945166474523
YbYag5,Yb_Yag5_2026-09-28_14-57-53,Yb_Yag5_2026-09-28_13-03-16,20.2,18.5,0.000487866,0.09855,0.0049504414003,0.00165344,0.09885,0.0167267577137,0.295959413356,0.947152375165
YbYag5,Yb_Yag5_2026-09-28_14-57-53,Yb_Yag5_2026-09-28_13-03-16,20.3,18.5,0.000498537,0.09845,0.00506385982732,0.00170756,0.0988,0.0172829959514,0.292996644885,0.93767069265
YbYag5,Yb_Yag5_2026-09-28_14-57-53,Yb_Yag5_2026-09-28_13-03-16,20.4,18.5,0.000517193,0.0986,0.00524536511156,0.00178242,0.0988,0.0180406882591,0.290751940072,0.930487013404
YbYag5,Yb_Yag5_2026-09-28_14-57-53,Yb_Yag5_2026-09-28_13-03-16,20.5,18.5,0.000538711,0.09865,0.00546083122149,0.00183154,0.09885,0.0185284774911,0.294726386672,0.943206347096
YbYag5,Yb_Yag5_2026-09-28_14-57-53,Yb_Yag5_2026-09-28_13-03-16,20.6,18.5,0.000551585,0.09865,0.00559133299544,0.00184418,0.0988,0.0186657894737,0.299549772771,0.958642523118
YbYag5,Yb_Yag5_2026-09-28_14-57-53,Yb_Yag5_2026-09-28_13-03-16,20.7,18.5,0.000543777,0.0987,0.00550939209726,0.00189281,0.0989,0.0191386248736,0.287867709078,0.921256672644
YbYag5,Yb_Yag5_2026-09-28_14-57-53,Yb_Yag5_2026-09-28_13-03-16,20.8,18.5,0.000552777,0.0986,0.00560625760649,0.00187517,0.09875,0.0189890632911,0.295236132533,0.944837675518
YbYag5,Yb_Yag5_2026-09-28_14-57-53,Yb_Yag5_2026-09-28_13-03-16,20.9,18.5,0.000529591,0.0985,0.00537655837563,0.00185097,0.0988,0.01873451417,0.286986805574,0.918437536614
YbYag5,Yb_Yag5_2026-09-28_14-57-53,Yb_Yag5_2026-09-28_13-03-16,21,18.5,0.00050861,0.09875,0.00515048101266,0.00178898,0.09885,0.0180979261507,0.284589569533,0.910765715046
YbYag5,Yb_Yag5_2026-09-28_14-57-53,Yb_Yag5_2026-09-28_13-03-16,21.1,18.5,0.000300409,0.0985,0.00304983756345,0.00144816,0.0989,0.014642669363,0.208284260734,0.666567520279
YbYag5,Yb_Yag5_2026-09-28_14-57-53,Yb_Yag5_2026-09-28_13-03-16,13.5,18.6,0.000440301,0.09845,0.00447233113255,0.00128437,0.09855,0.0130326737697,0.343162977266,1.09821689839
YbYag5,Yb_Yag5_2026-09-28_14-57-53,Yb_Yag5_2026-09-28_13-03-16,13.6,18.6,0.000468256,0.09865,0.00474663963507,0.00154925,0.0986,0.015712474645,0.302093702126,0.966783804057
YbYag5,Yb_Yag5_2026-09-28_14-57-53,Yb_Yag5_2026-09-28_13-03-16,13.7,18.6,0.000475885,0.0986,0.0048264198783,0.00161386,0.09865,0.0163594526102,0.295023311189,0.94415658807
YbYag5,Yb_Yag5_2026-09-28_14-57-53,Yb_Yag5_2026-09-28_13-03-16,13.8,18.6,0.000484409,0.09865,0.00491038013178,0.00163055,0.09875,0.0165118987342,0.297384341488,0.951712541198
YbYag5,Yb_Yag5_2026-09-28_14-57-53,Yb_Yag5_2026-09-28_13-03-16,13.9,18.6,0.000480952,0.0988,0.00486793522267,0.0016234,0.09875,0.0164394936709,0.296112235579,0.947641448749
YbYag5,Yb_Yag5_2026-09-28_14-57-53,Yb_Yag5_2026-09-28_13-03-16,14,18.6,0.000480236,0.09855,0.0048730187722,0.00161625,0.0988,0.016358805668,0.297883529586,0.953310081848
YbYag5,Yb_Yag5_2026-09-28_14-57-53,Yb_Yag5_2026-09-28_13-03-16,14.1,18.6,0.000479819,0.09855,0.00486878741755,0.00162006,0.09875,0.0164056708861,0.296774661113,0.949761394558
YbYag5,Yb_Yag5_2026-09-28_14-57-53,Yb_Yag5_2026-09-28_13-03-16,14.2,18.6,0.000480654,0.0987,0.00486984802432,0.00161696,0.0989,0.0163494438827,0.297860163273,0.95323530315
YbYag5,Yb_Yag5_2026-09-28_14-57-53,Yb_Yag5_2026-09-28_13-03-16,14.3,18.6,0.000476243,0.0988,0.00482027327935,0.00161029,0.0988,0.0162984817814,0.29574983388,0.946481662596
YbYag5,Yb_Yag5_2026-09-28_14-57-53,Yb_Yag5_2026-09-28_13-03-16,14.4,18.6,0.000481011,0.0987,0.00487346504559,0.00160957,0.09875,0.016299443038,0.29899580214,0.956869663142
YbYag5,Yb_Yag5_2026-09-28_14-57-53,Yb_Yag5_2026-09-28_13-03-16,14.5,18.6,0.000472309,0.0988,0.00478045546559,0.00160409,0.0987,0.0162521783181,0.294142444909,0.941337571167
YbYag5,Yb_Yag5_2026-09-28_14-57-53,Yb_Yag5_2026-09-28_13-03-16,14.6,18.6,0.000476362,0.0988,0.00482147773279,0.00160218,0.0988,0.0162163967611,0.297321149934,0.951510310664
YbYag5,Yb_Yag5_2026-09-28_14-57-53,Yb_Yag5_2026-09-28_13-03-16,14.7,18.6,0.000475647,0.09875,0.00481667848101,0.00160385,0.09885,0.016225088518,0.296866083391,0.950053971256
YbYag5,Yb_Yag5_2026-09-28_14-57-53,Yb_Yag5_2026-09-28_13-03-16,14.8,18.6,0.000467958,0.09875,0.00473881518987,0.00159288,0.0988,0.0161222672065,0.293929825698,0.940657130601
YbYag5,Yb_Yag5_2026-09-28_14-57-53,Yb_Yag5_2026-09-28_13-03-16,14.9,18.6,0.00047666,0.09885,0.00482205361659,0.00159622,0.09885,0.0161479008599,0.298617984989,0.955660543256
YbYag5,Yb_Yag5_2026-09-28_14-57-53,Yb_Yag5_2026-09-28_13-03-16,15,18.6,0.00047511,0.09875,0.00481124050633,0.00159837,0.09885,0.0161696509863,0.297547579129,0.952234947017
YbYag5,Yb_Yag5_2026-09-28_14-57-53,Yb_Yag5_2026-09-28_13-03-16,15.1,18.6,0.000475766,0.0987,0.00482032421479,0.00159288,0.09875,0.0161304303797,0.29883419731,0.956352482773
YbYag5,Yb_Yag5_2026-09-28_14-57-53,Yb_Yag5_2026-09-28_13-03-16,15.2,18.6,0.000470998,0.09865,0.00477443487076,0.00159717,0.09885,0.0161575113809,0.29549320797,0.945660388363
YbYag5,Yb_Yag5_2026-09-28_14-57-53,Yb_Yag5_2026-09-28_13-03-16,15.3,18.6,0.000476839,0.09865,0.00483364419665,0.00158668,0.09885,0.0160513909965,0.301135533843,0.963717399259
YbYag5,Yb_Yag5_2026-09-28_14-57-53,Yb_Yag5_2026-09-28_13-03-16,15.4,18.6,0.0004707,0.0986,0.0047738336714,0.00157858,0.0988,0.0159775303644,0.298784202722,0.956192486196
YbYag5,Yb_Yag5_2026-09-28_14-57-53,Yb_Yag5_2026-09-28_13-03-16,15.5,18.6,0.000471951,0.09875,0.00477925063291,0.00158382,0.09885,0.0160224582701,0.298284479968,0.954593234501
YbYag5,Yb_Yag5_2026-09-28_14-57-53,Yb_Yag5_2026-09-28_13-03-16,15.6,18.6,0.000470819,0.0987,0.00477020263425,0.00159622,0.0989,0.0161397371082,0.29555640233,0.945862627877
YbYag5,Yb_Yag5_2026-09-28_14-57-53,Yb_Yag5_2026-09-28_13-03-16,15.7,18.6,0.000468971,0.09875,0.00474907341772,0.00159384,0.0988,0.0161319838057,0.294388679961,0.942125591767
YbYag5,Yb_Yag5_2026-09-28_14-57-53,Yb_Yag5_2026-09-28_13-03-16,15.8,18.6,0.000476422,0.09875,0.00482452658228,0.0015967,0.0988,0.0161609311741,0.298530235065,0.955379719112
YbYag5,Yb_Yag5_2026-09-28_14-57-53,Yb_Yag5_2026-09-28_13-03-16,15.9,18.6,0.000475289,0.09865,0.00481793208312,0.00159455,0.09885,0.0161310065756,0.298675229009,0.955843740029
YbYag5,Yb_Yag5_2026-09-28_14-57-53,Yb_Yag5_2026-09-28_13-03-16,16,18.6,0.000471475,0.0986,0.00478169371197,0.00159384,0.0989,0.0161156723964,0.29671077907,0.949556954267
YbYag5,Yb_Yag5_2026-09-28_14-57-53,Yb_Yag5_2026-09-28_13-03-16,16.1,18.6,0.000467243,0.09875,0.00473157468354,0.00158907,0.09875,0.0160918481013,0.294035505043,0.940995333874
YbYag5,Yb_Yag5_2026-09-28_14-57-53,Yb_Yag5_2026-09-28_13-03-16,16.2,18.6,0.000471892,0.0986,0.00478592292089,0.00160003,0.09875,0.016202835443,0.295375641981,0.945284144524
YbYag5,Yb_Yag5_2026-09-28_14-57-53,Yb_Yag5_2026-09-28_13-03-16,16.3,18.6,0.000474991,0.09875,0.00481003544304,0.00159407,0.09885,0.0161261507334,0.298275485735,0.954564450455
YbYag5,Yb_Yag5_2026-09-28_14-57-53,Yb_Yag5_2026-09-28_13-03-16,16.4,18.6,0.000470819,0.0987,0.00477020263425,0.00158478,0.0988,0.0160402834008,0.297388924812,0.951727209112
YbYag5,Yb_Yag5_2026-09-28_14-57-53,Yb_Yag5_2026-09-28_13-03-16,16.5,18.6,0.000477435,0.0987,0.00483723404255,0.00160075,0.09885,0.0161937278705,0.298710345217,0.955956121653
YbYag5,Yb_Yag5_2026-09-28_14-57-53,Yb_Yag5_2026-09-28_13-03-16,16.6,18.6,0.000466587,0.09865,0.0047297212367,0.00160075,0.09875,0.0162101265823,0.291775712712,0.933763370378
YbYag5,Yb_Yag5_2026-09-28_14-57-53,Yb_Yag5_2026-09-28_13-03-16,16.7,18.6,0.000480773,0.09865,0.00487352255449,0.00161052,0.09875,0.0163090632911,0.298822959204,0.956316517708
YbYag5,Yb_Yag5_2026-09-28_14-57-53,Yb_Yag5_2026-09-28_13-03-16,16.8,18.6,0.000471951,0.09865,0.00478409528637,0.00160719,0.09885,0.0162588770865,0.29424512289,0.941666169241
YbYag5,Yb_Yag5_2026-09-28_14-57-53,Yb_Yag5_2026-09-28_13-03-16,16.9,18.6,0.000475707,0.0986,0.00482461460446,0.00161219,0.0988,0.0163177125506,0.295667336307,0.946217647434
YbYag5,Yb_Yag5_2026-09-28_14-57-53,Yb_Yag5_2026-09-28_13-03-16,17,18.6,0.000476362,0.0986,0.00483125760649,0.00160623,0.09875,0.0162656202532,0.297022648462,0.950555022997
YbYag5,Yb_Yag5_2026-09-28_14-57-53,Yb_Yag5_2026-09-28_13-03-16,17.1,18.6,0.000476481,0.0987,0.00482756838906,0.00161052,0.09875,0.0163090632911,0.296005251981,0.947299071504
YbYag5,Yb_Yag5_2026-09-28_14-57-53,Yb_Yag5_2026-09-28_13-03-16,17.2,18.6,0.000472249,0.09865,0.0047871160669,0.00160409,0.09885,0.016227516439,0.294999920961,0.944081732841
YbYag5,Yb_Yag5_2026-09-28_14-57-53,Yb_Yag5_2026-09-28_13-03-16,17.3,18.6,0.000470521,0.0986,0.00477201825558,0.00159717,0.09875,0.0161738734177,0.295044862312,0.944225557654
YbYag5,Yb_Yag5_2026-09-28_14-57-53,Yb_Yag5_2026-09-28_13-03-16,17.4,18.6,0.000468137,0.0988,0.00473822874494,0.00159837,0.09885,0.0161696509863,0.293032221224,0.937784546824
YbYag5,Yb_Yag5_2026-09-28_14-57-53,Yb_Yag5_2026-09-28_13-03-16,17.5,18.6,0.000471534,0.0987,0.00477744680851,0.00159097,0.09885,0.016094790086,0.296831880564,0.949944512704
YbYag5,Yb_Yag5_2026-09-28_14-57-53,Yb_Yag5_2026-09-28_13-03-16,17.6,18.6,0.000466647,0.0987,0.0047279331307,0.0015874,0.09875,0.0160749367089,0.294118304558,0.941260315334
YbYag5,Yb_Yag5_2026-09-28_14-57-53,Yb_Yag5_2026-09-28_13-03-16,17.7,18.6,0.000468137,0.09875,0.0047406278481,0.00157977,0.09885,0.0159814871017,0.296632460918,0.949306314413
YbYag5,Yb_Yag5_2026-09-28_14-57-53,Yb_Yag5_2026-09-28_13-03-16,17.8,18.6,0.000466408,0.0986,0.00473030425963,0.00157071,0.0987,0.0159139817629,0.297242030945,0.951257107912
YbYag5,Yb_Yag5_2026-09-28_14-57-53,Yb_Yag5_2026-09-28_13-03-16,17.9,18.6,0.000466825,0.0987,0.00472973657548,0.00156785,0.0989,0.0158528816987,0.298351849548,0.954808835881
YbYag5,Yb_Yag5_2026-09-28_14-57-53,Yb_Yag5_2026-09-28_13-03-16,18,18.6,0.000466229,0.0986,0.00472848884381,0.00155974,0.09895,0.0157629105609,0.299975618433,0.960005347586
YbYag5,Yb_Yag5_2026-09-28_14-57-53,Yb_Yag5_2026-09-28_13-03-16,18.1,18.6,0.0004586,0.0987,0.00464640324215,0.00155688,0.09895,0.0157340070743,0.295309594066,0.945072772841
YbYag5,Yb_Yag5_2026-09-28_14-57-53,Yb_Yag5_2026-09-28_13-03-16,18.2,18.6,0.000461103,0.09865,0.00467413076533,0.00154901,0.0989,0.0156623862487,0.298430308837,0.955059927411
YbYag5,Yb_Yag5_2026-09-28_14-57-53,Yb_Yag5_2026-09-28_13-03-16,18.3,18.6,0.000456633,0.09865,0.00462881905727,0.00156236,0.09885,0.0158053616591,0.29286384944,0.937245710319
YbYag5,Yb_Yag5_2026-09-28_14-57-53,Yb_Yag5_2026-09-28_13-03-16,18.4,18.6,0.00046772,0.0987,0.00473880445795,0.00156737,0.09895,0.0158400202122,0.29916656636,0.957416156101
YbYag5,Yb_Yag5_2026-09-28_14-57-53,Yb_Yag5_2026-09-28_13-03-16,18.5,18.6,0.000466647,0.09865,0.00473032944754,0.00156546,0.0989,0.0158287158746,0.298844801121,0.956386417912
YbYag5,Yb_Yag5_2026-09-28_14-57-53,Yb_Yag5_2026-09-28_13-03-16,18.6,18.6,0.000466885,0.09875,0.00472794936709,0.00156999,0.0988,0.0158905870445,0.297531447633,0.952183321748
YbYag5,Yb_Yag5_2026-09-28_14-57-53,Yb_Yag5_2026-09-28_13-03-16,18.7,18.6,0.000466468,0.09865,0.00472851495185,0.00157023,0.0988,0.0158930161943,0.29752155878,0.952151674671
YbYag5,Yb_Yag5_2026-09-28_14-57-53,Yb_Yag5_2026-09-28_13-03-16,18.8,18.6,0.000466468,0.0987,0.0047261195542,0.00158335,0.09885,0.0160177035913,0.29505600021,0.944261202023
YbYag5,Yb_Yag5_2026-09-28_14-57-53,Yb_Yag5_2026-09-28_13-03-16,18.9,18.6,0.000467421,0.0987,0.00473577507599,0.00158788,0.0989,0.0160554095046,0.294964452612,0.943968224267
YbYag5,Yb_Yag5_2026-09-28_14-57-53,Yb_Yag5_2026-09-28_13-03-16,19,18.6,0.000477614,0.0986,0.00484395537525,0.00159884,0.09875,0.0161907848101,0.299179776154,0.957458431116
YbYag5,Yb_Yag5_2026-09-28_14-57-53,Yb_Yag5_2026-09-28_13-03-16,19.1,18.6,0.000475468,0.09855,0.00482463723998,0.00160242,0.09885,0.0162106221548,0.297621966258,0.952473006505
YbYag5,Yb_Yag5_2026-09-28_14-57-53,Yb_Yag5_2026-09-28_13-03-16,19.2,18.6,0.000471415,0.09855,0.00478351090817,0.00160051,0.09885,0.0161912999494,0.295437112716,0.94548086796
YbYag5,Yb_Yag5_2026-09-28_14-57-53,Yb_Yag5_2026-09-28_13-03-16,19.3,18.6,0.000472071,0.0986,0.00478773833671,0.00160147,0.0988,0.0162092105263,0.295371469754,0.945270792239
YbYag5,Yb_Yag5_2026-09-28_14-57-53,Yb_Yag5_2026-09-28_13-03-16,19.4,18.6,0.000471594,0.09865,0.00478047643183,0.0015967,0.0988,0.0161609311741,0.295804516481,0.946656662114
YbYag5,Yb_Yag5_2026-09-28_14-57-53,Yb_Yag5_2026-09-28_13-03-16,19.5,18.6,0.00046772,0.0986,0.00474361054767,0.0015936,0.09875,0.016137721519,0.293945495471,0.940707278227
YbYag5,Yb_Yag5_2026-09-28_14-57-53,Yb_Yag5_2026-09-28_13-03-16,19.6,18.6,0.000472309,0.0986,0.00479015212982,0.00159431,0.09875,0.0161449113924,0.296697331648,0.94951391878
YbYag5,Yb_Yag5_2026-09-28_14-57-53,Yb_Yag5_2026-09-28_13-03-16,19.7,18.6,0.000480475,0.0985,0.00487791878173,0.00160886,0.09875,0.0162922531646,0.299401116129,0.958166780547
YbYag5,Yb_Yag5_2026-09-28_14-57-53,Yb_Yag5_2026-09-28_13-03-16,19.8,18.6,0.000475707,0.0984,0.00483442073171,0.00160027,0.09875,0.0162052658228,0.298324062349,0.954719909122
YbYag5,Yb_Yag5_2026-09-28_14-57-53,Yb_Yag5_2026-09-28_13-03-16,19.9,18.6,0.000482144,0.09865,0.00488742017233,0.0016172,0.0988,0.0163684210526,0.298588370657,0.955565769163
YbYag5,Yb_Yag5_2026-09-28_14-57-53,Yb_Yag5_2026-09-28_13-03-16,20,18.6,0.000480117,0.09845,0.00487675977654,0.00162054,0.0986,0.0164354969574,0.296721163296,0.949590186675
YbYag5,Yb_Yag5_2026-09-28_14-57-53,Yb_Yag5_2026-09-28_13-03-16,20.1,18.6,0.000485124,0.0985,0.00492511675127,0.00163723,0.09875,0.0165795443038,0.297059838378,0.950674041063
YbYag5,Yb_Yag5_2026-09-28_14-57-53,Yb_Yag5_2026-09-28_13-03-16,20.2,18.6,0.000494663,0.09855,0.00501941146626,0.00168396,0.09885,0.017035508346,0.294644067222,0.942942901977
YbYag5,Yb_Yag5_2026-09-28_14-57-53,Yb_Yag5_2026-09-28_13-03-16,20.3,18.6,0.000507656,0.0986,0.00514864097363,0.00176955,0.09885,0.0179013657056,0.287611630213,0.920437149109
YbYag5,Yb_Yag5_2026-09-28_14-57-53,Yb_Yag5_2026-09-28_13-03-16,20.4,18.6,0.000529114,0.0986,0.00536626774848,0.00183321,0.0989,0.0185359959555,0.289505228711,0.926497190566
YbYag5,Yb_Yag5_2026-09-28_14-57-53,Yb_Yag5_2026-09-28_13-03-16,20.5,18.6,0.000549141,0.09865,0.00556655854029,0.00187684,0.0989,0.018977148635,0.293329553736,0.938736093496
YbYag5,Yb_Yag5_2026-09-28_14-57-53,Yb_Yag5_2026-09-28_13-03-16,20.6,18.6,0.000547055,0.09855,0.00555104008118,0.00188542,0.09875,0.0190928607595,0.290739043829,0.930445741844
YbYag5,Yb_Yag5_2026-09-28_14-57-53,Yb_Yag5_2026-09-28_13-03-16,20.7,18.6,0.000555161,0.0986,0.00563043610548,0.00191952,0.09895,0.0193988883274,0.290245297073,0.928865615005
YbYag5,Yb_Yag5_2026-09-28_14-57-53,Yb_Yag5_2026-09-28_13-03-16,20.8,18.6,0.000539128,0.09855,0.00547060375444,0.00186325,0.09885,0.0188492665655,0.290228998324,0.928813454476
YbYag5,Yb_Yag5_2026-09-28_14-57-53,Yb_Yag5_2026-09-28_13-03-16,20.9,18.6,0.000521187,0.0987,0.00528051671733,0.00178624,0.0988,0.0180793522267,0.292074442221,0.934719387829
YbYag5,Yb_Yag5_2026-09-28_14-57-53,Yb_Yag5_2026-09-28_13-03-16,21,18.6,0.00039381,0.0986,0.00399401622718,0.00158025,0.09895,0.0159701869631,0.250092014352,0.800363950979
YbYag5,Yb_Yag5_2026-09-28_14-57-53,Yb_Yag5_2026-09-28_13-03-16,13.5,18.7,0.000400605,0.09865,0.00406087176888,0.00108028,0.09875,0.0109395443038,0.371210322488,1.18797619796
YbYag5,Yb_Yag5_2026-09-28_14-57-53,Yb_Yag5_2026-09-28_13-03-16,13.6,18.7,0.000463547,0.09855,0.0047036732623,0.00147963,0.09865,0.0149987835783,0.313603649106,1.00361883321
YbYag5,Yb_Yag5_2026-09-28_14-57-53,Yb_Yag5_2026-09-28_13-03-16,13.7,18.7,0.000479342,0.09845,0.00486888776028,0.00160886,0.09885,0.0162757713708,0.29914943196,0.957361321259
YbYag5,Yb_Yag5_2026-09-28_14-57-53,Yb_Yag5_2026-09-28_13-03-16,13.8,18.7,0.000477375,0.0985,0.00484644670051,0.00163484,0.0988,0.0165469635628,0.292890395396,0.937330664757
YbYag5,Yb_Yag5_2026-09-28_14-57-53,Yb_Yag5_2026-09-28_13-03-16,13.9,18.7,0.000485959,0.09855,0.00493109081684,0.00164104,0.09875,0.0166181265823,0.296729645933,0.949617333473
YbYag5,Yb_Yag5_2026-09-28_14-57-53,Yb_Yag5_2026-09-28_13-03-16,14,18.7,0.000479521,0.0986,0.00486329614604,0.00163937,0.09885,0.0165844208397,0.293244858717,0.938465045896
YbYag5,Yb_Yag5_2026-09-28_14-57-53,Yb_Yag5_2026-09-28_13-03-16,14.1,18.7,0.000481309,0.0986,0.00488143002028,0.00163079,0.0988,0.0165059716599,0.295737210802,0.946441265238
YbYag5,Yb_Yag5_2026-09-28_14-57-53,Yb_Yag5_2026-09-28_13-03-16,14.2,18.7,0.000473084,0.0988,0.00478829959514,0.00162698,0.0988,0.0164674089069,0.290774318061,0.93055862919
YbYag5,Yb_Yag5_2026-09-28_14-57-53,Yb_Yag5_2026-09-28_13-03-16,14.3,18.7,0.00048423,0.0987,0.00490607902736,0.00162388,0.09895,0.0164111167256,0.298948518214,0.956718341437
YbYag5,Yb_Yag5_2026-09-28_14-57-53,Yb_Yag5_2026-09-28_13-03-16,14.4,18.7,0.000476601,0.0987,0.00482878419453,0.0016203,0.09885,0.0163915022762,0.294590703961,0.942772124713
YbYag5,Yb_Yag5_2026-09-28_14-57-53,Yb_Yag5_2026-09-28_13-03-16,14.5,18.7,0.000476481,0.0988,0.00482268218623,0.00161219,0.0991,0.0162683148335,0.296446327452,0.948710635595
YbYag5,Yb_Yag5_2026-09-28_14-57-53,Yb_Yag5_2026-09-28_13-03-16,14.6,18.7,0.000475826,0.0988,0.00481605263158,0.00160242,0.09905,0.0161778899546,0.297693496809,0.952701924148
YbYag5,Yb_Yag5_2026-09-28_14-57-53,Yb_Yag5_2026-09-28_13-03-16,14.7,18.7,0.000471355,0.09875,0.00477321518987,0.00161267,0.09895,0.0162978271854,0.292874328312,0.937279245623
YbYag5,Yb_Yag5_2026-09-28_14-57-53,Yb_Yag5_2026-09-28_13-03-16,14.8,18.7,0.000472011,0.09875,0.00477985822785,0.00160409,0.09895,0.0162111167256,0.294850645317,0.943604009293
YbYag5,Yb_Yag5_2026-09-28_14-57-53,Yb_Yag5_2026-09-28_13-03-16,14.9,18.7,0.000471713,0.0987,0.00477926038501,0.00160528,0.0989,0.0162313447927,0.294446359562,0.94231018252
YbYag5,Yb_Yag5_2026-09-28_14-57-53,Yb_Yag5_2026-09-28_13-03-16,15,18.7,0.000475707,0.0988,0.00481484817814,0.00160623,0.0989,0.016240950455,0.296463448459,0.948765427574
YbYag5,Yb_Yag5_2026-09-28_14-57-53,Yb_Yag5_2026-09-28_13-03-16,15.1,18.7,0.000471892,0.09875,0.00477865316456,0.00160528,0.09905,0.0162067642605,0.294855474403,0.943619463709
YbYag5,Yb_Yag5_2026-09-28_14-57-53,Yb_Yag5_2026-09-28_13-03-16,15.2,18.7,0.000467779,0.09885,0.00473221041983,0.00159741,0.099,0.0161354545455,0.293280267159,0.93857836275
YbYag5,Yb_Yag5_2026-09-28_14-57-53,Yb_Yag5_2026-09-28_13-03-16,15.3,18.7,0.000473442,0.09865,0.0047992093259,0.00159765,0.09895,0.0161460333502,0.297237669575,0.951243150317
YbYag5,Yb_Yag5_2026-09-28_14-57-53,Yb_Yag5_2026-09-28_13-03-16,15.4,18.7,0.000475707,0.0988,0.00481484817814,0.00159407,0.0991,0.016085469223,0.299329047315,0.957936140316
YbYag5,Yb_Yag5_2026-09-28_14-57-53,Yb_Yag5_2026-09-28_13-03-16,15.5,18.7,0.000480654,0.09875,0.00486738227848,0.00160123,0.09895,0.016182213239,0.300785943591,0.962598613295
YbYag5,Yb_Yag5_2026-09-28_14-57-53,Yb_Yag5_2026-09-28_13-03-16,15.6,18.7,0.000470342,0.09875,0.00476295696203,0.00159956,0.099,0.0161571717172,0.294789029008,0.94340681998
YbYag5,Yb_Yag5_2026-09-28_14-57-53,Yb_Yag5_2026-09-28_13-03-16,15.7,18.7,0.000475885,0.0987,0.00482152988855,0.00160099,0.0992,0.0161390120968,0.298750001526,0.956083032863
YbYag5,Yb_Yag5_2026-09-28_14-57-53,Yb_Yag5_2026-09-28_13-03-16,15.8,18.7,0.000467541,0.09875,0.00473459240506,0.00159598,0.09885,0.0161454729388,0.293245817141,0.938468113118
YbYag5,Yb_Yag5_2026-09-28_14-57-53,Yb_Yag5_2026-09-28_13-03-16,15.9,18.7,0.000480236,0.09865,0.00486807906741,0.00160218,0.0991,0.0161673057518,0.301106389781,0.963624130161
YbYag5,Yb_Yag5_2026-09-28_14-57-53,Yb_Yag5_2026-09-28_13-03-16,16,18.7,0.000471236,0.09865,0.00477684744045,0.00159884,0.09905,0.0161417465926,0.295931262026,0.947062283084
YbYag5,Yb_Yag5_2026-09-28_14-57-53,Yb_Yag5_2026-09-28_13-03-16,16.1,18.7,0.000467779,0.09875,0.00473700253165,0.00159121,0.099,0.0160728282828,0.294721155997,0.943189607482
YbYag5,Yb_Yag5_2026-09-28_14-57-53,Yb_Yag5_2026-09-28_13-03-16,16.2,18.7,0.000472071,0.09875,0.00478046582278,0.00160671,0.09895,0.0162375947448,0.29440726277,0.942185061918
YbYag5,Yb_Yag5_2026-09-28_14-57-53,Yb_Yag5_2026-09-28_13-03-16,16.3,18.7,0.000475528,0.0986,0.00482279918864,0.00159884,0.09885,0.0161744056651,0.29817473906,0.954242033095
YbYag5,Yb_Yag5_2026-09-28_14-57-53,Yb_Yag5_2026-09-28_13-03-16,16.4,18.7,0.000476601,0.09865,0.00483123162696,0.00160194,0.09895,0.0161893885801,0.298419647108,0.955025806912
YbYag5,Yb_Yag5_2026-09-28_14-57-53,Yb_Yag5_2026-09-28_13-03-16,16.5,18.7,0.000466706,0.09875,0.00472613670886,0.00161005,0.099,0.0162631313131,0.290604350286,0.930014685072
YbYag5,Yb_Yag5_2026-09-28_14-57-53,Yb_Yag5_2026-09-28_13-03-16,16.6,18.7,0.000484111,0.09875,0.00490238987342,0.00161482,0.09885,0.0163360647446,0.300096133926,0.960391030657
YbYag5,Yb_Yag5_2026-09-28_14-57-53,Yb_Yag5_2026-09-28_13-03-16,16.7,18.7,0.00047219,0.09875,0.00478167088608,0.0016079,0.0989,0.0162578361982,0.294114839625,0.941249226584
YbYag5,Yb_Yag5_2026-09-28_14-57-53,Yb_Yag5_2026-09-28_13-03-16,16.8,18.7,0.000475885,0.09875,0.00481908860759,0.00161243,0.09905,0.0162789500252,0.296031906243,0.947384372549
YbYag5,Yb_Yag5_2026-09-28_14-57-53,Yb_Yag5_2026-09-28_13-03-16,16.9,18.7,0.000471057,0.09885,0.00476537177542,0.00161339,0.09895,0.0163051035877,0.292262588201,0.935321507253
YbYag5,Yb_Yag5_2026-09-28_14-57-53,Yb_Yag5_2026-09-28_13-03-16,17,18.7,0.000479819,0.09875,0.00485892658228,0.00161434,0.09895,0.0163147043962,0.297824984399,0.953122720979
YbYag5,Yb_Yag5_2026-09-28_14-57-53,Yb_Yag5_2026-09-28_13-03-16,17.1,18.7,0.000471773,0.09855,0.00478714358194,0.00160623,0.099,0.0162245454545,0.29505563625,0.944260037248
YbYag5,Yb_Yag5_2026-09-28_14-57-53,Yb_Yag5_2026-09-28_13-03-16,17.2,18.7,0.000475289,0.0986,0.00482037525355,0.00161196,0.099,0.0162824242424,0.296047761794,0.947435114721
YbYag5,Yb_Yag5_2026-09-28_14-57-53,Yb_Yag5_2026-09-28_13-03-16,17.3,18.7,0.000471355,0.0986,0.00478047667343,0.00160933,0.09895,0.016264072764,0.293928632932,0.940653313417
YbYag5,Yb_Yag5_2026-09-28_14-57-53,Yb_Yag5_2026-09-28_13-03-16,17.4,18.7,0.000472309,0.09855,0.00479258244546,0.00160385,0.09895,0.0162086912582,0.295679791114,0.946257506279
YbYag5,Yb_Yag5_2026-09-28_14-57-53,Yb_Yag5_2026-09-28_13-03-16,17.5,18.7,0.000465514,0.0987,0.00471645390071,0.00159503,0.09895,0.016119555331,0.292592060008,0.936375908603
YbYag5,Yb_Yag5_2026-09-28_14-57-53,Yb_Yag5_2026-09-28_13-03-16,17.6,18.7,0.000467064,0.09855,0.00473936073059,0.00158144,0.09895,0.015982213239,0.296539700711,0.949009455972
YbYag5,Yb_Yag5_2026-09-28_14-57-53,Yb_Yag5_2026-09-28_13-03-16,17.7,18.7,0.000463428,0.0986,0.0047000811359,0.00158621,0.09895,0.0160304194037,0.293197639908,0.938313932584
YbYag5,Yb_Yag5_2026-09-28_14-57-53,Yb_Yag5_2026-09-28_13-03-16,17.8,18.7,0.000466408,0.09855,0.00473270421106,0.00158263,0.099,0.0159861616162,0.296050066594,0.94744249072
YbYag5,Yb_Yag5_2026-09-28_14-57-53,Yb_Yag5_2026-09-28_13-03-16,17.9,18.7,0.000465931,0.09865,0.00472307146477,0.00157905,0.0989,0.0159661274014,0.295818224797,0.946700532538
YbYag5,Yb_Yag5_2026-09-28_14-57-53,Yb_Yag5_2026-09-28_13-03-16,18,18.7,0.000454905,0.09865,0.0046113025849,0.00157762,0.0989,0.0159516683519,0.289079642528,0.925135196505
YbYag5,Yb_Yag5_2026-09-28_14-57-53,Yb_Yag5_2026-09-28_13-03-16,18.1,18.7,0.00045866,0.0986,0.00465172413793,0.00156475,0.09885,0.0158295397066,0.293863512405,0.940444909631
YbYag5,Yb_Yag5_2026-09-28_14-57-53,Yb_Yag5_2026-09-28_13-03-16,18.2,18.7,0.000452163,0.0986,0.004585831643,0.00155474,0.0988,0.0157362348178,0.291418607824,0.932620535492
YbYag5,Yb_Yag5_2026-09-28_14-57-53,Yb_Yag5_2026-09-28_13-03-16,18.3,18.7,0.000462117,0.09865,0.00468440952864,0.00154949,0.0988,0.015683097166,0.298691609129,0.955896160964
YbYag5,Yb_Yag5_2026-09-28_14-57-53,Yb_Yag5_2026-09-28_13-03-16,18.4,18.7,0.000459136,0.09885,0.00464477491148,0.00156475,0.0989,0.015821536906,0.29357292778,0.939514958075
YbYag5,Yb_Yag5_2026-09-28_14-57-53,Yb_Yag5_2026-09-28_13-03-16,18.5,18.7,0.000463011,0.0987,0.00469109422492,0.00156832,0.09895,0.0158496210207,0.295975166775,0.947202790483
YbYag5,Yb_Yag5_2026-09-28_14-57-53,Yb_Yag5_2026-09-28_13-03-16,18.6,18.7,0.000462653,0.09875,0.00468509367089,0.00157405,0.0989,0.0159155712841,0.294371693435,0.942071230162
YbYag5,Yb_Yag5_2026-09-28_14-57-53,Yb_Yag5_2026-09-28_13-03-16,18.7,18.7,0.000462772,0.09875,0.00468629873418,0.00158072,0.0989,0.0159830131446,0.293204960278,0.938337359802
YbYag5,Yb_Yag5_2026-09-28_14-57-53,Yb_Yag5_2026-09-28_13-03-16,18.8,18.7,0.000467064,0.09865,0.00473455651292,0.00157095,0.0989,0.0158842264914,0.298066545166,0.953895782565
YbYag5,Yb_Yag5_2026-09-28_14-57-53,Yb_Yag5_2026-09-28_13-03-16,18.9,18.7,0.0004676,0.0988,0.00473279352227,0.00159002,0.09885,0.016085179565,0.294233179253,0.941627946284
YbYag5,Yb_Yag5_2026-09-28_14-57-53,Yb_Yag5_2026-09-28_13-03-16,19,18.7,0.000466945,0.0988,0.00472616396761,0.0015986,0.09895,0.0161556341587,0.292539675087,0.936208262297
YbYag5,Yb_Yag5_2026-09-28_14-57-53,Yb_Yag5_2026-09-28_13-03-16,19.1,18.7,0.000479223,0.09865,0.00485781044095,0.00160647,0.09895,0.0162351692774,0.299215262739,0.957571998049
YbYag5,Yb_Yag5_2026-09-28_14-57-53,Yb_Yag5_2026-09-28_13-03-16,19.2,18.7,0.000471773,0.0987,0.00477986828774,0.00161219,0.0989,0.0163012133468,0.293221626271,0.938390695612
YbYag5,Yb_Yag5_2026-09-28_14-57-53,Yb_Yag5_2026-09-28_13-03-16,19.3,18.7,0.000472071,0.09865,0.00478531170806,0.00160409,0.09885,0.016227516439,0.294888729649,0.943725889741
YbYag5,Yb_Yag5_2026-09-28_14-57-53,Yb_Yag5_2026-09-28_13-03-16,19.4,18.7,0.000467362,0.0987,0.00473517730496,0.00160528,0.099,0.0162149494949,0.292025411886,0.934562477131
YbYag5,Yb_Yag5_2026-09-28_14-57-53,Yb_Yag5_2026-09-28_13-03-16,19.5,18.7,0.000471236,0.0987,0.00477442755826,0.0016029,0.09875,0.0162318987342,0.294138574694,0.941325185403
YbYag5,Yb_Yag5_2026-09-28_14-57-53,Yb_Yag5_2026-09-28_13-03-16,19.6,18.7,0.000480773,0.0986,0.00487599391481,0.00160838,0.0989,0.0162626895854,0.299827029791,0.959529822638
YbYag5,Yb_Yag5_2026-09-28_14-57-53,Yb_Yag5_2026-09-28_13-03-16,19.7,18.7,0.000472071,0.0985,0.00479259898477,0.00161172,0.09875,0.0163212151899,0.293642288825,0.939736932695
YbYag5,Yb_Yag5_2026-09-28_14-57-53,Yb_Yag5_2026-09-28_13-03-16,19.8,18.7,0.000480236,0.09845,0.00487796851193,0.00161601,0.0988,0.0163563765182,0.298230387794,0.954420124511
YbYag5,Yb_Yag5_2026-09-28_14-57-53,Yb_Yag5_2026-09-28_13-03-16,19.9,18.7,0.000480356,0.09855,0.00487423642821,0.00162531,0.0987,0.0164671732523,0.295997154674,0.947273157872
YbYag5,Yb_Yag5_2026-09-28_14-57-53,Yb_Yag5_2026-09-28_13-03-16,20,18.7,0.00048429,0.09865,0.00490917384693,0.00164057,0.09885,0.0165965604451,0.295794653547,0.946625097986
YbYag5,Yb_Yag5_2026-09-28_14-57-53,Yb_Yag5_2026-09-28_13-03-16,20.1,18.7,0.000492934,0.09855,0.00500186707255,0.00167132,0.09885,0.0169076378351,0.295834765408,0.946753467089
YbYag5,Yb_Yag5_2026-09-28_14-57-53,Yb_Yag5_2026-09-28_13-03-16,20.2,18.7,0.000507776,0.09845,0.00515770441849,0.00174428,0.0988,0.0176546558704,0.292144149189,0.934942469501
YbYag5,Yb_Yag5_2026-09-28_14-57-53,Yb_Yag5_2026-09-28_13-03-16,20.3,18.7,0.000529472,0.09865,0.00536717688799,0.001817,0.0989,0.0183720930233,0.292137476181,0.93492111402
YbYag5,Yb_Yag5_2026-09-28_14-57-53,Yb_Yag5_2026-09-28_13-03-16,20.4,18.7,0.000546221,0.0985,0.00554539086294,0.00187469,0.0988,0.0189745951417,0.292253448441,0.935292257483
YbYag5,Yb_Yag5_2026-09-28_14-57-53,Yb_Yag5_2026-09-28_13-03-16,20.5,18.7,0.000554565,0.09845,0.00563296089385,0.0018952,0.09885,0.019172483561,0.293804445101,0.940255877844
YbYag5,Yb_Yag5_2026-09-28_14-57-53,Yb_Yag5_2026-09-28_13-03-16,20.6,18.7,0.000557009,0.0986,0.00564917849899,0.0019405,0.09875,0.0196506329114,0.287480740415,0.920018265378
YbYag5,Yb_Yag5_2026-09-28_14-57-53,Yb_Yag5_2026-09-28_13-03-16,20.7,18.7,0.000559811,0.0985,0.00568336040609,0.00191069,0.0988,0.0193389676113,0.293881272275,0.940501746152
YbYag5,Yb_Yag5_2026-09-28_14-57-53,Yb_Yag5_2026-09-28_13-03-16,20.8,18.7,0.000507895,0.09855,0.00515367833587,0.00186194,0.09885,0.0188360141629,0.273607690635,0.875620650511
YbYag5,Yb_Yag5_2026-09-28_14-57-53,Yb_Yag5_2026-09-28_13-03-16,20.9,18.7,0.000447156,0.09845,0.00454196038598,0.00159467,0.0989,0.0161240647118,0.28168830051,0.901480847859
YbYag5,Yb_Yag5_2026-09-28_14-57-53,Yb_Yag5_2026-09-28_13-03-16,13.6,18.8,0.000453414,0.09855,0.00460085235921,0.00138188,0.09865,0.014007906741,0.328446815379,1.05112109047
YbYag5,Yb_Yag5_2026-09-28_14-57-53,Yb_Yag5_2026-09-28_13-03-16,13.7,18.8,0.000471773,0.0986,0.00478471602434,0.00158287,0.09875,0.0160290632911,0.298502534892,0.955291070859
YbYag5,Yb_Yag5_2026-09-28_14-57-53,Yb_Yag5_2026-09-28_13-03-16,13.8,18.8,0.000476481,0.09865,0.00483001520527,0.00160957,0.09865,0.0163159655347,0.296029995589,0.947378257926
YbYag5,Yb_Yag5_2026-09-28_14-57-53,Yb_Yag5_2026-09-28_13-03-16,13.9,18.8,0.000489715,0.0987,0.0049616514691,0.00164653,0.0988,0.0166652834008,0.297723798016,0.952798896431
YbYag5,Yb_Yag5_2026-09-28_14-57-53,Yb_Yag5_2026-09-28_13-03-16,14,18.8,0.000483992,0.09865,0.0049061530664,0.0016532,0.09885,0.0167243297926,0.293354240633,0.938815098426
YbYag5,Yb_Yag5_2026-09-28_14-57-53,Yb_Yag5_2026-09-28_13-03-16,14.1,18.8,0.000481369,0.0987,0.00487709219858,0.00165273,0.09885,0.0167195751138,0.291699529766,0.933519563778
YbYag5,Yb_Yag5_2026-09-28_14-57-53,Yb_Yag5_2026-09-28_13-03-16,14.2,18.8,0.000483455,0.09875,0.00489574683544,0.00162864,0.099,0.0164509090909,0.297597343003,0.952394205246
YbYag5,Yb_Yag5_2026-09-28_14-57-53,Yb_Yag5_2026-09-28_13-03-16,14.3,18.8,0.000483694,0.09875,0.00489816708861,0.00162674,0.099,0.0164317171717,0.298092222342,0.953977956666
YbYag5,Yb_Yag5_2026-09-28_14-57-53,Yb_Yag5_2026-09-28_13-03-16,14.4,18.8,0.000475707,0.0987,0.00481972644377,0.00162173,0.099,0.0163811111111,0.294224635379,0.941600603513
YbYag5,Yb_Yag5_2026-09-28_14-57-53,Yb_Yag5_2026-09-28_13-03-16,14.5,18.8,0.000476303,0.09875,0.00482332151899,0.00162245,0.09895,0.0163966649823,0.294164790474,0.941409083184
YbYag5,Yb_Yag5_2026-09-28_14-57-53,Yb_Yag5_2026-09-28_13-03-16,14.6,18.8,0.000474395,0.0987,0.00480643363728,0.00161267,0.09895,0.0162978271854,0.294912541568,0.943802094498
YbYag5,Yb_Yag5_2026-09-28_14-57-53,Yb_Yag5_2026-09-28_13-03-16,14.7,18.8,0.000476779,0.09875,0.00482814177215,0.00160671,0.099,0.0162293939394,0.297493658123,0.952062384813
YbYag5,Yb_Yag5_2026-09-28_14-57-53,Yb_Yag5_2026-09-28_13-03-16,14.8,18.8,0.000471355,0.09875,0.00477321518987,0.00160528,0.099,0.0162149494949,0.294371264701,0.942069858092
YbYag5,Yb_Yag5_2026-09-28_14-57-53,Yb_Yag5_2026-09-28_13-03-16,14.9,18.8,0.000471057,0.09875,0.00477019746835,0.00161339,0.099,0.0162968686869,0.292706381821,0.936741770176
YbYag5,Yb_Yag5_2026-09-28_14-57-53,Yb_Yag5_2026-09-28_13-03-16,15,18.8,0.000475587,0.0987,0.0048185106383,0.00160242,0.0988,0.0162188259109,0.297093677728,0.950782336387
YbYag5,Yb_Yag5_2026-09-28_14-57-53,Yb_Yag5_2026-09-28_13-03-16,15.1,18.8,0.0004676,0.09865,0.00473998986315,0.0015967,0.09915,0.0161038830055,0.294338319617,0.941964424669
YbYag5,Yb_Yag5_2026-09-28_14-57-53,Yb_Yag5_2026-09-28_13-03-16,15.2,18.8,0.000471296,0.09865,0.00477745565129,0.00159932,0.0989,0.0161710819009,0.295432036061,0.945464621252
YbYag5,Yb_Yag5_2026-09-28_14-57-53,Yb_Yag5_2026-09-28_13-03-16,15.3,18.8,0.00047523,0.0987,0.00481489361702,0.0016029,0.0989,0.0162072800809,0.297082150304,0.950745445428
YbYag5,Yb_Yag5_2026-09-28_14-57-53,Yb_Yag5_2026-09-28_13-03-16,15.4,18.8,0.00046766,0.0988,0.00473340080972,0.0016017,0.0989,0.0161951466127,0.292272797704,0.935354180501
YbYag5,Yb_Yag5_2026-09-28_14-57-53,Yb_Yag5_2026-09-28_13-03-16,15.5,18.8,0.000471355,0.09875,0.00477321518987,0.00159622,0.0989,0.0161397371082,0.295743056896,0.946459974362
YbYag5,Yb_Yag5_2026-09-28_14-57-53,Yb_Yag5_2026-09-28_13-03-16,15.6,18.8,0.000471117,0.0987,0.0047732218845,0.00160099,0.0989,0.0161879676441,0.294862331668,0.943641408863
YbYag5,Yb_Yag5_2026-09-28_14-57-53,Yb_Yag5_2026-09-28_13-03-16,15.7,18.8,0.000476303,0.09875,0.00482332151899,0.0015986,0.09905,0.016139323574,0.298855246124,0.956419844827
YbYag5,Yb_Yag5_2026-09-28_14-57-53,Yb_Yag5_2026-09-28_13-03-16,15.8,18.8,0.000463547,0.09875,0.00469414683544,0.00159455,0.09885,0.0161310065756,0.291001482979,0.931285620059
YbYag5,Yb_Yag5_2026-09-28_14-57-53,Yb_Yag5_2026-09-28_13-03-16,15.9,18.8,0.000471296,0.09865,0.00477745565129,0.00159932,0.0989,0.0161710819009,0.295432036061,0.945464621252
YbYag5,Yb_Yag5_2026-09-28_14-57-53,Yb_Yag5_2026-09-28_13-03-16,16,18.8,0.000467541,0.09865,0.00473939178915,0.00160528,0.0989,0.0162313447927,0.291990087678,0.934449429848
YbYag5,Yb_Yag5_2026-09-28_14-57-53,Yb_Yag5_2026-09-28_13-03-16,16.1,18.8,0.000470998,0.09875,0.0047696,0.00160695,0.09895,0.0162400202122,0.293694215751,0.939903113289
YbYag5,Yb_Yag5_2026-09-28_14-57-53,Yb_Yag5_2026-09-28_13-03-16,16.2,18.8,0.000466289,0.09855,0.00473149670218,0.00160766,0.09885,0.0162636317653,0.290924977303,0.931040780634
YbYag5,Yb_Yag5_2026-09-28_14-57-53,Yb_Yag5_2026-09-28_13-03-16,16.3,18.8,0.000475945,0.09855,0.00482947742263,0.0016048,0.0989,0.0162264914055,0.297629185629,0.952496110497
YbYag5,Yb_Yag5_2026-09-28_14-57-53,Yb_Yag5_2026-09-28_13-03-16,16.4,18.8,0.000471892,0.09875,0.00477865316456,0.00160695,0.0989,0.0162482305359,0.294102988876,0.941211300896
YbYag5,Yb_Yag5_2026-09-28_14-57-53,Yb_Yag5_2026-09-28_13-03-16,16.5,18.8,0.000471534,0.0987,0.00477744680851,0.00160647,0.09885,0.0162515933232,0.293967902931,0.940778988328
YbYag5,Yb_Yag5_2026-09-28_14-57-53,Yb_Yag5_2026-09-28_13-03-16,16.6,18.8,0.000475409,0.09875,0.00481426835443,0.00161005,0.09885,0.0162878098128,0.295574936702,0.945921943018
YbYag5,Yb_Yag5_2026-09-28_14-57-53,Yb_Yag5_2026-09-28_13-03-16,16.7,18.8,0.000470759,0.0988,0.00476476720648,0.00161076,0.09875,0.0163114936709,0.292111029352,0.934836476818
YbYag5,Yb_Yag5_2026-09-28_14-57-53,Yb_Yag5_2026-09-28_13-03-16,16.8,18.8,0.000476183,0.0988,0.0048196659919,0.00160957,0.0988,0.016291194332,0.295844852973,0.946785750099
YbYag5,Yb_Yag5_2026-09-28_14-57-53,Yb_Yag5_2026-09-28_13-03-16,16.9,18.8,0.000471773,0.09865,0.00478229092752,0.00161505,0.09895,0.0163218797372,0.292998784731,0.937677540752
YbYag5,Yb_Yag5_2026-09-28_14-57-53,Yb_Yag5_2026-09-28_13-03-16,17,18.8,0.00047213,0.0987,0.00478348530902,0.00161505,0.09895,0.0163218797372,0.293071961443,0.937911726568
YbYag5,Yb_Yag5_2026-09-28_14-57-53,Yb_Yag5_2026-09-28_13-03-16,17.1,18.8,0.000471653,0.09865,0.00478107450583,0.00161315,0.0989,0.0163109201213,0.293121079024,0.938068916478
YbYag5,Yb_Yag5_2026-09-28_14-57-53,Yb_Yag5_2026-09-28_13-03-16,17.2,18.8,0.000475349,0.0987,0.00481609929078,0.00161386,0.0988,0.0163346153846,0.294840079021,0.943570194211
YbYag5,Yb_Yag5_2026-09-28_14-57-53,Yb_Yag5_2026-09-28_13-03-16,17.3,18.8,0.000467958,0.09885,0.00473402124431,0.00161052,0.09885,0.0162925644917,0.290563296326,0.92988330099
YbYag5,Yb_Yag5_2026-09-28_14-57-53,Yb_Yag5_2026-09-28_13-03-16,17.4,18.8,0.000472249,0.09885,0.00477743045018,0.00160814,0.0988,0.0162767206478,0.293513082491,0.939323436517
YbYag5,Yb_Yag5_2026-09-28_14-57-53,Yb_Yag5_2026-09-28_13-03-16,17.5,18.8,0.000471177,0.09865,0.00477624936645,0.00160456,0.0989,0.0162240647118,0.294392894216,0.942139078552
YbYag5,Yb_Yag5_2026-09-28_14-57-53,Yb_Yag5_2026-09-28_13-03-16,17.6,18.8,0.000467243,0.0986,0.00473877281947,0.0015936,0.0989,0.0161132457027,0.294091761952,0.941175371617
YbYag5,Yb_Yag5_2026-09-28_14-57-53,Yb_Yag5_2026-09-28_13-03-16,17.7,18.8,0.000467898,0.0987,0.00474060790274,0.00159574,0.09895,0.0161267306721,0.293959637519,0.940752536713
YbYag5,Yb_Yag5_2026-09-28_14-57-53,Yb_Yag5_2026-09-28_13-03-16,17.8,18.8,0.000466885,0.0988,0.00472555668016,0.0015905,0.0988,0.0160981781377,0.293546054699,0.939428956746
YbYag5,Yb_Yag5_2026-09-28_14-57-53,Yb_Yag5_2026-09-28_13-03-16,17.9,18.8,0.000467541,0.0986,0.00474179513185,0.00157715,0.09885,0.0159549822964,0.297198395069,0.951117460982
YbYag5,Yb_Yag5_2026-09-28_14-57-53,Yb_Yag5_2026-09-28_13-03-16,18,18.8,0.000459792,0.09875,0.00465612151899,0.0015719,0.09885,0.0159018715225,0.292803366723,0.937052148818
YbYag5,Yb_Yag5_2026-09-28_14-57-53,Yb_Yag5_2026-09-28_13-03-16,18.1,18.8,0.000453832,0.0988,0.00459344129555,0.0015607,0.0988,0.0157965587045,0.290787467162,0.930600709965
YbYag5,Yb_Yag5_2026-09-28_14-57-53,Yb_Yag5_2026-09-28_13-03-16,18.2,18.8,0.000453116,0.09865,0.00459316776483,0.00155831,0.0989,0.0157564206269,0.291510862371,0.932915775681
YbYag5,Yb_Yag5_2026-09-28_14-57-53,Yb_Yag5_2026-09-28_13-03-16,18.3,18.8,0.000453712,0.0987,0.00459687943262,0.00155378,0.09885,0.01571856348,0.292449080253,0.935918333649
YbYag5,Yb_Yag5_2026-09-28_14-57-53,Yb_Yag5_2026-09-28_13-03-16,18.4,18.8,0.000453951,0.09875,0.0045969721519,0.00156022,0.09895,0.0157677614957,0.29154247121,0.933016932748
YbYag5,Yb_Yag5_2026-09-28_14-57-53,Yb_Yag5_2026-09-28_13-03-16,18.5,18.8,0.000461461,0.0987,0.00467539007092,0.00156379,0.09885,0.0158198280223,0.295539879721,0.945809750937
YbYag5,Yb_Yag5_2026-09-28_14-57-53,Yb_Yag5_2026-09-28_13-03-16,18.6,18.8,0.000457885,0.0988,0.00463446356275,0.001575,0.099,0.0159090909091,0.29130913823,0.932270202366
YbYag5,Yb_Yag5_2026-09-28_14-57-53,Yb_Yag5_2026-09-28_13-03-16,18.7,18.8,0.000461163,0.09885,0.00466528072838,0.00157691,0.0988,0.0159606275304,0.292299329678,0.935439090193
YbYag5,Yb_Yag5_2026-09-28_14-57-53,Yb_Yag5_2026-09-28_13-03-16,18.8,18.8,0.000464739,0.09875,0.00470621772152,0.00156999,0.09895,0.0158664982314,0.296613509351,0.949245664132
YbYag5,Yb_Yag5_2026-09-28_14-57-53,Yb_Yag5_2026-09-28_13-03-16,18.9,18.8,0.000467183,0.09855,0.00474056823947,0.00157977,0.09895,0.0159653360283,0.29692881071,0.95025471611
YbYag5,Yb_Yag5_2026-09-28_14-57-53,Yb_Yag5_2026-09-28_13-03-16,19,18.8,0.000467421,0.09865,0.00473817536746,0.00159622,0.09895,0.0161315816069,0.293720447438,0.939987061978
YbYag5,Yb_Yag5_2026-09-28_14-57-53,Yb_Yag5_2026-09-28_13-03-16,19.1,18.8,0.000476064,0.09865,0.00482578813989,0.00160623,0.0989,0.016240950455,0.297137052001,0.950921146115
YbYag5,Yb_Yag5_2026-09-28_14-57-53,Yb_Yag5_2026-09-28_13-03-16,19.2,18.8,0.000474097,0.09865,0.00480584896097,0.001611,0.09895,0.0162809499747,0.295182343072,0.944665534294
YbYag5,Yb_Yag5_2026-09-28_14-57-53,Yb_Yag5_2026-09-28_13-03-16,19.3,18.8,0.000472667,0.09865,0.00479135326913,0.00160766,0.09875,0.0162801012658,0.294307338198,0.941865275517
YbYag5,Yb_Yag5_2026-09-28_14-57-53,Yb_Yag5_2026-09-28_13-03-16,19.4,18.8,0.000480296,0.0986,0.00487115618661,0.00160981,0.0988,0.0162936234818,0.298960890563,0.95675793639
YbYag5,Yb_Yag5_2026-09-28_14-57-53,Yb_Yag5_2026-09-28_13-03-16,19.5,18.8,0.000466468,0.09865,0.00472851495185,0.00161148,0.099,0.0162775757576,0.290492578395,0.929656983959
YbYag5,Yb_Yag5_2026-09-28_14-57-53,Yb_Yag5_2026-09-28_13-03-16,19.6,18.8,0.000471236,0.09855,0.00478169457128,0.00160909,0.0988,0.0162863360324,0.293601615598,0.939606767064
YbYag5,Yb_Yag5_2026-09-28_14-57-53,Yb_Yag5_2026-09-28_13-03-16,19.7,18.8,0.000471057,0.09855,0.0047798782344,0.00162197,0.09885,0.0164083965604,0.291306845054,0.932262863565
YbYag5,Yb_Yag5_2026-09-28_14-57-53,Yb_Yag5_2026-09-28_13-03-16,19.8,18.8,0.000480296,0.09855,0.0048736276002,0.00162531,0.09875,0.016458835443,0.296110111622,0.947634651498
YbYag5,Yb_Yag5_2026-09-28_14-57-53,Yb_Yag5_2026-09-28_13-03-16,19.9,18.8,0.000476779,0.0986,0.00483548681542,0.00163937,0.0988,0.0165928137652,0.291420544089,0.932626732076
YbYag5,Yb_Yag5_2026-09-28_14-57-53,Yb_Yag5_2026-09-28_13-03-16,20,18.8,0.000494961,0.09865,0.00501734414597,0.00166989,0.09875,0.016910278481,0.29670381547,0.949534668811
YbYag5,Yb_Yag5_2026-09-28_14-57-53,Yb_Yag5_2026-09-28_13-03-16,20.1,18.8,0.000498716,0.0986,0.00505797160243,0.00172401,0.0988,0.0174494939271,0.289863512579,0.927643798517
YbYag5,Yb_Yag5_2026-09-28_14-57-53,Yb_Yag5_2026-09-28_13-03-16,20.2,18.8,0.00052828,0.09855,0.00536052765094,0.00180937,0.0988,0.0183134615385,0.292709690064,0.936752357475
YbYag5,Yb_Yag5_2026-09-28_14-57-53,Yb_Yag5_2026-09-28_13-03-16,20.3,18.8,0.000548128,0.0987,0.0055534751773,0.00186229,0.0989,0.0188300303337,0.294926512538,0.943846805485
YbYag5,Yb_Yag5_2026-09-28_14-57-53,Yb_Yag5_2026-09-28_13-03-16,20.4,18.8,0.000562076,0.09855,0.0057034601725,0.00189448,0.09885,0.0191651997977,0.297594610685,0.952385461068
YbYag5,Yb_Yag5_2026-09-28_14-57-53,Yb_Yag5_2026-09-28_13-03-16,20.5,18.8,0.000556771,0.09845,0.00565536820721,0.00192714,0.0988,0.019505465587,0.289937616817,0.927880952676
YbYag5,Yb_Yag5_2026-09-28_14-57-53,Yb_Yag5_2026-09-28_13-03-16,20.6,18.8,0.000569943,0.09865,0.00577742524075,0.00193096,0.099,0.0195046464646,0.296207637049,0.947946759967
YbYag5,Yb_Yag5_2026-09-28_14-57-53,Yb_Yag5_2026-09-28_13-03-16,20.7,18.8,0.000548188,0.09855,0.00556253678336,0.00192071,0.09885,0.0194305513404,0.286277866537,0.916168734667
YbYag5,Yb_Yag5_2026-09-28_14-57-53,Yb_Yag5_2026-09-28_13-03-16,20.8,18.8,0.000471355,0.09845,0.00478776028441,0.00179387,0.09885,0.018147395043,0.263826310777,0.844317516547
YbYag5,Yb_Yag5_2026-09-28_14-57-53,Yb_Yag5_2026-09-28_13-03-16,20.9,18.8,0.000313463,0.0987,0.00317591691996,0.00128866,0.09885,0.0130365199798,0.24361692575,0.77964186791
YbYag5,Yb_Yag5_2026-09-28_14-57-53,Yb_Yag5_2026-09-28_13-03-16,13.6,18.9,0.000434997,0.09865,0.00440949822605,0.00125552,0.0988,0.0127076923077,0.346994412461,1.11047855584
YbYag5,Yb_Yag5_2026-09-28_14-57-53,Yb_Yag5_2026-09-28_13-03-16,13.7,18.9,0.0004676,0.09865,0.00473998986315,0.00151897,0.09885,0.0153664137582,0.308464286966,0.987171446045
YbYag5,Yb_Yag5_2026-09-28_14-57-53,Yb_Yag5_2026-09-28_13-03-16,13.8,18.9,0.000477197,0.0986,0.00483972616633,0.00160552,0.0988,0.0162502024291,0.297825592478,0.953124666999
YbYag5,Yb_Yag5_2026-09-28_14-57-53,Yb_Yag5_2026-09-28_13-03-16,13.9,18.9,0.000488762,0.09865,0.00495450582869,0.0016594,0.0989,0.0167785642063,0.295287830816,0.945003124392
YbYag5,Yb_Yag5_2026-09-28_14-57-53,Yb_Yag5_2026-09-28_13-03-16,14,18.9,0.00048572,0.09865,0.00492366953877,0.0016749,0.09895,0.0169267306721,0.29088130686,0.930901023081
YbYag5,Yb_Yag5_2026-09-28_14-57-53,Yb_Yag5_2026-09-28_13-03-16,14.1,18.9,0.000486137,0.0987,0.00492540020263,0.00167633,0.0988,0.016966902834,0.290294595945,0.929023385094
YbYag5,Yb_Yag5_2026-09-28_14-57-53,Yb_Yag5_2026-09-28_13-03-16,14.2,18.9,0.000484707,0.09875,0.00490842531646,0.00166131,0.0989,0.0167978766431,0.292205105487,0.935137546595
YbYag5,Yb_Yag5_2026-09-28_14-57-53,Yb_Yag5_2026-09-28_13-03-16,14.3,18.9,0.000485661,0.0988,0.00491559716599,0.00164462,0.09895,0.0166207175341,0.295751200627,0.946486036565
YbYag5,Yb_Yag5_2026-09-28_14-57-53,Yb_Yag5_2026-09-28_13-03-16,14.4,18.9,0.000484468,0.09885,0.0049010419828,0.00164033,0.0989,0.0165857431749,0.295497279267,0.945673417643
YbYag5,Yb_Yag5_2026-09-28_14-57-53,Yb_Yag5_2026-09-28_13-03-16,14.5,18.9,0.000475468,0.0987,0.00481730496454,0.00162245,0.09905,0.016380111055,0.294094768245,0.941184992589
YbYag5,Yb_Yag5_2026-09-28_14-57-53,Yb_Yag5_2026-09-28_13-03-16,14.6,18.9,0.000479998,0.09885,0.00485582195245,0.00161529,0.099,0.0163160606061,0.297609948239,0.952434545504
YbYag5,Yb_Yag5_2026-09-28_14-57-53,Yb_Yag5_2026-09-28_13-03-16,14.7,18.9,0.000472249,0.09875,0.00478226835443,0.00161792,0.09905,0.0163343765775,0.292773240028,0.93695573502
YbYag5,Yb_Yag5_2026-09-28_14-57-53,Yb_Yag5_2026-09-28_13-03-16,14.8,18.9,0.000470998,0.09875,0.0047696,0.00161792,0.0991,0.016326135217,0.292145075157,0.934945432856
YbYag5,Yb_Yag5_2026-09-28_14-57-53,Yb_Yag5_2026-09-28_13-03-16,14.9,18.9,0.000475349,0.09885,0.00480879109762,0.0016079,0.099,0.0162414141414,0.296082044073,0.94754482754
YbYag5,Yb_Yag5_2026-09-28_14-57-53,Yb_Yag5_2026-09-28_13-03-16,15,18.9,0.000469269,0.09885,0.00474728376328,0.00160266,0.09905,0.0161803129732,0.293398760033,0.938957572879
YbYag5,Yb_Yag5_2026-09-28_14-57-53,Yb_Yag5_2026-09-28_13-03-16,15.1,18.9,0.000470938,0.09885,0.00476416793121,0.00159407,0.0989,0.0161179979778,0.295580625942,0.945940150168
YbYag5,Yb_Yag5_2026-09-28_14-57-53,Yb_Yag5_2026-09-28_13-03-16,15.2,18.9,0.000475587,0.09865,0.00482095286366,0.00159717,0.099,0.016133030303,0.298825005167,0.95632306536
YbYag5,Yb_Yag5_2026-09-28_14-57-53,Yb_Yag5_2026-09-28_13-03-16,15.3,18.9,0.000470402,0.0987,0.00476597771023,0.00159622,0.09905,0.0161152953054,0.295742499278,0.946458189832
YbYag5,Yb_Yag5_2026-09-28_14-57-53,Yb_Yag5_2026-09-28_13-03-16,15.4,18.9,0.000475528,0.09885,0.0048106019221,0.00160504,0.09895,0.0162207175341,0.296571462513,0.949111102566
YbYag5,Yb_Yag5_2026-09-28_14-57-53,Yb_Yag5_2026-09-28_13-03-16,15.5,18.9,0.000475885,0.0988,0.00481664979757,0.00160194,0.0991,0.0161648839556,0.297969958263,0.953586677632
YbYag5,Yb_Yag5_2026-09-28_14-57-53,Yb_Yag5_2026-09-28_13-03-16,15.6,18.9,0.000471296,0.09885,0.00476778958017,0.00160814,0.0991,0.0162274470232,0.29381020769,0.940274319731
YbYag5,Yb_Yag5_2026-09-28_14-57-53,Yb_Yag5_2026-09-28_13-03-16,15.7,18.9,0.000471594,0.0987,0.00477805471125,0.00159884,0.0989,0.0161662285137,0.295557786233,0.945867056752
YbYag5,Yb_Yag5_2026-09-28_14-57-53,Yb_Yag5_2026-09-28_13-03-16,15.8,18.9,0.000475349,0.09865,0.00481854029397,0.00160504,0.09905,0.0162043412418,0.297361072695,0.951638074594
YbYag5,Yb_Yag5_2026-09-28_14-57-53,Yb_Yag5_2026-09-28_13-03-16,15.9,18.9,0.000463249,0.09875,0.00469112911392,0.0015967,0.09895,0.0161364325417,0.290716619166,0.930373976689
YbYag5,Yb_Yag5_2026-09-28_14-57-53,Yb_Yag5_2026-09-28_13-03-16,16,18.9,0.000471594,0.0987,0.00477805471125,0.00160218,0.0989,0.0162,0.294941648843,0.943895245866
YbYag5,Yb_Yag5_2026-09-28_14-57-53,Yb_Yag5_2026-09-28_13-03-16,16.1,18.9,0.000471534,0.09875,0.0047750278481,0.00160099,0.0989,0.0161879676441,0.294973893764,0.943998438575
YbYag5,Yb_Yag5_2026-09-28_14-57-53,Yb_Yag5_2026-09-28_13-03-16,16.2,18.9,0.000471713,0.0987,0.00477926038501,0.0016079,0.0989,0.0162578361982,0.293966572596,0.940774730886
YbYag5,Yb_Yag5_2026-09-28_14-57-53,Yb_Yag5_2026-09-28_13-03-16,16.3,18.9,0.00047976,0.09875,0.00485832911392,0.00160337,0.10005,0.0160256871564,0.303158864048,0.970192618235
YbYag5,Yb_Yag5_2026-09-28_14-57-53,Yb_Yag5_2026-09-28_13-03-16,16.4,18.9,0.000470342,0.09875,0.00476295696203,0.00160838,0.099,0.0162462626263,0.293172471207,0.938233385746
YbYag5,Yb_Yag5_2026-09-28_14-57-53,Yb_Yag5_2026-09-28_13-03-16,16.5,18.9,0.000481369,0.09865,0.00487956411556,0.001611,0.09895,0.0162809499747,0.29971003677,0.959155412453
YbYag5,Yb_Yag5_2026-09-28_14-57-53,Yb_Yag5_2026-09-28_13-03-16,16.6,18.9,0.000471713,0.09865,0.00478168271668,0.00161458,0.09885,0.0163336368235,0.292750645086,0.936883424926
YbYag5,Yb_Yag5_2026-09-28_14-57-53,Yb_Yag5_2026-09-28_13-03-16,16.7,18.9,0.000470581,0.09865,0.00477020780537,0.00162054,0.0988,0.0164022267206,0.290826842393,0.93072672165
YbYag5,Yb_Yag5_2026-09-28_14-57-53,Yb_Yag5_2026-09-28_13-03-16,16.8,18.9,0.000479819,0.0986,0.00486631845842,0.00161649,0.0988,0.0163612348178,0.297429779146,0.951857954334
YbYag5,Yb_Yag5_2026-09-28_14-57-53,Yb_Yag5_2026-09-28_13-03-16,16.9,18.9,0.00046772,0.0987,0.00473880445795,0.00161672,0.09885,0.0163552857865,0.289741464613,0.927253211108
YbYag5,Yb_Yag5_2026-09-28_14-57-53,Yb_Yag5_2026-09-28_13-03-16,17,18.9,0.000476541,0.0987,0.00482817629179,0.00161792,0.09885,0.016367425392,0.294986913101,0.944040104072
YbYag5,Yb_Yag5_2026-09-28_14-57-53,Yb_Yag5_2026-09-28_13-03-16,17.1,18.9,0.000475528,0.0987,0.00481791286727,0.0016172,0.09895,0.0163436078828,0.29478881908,0.943406148151
YbYag5,Yb_Yag5_2026-09-28_14-57-53,Yb_Yag5_2026-09-28_13-03-16,17.2,18.9,0.000467898,0.09885,0.00473341426404,0.00161553,0.0989,0.0163349848332,0.289771573857,0.927349569055
YbYag5,Yb_Yag5_2026-09-28_14-57-53,Yb_Yag5_2026-09-28_13-03-16,17.3,18.9,0.000472071,0.09855,0.0047901674277,0.00160933,0.0989,0.0162722952477,0.294375646139,0.942083879911
YbYag5,Yb_Yag5_2026-09-28_14-57-53,Yb_Yag5_2026-09-28_13-03-16,17.4,18.9,0.000467243,0.09885,0.00472678806272,0.0015998,0.0989,0.0161759352882,0.292211113516,0.935156773955
YbYag5,Yb_Yag5_2026-09-28_14-57-53,Yb_Yag5_2026-09-28_13-03-16,17.5,18.9,0.000471951,0.0987,0.00478167173252,0.00160456,0.09895,0.0162158665993,0.294876114282,0.94368551706
YbYag5,Yb_Yag5_2026-09-28_14-57-53,Yb_Yag5_2026-09-28_13-03-16,17.6,18.9,0.000475409,0.0986,0.00482159229209,0.00159789,0.0988,0.0161729757085,0.29812647833,0.954087585347
YbYag5,Yb_Yag5_2026-09-28_14-57-53,Yb_Yag5_2026-09-28_13-03-16,17.7,18.9,0.000462295,0.0987,0.00468383991895,0.00159813,0.099,0.0161427272727,0.290151709796,0.928566109709
YbYag5,Yb_Yag5_2026-09-28_14-57-53,Yb_Yag5_2026-09-28_13-03-16,17.8,18.9,0.000467898,0.0988,0.0047358097166,0.00158406,0.09905,0.0159925290257,0.296126379323,0.947686712662
YbYag5,Yb_Yag5_2026-09-28_14-57-53,Yb_Yag5_2026-09-28_13-03-16,17.9,18.9,0.000466706,0.0987,0.00472853090172,0.0015843,0.09885,0.0160273141123,0.295029527005,0.944176480411
YbYag5,Yb_Yag5_2026-09-28_14-57-53,Yb_Yag5_2026-09-28_13-03-16,18,18.9,0.000471236,0.0988,0.0047695951417,0.00158549,0.09905,0.0160069661787,0.297969964355,0.953586697129
YbYag5,Yb_Yag5_2026-09-28_14-57-53,Yb_Yag5_2026-09-28_13-03-16,18.1,18.9,0.000459196,0.09875,0.00465008607595,0.00158883,0.09905,0.016040686522,0.289893208098,0.92773883243
YbYag5,Yb_Yag5_2026-09-28_14-57-53,Yb_Yag5_2026-09-28_13-03-16,18.2,18.9,0.00046158,0.09875,0.0046742278481,0.00158048,0.0988,0.0159967611336,0.292198389978,0.935116055099
YbYag5,Yb_Yag5_2026-09-28_14-57-53,Yb_Yag5_2026-09-28_13-03-16,18.3,18.9,0.000462713,0.0987,0.00468807497467,0.00157309,0.09885,0.0159139099646,0.294589763616,0.942769115345
YbYag5,Yb_Yag5_2026-09-28_14-57-53,Yb_Yag5_2026-09-28_13-03-16,18.4,18.9,0.000461997,0.0987,0.00468082066869,0.00156737,0.09895,0.0158400202122,0.295505978274,0.945701256885
YbYag5,Yb_Yag5_2026-09-28_14-57-53,Yb_Yag5_2026-09-28_13-03-16,18.5,18.9,0.000459017,0.09875,0.00464827341772,0.00157285,0.09895,0.015895401718,0.292428810557,0.93585346499
YbYag5,Yb_Yag5_2026-09-28_14-57-53,Yb_Yag5_2026-09-28_13-03-16,18.6,18.9,0.000460746,0.09865,0.0046705119108,0.00156809,0.09885,0.0158633282752,0.294421941586,0.942232038209
YbYag5,Yb_Yag5_2026-09-28_14-57-53,Yb_Yag5_2026-09-28_13-03-16,18.7,18.9,0.000463368,0.09875,0.00469233417722,0.00157667,0.099,0.015925959596,0.294634313803,0.942911688325
YbYag5,Yb_Yag5_2026-09-28_14-57-53,Yb_Yag5_2026-09-28_13-03-16,18.8,18.9,0.000463726,0.09885,0.00469120890238,0.00158382,0.099,0.0159981818182,0.29323387843,0.938429905926
YbYag5,Yb_Yag5_2026-09-28_14-57-53,Yb_Yag5_2026-09-28_13-03-16,18.9,18.9,0.000466825,0.09875,0.00472734177215,0.00157429,0.0988,0.0159341093117,0.296680641489,0.949460505632
YbYag5,Yb_Yag5_2026-09-28_14-57-53,Yb_Yag5_2026-09-28_13-03-16,19,18.9,0.000471892,0.09865,0.00478349721237,0.00159026,0.099,0.0160632323232,0.297791696971,0.953016191958
YbYag5,Yb_Yag5_2026-09-28_14-57-53,Yb_Yag5_2026-09-28_13-03-16,19.1,18.9,0.000467064,0.0988,0.00472736842105,0.0015998,0.09885,0.0161841173495,0.292099242669,0.934798756154
YbYag5,Yb_Yag5_2026-09-28_14-57-53,Yb_Yag5_2026-09-28_13-03-16,19.2,18.9,0.000475707,0.0988,0.00481484817814,0.00161505,0.09895,0.0163218797372,0.294993484554,0.944061134547
YbYag5,Yb_Yag5_2026-09-28_14-57-53,Yb_Yag5_2026-09-28_13-03-16,19.3,18.9,0.000476005,0.0987,0.00482274569402,0.00161577,0.0988,0.0163539473684,0.294897958602,0.943755424953
YbYag5,Yb_Yag5_2026-09-28_14-57-53,Yb_Yag5_2026-09-28_13-03-16,19.4,18.9,0.00047213,0.0987,0.00478348530902,0.00160075,0.09875,0.0162101265823,0.295092409349,0.944377721385
YbYag5,Yb_Yag5_2026-09-28_14-57-53,Yb_Yag5_2026-09-28_13-03-16,19.5,18.9,0.000476183,0.09855,0.00483189244039,0.00160647,0.0988,0.0162598178138,0.297167686362,0.951019184583
YbYag5,Yb_Yag5_2026-09-28_14-57-53,Yb_Yag5_2026-09-28_13-03-16,19.6,18.9,0.000480952,0.09865,0.00487533705018,0.00161505,0.09875,0.0163549367089,0.298095745459,0.95398923162
YbYag5,Yb_Yag5_2026-09-28_14-57-53,Yb_Yag5_2026-09-28_13-03-16,19.7,18.9,0.000481965,0.0986,0.0048880831643,0.00162388,0.099,0.0164028282828,0.29800245909,0.953690689311
YbYag5,Yb_Yag5_2026-09-28_14-57-53,Yb_Yag5_2026-09-28_13-03-16,19.8,18.9,0.000480356,0.09855,0.00487423642821,0.00163794,0.09885,0.0165699544765,0.294161123685,0.941397348439
YbYag5,Yb_Yag5_2026-09-28_14-57-53,Yb_Yag5_2026-09-28_13-03-16,19.9,18.9,0.000488285,0.0986,0.00495218052738,0.00165869,0.09885,0.0167798684876,0.295126301558,0.944486185875
YbYag5,Yb_Yag5_2026-09-28_14-57-53,Yb_Yag5_2026-09-28_13-03-16,20,18.9,0.000498835,0.0988,0.00504893724696,0.00170756,0.0989,0.017265520728,0.292428900727,0.935853753557
YbYag5,Yb_Yag5_2026-09-28_14-57-53,Yb_Yag5_2026-09-28_13-03-16,20.1,18.9,0.000516836,0.09865,0.00523908768373,0.00179148,0.0988,0.018132388664,0.288935328975,0.924673353025
YbYag5,Yb_Yag5_2026-09-28_14-57-53,Yb_Yag5_2026-09-28_13-03-16,20.2,18.9,0.000539009,0.0987,0.00546108409321,0.00184871,0.09885,0.0187021750126,0.292002619456,0.934489535021
YbYag5,Yb_Yag5_2026-09-28_14-57-53,Yb_Yag5_2026-09-28_13-03-16,20.3,18.9,0.000561718,0.09865,0.00569404967055,0.00189472,0.09885,0.0191676277188,0.29706595694,0.950693622161
YbYag5,Yb_Yag5_2026-09-28_14-57-53,Yb_Yag5_2026-09-28_13-03-16,20.4,18.9,0.00056291,0.09865,0.0057061327927,0.00191689,0.0988,0.0194017206478,0.294104471262,0.941216044943
YbYag5,Yb_Yag5_2026-09-28_14-57-53,Yb_Yag5_2026-09-28_13-03-16,20.5,18.9,0.000573996,0.0985,0.00582737055838,0.00194407,0.0988,0.0196768218623,0.296154053696,0.947775278347
YbYag5,Yb_Yag5_2026-09-28_14-57-53,Yb_Yag5_2026-09-28_13-03-16,20.6,18.9,0.000573996,0.09845,0.00583033011681,0.00192166,0.09885,0.0194401618614,0.299911603534,0.959800482118
YbYag5,Yb_Yag5_2026-09-28_14-57-53,Yb_Yag5_2026-09-28_13-03-16,20.7,18.9,0.000515942,0.0986,0.00523267748479,0.00187326,0.09885,0.0189505311077,0.276122999142,0.883670336784
YbYag5,Yb_Yag5_2026-09-28_14-57-53,Yb_Yag5_2026-09-28_13-03-16,20.8,18.9,0.00033796,0.09855,0.00342932521563,0.00147725,0.09895,0.0149292572006,0.229705012751,0.735119879944
YbYag5,Yb_Yag5_2026-09-28_14-57-53,Yb_Yag5_2026-09-28_13-03-16,13.6,19,0.000404658,0.09855,0.00410611872146,0.00109912,0.0989,0.0111134479272,0.369472979795,1.18241621851
YbYag5,Yb_Yag5_2026-09-28_14-57-53,Yb_Yag5_2026-09-28_13-03-16,13.7,19,0.000466885,0.0985,0.00473994923858,0.00150252,0.0988,0.0152076923077,0.31168103238,0.997465925361
YbYag5,Yb_Yag5_2026-09-28_14-57-53,Yb_Yag5_2026-09-28_13-03-16,13.8,19,0.000489358,0.09855,0.00496558092339,0.00165201,0.09885,0.0167122913505,0.297121490958,0.950871346454
YbYag5,Yb_Yag5_2026-09-28_14-57-53,Yb_Yag5_2026-09-28_13-03-16,13.9,19,0.000489954,0.09865,0.00496658895084,0.00167394,0.0989,0.0169255813953,0.293436830017,0.93907940741
YbYag5,Yb_Yag5_2026-09-28_14-57-53,Yb_Yag5_2026-09-28_13-03-16,14,19,0.000492875,0.0987,0.00499366767984,0.00168396,0.09885,0.017035508346,0.293132883294,0.938106693422
YbYag5,Yb_Yag5_2026-09-28_14-57-53,Yb_Yag5_2026-09-28_13-03-16,14.1,19,0.000485064,0.09855,0.00492200913242,0.0016892,0.09895,0.0170712481051,0.288321574505,0.922709168147
YbYag5,Yb_Yag5_2026-09-28_14-57-53,Yb_Yag5_2026-09-28_13-03-16,14.2,19,0.000484707,0.0987,0.0049109118541,0.00167847,0.0989,0.0169713852376,0.289364231932,0.926045961688
YbYag5,Yb_Yag5_2026-09-28_14-57-53,Yb_Yag5_2026-09-28_13-03-16,14.3,19,0.00047976,0.09875,0.00485832911392,0.00166703,0.0989,0.0168557128413,0.288230415389,0.922417433642
YbYag5,Yb_Yag5_2026-09-28_14-57-53,Yb_Yag5_2026-09-28_13-03-16,14.4,19,0.000478925,0.0988,0.00484741902834,0.001647,0.09905,0.0166279656739,0.291522073319,0.932951653831
YbYag5,Yb_Yag5_2026-09-28_14-57-53,Yb_Yag5_2026-09-28_13-03-16,14.5,19,0.000475945,0.09875,0.00481969620253,0.0016327,0.09905,0.0164835941444,0.292393525363,0.935740542562
YbYag5,Yb_Yag5_2026-09-28_14-57-53,Yb_Yag5_2026-09-28_13-03-16,14.6,19,0.000480058,0.0987,0.00486380952381,0.00162435,0.099,0.0164075757576,0.296436816484,0.948680197854
YbYag5,Yb_Yag5_2026-09-28_14-57-53,Yb_Yag5_2026-09-28_13-03-16,14.7,19,0.000474574,0.0987,0.00480824721378,0.00162149,0.099,0.0163786868687,0.293567320282,0.939497012522
YbYag5,Yb_Yag5_2026-09-28_14-57-53,Yb_Yag5_2026-09-28_13-03-16,14.8,19,0.000470759,0.09875,0.00476717974684,0.00161696,0.09895,0.0163411824154,0.291727956133,0.933610536053
YbYag5,Yb_Yag5_2026-09-28_14-57-53,Yb_Yag5_2026-09-28_13-03-16,14.9,19,0.000471594,0.09875,0.00477563544304,0.00159503,0.099,0.0161114141414,0.296413176468,0.948604543231
YbYag5,Yb_Yag5_2026-09-28_14-57-53,Yb_Yag5_2026-09-28_13-03-16,15,19,0.000470163,0.0987,0.004763556231,0.00160743,0.09895,0.016244871147,0.293234473077,0.938431808963
YbYag5,Yb_Yag5_2026-09-28_14-57-53,Yb_Yag5_2026-09-28_13-03-16,15.1,19,0.000466408,0.09885,0.00471834092059,0.00160599,0.09885,0.016246737481,0.290417748555,0.929417507672
YbYag5,Yb_Yag5_2026-09-28_14-57-53,Yb_Yag5_2026-09-28_13-03-16,15.2,19,0.000475528,0.0987,0.00481791286727,0.00161076,0.0989,0.0162867542973,0.295817863972,0.946699377798
YbYag5,Yb_Yag5_2026-09-28_14-57-53,Yb_Yag5_2026-09-28_13-03-16,15.3,19,0.00047064,0.0988,0.00476356275304,0.00160933,0.0989,0.0162722952477,0.292740678591,0.936851529371
YbYag5,Yb_Yag5_2026-09-28_14-57-53,Yb_Yag5_2026-09-28_13-03-16,15.4,19,0.000470223,0.09875,0.00476175189873,0.00160409,0.0989,0.0162193124368,0.293585311787,0.939554590338
YbYag5,Yb_Yag5_2026-09-28_14-57-53,Yb_Yag5_2026-09-28_13-03-16,15.5,19,0.000475945,0.09875,0.00481969620253,0.00160886,0.0989,0.0162675429727,0.296276838526,0.948168223925
YbYag5,Yb_Yag5_2026-09-28_14-57-53,Yb_Yag5_2026-09-28_13-03-16,15.6,19,0.000475349,0.0987,0.00481609929078,0.00160003,0.09885,0.0161864441072,0.297539055452,0.952207668882
YbYag5,Yb_Yag5_2026-09-28_14-57-53,Yb_Yag5_2026-09-28_13-03-16,15.7,19,0.000474455,0.09875,0.00480460759494,0.00160552,0.09885,0.0162419828022,0.295814104315,0.946687345851
YbYag5,Yb_Yag5_2026-09-28_14-57-53,Yb_Yag5_2026-09-28_13-03-16,15.8,19,0.000471415,0.0987,0.00477624113475,0.00159741,0.09905,0.0161273094397,0.296158584456,0.947789778038
YbYag5,Yb_Yag5_2026-09-28_14-57-53,Yb_Yag5_2026-09-28_13-03-16,15.9,19,0.000470759,0.0986,0.00477443204868,0.00160671,0.09885,0.0162540212443,0.293738514114,0.940044880363
YbYag5,Yb_Yag5_2026-09-28_14-57-53,Yb_Yag5_2026-09-28_13-03-16,16,19,0.000468852,0.09855,0.00475750380518,0.00160003,0.09895,0.016170085902,0.294216359394,0.941574118061
YbYag5,Yb_Yag5_2026-09-28_14-57-53,Yb_Yag5_2026-09-28_13-03-16,16.1,19,0.000471475,0.09865,0.00477927014698,0.00160218,0.09875,0.0162246075949,0.29456922881,0.942703398261
YbYag5,Yb_Yag5_2026-09-28_14-57-53,Yb_Yag5_2026-09-28_13-03-16,16.2,19,0.000466706,0.09865,0.00473092752154,0.00160814,0.09895,0.0162520464881,0.291097341187,0.931592392968
YbYag5,Yb_Yag5_2026-09-28_14-57-53,Yb_Yag5_2026-09-28_13-03-16,16.3,19,0.0004707,0.09875,0.00476658227848,0.00160599,0.09885,0.016246737481,0.293387043648,0.938920077192
YbYag5,Yb_Yag5_2026-09-28_14-57-53,Yb_Yag5_2026-09-28_13-03-16,16.4,19,0.000471713,0.09865,0.00478168271668,0.00161339,0.09885,0.0163215983814,0.292966571346,0.937574448967
YbYag5,Yb_Yag5_2026-09-28_14-57-53,Yb_Yag5_2026-09-28_13-03-16,16.5,19,0.000471713,0.09875,0.00477684050633,0.00161529,0.09885,0.0163408194234,0.292325640628,0.935523292544
YbYag5,Yb_Yag5_2026-09-28_14-57-53,Yb_Yag5_2026-09-28_13-03-16,16.6,19,0.000474753,0.0986,0.00481493914807,0.00161625,0.0989,0.0163422649141,0.294631079191,0.942901336669
YbYag5,Yb_Yag5_2026-09-28_14-57-53,Yb_Yag5_2026-09-28_13-03-16,16.7,19,0.000477316,0.09855,0.00484338914257,0.00161577,0.0989,0.0163374115268,0.296460007427,0.948754415315
YbYag5,Yb_Yag5_2026-09-28_14-57-53,Yb_Yag5_2026-09-28_13-03-16,16.8,19,0.000475707,0.0987,0.00481972644377,0.0016203,0.099,0.0163666666667,0.294484304099,0.942431615584
YbYag5,Yb_Yag5_2026-09-28_14-57-53,Yb_Yag5_2026-09-28_13-03-16,16.9,19,0.000474634,0.09865,0.00481129244805,0.00161768,0.0988,0.0163732793522,0.293850263259,0.940402508682
YbYag5,Yb_Yag5_2026-09-28_14-57-53,Yb_Yag5_2026-09-28_13-03-16,17,19,0.000475587,0.09865,0.00482095286366,0.00161458,0.09895,0.0163171298636,0.29545348379,0.945533259947
YbYag5,Yb_Yag5_2026-09-28_14-57-53,Yb_Yag5_2026-09-28_13-03-16,17.1,19,0.000476124,0.09875,0.00482150886076,0.0016172,0.0989,0.0163518705763,0.294859773887,0.943633223255
YbYag5,Yb_Yag5_2026-09-28_14-57-53,Yb_Yag5_2026-09-28_13-03-16,17.2,19,0.000470759,0.09865,0.00477201216422,0.00161672,0.09875,0.0163718481013,0.291476694304,0.932806428371
YbYag5,Yb_Yag5_2026-09-28_14-57-53,Yb_Yag5_2026-09-28_13-03-16,17.3,19,0.000475349,0.0988,0.00481122469636,0.00161935,0.09875,0.0163984810127,0.293394534081,0.938944048659
YbYag5,Yb_Yag5_2026-09-28_14-57-53,Yb_Yag5_2026-09-28_13-03-16,17.4,19,0.000471534,0.0986,0.00478229208925,0.00161625,0.0988,0.016358805668,0.29233748394,0.935561194435
YbYag5,Yb_Yag5_2026-09-28_14-57-53,Yb_Yag5_2026-09-28_13-03-16,17.5,19,0.000471177,0.0987,0.00477382978723,0.00160909,0.09895,0.0162616472966,0.29356372698,0.939485512958
YbYag5,Yb_Yag5_2026-09-28_14-57-53,Yb_Yag5_2026-09-28_13-03-16,17.6,19,0.000470819,0.0988,0.00476537449393,0.0016029,0.09885,0.016215477997,0.293878138826,0.940491718244
YbYag5,Yb_Yag5_2026-09-28_14-57-53,Yb_Yag5_2026-09-28_13-03-16,17.7,19,0.000468196,0.0989,0.00473403437816,0.00159384,0.09885,0.0161238239757,0.293604940447,0.939617407505
YbYag5,Yb_Yag5_2026-09-28_14-57-53,Yb_Yag5_2026-09-28_13-03-16,17.8,19,0.000462892,0.09865,0.0046922655854,0.00157333,0.09885,0.0159163378857,0.294808115981,0.943467903598
YbYag5,Yb_Yag5_2026-09-28_14-57-53,Yb_Yag5_2026-09-28_13-03-16,17.9,19,0.000465574,0.09875,0.00471467341772,0.00157643,0.09885,0.0159476985331,0.295633467609,0.946109258187
YbYag5,Yb_Yag5_2026-09-28_14-57-53,Yb_Yag5_2026-09-28_13-03-16,18,19,0.000467362,0.0987,0.00473517730496,0.00158859,0.09885,0.0160707132018,0.294646369797,0.942950270857
YbYag5,Yb_Yag5_2026-09-28_14-57-53,Yb_Yag5_2026-09-28_13-03-16,18.1,19,0.000462713,0.0987,0.00468807497467,0.00158454,0.09885,0.0160297420334,0.292461036797,0.935956597913
YbYag5,Yb_Yag5_2026-09-28_14-57-53,Yb_Yag5_2026-09-28_13-03-16,18.2,19,0.000465812,0.09875,0.0047170835443,0.00158382,0.0988,0.0160305668016,0.294255568295,0.941699597441
YbYag5,Yb_Yag5_2026-09-28_14-57-53,Yb_Yag5_2026-09-28_13-03-16,18.3,19,0.000462653,0.0987,0.00468746707194,0.00157238,0.0989,0.015898685541,0.294833623814,0.943549535754
YbYag5,Yb_Yag5_2026-09-28_14-57-53,Yb_Yag5_2026-09-28_13-03-16,18.4,19,0.000458362,0.09865,0.0046463456665,0.00157572,0.09895,0.0159244062658,0.29177512737,0.933761497122
YbYag5,Yb_Yag5_2026-09-28_14-57-53,Yb_Yag5_2026-09-28_13-03-16,18.5,19,0.000461819,0.09885,0.00467191704603,0.00157953,0.0988,0.015987145749,0.292229589908,0.935215903546
YbYag5,Yb_Yag5_2026-09-28_14-57-53,Yb_Yag5_2026-09-28_13-03-16,18.6,19,0.000461938,0.09875,0.00467785316456,0.00157476,0.09895,0.0159147043962,0.293932771109,0.940666556735
YbYag5,Yb_Yag5_2026-09-28_14-57-53,Yb_Yag5_2026-09-28_13-03-16,18.7,19,0.000463368,0.09885,0.00468758725341,0.00158382,0.0988,0.0160305668016,0.292415565303,0.935811076494
YbYag5,Yb_Yag5_2026-09-28_14-57-53,Yb_Yag5_2026-09-28_13-03-16,18.8,19,0.000466468,0.0986,0.0047309127789,0.00159169,0.0988,0.0161102226721,0.293659055818,0.939790591731
YbYag5,Yb_Yag5_2026-09-28_14-57-53,Yb_Yag5_2026-09-28_13-03-16,18.9,19,0.000466051,0.09865,0.00472428788647,0.00159813,0.09885,0.0161672230653,0.292213936023,0.935165806763
YbYag5,Yb_Yag5_2026-09-28_14-57-53,Yb_Yag5_2026-09-28_13-03-16,19,19,0.000466706,0.0987,0.00472853090172,0.00160695,0.0989,0.0162482305359,0.29101820603,0.931339138471
YbYag5,Yb_Yag5_2026-09-28_14-57-53,Yb_Yag5_2026-09-28_13-03-16,19.1,19,0.000479164,0.0988,0.00484983805668,0.00160361,0.09895,0.0162062657908,0.299256973771,0.957705484943
YbYag5,Yb_Yag5_2026-09-28_14-57-53,Yb_Yag5_2026-09-28_13-03-16,19.2,19,0.000470938,0.0987,0.004771408308,0.00161291,0.0988,0.016325,0.292276159755,0.935364939999
YbYag5,Yb_Yag5_2026-09-28_14-57-53,Yb_Yag5_2026-09-28_13-03-16,19.3,19,0.000475885,0.09865,0.0048239736442,0.00162149,0.09885,0.0164035407183,0.29408124301,0.941141708079
YbYag5,Yb_Yag5_2026-09-28_14-57-53,Yb_Yag5_2026-09-28_13-03-16,19.4,19,0.000474991,0.09865,0.00481491130258,0.00161196,0.09885,0.0163071320182,0.29526413947,0.944927305501
YbYag5,Yb_Yag5_2026-09-28_14-57-53,Yb_Yag5_2026-09-28_13-03-16,19.5,19,0.000478866,0.0985,0.00486158375635,0.00161839,0.09875,0.0163887594937,0.296641350934,0.949334764938
YbYag5,Yb_Yag5_2026-09-28_14-57-53,Yb_Yag5_2026-09-28_13-03-16,19.6,19,0.000480535,0.0986,0.0048735801217,0.00162531,0.09885,0.016442185129,0.296407082359,0.94858504039
YbYag5,Yb_Yag5_2026-09-28_14-57-53,Yb_Yag5_2026-09-28_13-03-16,19.7,19,0.000484409,0.0986,0.00491287018256,0.00164152,0.0988,0.0166145748988,0.295696411884,0.946310697362
YbYag5,Yb_Yag5_2026-09-28_14-57-53,Yb_Yag5_2026-09-28_13-03-16,19.8,19,0.000483932,0.09855,0.00491052257737,0.00166083,0.09885,0.0168015174507,0.292266611738,0.93533438369
YbYag5,Yb_Yag5_2026-09-28_14-57-53,Yb_Yag5_2026-09-28_13-03-16,19.9,19,0.000498179,0.09855,0.00505508878742,0.00170756,0.09885,0.0172742539201,0.292637170369,0.936520274296
YbYag5,Yb_Yag5_2026-09-28_14-57-53,Yb_Yag5_2026-09-28_13-03-16,20,19,0.000516299,0.0985,0.0052416142132,0.00178386,0.09885,0.0180461305008,0.290456406318,0.929541223257
YbYag5,Yb_Yag5_2026-09-28_14-57-53,Yb_Yag5_2026-09-28_13-03-16,20.1,19,0.000542644,0.09855,0.0055062810756,0.00184727,0.0988,0.0186970647773,0.29449975925,0.942481076362
YbYag5,Yb_Yag5_2026-09-28_14-57-53,Yb_Yag5_2026-09-28_13-03-16,20.2,19,0.000557426,0.0986,0.00565340770791,0.00190044,0.0989,0.0192157735086,0.294206616527,0.941542938177
YbYag5,Yb_Yag5_2026-09-28_14-57-53,Yb_Yag5_2026-09-28_13-03-16,20.3,19,0.000561479,0.09845,0.00570318943626,0.00191284,0.0987,0.0193803444782,0.294276989899,0.941768152528
YbYag5,Yb_Yag5_2026-09-28_14-57-53,Yb_Yag5_2026-09-28_13-03-16,20.4,19,0.000571433,0.09855,0.00579840690005,0.0019424,0.09885,0.0196499747092,0.295084700406,0.944353050626
YbYag5,Yb_Yag5_2026-09-28_14-57-53,Yb_Yag5_2026-09-28_13-03-16,20.5,19,0.000567082,0.09855,0.00575425672248,0.00192333,0.09875,0.0194767594937,0.295442202505,0.945497156699
YbYag5,Yb_Yag5_2026-09-28_14-57-53,Yb_Yag5_2026-09-28_13-03-16,20.6,19,0.000547592,0.0985,0.00555930964467,0.00189377,0.09885,0.0191580171978,0.29018189029,0.928662695677
YbYag5,Yb_Yag5_2026-09-28_14-57-53,Yb_Yag5_2026-09-28_13-03-16,20.7,19,0.000407817,0.09855,0.00413817351598,0.00162817,0.09875,0.0164877974684,0.250984009472,0.803218583264
YbYag5,Yb_Yag5_2026-09-28_14-57-53,Yb_Yag5_2026-09-28_13-03-16,13.7,19.1,0.000476005,0.0986,0.00482763691684,0.00146032,0.09885,0.0147730905412,0.32678584778,1.04580553254
YbYag5,Yb_Yag5_2026-09-28_14-57-53,Yb_Yag5_2026-09-28_13-03-16,13.8,19.1,0.000498477,0.0985,0.00506068020305,0.00168753,0.09875,0.0170889113924,0.296138243499,0.947724681321
YbYag5,Yb_Yag5_2026-09-28_14-57-53,Yb_Yag5_2026-09-28_13-03-16,13.9,19.1,0.000496928,0.09855,0.00504239472349,0.00170017,0.0988,0.0172081983806,0.293022814589,0.937754442977
YbYag5,Yb_Yag5_2026-09-28_14-57-53,Yb_Yag5_2026-09-28_13-03-16,14,19.1,0.000498001,0.0986,0.00505072008114,0.00170947,0.0989,0.0172848331648,0.292205312772,0.935138209965
YbYag5,Yb_Yag5_2026-09-28_14-57-53,Yb_Yag5_2026-09-28_13-03-16,14.1,19.1,0.000494365,0.09865,0.0050113025849,0.00170565,0.09885,0.0172549317147,0.290427262638,0.929447955382
YbYag5,Yb_Yag5_2026-09-28_14-57-53,Yb_Yag5_2026-09-28_13-03-16,14.2,19.1,0.000497285,0.09855,0.00504601725013,0.00170422,0.09885,0.0172404653515,0.2926845156,0.936671792194
YbYag5,Yb_Yag5_2026-09-28_14-57-53,Yb_Yag5_2026-09-28_13-03-16,14.3,19.1,0.000484826,0.09865,0.00491460719716,0.00168563,0.09895,0.0170351692774,0.288497702437,0.923272826481
YbYag5,Yb_Yag5_2026-09-28_14-57-53,Yb_Yag5_2026-09-28_13-03-16,14.4,19.1,0.000485959,0.09865,0.00492609224531,0.00166226,0.0989,0.0168074823054,0.293089241791,0.937967028485
YbYag5,Yb_Yag5_2026-09-28_14-57-53,Yb_Yag5_2026-09-28_13-03-16,14.5,19.1,0.000480236,0.0986,0.00487054766734,0.00165368,0.099,0.0167038383838,0.291582542613,0.933145172375
YbYag5,Yb_Yag5_2026-09-28_14-57-53,Yb_Yag5_2026-09-28_13-03-16,14.6,19.1,0.000480833,0.09875,0.00486919493671,0.00164843,0.09895,0.0166592218292,0.292282255836,0.935384449152
YbYag5,Yb_Yag5_2026-09-28_14-57-53,Yb_Yag5_2026-09-28_13-03-16,14.7,19.1,0.000481369,0.0988,0.00487215587045,0.00164057,0.099,0.0165714141414,0.294009661992,0.94091262893
YbYag5,Yb_Yag5_2026-09-28_14-57-53,Yb_Yag5_2026-09-28_13-03-16,14.8,19.1,0.000480117,0.09865,0.00486687278256,0.00162769,0.099,0.0164413131313,0.296014846484,0.94732977658
YbYag5,Yb_Yag5_2026-09-28_14-57-53,Yb_Yag5_2026-09-28_13-03-16,14.9,19.1,0.000476064,0.0987,0.00482334346505,0.00161911,0.09895,0.0163629105609,0.29477295296,0.943355372157
YbYag5,Yb_Yag5_2026-09-28_14-57-53,Yb_Yag5_2026-09-28_13-03-16,15,19.1,0.000475826,0.09865,0.0048233755702,0.0016172,0.09885,0.0163601416287,0.29482480529,0.943521314026
YbYag5,Yb_Yag5_2026-09-28_14-57-53,Yb_Yag5_2026-09-28_13-03-16,15.1,19.1,0.000475826,0.09875,0.00481849113924,0.00161529,0.0989,0.0163325581395,0.295023663659,0.944157716073
YbYag5,Yb_Yag5_2026-09-28_14-57-53,Yb_Yag5_2026-09-28_13-03-16,15.2,19.1,0.000474753,0.09875,0.00480762531646,0.00161434,0.09895,0.0163147043962,0.294680504146,0.94305951026
YbYag5,Yb_Yag5_2026-09-28_14-57-53,Yb_Yag5_2026-09-28_13-03-16,15.3,19.1,0.000471713,0.0988,0.00477442307692,0.00160862,0.09895,0.0162568974229,0.293685993872,0.939876800992
YbYag5,Yb_Yag5_2026-09-28_14-57-53,Yb_Yag5_2026-09-28_13-03-16,15.4,19.1,0.000471415,0.0988,0.00477140688259,0.00160385,0.09895,0.0162086912582,0.294373358501,0.942076558837
YbYag5,Yb_Yag5_2026-09-28_14-57-53,Yb_Yag5_2026-09-28_13-03-16,15.5,19.1,0.000466885,0.09875,0.00472794936709,0.00160456,0.09895,0.0162158665993,0.291563163654,0.933083154323
YbYag5,Yb_Yag5_2026-09-28_14-57-53,Yb_Yag5_2026-09-28_13-03-16,15.6,19.1,0.000466527,0.0987,0.00472671732523,0.0015955,0.09875,0.0161569620253,0.292549881458,0.936240925522
YbYag5,Yb_Yag5_2026-09-28_14-57-53,Yb_Yag5_2026-09-28_13-03-16,15.7,19.1,0.000467839,0.09885,0.0047328174001,0.00159622,0.0989,0.0161397371082,0.293240055174,0.938449673223
YbYag5,Yb_Yag5_2026-09-28_14-57-53,Yb_Yag5_2026-09-28_13-03-16,15.8,19.1,0.000471117,0.0987,0.0047732218845,0.00160623,0.0989,0.016240950455,0.293900403041,0.940562969922
YbYag5,Yb_Yag5_2026-09-28_14-57-53,Yb_Yag5_2026-09-28_13-03-16,15.9,19.1,0.000471653,0.09875,0.00477623291139,0.00159837,0.09895,0.0161533097524,0.295681379519,0.946262589616
YbYag5,Yb_Yag5_2026-09-28_14-57-53,Yb_Yag5_2026-09-28_13-03-16,16,19.1,0.000468435,0.0988,0.00474124493927,0.00160743,0.0989,0.0162530839232,0.291713557973,0.933564457939
YbYag5,Yb_Yag5_2026-09-28_14-57-53,Yb_Yag5_2026-09-28_13-03-16,16.1,19.1,0.000475707,0.09865,0.00482216928535,0.00161076,0.0989,0.0162867542973,0.296079206288,0.947535745839
YbYag5,Yb_Yag5_2026-09-28_14-57-53,Yb_Yag5_2026-09-28_13-03-16,16.2,19.1,0.000471475,0.0987,0.00477684903749,0.00161005,0.099,0.0162631313131,0.293722589182,0.939993916154
YbYag5,Yb_Yag5_2026-09-28_14-57-53,Yb_Yag5_2026-09-28_13-03-16,16.3,19.1,0.000469925,0.0987,0.00476114488349,0.00161172,0.09885,0.0163047040971,0.292010505382,0.934514772174
YbYag5,Yb_Yag5_2026-09-28_14-57-53,Yb_Yag5_2026-09-28_13-03-16,16.4,19.1,0.000471117,0.0987,0.0047732218845,0.00160552,0.099,0.0162173737374,0.294327673629,0.941930354548
YbYag5,Yb_Yag5_2026-09-28_14-57-53,Yb_Yag5_2026-09-28_13-03-16,16.5,19.1,0.00047213,0.09865,0.00478590978206,0.00160933,0.0988,0.0162887651822,0.293816610929,0.940294811876
YbYag5,Yb_Yag5_2026-09-28_14-57-53,Yb_Yag5_2026-09-28_13-03-16,16.6,19.1,0.000472011,0.0987,0.00478227963526,0.00161386,0.0988,0.0163346153846,0.292769650381,0.936944247153
YbYag5,Yb_Yag5_2026-09-28_14-57-53,Yb_Yag5_2026-09-28_13-03-16,16.7,19.1,0.000472428,0.09865,0.0047889305626,0.00161577,0.09885,0.0163456752656,0.292978447497,0.937612455951
YbYag5,Yb_Yag5_2026-09-28_14-57-53,Yb_Yag5_2026-09-28_13-03-16,16.8,19.1,0.000471296,0.0987,0.00477503546099,0.00162054,0.0987,0.0164188449848,0.290826514618,0.93072567268
YbYag5,Yb_Yag5_2026-09-28_14-57-53,Yb_Yag5_2026-09-28_13-03-16,16.9,19.1,0.000476481,0.09865,0.00483001520527,0.00161744,0.09875,0.0163791392405,0.294888219359,0.943724256671
YbYag5,Yb_Yag5_2026-09-28_14-57-53,Yb_Yag5_2026-09-28_13-03-16,17,19.1,0.000475468,0.09865,0.00481974657881,0.00162006,0.0987,0.0164139817629,0.293636647611,0.939718879243
YbYag5,Yb_Yag5_2026-09-28_14-57-53,Yb_Yag5_2026-09-28_13-03-16,17.1,19.1,0.000474872,0.0987,0.00481126646403,0.00162411,0.0988,0.0164383603239,0.292685302502,0.936674310496
YbYag5,Yb_Yag5_2026-09-28_14-57-53,Yb_Yag5_2026-09-28_13-03-16,17.2,19.1,0.000477912,0.0988,0.0048371659919,0.0016172,0.09895,0.0163436078828,0.295966840773,0.947176144962
YbYag5,Yb_Yag5_2026-09-28_14-57-53,Yb_Yag5_2026-09-28_13-03-16,17.3,19.1,0.000475647,0.09865,0.00482156107451,0.00161505,0.09905,0.0163054013125,0.295703306046,0.946332760595
YbYag5,Yb_Yag5_2026-09-28_14-57-53,Yb_Yag5_2026-09-28_13-03-16,17.4,19.1,0.000474991,0.0986,0.00481735294118,0.00162078,0.0989,0.0163880687563,0.293954889549,0.940737341889
YbYag5,Yb_Yag5_2026-09-28_14-57-53,Yb_Yag5_2026-09-28_13-03-16,17.5,19.1,0.000480356,0.09865,0.0048692954891,0.00161529,0.0988,0.0163490890688,0.297832831457,0.953147833743
YbYag5,Yb_Yag5_2026-09-28_14-57-53,Yb_Yag5_2026-09-28_13-03-16,17.6,19.1,0.00047213,0.0987,0.00478348530902,0.00161243,0.0988,0.0163201417004,0.29310317256,0.938011610817
YbYag5,Yb_Yag5_2026-09-28_14-57-53,Yb_Yag5_2026-09-28_13-03-16,17.7,19.1,0.000476362,0.09865,0.00482880892043,0.00161148,0.0988,0.0163105263158,0.296054757948,0.947457504357
YbYag5,Yb_Yag5_2026-09-28_14-57-53,Yb_Yag5_2026-09-28_13-03-16,17.8,19.1,0.000472607,0.0987,0.00478831813576,0.00160409,0.0988,0.0162357287449,0.294924743508,0.943841144098
YbYag5,Yb_Yag5_2026-09-28_14-57-53,Yb_Yag5_2026-09-28_13-03-16,17.9,19.1,0.00046772,0.09865,0.00474120628485,0.00159455,0.0988,0.0161391700405,0.293770142638,0.940146100428
YbYag5,Yb_Yag5_2026-09-28_14-57-53,Yb_Yag5_2026-09-28_13-03-16,18,19.1,0.000466527,0.09865,0.00472911302585,0.00159884,0.09885,0.0161744056651,0.292382491435,0.935705230928
YbYag5,Yb_Yag5_2026-09-28_14-57-53,Yb_Yag5_2026-09-28_13-03-16,18.1,19.1,0.000467243,0.09865,0.00473637100862,0.00158859,0.09885,0.0160707132018,0.294720647998,0.943187981743
YbYag5,Yb_Yag5_2026-09-28_14-57-53,Yb_Yag5_2026-09-28_13-03-16,18.2,19.1,0.0004676,0.09865,0.00473998986315,0.00158859,0.0989,0.0160625884732,0.295095019776,0.944386075477
YbYag5,Yb_Yag5_2026-09-28_14-57-53,Yb_Yag5_2026-09-28_13-03-16,18.3,19.1,0.000466229,0.0987,0.00472369807497,0.00158168,0.09885,0.016000809307,0.295216197152,0.944773876759
YbYag5,Yb_Yag5_2026-09-28_14-57-53,Yb_Yag5_2026-09-28_13-03-16,18.4,19.1,0.000466766,0.09875,0.0047267443038,0.00158644,0.09885,0.0160489630754,0.294520230472,0.94254658996
YbYag5,Yb_Yag5_2026-09-28_14-57-53,Yb_Yag5_2026-09-28_13-03-16,18.5,19.1,0.000464024,0.0987,0.00470135764944,0.00158335,0.09895,0.0160015159171,0.293807016397,0.940264106707
YbYag5,Yb_Yag5_2026-09-28_14-57-53,Yb_Yag5_2026-09-28_13-03-16,18.6,19.1,0.000466587,0.0987,0.00472732522796,0.00157786,0.0988,0.015970242915,0.296008348346,0.947308980734
YbYag5,Yb_Yag5_2026-09-28_14-57-53,Yb_Yag5_2026-09-28_13-03-16,18.7,19.1,0.000466468,0.09865,0.00472851495185,0.0015936,0.09875,0.016137721519,0.293010072474,0.937713664668
YbYag5,Yb_Yag5_2026-09-28_14-57-53,Yb_Yag5_2026-09-28_13-03-16,18.8,19.1,0.000472249,0.0987,0.00478469098278,0.00160838,0.0988,0.0162791497976,0.293915286871,0.940610602313
YbYag5,Yb_Yag5_2026-09-28_14-57-53,Yb_Yag5_2026-09-28_13-03-16,18.9,19.1,0.000475349,0.0985,0.00482587817259,0.00160647,0.0988,0.0162598178138,0.296797801049,0.949835448784
YbYag5,Yb_Yag5_2026-09-28_14-57-53,Yb_Yag5_2026-09-28_13-03-16,19,19.1,0.000470938,0.09855,0.00477867072552,0.0016141,0.0988,0.0163370445344,0.292505215093,0.936097980739
YbYag5,Yb_Yag5_2026-09-28_14-57-53,Yb_Yag5_2026-09-28_13-03-16,19.1,19.1,0.000470581,0.09855,0.00477504819888,0.00161219,0.0989,0.0163012133468,0.292925937309,0.937444408755
YbYag5,Yb_Yag5_2026-09-28_14-57-53,Yb_Yag5_2026-09-28_13-03-16,19.2,19.1,0.000475885,0.0986,0.0048264198783,0.00162102,0.09885,0.0163987860395,0.294315680848,0.941891974317
YbYag5,Yb_Yag5_2026-09-28_14-57-53,Yb_Yag5_2026-09-28_13-03-16,19.3,19.1,0.000481131,0.0986,0.00487962474645,0.0016327,0.0989,0.0165085945399,0.295580870598,0.945940933134
YbYag5,Yb_Yag5_2026-09-28_14-57-53,Yb_Yag5_2026-09-28_13-03-16,19.4,19.1,0.000481488,0.09855,0.00488572298326,0.00162817,0.0989,0.0164627906977,0.296773680294,0.949758255664
YbYag5,Yb_Yag5_2026-09-28_14-57-53,Yb_Yag5_2026-09-28_13-03-16,19.5,19.1,0.000480833,0.09845,0.00488403250381,0.00163747,0.09895,0.0165484588176,0.295135187974,0.944514624874
YbYag5,Yb_Yag5_2026-09-28_14-57-53,Yb_Yag5_2026-09-28_13-03-16,19.6,19.1,0.00048721,0.0985,0.00494629441624,0.00163961,0.09885,0.0165868487607,0.298205794699,0.954341419772
YbYag5,Yb_Yag5_2026-09-28_14-57-53,Yb_Yag5_2026-09-28_13-03-16,19.7,19.1,0.000488345,0.09855,0.00495530187722,0.00167394,0.0988,0.0169427125506,0.292473939012,0.935997888587
YbYag5,Yb_Yag5_2026-09-28_14-57-53,Yb_Yag5_2026-09-28_13-03-16,19.8,19.1,0.000499491,0.09855,0.00506840182648,0.0016954,0.09875,0.0171686075949,0.295213330403,0.944764702366
YbYag5,Yb_Yag5_2026-09-28_14-57-53,Yb_Yag5_2026-09-28_13-03-16,19.9,19.1,0.000515286,0.09865,0.0052233755702,0.00177575,0.0987,0.0179913880446,0.290326436029,0.929125282212
YbYag5,Yb_Yag5_2026-09-28_14-57-53,Yb_Yag5_2026-09-28_13-03-16,20,19.1,0.000536028,0.0986,0.00543638945233,0.00183845,0.09875,0.0186172151899,0.292008734759,0.934509105688
YbYag5,Yb_Yag5_2026-09-28_14-57-53,Yb_Yag5_2026-09-28_13-03-16,20.1,19.1,0.000548009,0.09855,0.00556072044647,0.00188995,0.0988,0.019129048583,0.29069508723,0.930305068512
YbYag5,Yb_Yag5_2026-09-28_14-57-53,Yb_Yag5_2026-09-28_13-03-16,20.2,19.1,0.00056589,0.0986,0.0057392494929,0.00191665,0.09885,0.0193894790086,0.295998128178,0.947276273356
YbYag5,Yb_Yag5_2026-09-28_14-57-53,Yb_Yag5_2026-09-28_13-03-16,20.3,19.1,0.000574116,0.09855,0.00582563165906,0.00194217,0.0989,0.0196377148635,0.296655272752,0.949379318624
YbYag5,Yb_Yag5_2026-09-28_14-57-53,Yb_Yag5_2026-09-28_13-03-16,20.4,19.1,0.000570718,0.09845,0.00579703402743,0.00193334,0.09885,0.0195583206879,0.296397329808,0.948553829517
YbYag5,Yb_Yag5_2026-09-28_14-57-53,Yb_Yag5_2026-09-28_13-03-16,20.5,19.1,0.000559811,0.09835,0.00569202846975,0.00192595,0.09875,0.0195032911392,0.291849638562,0.933999953644
YbYag5,Yb_Yag5_2026-09-28_14-57-53,Yb_Yag5_2026-09-28_13-03-16,20.6,19.1,0.000431987,0.09845,0.00438788217369,0.00166989,0.0988,0.0169017206478,0.259611566486,0.830829163463
YbYag5,Yb_Yag5_2026-09-28_14-57-53,Yb_Yag5_2026-09-28_13-03-16,13.8,19.2,0.000521246,0.09845,0.00529452513966,0.00169326,0.0987,0.0171556231003,0.308617478287,0.987661700847
YbYag5,Yb_Yag5_2026-09-28_14-57-53,Yb_Yag5_2026-09-28_13-03-16,13.9,19.2,0.000516716,0.09855,0.0052431861999,0.00176216,0.09875,0.0178446582278,0.293823850979,0.940317982048
YbYag5,Yb_Yag5_2026-09-28_14-57-53,Yb_Yag5_2026-09-28_13-03-16,14,19.2,0.000511173,0.09855,0.00518694063927,0.00174213,0.09885,0.0176239757208,0.294311608314,0.941878941074
YbYag5,Yb_Yag5_2026-09-28_14-57-53,Yb_Yag5_2026-09-28_13-03-16,14.1,19.2,0.00051159,0.09855,0.00519117199391,0.00173403,0.0987,0.0175686930091,0.295478553312,0.945613489384
YbYag5,Yb_Yag5_2026-09-28_14-57-53,Yb_Yag5_2026-09-28_13-03-16,14.2,19.2,0.000495736,0.0986,0.0050277484787,0.00171996,0.0989,0.0173908998989,0.289102260833,0.925207581367
YbYag5,Yb_Yag5_2026-09-28_14-57-53,Yb_Yag5_2026-09-28_13-03-16,14.3,19.2,0.00049359,0.09865,0.00500344652813,0.00170279,0.0989,0.0172172901921,0.290605924179,0.930019721967
YbYag5,Yb_Yag5_2026-09-28_14-57-53,Yb_Yag5_2026-09-28_13-03-16,14.4,19.2,0.000494543,0.0987,0.00501056737589,0.00168539,0.0989,0.0170413549039,0.294024002443,0.940958522356
YbYag5,Yb_Yag5_2026-09-28_14-57-53,Yb_Yag5_2026-09-28_13-03-16,14.5,19.2,0.00048578,0.09875,0.00491929113924,0.00167633,0.09895,0.0169411824154,0.290374722296,0.929279811687
YbYag5,Yb_Yag5_2026-09-28_14-57-53,Yb_Yag5_2026-09-28_13-03-16,14.6,19.2,0.000480833,0.09875,0.00486919493671,0.00166178,0.0989,0.0168026289181,0.289787685037,0.927401129309
YbYag5,Yb_Yag5_2026-09-28_14-57-53,Yb_Yag5_2026-09-28_13-03-16,14.7,19.2,0.000475051,0.09865,0.00481551951343,0.00164247,0.09885,0.0166157814871,0.289816011192,0.927491780878
YbYag5,Yb_Yag5_2026-09-28_14-57-53,Yb_Yag5_2026-09-28_13-03-16,14.8,19.2,0.000477554,0.09875,0.00483598987342,0.00163794,0.0989,0.0165615773509,0.292000560753,0.934482946599
YbYag5,Yb_Yag5_2026-09-28_14-57-53,Yb_Yag5_2026-09-28_13-03-16,14.9,19.2,0.000471296,0.09865,0.00477745565129,0.00161339,0.09895,0.0163051035877,0.293003698234,0.937693265329
YbYag5,Yb_Yag5_2026-09-28_14-57-53,Yb_Yag5_2026-09-28_13-03-16,15,19.2,0.000466647,0.09865,0.00473032944754,0.00160576,0.0988,0.0162526315789,0.291050063159,0.931441090138
YbYag5,Yb_Yag5_2026-09-28_14-57-53,Yb_Yag5_2026-09-28_13-03-16,15.1,19.2,0.000476303,0.0988,0.0048208805668,0.00161672,0.09885,0.0163552857865,0.294759787737,0.943313239785
YbYag5,Yb_Yag5_2026-09-28_14-57-53,Yb_Yag5_2026-09-28_13-03-16,15.2,19.2,0.00047672,0.09865,0.00483243791181,0.00162102,0.0989,0.0163904954499,0.294831716746,0.943543432605
YbYag5,Yb_Yag5_2026-09-28_14-57-53,Yb_Yag5_2026-09-28_13-03-16,15.3,19.2,0.000467004,0.0987,0.00473155015198,0.001611,0.09875,0.0163139240506,0.290031395102,0.928181069248
YbYag5,Yb_Yag5_2026-09-28_14-57-53,Yb_Yag5_2026-09-28_13-03-16,15.4,19.2,0.000471296,0.0987,0.00477503546099,0.00160981,0.09885,0.0162853818918,0.293209916274,0.938353220368
YbYag5,Yb_Yag5_2026-09-28_14-57-53,Yb_Yag5_2026-09-28_13-03-16,15.5,19.2,0.000472071,0.09875,0.00478046582278,0.00160766,0.099,0.016238989899,0.294381969107,0.942104115168
YbYag5,Yb_Yag5_2026-09-28_14-57-53,Yb_Yag5_2026-09-28_13-03-16,15.6,19.2,0.000475647,0.09855,0.00482645357686,0.00160647,0.0988,0.0162598178138,0.296833189162,0.949948700581
YbYag5,Yb_Yag5_2026-09-28_14-57-53,Yb_Yag5_2026-09-28_13-03-16,15.7,19.2,0.000471236,0.09865,0.00477684744045,0.00160218,0.09885,0.0162081942337,0.294718052583,0.943179675696
YbYag5,Yb_Yag5_2026-09-28_14-57-53,Yb_Yag5_2026-09-28_13-03-16,15.8,19.2,0.000477375,0.09865,0.00483907754688,0.00159694,0.09885,0.0161551846232,0.299537124443,0.958602044953
YbYag5,Yb_Yag5_2026-09-28_14-57-53,Yb_Yag5_2026-09-28_13-03-16,15.9,19.2,0.000470879,0.0986,0.00477564908722,0.00160623,0.0989,0.016240950455,0.29404985259,0.941041250013
YbYag5,Yb_Yag5_2026-09-28_14-57-53,Yb_Yag5_2026-09-28_13-03-16,16,19.2,0.000471236,0.0986,0.00477926977688,0.00160456,0.09885,0.0162322711179,0.294430135017,0.942258259466
YbYag5,Yb_Yag5_2026-09-28_14-57-53,Yb_Yag5_2026-09-28_13-03-16,16.1,19.2,0.000472011,0.0989,0.00477260869565,0.0016048,0.099,0.0162101010101,0.294421897351,0.942231896646
YbYag5,Yb_Yag5_2026-09-28_14-57-53,Yb_Yag5_2026-09-28_13-03-16,16.2,19.2,0.0004707,0.0986,0.0047738336714,0.00159264,0.09885,0.0161116843703,0.296296374835,0.948230745544
YbYag5,Yb_Yag5_2026-09-28_14-57-53,Yb_Yag5_2026-09-28_13-03-16,16.3,19.2,0.000466885,0.09855,0.00473754439371,0.00160242,0.0988,0.0162188259109,0.292101562699,0.934806180895
YbYag5,Yb_Yag5_2026-09-28_14-57-53,Yb_Yag5_2026-09-28_13-03-16,16.4,19.2,0.000475766,0.0986,0.00482521298174,0.00160552,0.0987,0.0162666666667,0.296631945598,0.949304665248
YbYag5,Yb_Yag5_2026-09-28_14-57-53,Yb_Yag5_2026-09-28_13-03-16,16.5,19.2,0.000471534,0.0987,0.00477744680851,0.00161029,0.09885,0.0162902377339,0.293270539482,0.938547231481
YbYag5,Yb_Yag5_2026-09-28_14-57-53,Yb_Yag5_2026-09-28_13-03-16,16.6,19.2,0.000470521,0.09865,0.00476959959453,0.00161219,0.0989,0.0163012133468,0.292591691984,0.936374730823
YbYag5,Yb_Yag5_2026-09-28_14-57-53,Yb_Yag5_2026-09-28_13-03-16,16.7,19.2,0.000471892,0.09875,0.00477865316456,0.00161386,0.09885,0.0163263530602,0.292695689413,0.9367075515
YbYag5,Yb_Yag5_2026-09-28_14-57-53,Yb_Yag5_2026-09-28_13-03-16,16.8,19.2,0.000480177,0.0987,0.00486501519757,0.00161219,0.0988,0.0163177125506,0.29814320987,0.954141130925
YbYag5,Yb_Yag5_2026-09-28_14-57-53,Yb_Yag5_2026-09-28_13-03-16,16.9,19.2,0.000471713,0.0987,0.00477926038501,0.00161649,0.0988,0.0163612348178,0.292108782634,0.934829286693
YbYag5,Yb_Yag5_2026-09-28_14-57-53,Yb_Yag5_2026-09-28_13-03-16,17,19.2,0.0004676,0.0988,0.00473279352227,0.00161553,0.09895,0.0163267306721,0.289880051146,0.927696726528
YbYag5,Yb_Yag5_2026-09-28_14-57-53,Yb_Yag5_2026-09-28_13-03-16,17.1,19.2,0.000476064,0.0987,0.00482334346505,0.00161958,0.09885,0.0163842185129,0.294389595772,0.942128522615
YbYag5,Yb_Yag5_2026-09-28_14-57-53,Yb_Yag5_2026-09-28_13-03-16,17.2,19.2,0.000477018,0.0987,0.00483300911854,0.00161124,0.09875,0.0163163544304,0.296206431354,0.947942901409
YbYag5,Yb_Yag5_2026-09-28_14-57-53,Yb_Yag5_2026-09-28_13-03-16,17.3,19.2,0.000471415,0.0987,0.00477624113475,0.00162268,0.09885,0.0164155791603,0.290957820501,0.931145887997
YbYag5,Yb_Yag5_2026-09-28_14-57-53,Yb_Yag5_2026-09-28_13-03-16,17.4,19.2,0.00047219,0.0988,0.00477925101215,0.00162054,0.09895,0.0163773623042,0.291820558365,0.93390688893
YbYag5,Yb_Yag5_2026-09-28_14-57-53,Yb_Yag5_2026-09-28_13-03-16,17.5,19.2,0.000470581,0.0986,0.00477262677485,0.00162054,0.09885,0.0163939301973,0.291121574718,0.931669947
YbYag5,Yb_Yag5_2026-09-28_14-57-53,Yb_Yag5_2026-09-28_13-03-16,17.6,19.2,0.000467243,0.09875,0.00473157468354,0.00160599,0.09895,0.0162303183426,0.291526917936,0.932967157951
YbYag5,Yb_Yag5_2026-09-28_14-57-53,Yb_Yag5_2026-09-28_13-03-16,17.7,19.2,0.000471713,0.0988,0.00477442307692,0.00161482,0.0989,0.0163278058645,0.292410573505,0.935795101356
YbYag5,Yb_Yag5_2026-09-28_14-57-53,Yb_Yag5_2026-09-28_13-03-16,17.8,19.2,0.0004707,0.0988,0.00476417004049,0.00161172,0.09885,0.0163047040971,0.29219604429,0.935108548245
YbYag5,Yb_Yag5_2026-09-28_14-57-53,Yb_Yag5_2026-09-28_13-03-16,17.9,19.2,0.000470998,0.09875,0.0047696,0.00160433,0.0989,0.0162217391304,0.294025194319,0.94096233669
YbYag5,Yb_Yag5_2026-09-28_14-57-53,Yb_Yag5_2026-09-28_13-03-16,18,19.2,0.000471534,0.0987,0.00477744680851,0.00159384,0.0989,0.0161156723964,0.296447252773,0.94871359688
YbYag5,Yb_Yag5_2026-09-28_14-57-53,Yb_Yag5_2026-09-28_13-03-16,18.1,19.2,0.000465753,0.09855,0.00472605783866,0.00159527,0.09895,0.0161219807984,0.293143745657,0.938141456004
YbYag5,Yb_Yag5_2026-09-28_14-57-53,Yb_Yag5_2026-09-28_13-03-16,18.2,19.2,0.000466527,0.09865,0.00472911302585,0.00159384,0.0989,0.0161156723964,0.293448073995,0.939115391261
YbYag5,Yb_Yag5_2026-09-28_14-57-53,Yb_Yag5_2026-09-28_13-03-16,18.3,19.2,0.000472071,0.0986,0.00478773833671,0.00159336,0.09875,0.0161352911392,0.296724632695,0.949601289718
YbYag5,Yb_Yag5_2026-09-28_14-57-53,Yb_Yag5_2026-09-28_13-03-16,18.4,19.2,0.000471236,0.09885,0.0047671825999,0.00159336,0.0988,0.0161271255061,0.29560026665,0.946003005892
YbYag5,Yb_Yag5_2026-09-28_14-57-53,Yb_Yag5_2026-09-28_13-03-16,18.5,19.2,0.000471117,0.0986,0.00477806288032,0.00158573,0.0989,0.0160336703741,0.298001815482,0.953688629587
YbYag5,Yb_Yag5_2026-09-28_14-57-53,Yb_Yag5_2026-09-28_13-03-16,18.6,19.2,0.000463786,0.09875,0.00469656708861,0.00159193,0.09885,0.0161045017704,0.291630697774,0.933299282275
YbYag5,Yb_Yag5_2026-09-28_14-57-53,Yb_Yag5_2026-09-28_13-03-16,18.7,19.2,0.00046617,0.0986,0.00472789046653,0.00160123,0.0988,0.0162067813765,0.291722974272,0.933594592713
YbYag5,Yb_Yag5_2026-09-28_14-57-53,Yb_Yag5_2026-09-28_13-03-16,18.8,19.2,0.000471296,0.0986,0.00477987829615,0.00160433,0.09885,0.0162299443601,0.294509838734,0.94251333351
YbYag5,Yb_Yag5_2026-09-28_14-57-53,Yb_Yag5_2026-09-28_13-03-16,18.9,19.2,0.000471773,0.0987,0.00477986828774,0.00161029,0.0988,0.0162984817814,0.293270769134,0.93854796643
YbYag5,Yb_Yag5_2026-09-28_14-57-53,Yb_Yag5_2026-09-28_13-03-16,19,19.2,0.000477733,0.0988,0.00483535425101,0.00161386,0.0988,0.0163346153846,0.296018861611,0.947342626103
YbYag5,Yb_Yag5_2026-09-28_14-57-53,Yb_Yag5_2026-09-28_13-03-16,19.1,19.2,0.000480058,0.0987,0.00486380952381,0.00162054,0.0988,0.0164022267206,0.296533489426,0.948989578133
YbYag5,Yb_Yag5_2026-09-28_14-57-53,Yb_Yag5_2026-09-28_13-03-16,19.2,19.2,0.000480952,0.09875,0.0048704,0.00162388,0.0989,0.016419413549,0.296624479642,0.949280772114
YbYag5,Yb_Yag5_2026-09-28_14-57-53,Yb_Yag5_2026-09-28_13-03-16,19.3,19.2,0.000480833,0.0988,0.00486673076923,0.00164486,0.0988,0.0166483805668,0.292324574736,0.935519881393
YbYag5,Yb_Yag5_2026-09-28_14-57-53,Yb_Yag5_2026-09-28_13-03-16,19.4,19.2,0.000480535,0.09875,0.00486617721519,0.00164557,0.0988,0.0166555668016,0.292165212578,0.935009878197
YbYag5,Yb_Yag5_2026-09-28_14-57-53,Yb_Yag5_2026-09-28_13-03-16,19.5,19.2,0.000488941,0.0987,0.00495380952381,0.00165439,0.09885,0.0167363682347,0.29599071043,0.9472525345
YbYag5,Yb_Yag5_2026-09-28_14-57-53,Yb_Yag5_2026-09-28_13-03-16,19.6,19.2,0.000486376,0.0987,0.00492782168186,0.00166918,0.09885,0.016885988872,0.291829025781,0.933933987015
YbYag5,Yb_Yag5_2026-09-28_14-57-53,Yb_Yag5_2026-09-28_13-03-16,19.7,19.2,0.000502292,0.0986,0.00509423935091,0.00170518,0.09875,0.0172676455696,0.295016441609,0.944134603505
YbYag5,Yb_Yag5_2026-09-28_14-57-53,Yb_Yag5_2026-09-28_13-03-16,19.8,19.2,0.00050718,0.0987,0.00513860182371,0.00176836,0.0988,0.0178983805668,0.287098701725,0.918795635395
YbYag5,Yb_Yag5_2026-09-28_14-57-53,Yb_Yag5_2026-09-28_13-03-16,19.9,19.2,0.000535849,0.0987,0.00542906788247,0.00184036,0.09885,0.0186177035913,0.291607815961,0.933226054114
YbYag5,Yb_Yag5_2026-09-28_14-57-53,Yb_Yag5_2026-09-28_13-03-16,20,19.2,0.000557486,0.09865,0.00565115053218,0.00190187,0.09875,0.019259443038,0.293422323846,0.939032983628
YbYag5,Yb_Yag5_2026-09-28_14-57-53,Yb_Yag5_2026-09-28_13-03-16,20.1,19.2,0.000570659,0.09865,0.00578468322352,0.00192452,0.0988,0.0194789473684,0.296971038225,0.950389855893
YbYag5,Yb_Yag5_2026-09-28_14-57-53,Yb_Yag5_2026-09-28_13-03-16,20.2,19.2,0.000575665,0.0986,0.00583838742394,0.00195958,0.09885,0.019823773394,0.294514435163,0.942528043362
YbYag5,Yb_Yag5_2026-09-28_14-57-53,Yb_Yag5_2026-09-28_13-03-16,20.3,19.2,0.000575487,0.09865,0.00583362392296,0.00193787,0.09875,0.019624,0.297269869698,0.951346199659
YbYag5,Yb_Yag5_2026-09-28_14-57-53,Yb_Yag5_2026-09-28_13-03-16,20.4,19.2,0.000561241,0.0985,0.00569787817259,0.00191928,0.09875,0.0194357468354,0.29316486888,0.938209056188
YbYag5,Yb_Yag5_2026-09-28_14-57-53,Yb_Yag5_2026-09-28_13-03-16,20.5,19.2,0.000448825,0.09845,0.00455891315389,0.00168253,0.09885,0.0170210419828,0.267839839564,0.857161924097
YbYag5,Yb_Yag5_2026-09-28_14-57-53,Yb_Yag5_2026-09-28_13-03-16,20.6,19.2,0.00028372,0.0985,0.00288040609137,0.00123525,0.09865,0.0125215408008,0.230036074409,0.736179369257
YbYag5,Yb_Yag5_2026-09-28_14-57-53,Yb_Yag5_2026-09-28_13-03-16,13.8,19.3,0.000523988,0.09845,0.00532237684104,0.00155855,0.0987,0.0157907801418,0.337055977808,1.07867280288
YbYag5,Yb_Yag5_2026-09-28_14-57-53,Yb_Yag5_2026-09-28_13-03-16,13.9,19.3,0.00056136,0.0986,0.00569330628803,0.00185252,0.09875,0.0187596962025,0.303486060039,0.971239736341
YbYag5,Yb_Yag5_2026-09-28_14-57-53,Yb_Yag5_2026-09-28_13-03-16,14,19.3,0.000553552,0.0986,0.00561411764706,0.00186444,0.09865,0.0188995438419,0.297050431165,0.950643935367
YbYag5,Yb_Yag5_2026-09-28_14-57-53,Yb_Yag5_2026-09-28_13-03-16,14.1,19.3,0.000542406,0.09865,0.00549828687278,0.00184561,0.0988,0.0186802631579,0.294336692492,0.941959217417
YbYag5,Yb_Yag5_2026-09-28_14-57-53,Yb_Yag5_2026-09-28_13-03-16,14.2,19.3,0.000522021,0.09865,0.00529164723771,0.00179911,0.0989,0.0181912032356,0.290890446837,0.930930273548
YbYag5,Yb_Yag5_2026-09-28_14-57-53,Yb_Yag5_2026-09-28_13-03-16,14.3,19.3,0.000517074,0.09875,0.00523619240506,0.00177122,0.09895,0.0179001515917,0.292522238051,0.936152458936
YbYag5,Yb_Yag5_2026-09-28_14-57-53,Yb_Yag5_2026-09-28_13-03-16,14.4,19.3,0.000502292,0.0986,0.00509423935091,0.00174332,0.0989,0.0176270980789,0.289000454193,0.924881771824
YbYag5,Yb_Yag5_2026-09-28_14-57-53,Yb_Yag5_2026-09-28_13-03-16,14.5,19.3,0.000493947,0.09865,0.00500706538267,0.00171257,0.09885,0.0173249367729,0.289009157627,0.92490962523
YbYag5,Yb_Yag5_2026-09-28_14-57-53,Yb_Yag5_2026-09-28_13-03-16,14.6,19.3,0.000494484,0.0988,0.00500489878543,0.00168825,0.0989,0.017070273003,0.293193833781,0.938301751919
YbYag5,Yb_Yag5_2026-09-28_14-57-53,Yb_Yag5_2026-09-28_13-03-16,14.7,19.3,0.000489596,0.09855,0.00496799594115,0.00166584,0.09885,0.0168522003035,0.294798059107,0.943435718806
YbYag5,Yb_Yag5_2026-09-28_14-57-53,Yb_Yag5_2026-09-28_13-03-16,14.8,19.3,0.000479104,0.09875,0.00485168607595,0.00164867,0.09885,0.016678502782,0.290894580848,0.930943503533
YbYag5,Yb_Yag5_2026-09-28_14-57-53,Yb_Yag5_2026-09-28_13-03-16,14.9,19.3,0.00047517,0.09875,0.00481184810127,0.00162483,0.09895,0.0164207175341,0.293035191141,0.937794051381
YbYag5,Yb_Yag5_2026-09-28_14-57-53,Yb_Yag5_2026-09-28_13-03-16,15,19.3,0.000471177,0.09865,0.00477624936645,0.00161911,0.0989,0.0163711830131,0.291747356476,0.933672622541
YbYag5,Yb_Yag5_2026-09-28_14-57-53,Yb_Yag5_2026-09-28_13-03-16,15.1,19.3,0.000471653,0.09875,0.00477623291139,0.0016377,0.0989,0.0165591506572,0.288434655271,0.923071058027
YbYag5,Yb_Yag5_2026-09-28_14-57-53,Yb_Yag5_2026-09-28_13-03-16,15.2,19.3,0.000471475,0.0987,0.00477684903749,0.00160862,0.09895,0.0162568974229,0.293835220413,0.940354367396
YbYag5,Yb_Yag5_2026-09-28_14-57-53,Yb_Yag5_2026-09-28_13-03-16,15.3,19.3,0.000471713,0.09865,0.00478168271668,0.00161219,0.0988,0.0163177125506,0.293036337161,0.937797718966
YbYag5,Yb_Yag5_2026-09-28_14-57-53,Yb_Yag5_2026-09-28_13-03-16,15.4,19.3,0.000479283,0.0986,0.00486088235294,0.00161839,0.0987,0.0163970618034,0.296448376619,0.948717193498
YbYag5,Yb_Yag5_2026-09-28_14-57-53,Yb_Yag5_2026-09-28_13-03-16,15.5,19.3,0.000471177,0.0988,0.00476899797571,0.00162078,0.0988,0.0164046558704,0.290710028506,0.930352884745
YbYag5,Yb_Yag5_2026-09-28_14-57-53,Yb_Yag5_2026-09-28_13-03-16,15.6,19.3,0.000477435,0.0986,0.00484213995943,0.00161625,0.0988,0.016358805668,0.295995933793,0.947269250711
YbYag5,Yb_Yag5_2026-09-28_14-57-53,Yb_Yag5_2026-09-28_13-03-16,15.7,19.3,0.000474991,0.0987,0.00481247213779,0.00160528,0.09875,0.016256,0.296042823437,0.947419310604
YbYag5,Yb_Yag5_2026-09-28_14-57-53,Yb_Yag5_2026-09-28_13-03-16,15.8,19.3,0.000467123,0.0988,0.00472796558704,0.00161052,0.0989,0.0162843276036,0.290338397884,0.929163563472
YbYag5,Yb_Yag5_2026-09-28_14-57-53,Yb_Yag5_2026-09-28_13-03-16,15.9,19.3,0.00046766,0.09885,0.00473100657562,0.00160886,0.0987,0.0163005065856,0.290236781954,0.928838364255
YbYag5,Yb_Yag5_2026-09-28_14-57-53,Yb_Yag5_2026-09-28_13-03-16,16,19.3,0.00047523,0.0986,0.00481977687627,0.00160695,0.0988,0.0162646761134,0.296334021204,0.948351224389
YbYag5,Yb_Yag5_2026-09-28_14-57-53,Yb_Yag5_2026-09-28_13-03-16,16.1,19.3,0.000470342,0.09865,0.00476778509883,0.00160743,0.0989,0.0162530839232,0.293346488664,0.938790289971
YbYag5,Yb_Yag5_2026-09-28_14-57-53,Yb_Yag5_2026-09-28_13-03-16,16.2,19.3,0.000471653,0.0987,0.00477865248227,0.00160838,0.09895,0.0162544719555,0.293990016738,0.940849758657
YbYag5,Yb_Yag5_2026-09-28_14-57-53,Yb_Yag5_2026-09-28_13-03-16,16.3,19.3,0.000466885,0.09855,0.00473754439371,0.00160123,0.0988,0.0162067813765,0.292318646353,0.935500908919
YbYag5,Yb_Yag5_2026-09-28_14-57-53,Yb_Yag5_2026-09-28_13-03-16,16.4,19.3,0.000474455,0.09865,0.00480947795236,0.00160552,0.0988,0.0162502024291,0.295964187114,0.947167652515
YbYag5,Yb_Yag5_2026-09-28_14-57-53,Yb_Yag5_2026-09-28_13-03-16,16.5,19.3,0.000467004,0.09875,0.00472915443038,0.00160456,0.09895,0.0162158665993,0.291637477493,0.933320979259
YbYag5,Yb_Yag5_2026-09-28_14-57-53,Yb_Yag5_2026-09-28_13-03-16,16.6,19.3,0.000466885,0.09875,0.00472794936709,0.00160123,0.0989,0.0161903943377,0.292021878434,0.934551169104
YbYag5,Yb_Yag5_2026-09-28_14-57-53,Yb_Yag5_2026-09-28_13-03-16,16.7,19.3,0.000471117,0.0986,0.00477806288032,0.00160719,0.09895,0.0162424456796,0.294171393556,0.94143021488
YbYag5,Yb_Yag5_2026-09-28_14-57-53,Yb_Yag5_2026-09-28_13-03-16,16.8,19.3,0.000475885,0.09865,0.0048239736442,0.00160623,0.0989,0.016240950455,0.297025328509,0.950563599892
YbYag5,Yb_Yag5_2026-09-28_14-57-53,Yb_Yag5_2026-09-28_13-03-16,16.9,19.3,0.000467421,0.0987,0.00473577507599,0.00160838,0.0988,0.0162791497976,0.290910467369,0.930994344813
YbYag5,Yb_Yag5_2026-09-28_14-57-53,Yb_Yag5_2026-09-28_13-03-16,17,19.3,0.000471594,0.09865,0.00478047643183,0.00160886,0.09885,0.0162757713708,0.293717349729,0.939977148449
YbYag5,Yb_Yag5_2026-09-28_14-57-53,Yb_Yag5_2026-09-28_13-03-16,17.1,19.3,0.000465633,0.0986,0.00472244421907,0.00158573,0.0988,0.0160498987854,0.294235140185,0.941634221809
YbYag5,Yb_Yag5_2026-09-28_14-57-53,Yb_Yag5_2026-09-28_13-03-16,17.2,19.3,0.000467302,0.0988,0.00472977732794,0.00159145,0.0989,0.0160915065723,0.293930049787,0.940657847746
YbYag5,Yb_Yag5_2026-09-28_14-57-53,Yb_Yag5_2026-09-28_13-03-16,17.3,19.3,0.000475468,0.0988,0.0048124291498,0.00161029,0.0987,0.0163149949341,0.2949696993,0.943985015127
YbYag5,Yb_Yag5_2026-09-28_14-57-53,Yb_Yag5_2026-09-28_13-03-16,17.4,19.3,0.000481786,0.0986,0.00488626774848,0.00162102,0.0988,0.0164070850202,0.297814495534,0.953089153696
YbYag5,Yb_Yag5_2026-09-28_14-57-53,Yb_Yag5_2026-09-28_13-03-16,17.5,19.3,0.000477137,0.0988,0.00482932186235,0.00162197,0.09875,0.0164250126582,0.294022413428,0.940953437068
YbYag5,Yb_Yag5_2026-09-28_14-57-53,Yb_Yag5_2026-09-28_13-03-16,17.6,19.3,0.000470879,0.0987,0.00477081053698,0.001611,0.0987,0.0163221884498,0.292289882062,0.935408855194
YbYag5,Yb_Yag5_2026-09-28_14-57-53,Yb_Yag5_2026-09-28_13-03-16,17.7,19.3,0.000471057,0.09865,0.00477503294475,0.00160552,0.09885,0.0162419828022,0.293993227483,0.940860033934
YbYag5,Yb_Yag5_2026-09-28_14-57-53,Yb_Yag5_2026-09-28_13-03-16,17.8,19.3,0.000472369,0.0987,0.00478590678825,0.0016048,0.09875,0.0162511392405,0.294496694504,0.942471268322
YbYag5,Yb_Yag5_2026-09-28_14-57-53,Yb_Yag5_2026-09-28_13-03-16,17.9,19.3,0.000470402,0.0987,0.00476597771023,0.00159622,0.09885,0.0161479008599,0.295145341279,0.944547118272
YbYag5,Yb_Yag5_2026-09-28_14-57-53,Yb_Yag5_2026-09-28_13-03-16,18,19.3,0.00047368,0.0987,0.00479918946302,0.00159837,0.09885,0.0161696509863,0.296802291347,0.949849818987
YbYag5,Yb_Yag5_2026-09-28_14-57-53,Yb_Yag5_2026-09-28_13-03-16,18.1,19.3,0.000470938,0.09855,0.00477867072552,0.00159217,0.0988,0.0161150809717,0.296534080959,0.948991471204
YbYag5,Yb_Yag5_2026-09-28_14-57-53,Yb_Yag5_2026-09-28_13-03-16,18.2,19.3,0.000471534,0.0987,0.00477744680851,0.00159694,0.0988,0.0161633603239,0.295572623067,0.945914538743
YbYag5,Yb_Yag5_2026-09-28_14-57-53,Yb_Yag5_2026-09-28_13-03-16,18.3,19.3,0.000466051,0.09865,0.00472428788647,0.00159765,0.099,0.0161378787879,0.292745282609,0.936866263509
YbYag5,Yb_Yag5_2026-09-28_14-57-53,Yb_Yag5_2026-09-28_13-03-16,18.4,19.3,0.000466587,0.09875,0.00472493164557,0.00159431,0.0989,0.0161204246714,0.293102181976,0.938008440673
YbYag5,Yb_Yag5_2026-09-28_14-57-53,Yb_Yag5_2026-09-28_13-03-16,18.5,19.3,0.000470402,0.0987,0.00476597771023,0.0015955,0.0987,0.0161651469098,0.294830460671,0.943539412816
YbYag5,Yb_Yag5_2026-09-28_14-57-53,Yb_Yag5_2026-09-28_13-03-16,18.6,19.3,0.000471713,0.0987,0.00477926038501,0.00159574,0.09885,0.0161430450177,0.296056932244,0.947464462707
YbYag5,Yb_Yag5_2026-09-28_14-57-53,Yb_Yag5_2026-09-28_13-03-16,18.7,19.3,0.000471594,0.09865,0.00478047643183,0.00159956,0.09885,0.0161816894284,0.295425051444,0.945442268536
YbYag5,Yb_Yag5_2026-09-28_14-57-53,Yb_Yag5_2026-09-28_13-03-16,18.8,19.3,0.000472309,0.09875,0.00478287594937,0.00160027,0.09885,0.0161888720283,0.295442198876,0.945497145086
YbYag5,Yb_Yag5_2026-09-28_14-57-53,Yb_Yag5_2026-09-28_13-03-16,18.9,19.3,0.000475766,0.0988,0.00481544534413,0.00161434,0.09865,0.016364318297,0.294264952364,0.941729629068
YbYag5,Yb_Yag5_2026-09-28_14-57-53,Yb_Yag5_2026-09-28_13-03-16,19,19.3,0.00047672,0.09865,0.00483243791181,0.00161505,0.0987,0.0163632218845,0.295323130489,0.945116093154
YbYag5,Yb_Yag5_2026-09-28_14-57-53,Yb_Yag5_2026-09-28_13-03-16,19.1,19.3,0.000478985,0.09875,0.00485048101266,0.00163008,0.09885,0.0164904400607,0.294138967475,0.94132644241
YbYag5,Yb_Yag5_2026-09-28_14-57-53,Yb_Yag5_2026-09-28_13-03-16,19.2,19.3,0.000484647,0.09865,0.00491279270147,0.00163985,0.0988,0.0165976720648,0.295992876729,0.947259467259
YbYag5,Yb_Yag5_2026-09-28_14-57-53,Yb_Yag5_2026-09-28_13-03-16,19.3,19.3,0.00048429,0.0987,0.00490668693009,0.00165129,0.0988,0.0167134615385,0.293576942083,0.939527804958
YbYag5,Yb_Yag5_2026-09-28_14-57-53,Yb_Yag5_2026-09-28_13-03-16,19.4,19.3,0.000480952,0.09875,0.0048704,0.00165225,0.0988,0.0167231781377,0.291236507792,0.932037764778
YbYag5,Yb_Yag5_2026-09-28_14-57-53,Yb_Yag5_2026-09-28_13-03-16,19.5,19.3,0.00048578,0.09875,0.00491929113924,0.0016718,0.09875,0.0169296202532,0.290573035051,0.929914467619
YbYag5,Yb_Yag5_2026-09-28_14-57-53,Yb_Yag5_2026-09-28_13-03-16,19.6,19.3,0.000497822,0.0986,0.00504890466531,0.00170828,0.09885,0.0172815376834,0.292155985064,0.934980347588
YbYag5,Yb_Yag5_2026-09-28_14-57-53,Yb_Yag5_2026-09-28_13-03-16,19.7,19.3,0.000511054,0.0987,0.005177852077,0.00177313,0.0987,0.0179648429585,0.288221393806,0.922388562069
YbYag5,Yb_Yag5_2026-09-28_14-57-53,Yb_Yag5_2026-09-28_13-03-16,19.8,19.3,0.000539783,0.09885,0.00546062721295,0.00183583,0.0988,0.0185812753036,0.293877956369,0.940491134331
YbYag5,Yb_Yag5_2026-09-28_14-57-53,Yb_Yag5_2026-09-28_13-03-16,19.9,19.3,0.000560466,0.0987,0.00567848024316,0.00189544,0.09895,0.0191555330975,0.296440731472,0.948692726903
YbYag5,Yb_Yag5_2026-09-28_14-57-53,Yb_Yag5_2026-09-28_13-03-16,20,19.3,0.000561956,0.09875,0.00569069367089,0.001925,0.09865,0.0195134313229,0.291629574354,0.933295687019
YbYag5,Yb_Yag5_2026-09-28_14-57-53,Yb_Yag5_2026-09-28_13-03-16,20.1,19.3,0.000574831,0.0986,0.00582992900609,0.00195839,0.09875,0.0198317974684,0.293968764827,0.940781746635
YbYag5,Yb_Yag5_2026-09-28_14-57-53,Yb_Yag5_2026-09-28_13-03-16,20.2,19.3,0.000579182,0.0986,0.00587405679513,0.00194169,0.0987,0.0196726443769,0.298590097121,0.955571294327
YbYag5,Yb_Yag5_2026-09-28_14-57-53,Yb_Yag5_2026-09-28_13-03-16,20.3,19.3,0.000552181,0.0986,0.00560021298174,0.0019219,0.0986,0.0194918864097,0.287309953692,0.9194717004
YbYag5,Yb_Yag5_2026-09-28_14-57-53,Yb_Yag5_2026-09-28_13-03-16,20.4,19.3,0.000438185,0.0987,0.00443956433637,0.00166262,0.09865,0.0168537252914,0.263417390494,0.843008857996
YbYag5,Yb_Yag5_2026-09-28_14-57-53,Yb_Yag5_2026-09-28_13-03-16,20.5,19.3,0.000289442,0.09855,0.00293700659564,0.00123049,0.09875,0.0124606582278,0.235702363547,0.75431306926
YbYag5,Yb_Yag5_2026-09-28_14-57-53,Yb_Yag5_2026-09-28_13-03-16,13.9,19.4,0.000570659,0.09855,0.00579055301877,0.00174475,0.0988,0.0176594129555,0.327901784355,1.04937683972
YbYag5,Yb_Yag5_2026-09-28_14-57-53,Yb_Yag5_2026-09-28_13-03-16,14,19.4,0.000617806,0.09855,0.00626895991882,0.00199772,0.09875,0.0202300759494,0.309883162797,0.991712243034
YbYag5,Yb_Yag5_2026-09-28_14-57-53,Yb_Yag5_2026-09-28_13-03-16,14.1,19.4,0.000596348,0.09855,0.00605122272958,0.00201441,0.09875,0.0203990886076,0.296641817974,0.949336259596
YbYag5,Yb_Yag5_2026-09-28_14-57-53,Yb_Yag5_2026-09-28_13-03-16,14.2,19.4,0.000561241,0.09855,0.00569498731608,0.00193334,0.0988,0.0195682186235,0.291032486178,0.931384838915
YbYag5,Yb_Yag5_2026-09-28_14-57-53,Yb_Yag5_2026-09-28_13-03-16,14.3,19.4,0.000542883,0.09855,0.00550870624049,0.00185204,0.0988,0.0187453441296,0.293870638085,0.940467713789
YbYag5,Yb_Yag5_2026-09-28_14-57-53,Yb_Yag5_2026-09-28_13-03-16,14.4,19.4,0.000525061,0.09865,0.00532246325393,0.00181533,0.09885,0.018364491654,0.28982360929,0.927516096902
YbYag5,Yb_Yag5_2026-09-28_14-57-53,Yb_Yag5_2026-09-28_13-03-16,14.5,19.4,0.000520829,0.09875,0.00527421772152,0.00177694,0.0989,0.0179670374115,0.293549659898,0.939440494385
YbYag5,Yb_Yag5_2026-09-28_14-57-53,Yb_Yag5_2026-09-28_13-03-16,14.6,19.4,0.000501696,0.0987,0.00508303951368,0.0017345,0.09885,0.0175467880627,0.2896848982,0.927072182865
YbYag5,Yb_Yag5_2026-09-28_14-57-53,Yb_Yag5_2026-09-28_13-03-16,14.7,19.4,0.000498537,0.0988,0.00504592105263,0.00170804,0.0988,0.017287854251,0.291876653943,0.93408641037
YbYag5,Yb_Yag5_2026-09-28_14-57-53,Yb_Yag5_2026-09-28_13-03-16,14.8,19.4,0.000489715,0.09865,0.0049641662443,0.00168324,0.0988,0.0170368421053,0.291378309056,0.932491568234
YbYag5,Yb_Yag5_2026-09-28_14-57-53,Yb_Yag5_2026-09-28_13-03-16,14.9,19.4,0.000484647,0.0986,0.00491528397566,0.00167418,0.099,0.0169109090909,0.290657583767,0.930185047005
YbYag5,Yb_Yag5_2026-09-28_14-57-53,Yb_Yag5_2026-09-28_13-03-16,15,19.4,0.000484647,0.0986,0.00491528397566,0.00166107,0.09885,0.0168039453718,0.292507733565,0.93610604055
YbYag5,Yb_Yag5_2026-09-28_14-57-53,Yb_Yag5_2026-09-28_13-03-16,15.1,19.4,0.000481786,0.09865,0.00488379118094,0.00165749,0.09875,0.0167847088608,0.290966690065,0.931174273067
YbYag5,Yb_Yag5_2026-09-28_14-57-53,Yb_Yag5_2026-09-28_13-03-16,15.2,19.4,0.000480117,0.09865,0.00486687278256,0.00162674,0.09885,0.0164566514922,0.295738946946,0.946446821381
YbYag5,Yb_Yag5_2026-09-28_14-57-53,Yb_Yag5_2026-09-28_13-03-16,15.3,19.4,0.000471415,0.09855,0.00478351090817,0.00162268,0.09895,0.0163989893886,0.291695469447,0.93350656963
YbYag5,Yb_Yag5_2026-09-28_14-57-53,Yb_Yag5_2026-09-28_13-03-16,15.4,19.4,0.000467123,0.0987,0.00473275582573,0.00162483,0.09885,0.0164373292868,0.287927299086,0.921447377231
YbYag5,Yb_Yag5_2026-09-28_14-57-53,Yb_Yag5_2026-09-28_13-03-16,15.5,19.4,0.000476601,0.09865,0.00483123162696,0.00162054,0.0989,0.0163856420627,0.294845426775,0.943587308508
YbYag5,Yb_Yag5_2026-09-28_14-57-53,Yb_Yag5_2026-09-28_13-03-16,15.6,19.4,0.000466527,0.09865,0.00472911302585,0.00161219,0.09885,0.0163094587759,0.289961370934,0.92795697245
YbYag5,Yb_Yag5_2026-09-28_14-57-53,Yb_Yag5_2026-09-28_13-03-16,15.7,19.4,0.000471594,0.09865,0.00478047643183,0.00161005,0.0989,0.0162795753286,0.29364871843,0.939757509218
YbYag5,Yb_Yag5_2026-09-28_14-57-53,Yb_Yag5_2026-09-28_13-03-16,15.8,19.4,0.000471653,0.09865,0.00478107450583,0.00160528,0.09885,0.0162395548811,0.294409208924,0.942191290154
YbYag5,Yb_Yag5_2026-09-28_14-57-53,Yb_Yag5_2026-09-28_13-03-16,15.9,19.4,0.000469388,0.09865,0.00475811454638,0.00160456,0.09885,0.0162322711179,0.293126852787,0.938087394125
YbYag5,Yb_Yag5_2026-09-28_14-57-53,Yb_Yag5_2026-09-28_13-03-16,16,19.4,0.000470879,0.09865,0.00477322858591,0.00160504,0.09875,0.0162535696203,0.293672632992,0.939834042462
YbYag5,Yb_Yag5_2026-09-28_14-57-53,Yb_Yag5_2026-09-28_13-03-16,16.1,19.4,0.000471713,0.09875,0.00477684050633,0.00160671,0.09885,0.0162540212443,0.293886690225,0.940519085097
YbYag5,Yb_Yag5_2026-09-28_14-57-53,Yb_Yag5_2026-09-28_13-03-16,16.2,19.4,0.000465931,0.0987,0.00472067882472,0.00160218,0.0988,0.0162163967611,0.291105286474,0.931617820094
YbYag5,Yb_Yag5_2026-09-28_14-57-53,Yb_Yag5_2026-09-28_13-03-16,16.3,19.4,0.000471355,0.09865,0.00477805372529,0.00160099,0.09875,0.016212556962,0.294713149597,0.943163984776
YbYag5,Yb_Yag5_2026-09-28_14-57-53,Yb_Yag5_2026-09-28_13-03-16,16.4,19.4,0.000471773,0.0987,0.00477986828774,0.00160337,0.09895,0.0162038403234,0.294983670065,0.944029725456
YbYag5,Yb_Yag5_2026-09-28_14-57-53,Yb_Yag5_2026-09-28_13-03-16,16.5,19.4,0.000470104,0.0988,0.00475813765182,0.00159622,0.0989,0.0161397371082,0.294808869557,0.943470315252
YbYag5,Yb_Yag5_2026-09-28_14-57-53,Yb_Yag5_2026-09-28_13-03-16,16.6,19.4,0.000466825,0.0988,0.00472494939271,0.00159503,0.09895,0.016119555331,0.293119090179,0.938062551621
YbYag5,Yb_Yag5_2026-09-28_14-57-53,Yb_Yag5_2026-09-28_13-03-16,16.7,19.4,0.000463368,0.09885,0.00468758725341,0.00160838,0.09885,0.0162709155286,0.288096096693,0.921987576486
YbYag5,Yb_Yag5_2026-09-28_14-57-53,Yb_Yag5_2026-09-28_13-03-16,16.8,19.4,0.000471355,0.0988,0.00477079959514,0.00161005,0.09885,0.0162878098128,0.29290614576,0.937381070299
YbYag5,Yb_Yag5_2026-09-28_14-57-53,Yb_Yag5_2026-09-28_13-03-16,16.9,19.4,0.000470581,0.0988,0.00476296558704,0.00161267,0.09885,0.0163143146181,0.291950087916,0.934321419492
YbYag5,Yb_Yag5_2026-09-28_14-57-53,Yb_Yag5_2026-09-28_13-03-16,17,19.4,0.000471177,0.0988,0.00476899797571,0.00161076,0.09895,0.0162785245073,0.292962545443,0.937561564958
YbYag5,Yb_Yag5_2026-09-28_14-57-53,Yb_Yag5_2026-09-28_13-03-16,17.1,19.4,0.000466587,0.0987,0.00472732522796,0.00158883,0.09885,0.0160731411229,0.294113340499,0.941244428964
YbYag5,Yb_Yag5_2026-09-28_14-57-53,Yb_Yag5_2026-09-28_13-03-16,17.2,19.4,0.000470521,0.09875,0.00476476962025,0.00159694,0.09885,0.0161551846232,0.294937491052,0.943881939781
YbYag5,Yb_Yag5_2026-09-28_14-57-53,Yb_Yag5_2026-09-28_13-03-16,17.3,19.4,0.000479998,0.09875,0.00486073924051,0.00161196,0.09895,0.0162906518444,0.29837598194,0.95488606624
YbYag5,Yb_Yag5_2026-09-28_14-57-53,Yb_Yag5_2026-09-28_13-03-16,17.4,19.4,0.000471177,0.0987,0.00477382978723,0.00162555,0.0988,0.0164529352227,0.290150646229,0.928562705997
YbYag5,Yb_Yag5_2026-09-28_14-57-53,Yb_Yag5_2026-09-28_13-03-16,17.5,19.4,0.000470879,0.0987,0.00477081053698,0.00162316,0.09885,0.0164204350025,0.290541056693,0.929812127983
YbYag5,Yb_Yag5_2026-09-28_14-57-53,Yb_Yag5_2026-09-28_13-03-16,17.6,19.4,0.00047517,0.09865,0.00481672579828,0.00161291,0.09885,0.0163167425392,0.295201434153,0.944726631059
YbYag5,Yb_Yag5_2026-09-28_14-57-53,Yb_Yag5_2026-09-28_13-03-16,17.7,19.4,0.000471534,0.09875,0.0047750278481,0.00161339,0.09875,0.0163381265823,0.292262875064,0.935322425295
YbYag5,Yb_Yag5_2026-09-28_14-57-53,Yb_Yag5_2026-09-28_13-03-16,17.8,19.4,0.000474753,0.0987,0.00481006079027,0.00160838,0.0989,0.0162626895854,0.295772772702,0.946555073202
YbYag5,Yb_Yag5_2026-09-28_14-57-53,Yb_Yag5_2026-09-28_13-03-16,17.9,19.4,0.000470283,0.0986,0.00476960446247,0.00160504,0.0989,0.0162289180991,0.29389540531,0.940546975791
YbYag5,Yb_Yag5_2026-09-28_14-57-53,Yb_Yag5_2026-09-28_13-03-16,18,19.4,0.000471951,0.0987,0.00478167173252,0.00159741,0.0989,0.0161517694641,0.296046308929,0.947430465148
YbYag5,Yb_Yag5_2026-09-28_14-57-53,Yb_Yag5_2026-09-28_13-03-16,18.1,19.4,0.000466051,0.09855,0.00472908168442,0.00160051,0.09885,0.0161912999494,0.292075478757,0.934722705033
YbYag5,Yb_Yag5_2026-09-28_14-57-53,Yb_Yag5_2026-09-28_13-03-16,18.2,19.4,0.000468196,0.09855,0.00475084728564,0.00159384,0.0989,0.0161156723964,0.294796715196,0.943431417919
YbYag5,Yb_Yag5_2026-09-28_14-57-53,Yb_Yag5_2026-09-28_13-03-16,18.3,19.4,0.000463309,0.09855,0.00470125824455,0.0015967,0.09875,0.0161691139241,0.290755465427,0.930498295522
YbYag5,Yb_Yag5_2026-09-28_14-57-53,Yb_Yag5_2026-09-28_13-03-16,18.4,19.4,0.000466766,0.0987,0.00472913880446,0.00159694,0.09875,0.0161715443038,0.292435819092,0.935875894249
YbYag5,Yb_Yag5_2026-09-28_14-57-53,Yb_Yag5_2026-09-28_13-03-16,18.5,19.4,0.000470461,0.0986,0.00477140973631,0.00160695,0.09885,0.0162564491654,0.293508729229,0.939309504868
YbYag5,Yb_Yag5_2026-09-28_14-57-53,Yb_Yag5_2026-09-28_13-03-16,18.6,19.4,0.000471415,0.0986,0.0047810851927,0.00160743,0.09875,0.0162777721519,0.293718645776,0.939981296158
YbYag5,Yb_Yag5_2026-09-28_14-57-53,Yb_Yag5_2026-09-28_13-03-16,18.7,19.4,0.000471236,0.09865,0.00477684744045,0.00161172,0.0988,0.0163129554656,0.292825383513,0.937122608665
YbYag5,Yb_Yag5_2026-09-28_14-57-53,Yb_Yag5_2026-09-28_13-03-16,18.8,19.4,0.000471296,0.0987,0.00477503546099,0.00161672,0.09885,0.0163552857865,0.291956711935,0.934342618196
YbYag5,Yb_Yag5_2026-09-28_14-57-53,Yb_Yag5_2026-09-28_13-03-16,18.9,19.4,0.00047666,0.0987,0.00482938196555,0.00162149,0.0988,0.0164118421053,0.294262029488,0.941720275055
YbYag5,Yb_Yag5_2026-09-28_14-57-53,Yb_Yag5_2026-09-28_13-03-16,19,19.4,0.000483872,0.09865,0.0049049366447,0.00162721,0.09885,0.016461406171,0.297965835588,0.953573483928
YbYag5,Yb_Yag5_2026-09-28_14-57-53,Yb_Yag5_2026-09-28_13-03-16,19.1,19.4,0.000480296,0.0986,0.00487115618661,0.00163604,0.09885,0.0165507334345,0.29431663593,0.941895030843
YbYag5,Yb_Yag5_2026-09-28_14-57-53,Yb_Yag5_2026-09-28_13-03-16,19.2,19.4,0.000486078,0.09865,0.00492729853016,0.00164772,0.0989,0.0166604651163,0.295747957561,0.946475657853
YbYag5,Yb_Yag5_2026-09-28_14-57-53,Yb_Yag5_2026-09-28_13-03-16,19.3,19.4,0.000487985,0.0986,0.00494913793103,0.00164295,0.0988,0.016629048583,0.297620029572,0.952466808571
YbYag5,Yb_Yag5_2026-09-28_14-57-53,Yb_Yag5_2026-09-28_13-03-16,19.4,19.4,0.000493232,0.0985,0.00500743147208,0.00166441,0.0988,0.0168462550607,0.297243004694,0.951260224178
YbYag5,Yb_Yag5_2026-09-28_14-57-53,Yb_Yag5_2026-09-28_13-03-16,19.5,19.4,0.000502709,0.0986,0.00509846855984,0.00172354,0.09885,0.0174359129995,0.29241190639,0.935799366958
YbYag5,Yb_Yag5_2026-09-28_14-57-53,Yb_Yag5_2026-09-28_13-03-16,19.6,19.4,0.000515882,0.09865,0.00522941713127,0.00177837,0.09885,0.0179905918058,0.290675103283,0.930241114326
YbYag5,Yb_Yag5_2026-09-28_14-57-53,Yb_Yag5_2026-09-28_13-03-16,19.7,19.4,0.000539187,0.09855,0.00547120243531,0.00184251,0.0988,0.0186488866397,0.293379574932,0.938896175224
YbYag5,Yb_Yag5_2026-09-28_14-57-53,Yb_Yag5_2026-09-28_13-03-16,19.8,19.4,0.000556115,0.09865,0.00563725291434,0.0018952,0.09885,0.019172483561,0.294028308665,0.940972303463
YbYag5,Yb_Yag5_2026-09-28_14-57-53,Yb_Yag5_2026-09-28_13-03-16,19.9,19.4,0.000573996,0.09855,0.00582441400304,0.00192714,0.09885,0.019495599393,0.298755318348,0.956100048171
YbYag5,Yb_Yag5_2026-09-28_14-57-53,Yb_Yag5_2026-09-28_13-03-16,20,19.4,0.00057805,0.09865,0.00585960466295,0.00196268,0.09875,0.0198752405063,0.294819308531,0.943503722868
YbYag5,Yb_Yag5_2026-09-28_14-57-53,Yb_Yag5_2026-09-28_13-03-16,20.1,19.4,0.00057799,0.0986,0.00586196754564,0.00195003,0.0987,0.0197571428571,0.296701177293,0.949526225911
YbYag5,Yb_Yag5_2026-09-28_14-57-53,Yb_Yag5_2026-09-28_13-03-16,20.2,19.4,0.000542644,0.0985,0.00550907614213,0.00189806,0.0987,0.019230597771,0.286474513571,0.916798059829
YbYag5,Yb_Yag5_2026-09-28_14-57-53,Yb_Yag5_2026-09-28_13-03-16,20.3,19.4,0.000425996,0.09845,0.0043270289487,0.00161887,0.0987,0.0164019250253,0.263812262404,0.844272557848
YbYag5,Yb_Yag5_2026-09-28_14-57-53,Yb_Yag5_2026-09-28_13-03-16,20.4,19.4,0.000278058,0.0984,0.00282579268293,0.00120188,0.09865,0.0121832742017,0.23194033362,0.742273527961
YbYag5,Yb_Yag5_2026-09-28_14-57-53,Yb_Yag5_2026-09-28_13-03-16,14,19.5,0.000565652,0.0986,0.0057368356998,0.00165535,0.0988,0.0167545546559,0.342404547159,1.09578971127
YbYag5,Yb_Yag5_2026-09-28_14-57-53,Yb_Yag5_2026-09-28_13-03-16,14.1,19.5,0.000623528,0.0986,0.00632381338742,0.00199272,0.09885,0.0201590288316,0.313696331319,1.00391544205
YbYag5,Yb_Yag5_2026-09-28_14-57-53,Yb_Yag5_2026-09-28_13-03-16,14.2,19.5,0.000610117,0.0986,0.00618779918864,0.00204588,0.0987,0.0207282674772,0.298519844722,0.955346467124
YbYag5,Yb_Yag5_2026-09-28_14-57-53,Yb_Yag5_2026-09-28_13-03-16,14.3,19.5,0.000569765,0.09875,0.0057697721519,0.00196268,0.09875,0.0198752405063,0.290299488455,0.929039042487
YbYag5,Yb_Yag5_2026-09-28_14-57-53,Yb_Yag5_2026-09-28_13-03-16,14.4,19.5,0.000551466,0.0986,0.00559296146045,0.00189114,0.09885,0.0191314112291,0.292344427365,0.935583415323
YbYag5,Yb_Yag5_2026-09-28_14-57-53,Yb_Yag5_2026-09-28_13-03-16,14.5,19.5,0.000532988,0.0985,0.00541104568528,0.00184251,0.0989,0.0186300303337,0.290447497313,0.929512711965
YbYag5,Yb_Yag5_2026-09-28_14-57-53,Yb_Yag5_2026-09-28_13-03-16,14.6,19.5,0.00052065,0.09865,0.00527774961987,0.00178362,0.09885,0.0180437025797,0.292498149787,0.936075369796
YbYag5,Yb_Yag5_2026-09-28_14-57-53,Yb_Yag5_2026-09-28_13-03-16,14.7,19.5,0.000511829,0.0986,0.00519096348884,0.00174833,0.09895,0.0176688226377,0.293792268748,0.940216910131
YbYag5,Yb_Yag5_2026-09-28_14-57-53,Yb_Yag5_2026-09-28_13-03-16,14.8,19.5,0.000497524,0.09875,0.00503821772152,0.00170208,0.09885,0.0172188163885,0.292599538078,0.936399840504
YbYag5,Yb_Yag5_2026-09-28_14-57-53,Yb_Yag5_2026-09-28_13-03-16,14.9,19.5,0.000488821,0.0987,0.00495259371834,0.00169898,0.0989,0.0171787664307,0.288297401232,0.922631806957
YbYag5,Yb_Yag5_2026-09-28_14-57-53,Yb_Yag5_2026-09-28_13-03-16,15,19.5,0.000485243,0.0988,0.00491136639676,0.00167776,0.09895,0.0169556341587,0.289659847033,0.926992012169
YbYag5,Yb_Yag5_2026-09-28_14-57-53,Yb_Yag5_2026-09-28_13-03-16,15.1,19.5,0.000487985,0.0987,0.00494412360689,0.00166655,0.0988,0.0168679149798,0.293108164987,0.938027587971
YbYag5,Yb_Yag5_2026-09-28_14-57-53,Yb_Yag5_2026-09-28_13-03-16,15.2,19.5,0.000478806,0.09875,0.00484866835443,0.00165368,0.099,0.0167038383838,0.290272705173,0.928953328539
YbYag5,Yb_Yag5_2026-09-28_14-57-53,Yb_Yag5_2026-09-28_13-03-16,15.3,19.5,0.000475945,0.09885,0.004814820435,0.00164939,0.0988,0.0166942307692,0.288412236632,0.922999312153
YbYag5,Yb_Yag5_2026-09-28_14-57-53,Yb_Yag5_2026-09-28_13-03-16,15.4,19.5,0.000480535,0.09855,0.00487605276509,0.00163842,0.099,0.0165496969697,0.294630939407,0.942900889322
YbYag5,Yb_Yag5_2026-09-28_14-57-53,Yb_Yag5_2026-09-28_13-03-16,15.5,19.5,0.0004797,0.09865,0.00486264571718,0.00164057,0.09885,0.0165965604451,0.292991173277,0.937653181986
YbYag5,Yb_Yag5_2026-09-28_14-57-53,Yb_Yag5_2026-09-28_13-03-16,15.6,19.5,0.000471773,0.0987,0.00477986828774,0.00163055,0.0988,0.0165035425101,0.289626804961,0.926886268355
YbYag5,Yb_Yag5_2026-09-28_14-57-53,Yb_Yag5_2026-09-28_13-03-16,15.7,19.5,0.000471117,0.0987,0.0047732218845,0.00161291,0.0988,0.016325,0.29238725173,0.935720465195
YbYag5,Yb_Yag5_2026-09-28_14-57-53,Yb_Yag5_2026-09-28_13-03-16,15.8,19.5,0.000471057,0.0986,0.00477745436105,0.00160933,0.0989,0.0162722952477,0.293594375491,0.939583596709
YbYag5,Yb_Yag5_2026-09-28_14-57-53,Yb_Yag5_2026-09-28_13-03-16,15.9,19.5,0.000467302,0.0986,0.00473937119675,0.00160647,0.09885,0.0162515933232,0.291625018083,0.933281105683
YbYag5,Yb_Yag5_2026-09-28_14-57-53,Yb_Yag5_2026-09-28_13-03-16,16,19.5,0.00046921,0.09875,0.00475149367089,0.00159765,0.099,0.0161378787879,0.294431116588,0.942261400767
YbYag5,Yb_Yag5_2026-09-28_14-57-53,Yb_Yag5_2026-09-28_13-03-16,16.1,19.5,0.000456812,0.0986,0.00463298174442,0.00159384,0.0989,0.0161156723964,0.287482993602,0.920025476201
YbYag5,Yb_Yag5_2026-09-28_14-57-53,Yb_Yag5_2026-09-28_13-03-16,16.2,19.5,0.000461997,0.09865,0.00468319310694,0.00158239,0.09895,0.0159918140475,0.292849397387,0.937199459735
YbYag5,Yb_Yag5_2026-09-28_14-57-53,Yb_Yag5_2026-09-28_13-03-16,16.3,19.5,0.000467481,0.0987,0.00473638297872,0.00159288,0.0988,0.0161222672065,0.293778965331,0.9401743355
YbYag5,Yb_Yag5_2026-09-28_14-57-53,Yb_Yag5_2026-09-28_13-03-16,16.4,19.5,0.000466527,0.09875,0.00472432405063,0.0016029,0.0989,0.0162072800809,0.291493947599,0.93286164371
YbYag5,Yb_Yag5_2026-09-28_14-57-53,Yb_Yag5_2026-09-28_13-03-16,16.5,19.5,0.000462295,0.09865,0.00468621388748,0.00159336,0.0989,0.0161108190091,0.290873721866,0.93087674899
YbYag5,Yb_Yag5_2026-09-28_14-57-53,Yb_Yag5_2026-09-28_13-03-16,16.6,19.5,0.000470998,0.09875,0.0047696,0.00159813,0.09885,0.0161672230653,0.29501665071,0.944135272685
YbYag5,Yb_Yag5_2026-09-28_14-57-53,Yb_Yag5_2026-09-28_13-03-16,16.7,19.5,0.000472071,0.0987,0.00478288753799,0.00160838,0.09895,0.0162544719555,0.29425056385,0.941683581825
YbYag5,Yb_Yag5_2026-09-28_14-57-53,Yb_Yag5_2026-09-28_13-03-16,16.8,19.5,0.000475826,0.09865,0.0048233755702,0.00161267,0.0988,0.0163225708502,0.295503423723,0.945693081612
YbYag5,Yb_Yag5_2026-09-28_14-57-53,Yb_Yag5_2026-09-28_13-03-16,16.9,19.5,0.000467421,0.09865,0.00473817536746,0.0016172,0.0989,0.0163518705763,0.289763507199,0.92732375351
YbYag5,Yb_Yag5_2026-09-28_14-57-53,Yb_Yag5_2026-09-28_13-03-16,17,19.5,0.000475051,0.09865,0.00481551951343,0.00161434,0.0989,0.0163229524772,0.295015225962,0.944130713097
YbYag5,Yb_Yag5_2026-09-28_14-57-53,Yb_Yag5_2026-09-28_13-03-16,17.1,19.5,0.0004707,0.09875,0.00476658227848,0.00161243,0.0988,0.0163201417004,0.292067456642,0.934697032036
YbYag5,Yb_Yag5_2026-09-28_14-57-53,Yb_Yag5_2026-09-28_13-03-16,17.2,19.5,0.000476183,0.0987,0.0048245491388,0.00162054,0.09895,0.0163773623042,0.294586457159,0.942758533764
YbYag5,Yb_Yag5_2026-09-28_14-57-53,Yb_Yag5_2026-09-28_13-03-16,17.3,19.5,0.000470879,0.09865,0.00477322858591,0.00162054,0.0989,0.0163856420627,0.29130555688,0.932258741051
YbYag5,Yb_Yag5_2026-09-28_14-57-53,Yb_Yag5_2026-09-28_13-03-16,17.4,19.5,0.000475766,0.09865,0.00482276735935,0.00161815,0.0989,0.0163614762386,0.294763583006,0.9433253857
YbYag5,Yb_Yag5_2026-09-28_14-57-53,Yb_Yag5_2026-09-28_13-03-16,17.5,19.5,0.000476124,0.0986,0.00482884381339,0.00161839,0.09885,0.0163721800708,0.294942017038,0.943896424194
YbYag5,Yb_Yag5_2026-09-28_14-57-53,Yb_Yag5_2026-09-28_13-03-16,17.6,19.5,0.000477137,0.09865,0.00483666497719,0.00162054,0.09875,0.0164105316456,0.294729328802,0.943215762729
YbYag5,Yb_Yag5_2026-09-28_14-57-53,Yb_Yag5_2026-09-28_13-03-16,17.7,19.5,0.000475528,0.0988,0.00481303643725,0.00163079,0.09875,0.0165143291139,0.291446077165,0.932708445015
YbYag5,Yb_Yag5_2026-09-28_14-57-53,Yb_Yag5_2026-09-28_13-03-16,17.8,19.5,0.000475885,0.09865,0.0048239736442,0.00161839,0.0989,0.0163639029323,0.29479358709,0.943421407108
YbYag5,Yb_Yag5_2026-09-28_14-57-53,Yb_Yag5_2026-09-28_13-03-16,17.9,19.5,0.00046766,0.09855,0.00474540842212,0.00161577,0.0988,0.0163539473684,0.290168991939,0.92862141737
YbYag5,Yb_Yag5_2026-09-28_14-57-53,Yb_Yag5_2026-09-28_13-03-16,18,19.5,0.000470521,0.09855,0.00477443937088,0.00160766,0.09885,0.0162636317653,0.293565388087,0.93949082896
YbYag5,Yb_Yag5_2026-09-28_14-57-53,Yb_Yag5_2026-09-28_13-03-16,18.1,19.5,0.00047219,0.09865,0.0047865179929,0.00161172,0.0988,0.0163129554656,0.293418197763,0.939019779016
YbYag5,Yb_Yag5_2026-09-28_14-57-53,Yb_Yag5_2026-09-28_13-03-16,18.2,19.5,0.000470879,0.0987,0.00477081053698,0.00160433,0.0988,0.0162381578947,0.293802447785,0.940249485877
YbYag5,Yb_Yag5_2026-09-28_14-57-53,Yb_Yag5_2026-09-28_13-03-16,18.3,19.5,0.00047064,0.09855,0.00477564687976,0.00161076,0.09885,0.0162949924127,0.293074507727,0.937919875383
YbYag5,Yb_Yag5_2026-09-28_14-57-53,Yb_Yag5_2026-09-28_13-03-16,18.4,19.5,0.000472011,0.09875,0.00477985822785,0.00161291,0.09885,0.0163167425392,0.292941940854,0.937495624549
YbYag5,Yb_Yag5_2026-09-28_14-57-53,Yb_Yag5_2026-09-28_13-03-16,18.5,19.5,0.000470819,0.09865,0.00477262037506,0.0016172,0.0989,0.0163518705763,0.291869994493,0.934065098281
YbYag5,Yb_Yag5_2026-09-28_14-57-53,Yb_Yag5_2026-09-28_13-03-16,18.6,19.5,0.000475468,0.09865,0.00481974657881,0.00162698,0.09885,0.0164590794133,0.29283208725,0.937144062485
YbYag5,Yb_Yag5_2026-09-28_14-57-53,Yb_Yag5_2026-09-28_13-03-16,18.7,19.5,0.000476064,0.0987,0.00482334346505,0.00162459,0.09895,0.0164182920667,0.293778636989,0.940173284715
YbYag5,Yb_Yag5_2026-09-28_14-57-53,Yb_Yag5_2026-09-28_13-03-16,18.8,19.5,0.00047672,0.09865,0.00483243791181,0.00163151,0.0988,0.0165132591093,0.292639864719,0.936528896963
YbYag5,Yb_Yag5_2026-09-28_14-57-53,Yb_Yag5_2026-09-28_13-03-16,18.9,19.5,0.000480236,0.0986,0.00487054766734,0.00163389,0.09885,0.016528983308,0.294667105446,0.943016630698
YbYag5,Yb_Yag5_2026-09-28_14-57-53,Yb_Yag5_2026-09-28_13-03-16,19,19.5,0.000480236,0.0988,0.00486068825911,0.00165273,0.09885,0.0167195751138,0.290718407975,0.930379701377
YbYag5,Yb_Yag5_2026-09-28_14-57-53,Yb_Yag5_2026-09-28_13-03-16,19.1,19.5,0.000489715,0.09865,0.0049641662443,0.00165988,0.09875,0.0168089113924,0.29532943142,0.945136257885
YbYag5,Yb_Yag5_2026-09-28_14-57-53,Yb_Yag5_2026-09-28_13-03-16,19.2,19.5,0.000487687,0.09865,0.00494360871769,0.00166798,0.0988,0.016882388664,0.292826377599,0.937125790014
YbYag5,Yb_Yag5_2026-09-28_14-57-53,Yb_Yag5_2026-09-28_13-03-16,19.3,19.5,0.000490669,0.0987,0.00497131712259,0.00166536,0.0988,0.0168558704453,0.294930904857,0.943860862128
YbYag5,Yb_Yag5_2026-09-28_14-57-53,Yb_Yag5_2026-09-28_13-03-16,19.4,19.5,0.000508431,0.0986,0.0051565010142,0.00171042,0.09885,0.0173031866464,0.298008749462,0.953710820251
YbYag5,Yb_Yag5_2026-09-28_14-57-53,Yb_Yag5_2026-09-28_13-03-16,19.5,19.5,0.000529949,0.09865,0.00537201216422,0.00178552,0.0988,0.0180720647773,0.29725503037,0.951298709683
YbYag5,Yb_Yag5_2026-09-28_14-57-53,Yb_Yag5_2026-09-28_13-03-16,19.6,19.5,0.000548366,0.0987,0.00555588652482,0.00186516,0.09885,0.0188685887709,0.294451619688,0.942327016384
YbYag5,Yb_Yag5_2026-09-28_14-57-53,Yb_Yag5_2026-09-28_13-03-16,19.7,19.5,0.0005675,0.0987,0.00574974670719,0.0019126,0.0989,0.0193387259858,0.297317760819,0.951499464555
YbYag5,Yb_Yag5_2026-09-28_14-57-53,Yb_Yag5_2026-09-28_13-03-16,19.8,19.5,0.000578526,0.09855,0.0058703805175,0.00193406,0.09885,0.0195656044512,0.300035735269,0.960197738169
YbYag5,Yb_Yag5_2026-09-28_14-57-53,Yb_Yag5_2026-09-28_13-03-16,19.9,19.5,0.00057954,0.0985,0.00588365482234,0.00196148,0.0988,0.0198530364372,0.296360450501,0.948435805484
YbYag5,Yb_Yag5_2026-09-28_14-57-53,Yb_Yag5_2026-09-28_13-03-16,20,19.5,0.000578526,0.09865,0.00586442980233,0.00194836,0.0988,0.019720242915,0.297381215212,0.951702536246
YbYag5,Yb_Yag5_2026-09-28_14-57-53,Yb_Yag5_2026-09-28_13-03-16,20.1,19.5,0.000519935,0.0986,0.00527317444219,0.00185622,0.09865,0.0188162189559,0.280246230901,0.896865824332
YbYag5,Yb_Yag5_2026-09-28_14-57-53,Yb_Yag5_2026-09-28_13-03-16,20.2,19.5,0.000400187,0.0985,0.00406281218274,0.00153387,0.0988,0.015525,0.261694826586,0.837496174756
YbYag5,Yb_Yag5_2026-09-28_14-57-53,Yb_Yag5_2026-09-28_13-03-16,14.1,19.6,0.000588719,0.09845,0.00597987811072,0.0016892,0.0988,0.0170971659919,0.349758440291,1.11932421307
YbYag5,Yb_Yag5_2026-09-28_14-57-53,Yb_Yag5_2026-09-28_13-03-16,14.2,19.6,0.000660423,0.0986,0.0066980020284,0.00206424,0.0989,0.020871991911,0.320908615573,1.02699675609
YbYag5,Yb_Yag5_2026-09-28_14-57-53,Yb_Yag5_2026-09-28_13-03-16,14.3,19.6,0.000644986,0.0985,0.00654808121827,0.00214888,0.09865,0.0217828687278,0.300606926484,0.962025708801
YbYag5,Yb_Yag5_2026-09-28_14-57-53,Yb_Yag5_2026-09-28_13-03-16,14.4,19.6,0.000601593,0.0986,0.00610134888438,0.00206257,0.09875,0.0208867848101,0.292115274795,0.934850063413
YbYag5,Yb_Yag5_2026-09-28_14-57-53,Yb_Yag5_2026-09-28_13-03-16,14.5,19.6,0.000574294,0.0986,0.00582448275862,0.00196292,0.0988,0.019867611336,0.293164722226,0.938208586855
YbYag5,Yb_Yag5_2026-09-28_14-57-53,Yb_Yag5_2026-09-28_13-03-16,14.6,19.6,0.000546519,0.09865,0.00553997972631,0.00189162,0.09895,0.0191169277413,0.289794458675,0.927422806832
YbYag5,Yb_Yag5_2026-09-28_14-57-53,Yb_Yag5_2026-09-28_13-03-16,14.7,19.6,0.000534419,0.09865,0.00541732387228,0.00183821,0.09885,0.0185959534648,0.291317349365,0.93229648028
YbYag5,Yb_Yag5_2026-09-28_14-57-53,Yb_Yag5_2026-09-28_13-03-16,14.8,19.6,0.000516716,0.09885,0.00522727364694,0.00176812,0.09885,0.0178868993424,0.292240345679,0.935250325001
YbYag5,Yb_Yag5_2026-09-28_14-57-53,Yb_Yag5_2026-09-28_13-03-16,14.9,19.6,0.000507239,0.0986,0.00514441176471,0.00173569,0.0989,0.0175499494439,0.293129719898,0.938096569675
YbYag5,Yb_Yag5_2026-09-28_14-57-53,Yb_Yag5_2026-09-28_13-03-16,15,19.6,0.00049359,0.09865,0.00500344652813,0.00169755,0.0989,0.0171643073812,0.291502967001,0.932890508301
YbYag5,Yb_Yag5_2026-09-28_14-57-53,Yb_Yag5_2026-09-28_13-03-16,15.1,19.6,0.000485422,0.09865,0.00492064875824,0.0016842,0.0989,0.017029322548,0.288951527248,0.924725192001
YbYag5,Yb_Yag5_2026-09-28_14-57-53,Yb_Yag5_2026-09-28_13-03-16,15.2,19.6,0.000488164,0.0987,0.00494593718338,0.00167537,0.09885,0.0169486090035,0.291819652124,0.933903988707
YbYag5,Yb_Yag5_2026-09-28_14-57-53,Yb_Yag5_2026-09-28_13-03-16,15.3,19.6,0.000488285,0.09865,0.00494967055246,0.00165702,0.0989,0.0167544994944,0.295423360997,0.945436858637
YbYag5,Yb_Yag5_2026-09-28_14-57-53,Yb_Yag5_2026-09-28_13-03-16,15.4,19.6,0.00048572,0.0987,0.00492117527862,0.00165535,0.09895,0.0167291561395,0.294167574119,0.941417991623
YbYag5,Yb_Yag5_2026-09-28_14-57-53,Yb_Yag5_2026-09-28_13-03-16,15.5,19.6,0.000485005,0.0988,0.00490895748988,0.00165869,0.09895,0.0167629105609,0.292846368896,0.93718976772
YbYag5,Yb_Yag5_2026-09-28_14-57-53,Yb_Yag5_2026-09-28_13-03-16,15.6,19.6,0.000474038,0.0986,0.00480768762677,0.00164939,0.0989,0.0166773508595,0.288276457531,0.922564781292
YbYag5,Yb_Yag5_2026-09-28_14-57-53,Yb_Yag5_2026-09-28_13-03-16,15.7,19.6,0.000475647,0.0986,0.00482400608519,0.00162984,0.09885,0.0164880121396,0.292576572867,0.936326345447
YbYag5,Yb_Yag5_2026-09-28_14-57-53,Yb_Yag5_2026-09-28_13-03-16,15.8,19.6,0.000475468,0.09855,0.00482463723998,0.00162435,0.0988,0.0164407894737,0.293455326321,0.939138600722
YbYag5,Yb_Yag5_2026-09-28_14-57-53,Yb_Yag5_2026-09-28_13-03-16,15.9,19.6,0.000474991,0.09845,0.00482469273743,0.00161362,0.09885,0.0163239251391,0.295559597114,0.945872852074
YbYag5,Yb_Yag5_2026-09-28_14-57-53,Yb_Yag5_2026-09-28_13-03-16,16,19.6,0.000472309,0.0985,0.00479501522843,0.00161029,0.09885,0.0162902377339,0.294349002559,0.941998613053
YbYag5,Yb_Yag5_2026-09-28_14-57-53,Yb_Yag5_2026-09-28_13-03-16,16.1,19.6,0.000463368,0.0986,0.00469947261663,0.00159479,0.09895,0.0161171298636,0.291582475069,0.933144956215
YbYag5,Yb_Yag5_2026-09-28_14-57-53,Yb_Yag5_2026-09-28_13-03-16,16.2,19.6,0.000470342,0.0986,0.00477020283976,0.00158454,0.09885,0.0160297420334,0.297584504468,0.952353118365
YbYag5,Yb_Yag5_2026-09-28_14-57-53,Yb_Yag5_2026-09-28_13-03-16,16.3,19.6,0.000466289,0.09865,0.00472670045616,0.00159956,0.0989,0.0161735085945,0.292249540571,0.935279751211
YbYag5,Yb_Yag5_2026-09-28_14-57-53,Yb_Yag5_2026-09-28_13-03-16,16.4,19.6,0.000472846,0.0987,0.00479073961499,0.00161196,0.0989,0.0162988877654,0.293930462247,0.940659167732
YbYag5,Yb_Yag5_2026-09-28_14-57-53,Yb_Yag5_2026-09-28_13-03-16,16.5,19.6,0.000466468,0.09865,0.00472851495185,0.00160313,0.09895,0.016201414856,0.291858149049,0.934027189568
YbYag5,Yb_Yag5_2026-09-28_14-57-53,Yb_Yag5_2026-09-28_13-03-16,16.6,19.6,0.000470938,0.09875,0.00476899240506,0.001611,0.09885,0.0162974203338,0.292622532118,0.936473427822
YbYag5,Yb_Yag5_2026-09-28_14-57-53,Yb_Yag5_2026-09-28_13-03-16,16.7,19.6,0.000471713,0.09865,0.00478168271668,0.00161219,0.0989,0.0163012133468,0.293332932644,0.938746906941
YbYag5,Yb_Yag5_2026-09-28_14-57-53,Yb_Yag5_2026-09-28_13-03-16,16.8,19.6,0.000471594,0.0987,0.00477805471125,0.00162102,0.0988,0.0164070850202,0.291218988953,0.931981699626
YbYag5,Yb_Yag5_2026-09-28_14-57-53,Yb_Yag5_2026-09-28_13-03-16,16.9,19.6,0.000476243,0.09875,0.00482271392405,0.00162721,0.0989,0.0164530839232,0.293119146937,0.938062733262
YbYag5,Yb_Yag5_2026-09-28_14-57-53,Yb_Yag5_2026-09-28_13-03-16,17,19.6,0.000480594,0.09865,0.00487170805879,0.00162268,0.0989,0.0164072800809,0.29692356288,0.950237921595
YbYag5,Yb_Yag5_2026-09-28_14-57-53,Yb_Yag5_2026-09-28_13-03-16,17.1,19.6,0.000479819,0.0986,0.00486631845842,0.00162483,0.09885,0.0164373292868,0.296052866832,0.94745145226
YbYag5,Yb_Yag5_2026-09-28_14-57-53,Yb_Yag5_2026-09-28_13-03-16,17.2,19.6,0.000474991,0.0985,0.00482224365482,0.00162602,0.0988,0.0164576923077,0.293008495034,0.937708616422
YbYag5,Yb_Yag5_2026-09-28_14-57-53,Yb_Yag5_2026-09-28_13-03-16,17.3,19.6,0.000476183,0.09855,0.00483189244039,0.00163484,0.09885,0.016538593829,0.29215860129,0.93498872024
YbYag5,Yb_Yag5_2026-09-28_14-57-53,Yb_Yag5_2026-09-28_13-03-16,17.4,19.6,0.000471951,0.0986,0.00478652129817,0.00162006,0.0988,0.0163973684211,0.291907894928,0.934186390207
YbYag5,Yb_Yag5_2026-09-28_14-57-53,Yb_Yag5_2026-09-28_13-03-16,17.5,19.6,0.0004797,0.0985,0.00487005076142,0.00162745,0.09875,0.0164805063291,0.295503709909,0.945693997484
YbYag5,Yb_Yag5_2026-09-28_14-57-53,Yb_Yag5_2026-09-28_13-03-16,17.6,19.6,0.000476422,0.0987,0.00482697061803,0.0016358,0.09895,0.0165315816069,0.291984804165,0.934432521138
YbYag5,Yb_Yag5_2026-09-28_14-57-53,Yb_Yag5_2026-09-28_13-03-16,17.7,19.6,0.000476303,0.0987,0.00482576494428,0.00163818,0.0989,0.0165640040445,0.291340483335,0.932370515412
YbYag5,Yb_Yag5_2026-09-28_14-57-53,Yb_Yag5_2026-09-28_13-03-16,17.8,19.6,0.000476422,0.09855,0.00483431760528,0.00163055,0.09885,0.0164951947395,0.293074297189,0.937919201605
YbYag5,Yb_Yag5_2026-09-28_14-57-53,Yb_Yag5_2026-09-28_13-03-16,17.9,19.6,0.000475945,0.0986,0.00482702839757,0.00162936,0.09875,0.0164998481013,0.292549868819,0.936240885073
YbYag5,Yb_Yag5_2026-09-28_14-57-53,Yb_Yag5_2026-09-28_13-03-16,18,19.6,0.000476362,0.09875,0.00482391898734,0.00162102,0.0988,0.0164070850202,0.294014383506,0.940927739085
YbYag5,Yb_Yag5_2026-09-28_14-57-53,Yb_Yag5_2026-09-28_13-03-16,18.1,19.6,0.000474634,0.0986,0.00481373225152,0.00162054,0.09875,0.0164105316456,0.293331889269,0.938743567851
YbYag5,Yb_Yag5_2026-09-28_14-57-53,Yb_Yag5_2026-09-28_13-03-16,18.2,19.6,0.000475349,0.09865,0.00481854029397,0.00163031,0.09875,0.0165094683544,0.291865261227,0.934049950512
YbYag5,Yb_Yag5_2026-09-28_14-57-53,Yb_Yag5_2026-09-28_13-03-16,18.3,19.6,0.000476124,0.0987,0.00482395136778,0.00162626,0.0987,0.0164767983789,0.292772373422,0.936952961639
YbYag5,Yb_Yag5_2026-09-28_14-57-53,Yb_Yag5_2026-09-28_13-03-16,18.4,19.6,0.000474991,0.09865,0.00481491130258,0.00162936,0.09895,0.0164664982314,0.292406511386,0.935782101444
YbYag5,Yb_Yag5_2026-09-28_14-57-53,Yb_Yag5_2026-09-28_13-03-16,18.5,19.6,0.000479998,0.09865,0.00486566649772,0.00163556,0.0989,0.016537512639,0.294219971524,0.941585677879
YbYag5,Yb_Yag5_2026-09-28_14-57-53,Yb_Yag5_2026-09-28_13-03-16,18.6,19.6,0.000477197,0.0986,0.00483972616633,0.00163222,0.09875,0.0165288101266,0.292805478995,0.937058908673
YbYag5,Yb_Yag5_2026-09-28_14-57-53,Yb_Yag5_2026-09-28_13-03-16,18.7,19.6,0.000476481,0.0986,0.00483246450304,0.00163389,0.09885,0.016528983308,0.292363082048,0.935643115492
YbYag5,Yb_Yag5_2026-09-28_14-57-53,Yb_Yag5_2026-09-28_13-03-16,18.8,19.6,0.000485124,0.0986,0.00492012170385,0.00164367,0.09885,0.0166279210926,0.295895179948,0.946946810406
YbYag5,Yb_Yag5_2026-09-28_14-57-53,Yb_Yag5_2026-09-28_13-03-16,18.9,19.6,0.000486257,0.09875,0.00492412151899,0.00166512,0.0989,0.0168364004044,0.292468781967,0.935981384612
YbYag5,Yb_Yag5_2026-09-28_14-57-53,Yb_Yag5_2026-09-28_13-03-16,19,19.6,0.000487985,0.09855,0.00495164890918,0.00167514,0.0989,0.0169377148635,0.292344566495,0.935583860577
YbYag5,Yb_Yag5_2026-09-28_14-57-53,Yb_Yag5_2026-09-28_13-03-16,19.1,19.6,0.000489179,0.0986,0.0049612474645,0.0016799,0.09875,0.0170116455696,0.291638304137,0.93332362475
YbYag5,Yb_Yag5_2026-09-28_14-57-53,Yb_Yag5_2026-09-28_13-03-16,19.2,19.6,0.000507537,0.0987,0.00514221884498,0.00171805,0.0987,0.0174067882472,0.295414568843,0.945408721299
YbYag5,Yb_Yag5_2026-09-28_14-57-53,Yb_Yag5_2026-09-28_13-03-16,19.3,19.6,0.000512127,0.09865,0.00519135326913,0.00175381,0.0989,0.0177331648129,0.292748267097,0.936875814702
YbYag5,Yb_Yag5_2026-09-28_14-57-53,Yb_Yag5_2026-09-28_13-03-16,19.4,19.6,0.000530127,0.09865,0.00537381652306,0.00181819,0.0989,0.0183841253792,0.292307434388,0.935465027516
YbYag5,Yb_Yag5_2026-09-28_14-57-53,Yb_Yag5_2026-09-28_13-03-16,19.5,19.6,0.000557784,0.09875,0.00564844556962,0.00188304,0.09875,0.0190687594937,0.296214631659,0.947969144664
YbYag5,Yb_Yag5_2026-09-28_14-57-53,Yb_Yag5_2026-09-28_13-03-16,19.6,19.6,0.000575308,0.09865,0.00583180942727,0.00193454,0.0988,0.0195803643725,0.29783967838,0.953169745801
YbYag5,Yb_Yag5_2026-09-28_14-57-53,Yb_Yag5_2026-09-28_13-03-16,19.7,19.6,0.000578526,0.09865,0.00586442980233,0.00196506,0.09885,0.0198792109256,0.295003147976,0.944092060185
YbYag5,Yb_Yag5_2026-09-28_14-57-53,Yb_Yag5_2026-09-28_13-03-16,19.8,19.6,0.000584129,0.0987,0.00591822695035,0.00197269,0.09875,0.0199766075949,0.296257856707,0.948107476832
YbYag5,Yb_Yag5_2026-09-28_14-57-53,Yb_Yag5_2026-09-28_13-03-16,19.9,19.6,0.000560645,0.09855,0.00568893962456,0.00193549,0.09875,0.0195998987342,0.290253521292,0.928891934789
YbYag5,Yb_Yag5_2026-09-28_14-57-53,Yb_Yag5_2026-09-28_13-03-16,20,19.6,0.000493113,0.0986,0.00500114604462,0.00178982,0.0989,0.0180972699697,0.276348092999,0.884390699685
YbYag5,Yb_Yag5_2026-09-28_14-57-53,Yb_Yag5_2026-09-28_13-03-16,20.1,19.6,0.000359775,0.09845,0.00365439309294,0.00143004,0.09875,0.0144814177215,0.252350506229,0.807591752662
YbYag5,Yb_Yag5_2026-09-28_14-57-53,Yb_Yag5_2026-09-28_13-03-16,14.2,19.7,0.000665072,0.09855,0.00674857432775,0.00195839,0.09865,0.0198519006589,0.339946005358,1.08792169423
YbYag5,Yb_Yag5_2026-09-28_14-57-53,Yb_Yag5_2026-09-28_13-03-16,14.3,19.7,0.000732604,0.09855,0.00743383054287,0.00229408,0.0987,0.02324295846,0.319831511796,1.02354972466
YbYag5,Yb_Yag5_2026-09-28_14-57-53,Yb_Yag5_2026-09-28_13-03-16,14.4,19.7,0.000723604,0.0986,0.00733878296146,0.00237657,0.09885,0.024042185129,0.305246088161,0.976872315472
YbYag5,Yb_Yag5_2026-09-28_14-57-53,Yb_Yag5_2026-09-28_13-03-16,14.5,19.7,0.000672404,0.0986,0.00681951318458,0.00225951,0.0987,0.0228927051672,0.297890228995,0.953331521818
YbYag5,Yb_Yag5_2026-09-28_14-57-53,Yb_Yag5_2026-09-28_13-03-16,14.6,19.7,0.000628117,0.09875,0.00636067848101,0.00215007,0.0988,0.0217618421053,0.292285848332,0.935395946137
YbYag5,Yb_Yag5_2026-09-28_14-57-53,Yb_Yag5_2026-09-28_13-03-16,14.7,19.7,0.000590388,0.09865,0.00598467308667,0.00204588,0.09885,0.0206968133536,0.289159156263,0.925389662555
YbYag5,Yb_Yag5_2026-09-28_14-57-53,Yb_Yag5_2026-09-28_13-03-16,14.8,19.7,0.000561658,0.09875,0.00568767594937,0.00192309,0.0988,0.0194644736842,0.29220805256,0.935146978047
YbYag5,Yb_Yag5_2026-09-28_14-57-53,Yb_Yag5_2026-09-28_13-03-16,14.9,19.7,0.0005343,0.0987,0.00541337386018,0.00183035,0.0989,0.0185070778564,0.292502895497,0.936090557386
YbYag5,Yb_Yag5_2026-09-28_14-57-53,Yb_Yag5_2026-09-28_13-03-16,15,19.7,0.000508968,0.09875,0.00515410632911,0.00176883,0.09885,0.0178940819423,0.288034130263,0.921789266689
YbYag5,Yb_Yag5_2026-09-28_14-57-53,Yb_Yag5_2026-09-28_13-03-16,15.1,19.7,0.000503901,0.09865,0.00510796756209,0.00172568,0.09875,0.0174752405063,0.292297411315,0.935432950896
YbYag5,Yb_Yag5_2026-09-28_14-57-53,Yb_Yag5_2026-09-28_13-03-16,15.2,19.7,0.000485184,0.09865,0.00491823618855,0.00169683,0.09875,0.0171830886076,0.286225387115,0.916000785934
YbYag5,Yb_Yag5_2026-09-28_14-57-53,Yb_Yag5_2026-09-28_13-03-16,15.3,19.7,0.000489537,0.09865,0.00496236188545,0.00167537,0.0987,0.016974366768,0.292344448148,0.935583481835
YbYag5,Yb_Yag5_2026-09-28_14-57-53,Yb_Yag5_2026-09-28_13-03-16,15.4,19.7,0.000489179,0.0988,0.00495120445344,0.0016656,0.09885,0.0168497723824,0.293843996291,0.940382452644
YbYag5,Yb_Yag5_2026-09-28_14-57-53,Yb_Yag5_2026-09-28_13-03-16,15.5,19.7,0.000474991,0.09865,0.00481491130258,0.00164843,0.09875,0.0166929620253,0.28843960079,0.923086885062
YbYag5,Yb_Yag5_2026-09-28_14-57-53,Yb_Yag5_2026-09-28_13-03-16,15.6,19.7,0.0004676,0.09875,0.00473518987342,0.00161052,0.09875,0.0163090632911,0.290341007874,0.929171916167
YbYag5,Yb_Yag5_2026-09-28_14-57-53,Yb_Yag5_2026-09-28_13-03-16,15.7,19.7,0.00047213,0.09875,0.00478106329114,0.00162054,0.0988,0.0164022267206,0.291488672397,0.932844761596
YbYag5,Yb_Yag5_2026-09-28_14-57-53,Yb_Yag5_2026-09-28_13-03-16,15.8,19.7,0.00047517,0.0988,0.00480941295547,0.00162984,0.09875,0.0165047088608,0.291396412747,0.932549505076
YbYag5,Yb_Yag5_2026-09-28_14-57-53,Yb_Yag5_2026-09-28_13-03-16,15.9,19.7,0.00047976,0.0986,0.00486572008114,0.00163651,0.09885,0.0165554881133,0.29390375251,0.940573689153
YbYag5,Yb_Yag5_2026-09-28_14-57-53,Yb_Yag5_2026-09-28_13-03-16,16,19.7,0.000471773,0.09875,0.00477744810127,0.00161839,0.09895,0.0163556341587,0.292098004572,0.934794793902
YbYag5,Yb_Yag5_2026-09-28_14-57-53,Yb_Yag5_2026-09-28_13-03-16,16.1,19.7,0.000471355,0.0986,0.00478047667343,0.0016029,0.0989,0.0162072800809,0.29495860191,0.943949500394
YbYag5,Yb_Yag5_2026-09-28_14-57-53,Yb_Yag5_2026-09-28_13-03-16,16.2,19.7,0.000475349,0.09855,0.0048234297311,0.00161434,0.0988,0.0163394736842,0.295201046516,0.944725390513
YbYag5,Yb_Yag5_2026-09-28_14-57-53,Yb_Yag5_2026-09-28_13-03-16,16.3,19.7,0.000476303,0.0986,0.00483065922921,0.00163532,0.0988,0.0165518218623,0.291850605293,0.934003047451
YbYag5,Yb_Yag5_2026-09-28_14-57-53,Yb_Yag5_2026-09-28_13-03-16,16.4,19.7,0.000476064,0.0986,0.00482823529412,0.00163222,0.0988,0.0165204453441,0.292258180307,0.935307400767
YbYag5,Yb_Yag5_2026-09-28_14-57-53,Yb_Yag5_2026-09-28_13-03-16,16.5,19.7,0.000471475,0.09855,0.00478411973617,0.00161911,0.09885,0.0163794638341,0.292080362619,0.934738334748
YbYag5,Yb_Yag5_2026-09-28_14-57-53,Yb_Yag5_2026-09-28_13-03-16,16.6,19.7,0.000476422,0.09895,0.00481477513896,0.00162888,0.09885,0.0164783004552,0.292188818383,0.935085423334
YbYag5,Yb_Yag5_2026-09-28_14-57-53,Yb_Yag5_2026-09-28_13-03-16,16.7,19.7,0.00048125,0.0988,0.004870951417,0.00162888,0.099,0.0164533333333,0.296046479964,0.947431012508
YbYag5,Yb_Yag5_2026-09-28_14-57-53,Yb_Yag5_2026-09-28_13-03-16,16.8,19.7,0.000475587,0.09875,0.00481607088608,0.00163317,0.09895,0.0165050025265,0.291794616714,0.933823868438
YbYag5,Yb_Yag5_2026-09-28_14-57-53,Yb_Yag5_2026-09-28_13-03-16,16.9,19.7,0.000474574,0.0989,0.00479852376138,0.00163174,0.099,0.0164822222222,0.29113330088,0.931707473977
YbYag5,Yb_Yag5_2026-09-28_14-57-53,Yb_Yag5_2026-09-28_13-03-16,17,19.7,0.000476303,0.0987,0.00482576494428,0.00162864,0.0989,0.0164675429727,0.293047053363,0.93783201379
YbYag5,Yb_Yag5_2026-09-28_14-57-53,Yb_Yag5_2026-09-28_13-03-16,17.1,19.7,0.000476124,0.09865,0.00482639635073,0.00163961,0.0988,0.016595242915,0.290830111704,0.930737184354
YbYag5,Yb_Yag5_2026-09-28_14-57-53,Yb_Yag5_2026-09-28_13-03-16,17.2,19.7,0.00047964,0.09875,0.00485711392405,0.00164796,0.09885,0.0166713201821,0.291345488599,0.932386533651
YbYag5,Yb_Yag5_2026-09-28_14-57-53,Yb_Yag5_2026-09-28_13-03-16,17.3,19.7,0.000484826,0.0987,0.00491211752786,0.00163508,0.0988,0.0165493927126,0.296815575844,0.949892333069
YbYag5,Yb_Yag5_2026-09-28_14-57-53,Yb_Yag5_2026-09-28_13-03-16,17.4,19.7,0.000479044,0.0986,0.00485845841785,0.00164367,0.09885,0.0166279210926,0.2921867617,0.935078841378
YbYag5,Yb_Yag5_2026-09-28_14-57-53,Yb_Yag5_2026-09-28_13-03-16,17.5,19.7,0.000476183,0.09865,0.00482699442473,0.00164438,0.09885,0.0166351036925,0.290169181627,0.928622024422
YbYag5,Yb_Yag5_2026-09-28_14-57-53,Yb_Yag5_2026-09-28_13-03-16,17.6,19.7,0.000480892,0.0987,0.00487225937183,0.00164223,0.09885,0.016613353566,0.29327368207,0.938557288636
YbYag5,Yb_Yag5_2026-09-28_14-57-53,Yb_Yag5_2026-09-28_13-03-16,17.7,19.7,0.000471117,0.09875,0.00477080506329,0.00163723,0.0989,0.0165543983822,0.28818957676,0.922286738682
YbYag5,Yb_Yag5_2026-09-28_14-57-53,Yb_Yag5_2026-09-28_13-03-16,17.8,19.7,0.00047976,0.09865,0.00486325392803,0.00164033,0.0988,0.0166025303644,0.292922453463,0.93743325948
YbYag5,Yb_Yag5_2026-09-28_14-57-53,Yb_Yag5_2026-09-28_13-03-16,17.9,19.7,0.000480535,0.0987,0.00486864235056,0.00162888,0.09895,0.0164616472966,0.295756692076,0.946503610728
YbYag5,Yb_Yag5_2026-09-28_14-57-53,Yb_Yag5_2026-09-28_13-03-16,18,19.7,0.000480415,0.09855,0.00487483510908,0.00162769,0.0989,0.0164579373104,0.296199640158,0.947921167693
YbYag5,Yb_Yag5_2026-09-28_14-57-53,Yb_Yag5_2026-09-28_13-03-16,18.1,19.7,0.000484766,0.0986,0.00491649087221,0.00163484,0.09875,0.0165553417722,0.296973082154,0.950396397036
YbYag5,Yb_Yag5_2026-09-28_14-57-53,Yb_Yag5_2026-09-28_13-03-16,18.2,19.7,0.000484707,0.09865,0.00491340091232,0.0016377,0.0989,0.0165591506572,0.296718171966,0.94958061359
YbYag5,Yb_Yag5_2026-09-28_14-57-53,Yb_Yag5_2026-09-28_13-03-16,18.3,19.7,0.000481786,0.0987,0.00488131712259,0.0016389,0.09875,0.0165964556962,0.294118046163,0.941259488396
YbYag5,Yb_Yag5_2026-09-28_14-57-53,Yb_Yag5_2026-09-28_13-03-16,18.4,19.7,0.000484945,0.0987,0.00491332320162,0.001642,0.09885,0.0166110268083,0.295786844385,0.946600106497
YbYag5,Yb_Yag5_2026-09-28_14-57-53,Yb_Yag5_2026-09-28_13-03-16,18.5,19.7,0.000480833,0.09875,0.00486919493671,0.00164867,0.0989,0.0166700707786,0.292092037363,0.934775697174
YbYag5,Yb_Yag5_2026-09-28_14-57-53,Yb_Yag5_2026-09-28_13-03-16,18.6,19.7,0.000484945,0.0987,0.00491332320162,0.00164438,0.0988,0.0166435222672,0.295209338669,0.944751927706
YbYag5,Yb_Yag5_2026-09-28_14-57-53,Yb_Yag5_2026-09-28_13-03-16,18.7,19.7,0.000485362,0.09875,0.00491505822785,0.00164724,0.0987,0.0166893617021,0.294502469033,0.942489748419
YbYag5,Yb_Yag5_2026-09-28_14-57-53,Yb_Yag5_2026-09-28_13-03-16,18.8,19.7,0.000484707,0.0987,0.0049109118541,0.0016501,0.09885,0.0166929691452,0.29419043499,0.941491152762
YbYag5,Yb_Yag5_2026-09-28_14-57-53,Yb_Yag5_2026-09-28_13-03-16,18.9,19.7,0.000493769,0.09875,0.00500019240506,0.00167681,0.0989,0.0169546006067,0.294916555161,0.943814939112
YbYag5,Yb_Yag5_2026-09-28_14-57-53,Yb_Yag5_2026-09-28_13-03-16,19,19.7,0.000502948,0.09865,0.00509830714648,0.00169421,0.0989,0.0171305358948,0.297615157972,0.952451218097
YbYag5,Yb_Yag5_2026-09-28_14-57-53,Yb_Yag5_2026-09-28_13-03-16,19.1,19.7,0.000511948,0.09865,0.00518953877344,0.00172616,0.0988,0.0174712550607,0.297032969607,0.950588053528
YbYag5,Yb_Yag5_2026-09-28_14-57-53,Yb_Yag5_2026-09-28_13-03-16,19.2,19.7,0.000521723,0.0986,0.00529130831643,0.00177646,0.0988,0.0179803643725,0.29428259666,0.941786095719
YbYag5,Yb_Yag5_2026-09-28_14-57-53,Yb_Yag5_2026-09-28_13-03-16,19.3,19.7,0.0005464,0.0986,0.0055415821501,0.0018673,0.09875,0.0189093670886,0.293060160297,0.937873959621
YbYag5,Yb_Yag5_2026-09-28_14-57-53,Yb_Yag5_2026-09-28_13-03-16,19.4,19.7,0.000566427,0.09855,0.00574761035008,0.00193096,0.09885,0.0195342438037,0.29423254915,0.941625929779
YbYag5,Yb_Yag5_2026-09-28_14-57-53,Yb_Yag5_2026-09-28_13-03-16,19.5,19.7,0.000583652,0.0986,0.00591939148073,0.00196745,0.09885,0.0199033889732,0.297406210003,0.951782526525
YbYag5,Yb_Yag5_2026-09-28_14-57-53,Yb_Yag5_2026-09-28_13-03-16,19.6,19.7,0.000592653,0.0985,0.00601678172589,0.00200392,0.09885,0.0202723318159,0.296797713284,0.949835167912
YbYag5,Yb_Yag5_2026-09-28_14-57-53,Yb_Yag5_2026-09-28_13-03-16,19.7,19.7,0.000583414,0.09855,0.00591997970573,0.00198151,0.09885,0.0200456246839,0.295325279161,0.945122969503
YbYag5,Yb_Yag5_2026-09-28_14-57-53,Yb_Yag5_2026-09-28_13-03-16,19.8,19.7,0.000539426,0.0986,0.00547085192698,0.00191427,0.0988,0.0193752024291,0.282363600948,0.903641996939
YbYag5,Yb_Yag5_2026-09-28_14-57-53,Yb_Yag5_2026-09-28_13-03-16,19.9,19.7,0.000456663,0.09845,0.00463852717115,0.00165427,0.0988,0.0167436234818,0.277032458129,0.886580858298
YbYag5,Yb_Yag5_2026-09-28_14-57-53,Yb_Yag5_2026-09-28_13-03-16,20,19.7,0.000324072,0.0985,0.00329007106599,0.00129116,0.0987,0.0130816616008,0.25150253587,0.804878011845
YbYag5,Yb_Yag5_2026-09-28_14-57-53,Yb_Yag5_2026-09-28_13-03-16,14.3,19.8,0.000696782,0.0987,0.00705959473151,0.00210716,0.09865,0.0213599594526,0.33050599872,1.05771104945
YbYag5,Yb_Yag5_2026-09-28_14-57-53,Yb_Yag5_2026-09-28_13-03-16,14.4,19.8,0.000763062,0.09855,0.00774289193303,0.0024078,0.0987,0.0243951367781,0.31739489733,1.01575188119
YbYag5,Yb_Yag5_2026-09-28_14-57-53,Yb_Yag5_2026-09-28_13-03-16,14.5,19.8,0.000759367,0.09865,0.00769758743031,0.00248338,0.0987,0.0251608915907,0.305934605002,0.979075760717
YbYag5,Yb_Yag5_2026-09-28_14-57-53,Yb_Yag5_2026-09-28_13-03-16,14.6,19.8,0.000723187,0.0987,0.00732712259372,0.00243832,0.0988,0.0246793522267,0.296892824674,0.950139550795
YbYag5,Yb_Yag5_2026-09-28_14-57-53,Yb_Yag5_2026-09-28_13-03-16,14.7,19.8,0.000674192,0.09865,0.00683418144957,0.0023215,0.0988,0.0234969635628,0.290853813145,0.930813035551
YbYag5,Yb_Yag5_2026-09-28_14-57-53,Yb_Yag5_2026-09-28_13-03-16,14.8,19.8,0.000629906,0.09875,0.00637879493671,0.00216414,0.09895,0.0218710459828,0.291654772329,0.933376327541
YbYag5,Yb_Yag5_2026-09-28_14-57-53,Yb_Yag5_2026-09-28_13-03-16,14.9,19.8,0.000585619,0.09875,0.00593031898734,0.00201584,0.09885,0.0203929185635,0.290802857319,0.930649962747
YbYag5,Yb_Yag5_2026-09-28_14-57-53,Yb_Yag5_2026-09-28_13-03-16,15,19.8,0.00054789,0.09875,0.00554825316456,0.00189138,0.09875,0.0191532151899,0.289677378422,0.927048117485
YbYag5,Yb_Yag5_2026-09-28_14-57-53,Yb_Yag5_2026-09-28_13-03-16,15.1,19.8,0.000525776,0.0986,0.0053324137931,0.00180317,0.09875,0.0182599493671,0.292027852098,0.934570286489
YbYag5,Yb_Yag5_2026-09-28_14-57-53,Yb_Yag5_2026-09-28_13-03-16,15.2,19.8,0.000502829,0.09875,0.00509193924051,0.00174189,0.0989,0.0176126390293,0.289107114047,0.925223112998
YbYag5,Yb_Yag5_2026-09-28_14-57-53,Yb_Yag5_2026-09-28_13-03-16,15.3,19.8,0.000497285,0.09875,0.00503579746835,0.00170279,0.09885,0.0172259989884,0.292337034952,0.935559757547
YbYag5,Yb_Yag5_2026-09-28_14-57-53,Yb_Yag5_2026-09-28_13-03-16,15.4,19.8,0.000481429,0.0986,0.00488264705882,0.00168229,0.09885,0.0170186140617,0.286900392777,0.918160991647
YbYag5,Yb_Yag5_2026-09-28_14-57-53,Yb_Yag5_2026-09-28_13-03-16,15.5,19.8,0.000480415,0.09875,0.00486496202532,0.00165129,0.0988,0.0167134615385,0.291080457158,0.931538359381
YbYag5,Yb_Yag5_2026-09-28_14-57-53,Yb_Yag5_2026-09-28_13-03-16,15.6,19.8,0.00047064,0.09875,0.00476597468354,0.00161815,0.0989,0.0163614762386,0.291292461269,0.932216831457
YbYag5,Yb_Yag5_2026-09-28_14-57-53,Yb_Yag5_2026-09-28_13-03-16,15.7,19.8,0.000480058,0.0987,0.00486380952381,0.00162888,0.0988,0.0164866396761,0.295015213492,0.944130673189
YbYag5,Yb_Yag5_2026-09-28_14-57-53,Yb_Yag5_2026-09-28_13-03-16,15.8,19.8,0.000480415,0.0986,0.00487236308316,0.00163222,0.09865,0.0165455651292,0.294481514842,0.942422689184
YbYag5,Yb_Yag5_2026-09-28_14-57-53,Yb_Yag5_2026-09-28_13-03-16,15.9,19.8,0.000479819,0.0986,0.00486631845842,0.00164104,0.09885,0.0166013151239,0.293128491454,0.938092638314
YbYag5,Yb_Yag5_2026-09-28_14-57-53,Yb_Yag5_2026-09-28_13-03-16,16,19.8,0.000475707,0.0986,0.00482461460446,0.00163103,0.0989,0.0164917087968,0.292547889604,0.936234551033
YbYag5,Yb_Yag5_2026-09-28_14-57-53,Yb_Yag5_2026-09-28_13-03-16,16.1,19.8,0.000471117,0.0987,0.0047732218845,0.00162006,0.09875,0.0164056708861,0.290949508718,0.93111928798
YbYag5,Yb_Yag5_2026-09-28_14-57-53,Yb_Yag5_2026-09-28_13-03-16,16.2,19.8,0.000480833,0.09865,0.00487413076533,0.00162674,0.0988,0.0164649797571,0.296030170534,0.947378817798
YbYag5,Yb_Yag5_2026-09-28_14-57-53,Yb_Yag5_2026-09-28_13-03-16,16.3,19.8,0.000480713,0.0987,0.00487044579534,0.00164414,0.09875,0.0166495189873,0.292527718011,0.936169996332
YbYag5,Yb_Yag5_2026-09-28_14-57-53,Yb_Yag5_2026-09-28_13-03-16,16.4,19.8,0.000480833,0.09865,0.00487413076533,0.00164653,0.0987,0.0166821681864,0.292176095509,0.935044706603
YbYag5,Yb_Yag5_2026-09-28_14-57-53,Yb_Yag5_2026-09-28_13-03-16,16.5,19.8,0.000479462,0.09865,0.00486023314749,0.00163723,0.09875,0.0165795443038,0.293146365089,0.938149838913
YbYag5,Yb_Yag5_2026-09-28_14-57-53,Yb_Yag5_2026-09-28_13-03-16,16.6,19.8,0.00047511,0.0986,0.00481855983773,0.00163389,0.09875,0.016545721519,0.291226939375,0.932007143186
YbYag5,Yb_Yag5_2026-09-28_14-57-53,Yb_Yag5_2026-09-28_13-03-16,16.7,19.8,0.000480713,0.0986,0.00487538539554,0.00163556,0.09885,0.0165458775923,0.294658616223,0.942989462823
YbYag5,Yb_Yag5_2026-09-28_14-57-53,Yb_Yag5_2026-09-28_13-03-16,16.8,19.8,0.000480594,0.09875,0.00486677468354,0.00163556,0.09885,0.0165458775923,0.294138201881,0.941323992297
YbYag5,Yb_Yag5_2026-09-28_14-57-53,Yb_Yag5_2026-09-28_13-03-16,16.9,19.8,0.000476541,0.0986,0.00483307302231,0.00164414,0.09875,0.0166495189873,0.290283042171,0.928986409806
YbYag5,Yb_Yag5_2026-09-28_14-57-53,Yb_Yag5_2026-09-28_13-03-16,17,19.8,0.000477137,0.0987,0.0048342147923,0.00164223,0.0987,0.0166386018237,0.290542128691,0.929815558676
YbYag5,Yb_Yag5_2026-09-28_14-57-53,Yb_Yag5_2026-09-28_13-03-16,17.1,19.8,0.000486197,0.09865,0.004928504815,0.00165153,0.0987,0.0167328267477,0.294541077208,0.942613305309
YbYag5,Yb_Yag5_2026-09-28_14-57-53,Yb_Yag5_2026-09-28_13-03-16,17.2,19.8,0.000482978,0.09865,0.00489587430309,0.00164653,0.0987,0.0166821681864,0.293479495494,0.939215948792
YbYag5,Yb_Yag5_2026-09-28_14-57-53,Yb_Yag5_2026-09-28_13-03-16,17.3,19.8,0.000484766,0.09865,0.00491399898632,0.00165892,0.0988,0.0167906882591,0.292662153599,0.936600227575
YbYag5,Yb_Yag5_2026-09-28_14-57-53,Yb_Yag5_2026-09-28_13-03-16,17.4,19.8,0.000484826,0.09865,0.00491460719716,0.00165916,0.0988,0.0167931174089,0.29265603744,0.936580654167
YbYag5,Yb_Yag5_2026-09-28_14-57-53,Yb_Yag5_2026-09-28_13-03-16,17.5,19.8,0.000483694,0.0986,0.00490561866126,0.00165463,0.0988,0.0167472672065,0.292920546425,0.937427156431
YbYag5,Yb_Yag5_2026-09-28_14-57-53,Yb_Yag5_2026-09-28_13-03-16,17.6,19.8,0.00048417,0.0986,0.00491044624746,0.00166202,0.09875,0.0168305822785,0.29175735968,0.933704635577
YbYag5,Yb_Yag5_2026-09-28_14-57-53,Yb_Yag5_2026-09-28_13-03-16,17.7,19.8,0.000481011,0.09875,0.00487099746835,0.00165725,0.09865,0.0167992904207,0.289952572184,0.927928814005
YbYag5,Yb_Yag5_2026-09-28_14-57-53,Yb_Yag5_2026-09-28_13-03-16,17.8,19.8,0.000485184,0.09865,0.00491823618855,0.00166393,0.09875,0.0168499240506,0.291884768963,0.934112380689
YbYag5,Yb_Yag5_2026-09-28_14-57-53,Yb_Yag5_2026-09-28_13-03-16,17.9,19.8,0.000485064,0.09845,0.00492700863382,0.00165439,0.0988,0.0167448380567,0.294240446945,0.941651204917
YbYag5,Yb_Yag5_2026-09-28_14-57-53,Yb_Yag5_2026-09-28_13-03-16,18,19.8,0.000482442,0.0987,0.00488796352584,0.0016563,0.09865,0.0167896604156,0.291129385875,0.931694944873
YbYag5,Yb_Yag5_2026-09-28_14-57-53,Yb_Yag5_2026-09-28_13-03-16,18.1,19.8,0.000485422,0.09875,0.00491566582278,0.00165058,0.0987,0.0167232016211,0.293942866573,0.940698865023
YbYag5,Yb_Yag5_2026-09-28_14-57-53,Yb_Yag5_2026-09-28_13-03-16,18.2,19.8,0.000488404,0.09865,0.0049508768373,0.00165678,0.09885,0.0167605462822,0.295388751294,0.945326097968
YbYag5,Yb_Yag5_2026-09-28_14-57-53,Yb_Yag5_2026-09-28_13-03-16,18.3,19.8,0.000481786,0.09865,0.00488379118094,0.00165678,0.0989,0.0167520728008,0.29153354567,0.932988368541
YbYag5,Yb_Yag5_2026-09-28_14-57-53,Yb_Yag5_2026-09-28_13-03-16,18.4,19.8,0.000484528,0.0986,0.00491407707911,0.00166131,0.0986,0.0168489858012,0.291654176524,0.933374420799
YbYag5,Yb_Yag5_2026-09-28_14-57-53,Yb_Yag5_2026-09-28_13-03-16,18.5,19.8,0.000484886,0.0986,0.00491770791075,0.00166894,0.09885,0.0168835609509,0.291271961232,0.932151225641
YbYag5,Yb_Yag5_2026-09-28_14-57-53,Yb_Yag5_2026-09-28_13-03-16,18.6,19.8,0.00049359,0.0987,0.0050009118541,0.00167371,0.09885,0.0169318158827,0.295355907999,0.945220990296
YbYag5,Yb_Yag5_2026-09-28_14-57-53,Yb_Yag5_2026-09-28_13-03-16,18.7,19.8,0.000490252,0.0987,0.00496709219858,0.00166822,0.09895,0.0168592218292,0.294621676427,0.942871245212
YbYag5,Yb_Yag5_2026-09-28_14-57-53,Yb_Yag5_2026-09-28_13-03-16,18.8,19.8,0.000496034,0.0986,0.00503077079108,0.00167919,0.0988,0.0169958502024,0.29599994888,0.947282100106
YbYag5,Yb_Yag5_2026-09-28_14-57-53,Yb_Yag5_2026-09-28_13-03-16,18.9,19.8,0.000508253,0.0987,0.00514947315096,0.00170804,0.0989,0.0172703741153,0.298168013998,0.954220511028
YbYag5,Yb_Yag5_2026-09-28_14-57-53,Yb_Yag5_2026-09-28_13-03-16,19,19.8,0.000516895,0.09865,0.00523968575773,0.00175119,0.0987,0.0177425531915,0.295317460862,0.945097948775
YbYag5,Yb_Yag5_2026-09-28_14-57-53,Yb_Yag5_2026-09-28_13-03-16,19.1,19.8,0.00053424,0.0986,0.00541825557809,0.00180984,0.09885,0.018308952959,0.295934758816,0.947073473783
YbYag5,Yb_Yag5_2026-09-28_14-57-53,Yb_Yag5_2026-09-28_13-03-16,19.2,19.8,0.000556652,0.0986,0.00564555780933,0.001894,0.0989,0.0191506572295,0.294797078851,0.943432581714
YbYag5,Yb_Yag5_2026-09-28_14-57-53,Yb_Yag5_2026-09-28_13-03-16,19.3,19.8,0.000580136,0.0986,0.00588373225152,0.00196268,0.0988,0.0198651821862,0.29618315082,0.947868397229
YbYag5,Yb_Yag5_2026-09-28_14-57-53,Yb_Yag5_2026-09-28_13-03-16,19.4,19.8,0.000596646,0.0986,0.00605117647059,0.00198771,0.09895,0.0200880242547,0.301233032869,0.964029423239
YbYag5,Yb_Yag5_2026-09-28_14-57-53,Yb_Yag5_2026-09-28_13-03-16,19.5,19.8,0.000600938,0.09855,0.00609779807204,0.00202347,0.09865,0.0205116066903,0.297285247524,0.951395412975
YbYag5,Yb_Yag5_2026-09-28_14-57-53,Yb_Yag5_2026-09-28_13-03-16,19.6,19.8,0.000584546,0.0987,0.00592245187437,0.00199915,0.0986,0.0202753549696,0.29210102034,0.934804445196
YbYag5,Yb_Yag5_2026-09-28_14-57-53,Yb_Yag5_2026-09-28_13-03-16,19.7,19.8,0.000521068,0.09855,0.00528734652461,0.00183893,0.0987,0.0186315096251,0.283785191377,0.908191481399
YbYag5,Yb_Yag5_2026-09-28_14-57-53,Yb_Yag5_2026-09-28_13-03-16,19.8,19.8,0.000403585,0.0985,0.00409730964467,0.00152183,0.0988,0.0154031376518,0.266004871039,0.851289514847
YbYag5,Yb_Yag5_2026-09-28_14-57-53,Yb_Yag5_2026-09-28_13-03-16,19.9,19.8,0.000265839,0.09845,0.00270024377857,0.00112057,0.09855,0.011370573313,0.237476484627,0.759990749779
YbYag5,Yb_Yag5_2026-09-28_14-57-53,Yb_Yag5_2026-09-28_13-03-16,14.4,19.9,0.000664894,0.0985,0.0067501928934,0.0020292,0.0988,0.0205384615385,0.328661077206,1.05180678786
YbYag5,Yb_Yag5_2026-09-28_14-57-53,Yb_Yag5_2026-09-28_13-03-16,14.5,19.9,0.000735287,0.09845,0.00746863382428,0.00230433,0.09865,0.0233586416624,0.319737505811,1.02324887938
YbYag5,Yb_Yag5_2026-09-28_14-57-53,Yb_Yag5_2026-09-28_13-03-16,14.6,19.9,0.000779632,0.0985,0.00791504568528,0.00251247,0.0987,0.0254556231003,0.310935059578,0.995078605074
YbYag5,Yb_Yag5_2026-09-28_14-57-53,Yb_Yag5_2026-09-28_13-03-16,14.7,19.9,0.000763718,0.0986,0.00774561866126,0.00257327,0.0988,0.026045242915,0.297390916512,0.951733583103
YbYag5,Yb_Yag5_2026-09-28_14-57-53,Yb_Yag5_2026-09-28_13-03-16,14.8,19.9,0.000714902,0.0986,0.00725052738337,0.00244714,0.0988,0.0247686234818,0.292730332338,0.936818418486
YbYag5,Yb_Yag5_2026-09-28_14-57-53,Yb_Yag5_2026-09-28_13-03-16,14.9,19.9,0.000650171,0.09865,0.0065906842372,0.00225665,0.0987,0.0228637284701,0.288259381921,0.922510134595
YbYag5,Yb_Yag5_2026-09-28_14-57-53,Yb_Yag5_2026-09-28_13-03-16,15,19.9,0.000601951,0.0987,0.00609879432624,0.00207902,0.0988,0.0210427125506,0.289829284679,0.927534259724
YbYag5,Yb_Yag5_2026-09-28_14-57-53,Yb_Yag5_2026-09-28_13-03-16,15.1,19.9,0.000568096,0.09875,0.00575287088608,0.00194884,0.0988,0.0197251012146,0.291652287281,0.933368374696
YbYag5,Yb_Yag5_2026-09-28_14-57-53,Yb_Yag5_2026-09-28_13-03-16,15.2,19.9,0.000529293,0.0985,0.00537353299492,0.00184727,0.09875,0.0187065316456,0.28725437172,0.919293822643
YbYag5,Yb_Yag5_2026-09-28_14-57-53,Yb_Yag5_2026-09-28_13-03-16,15.3,19.9,0.000512067,0.09865,0.00519074505829,0.00175739,0.09885,0.0177783510369,0.291969994715,0.934385126783
YbYag5,Yb_Yag5_2026-09-28_14-57-53,Yb_Yag5_2026-09-28_13-03-16,15.4,19.9,0.000498537,0.0986,0.00505615618661,0.001714,0.0988,0.0173481781377,0.291451710173,0.932726472206
YbYag5,Yb_Yag5_2026-09-28_14-57-53,Yb_Yag5_2026-09-28_13-03-16,15.5,19.9,0.000490848,0.09855,0.00498070015221,0.001683,0.09875,0.0170430379747,0.292242507445,0.935257243255
YbYag5,Yb_Yag5_2026-09-28_14-57-53,Yb_Yag5_2026-09-28_13-03-16,15.6,19.9,0.000483694,0.0986,0.00490561866126,0.00166798,0.0987,0.0168994934144,0.290281994908,0.928983058273
YbYag5,Yb_Yag5_2026-09-28_14-57-53,Yb_Yag5_2026-09-28_13-03-16,15.7,19.9,0.000485064,0.09855,0.00492200913242,0.001647,0.09875,0.0166784810127,0.295111355085,0.944438353007
YbYag5,Yb_Yag5_2026-09-28_14-57-53,Yb_Yag5_2026-09-28_13-03-16,15.8,19.9,0.00047374,0.09865,0.00480223010644,0.00163651,0.0988,0.0165638663968,0.289922050287,0.927831135452
YbYag5,Yb_Yag5_2026-09-28_14-57-53,Yb_Yag5_2026-09-28_13-03-16,15.9,19.9,0.000475885,0.0986,0.0048264198783,0.00163818,0.0989,0.0165640040445,0.29138002293,0.932497053107
YbYag5,Yb_Yag5_2026-09-28_14-57-53,Yb_Yag5_2026-09-28_13-03-16,16,19.9,0.000476362,0.0988,0.00482147773279,0.0016389,0.0988,0.0165880566802,0.290659588748,0.930191463501
YbYag5,Yb_Yag5_2026-09-28_14-57-53,Yb_Yag5_2026-09-28_13-03-16,16.1,19.9,0.000476362,0.09875,0.00482391898734,0.00162173,0.09875,0.0164225822785,0.293736935248,0.940039827551
YbYag5,Yb_Yag5_2026-09-28_14-57-53,Yb_Yag5_2026-09-28_13-03-16,16.2,19.9,0.000476303,0.09875,0.00482332151899,0.00162936,0.0988,0.0164914979757,0.292473220207,0.935995588212
YbYag5,Yb_Yag5_2026-09-28_14-57-53,Yb_Yag5_2026-09-28_13-03-16,16.3,19.9,0.000485899,0.09875,0.00492049620253,0.00165106,0.0988,0.0167111336032,0.294444190284,0.942303240228
YbYag5,Yb_Yag5_2026-09-28_14-57-53,Yb_Yag5_2026-09-28_13-03-16,16.4,19.9,0.000477972,0.0987,0.00484267477204,0.00164605,0.09875,0.0166688607595,0.290522240356,0.929751910478
YbYag5,Yb_Yag5_2026-09-28_14-57-53,Yb_Yag5_2026-09-28_13-03-16,16.5,19.9,0.000480415,0.0985,0.00487730964467,0.0016377,0.0988,0.0165759109312,0.294240821208,0.941652402664
YbYag5,Yb_Yag5_2026-09-28_14-57-53,Yb_Yag5_2026-09-28_13-03-16,16.6,19.9,0.0004797,0.0986,0.00486511156187,0.00163484,0.0988,0.0165469635628,0.294018388534,0.940940556289
YbYag5,Yb_Yag5_2026-09-28_14-57-53,Yb_Yag5_2026-09-28_13-03-16,16.7,19.9,0.000480892,0.09875,0.00486979240506,0.00163246,0.0988,0.0165228744939,0.294730339255,0.94321899646
YbYag5,Yb_Yag5_2026-09-28_14-57-53,Yb_Yag5_2026-09-28_13-03-16,16.8,19.9,0.00047523,0.0986,0.00481977687627,0.00163651,0.09865,0.0165890522048,0.290539617138,0.929807521009
YbYag5,Yb_Yag5_2026-09-28_14-57-53,Yb_Yag5_2026-09-28_13-03-16,16.9,19.9,0.000475647,0.09855,0.00482645357686,0.00164104,0.0986,0.0166434077079,0.289991909203,0.928054703399
YbYag5,Yb_Yag5_2026-09-28_14-57-53,Yb_Yag5_2026-09-28_13-03-16,17,19.9,0.000476839,0.09865,0.00483364419665,0.00163341,0.09875,0.0165408607595,0.292224465639,0.93519950446
YbYag5,Yb_Yag5_2026-09-28_14-57-53,Yb_Yag5_2026-09-28_13-03-16,17.1,19.9,0.000480415,0.0987,0.00486742654509,0.0016265,0.09865,0.0164875823619,0.295217724361,0.944778764251
YbYag5,Yb_Yag5_2026-09-28_14-57-53,Yb_Yag5_2026-09-28_13-03-16,17.2,19.9,0.000484766,0.09855,0.00491898528666,0.00164867,0.0987,0.0167038500507,0.294482126679,0.942424647234
YbYag5,Yb_Yag5_2026-09-28_14-57-53,Yb_Yag5_2026-09-28_13-03-16,17.3,19.9,0.000481369,0.09865,0.00487956411556,0.00165702,0.0988,0.0167714574899,0.290944547813,0.931103411705
YbYag5,Yb_Yag5_2026-09-28_14-57-53,Yb_Yag5_2026-09-28_13-03-16,17.4,19.9,0.000490848,0.0986,0.00497817444219,0.00166393,0.09865,0.0168670045616,0.295142769661,0.944538888379
YbYag5,Yb_Yag5_2026-09-28_14-57-53,Yb_Yag5_2026-09-28_13-03-16,17.5,19.9,0.000484945,0.0985,0.00492329949239,0.00166488,0.0988,0.0168510121457,0.292166396287,0.935013666395
YbYag5,Yb_Yag5_2026-09-28_14-57-53,Yb_Yag5_2026-09-28_13-03-16,17.6,19.9,0.000485959,0.0985,0.00493359390863,0.00166822,0.0988,0.0168848178138,0.292191124775,0.935092804429
YbYag5,Yb_Yag5_2026-09-28_14-57-53,Yb_Yag5_2026-09-28_13-03-16,17.7,19.9,0.000486435,0.09855,0.00493592085236,0.00167228,0.09865,0.0169516472377,0.291176472891,0.93184563641
YbYag5,Yb_Yag5_2026-09-28_14-57-53,Yb_Yag5_2026-09-28_13-03-16,17.8,19.9,0.000493471,0.0985,0.00500985786802,0.00167132,0.0987,0.0169333333333,0.295857748112,0.946827018129
YbYag5,Yb_Yag5_2026-09-28_14-57-53,Yb_Yag5_2026-09-28_13-03-16,17.9,19.9,0.000489954,0.0985,0.00497415228426,0.00167347,0.0987,0.0169551165147,0.293371754771,0.938871148535
YbYag5,Yb_Yag5_2026-09-28_14-57-53,Yb_Yag5_2026-09-28_13-03-16,18,19.9,0.000499193,0.09855,0.00506537798072,0.00166655,0.0987,0.0168850050659,0.299992683505,0.96005996056
YbYag5,Yb_Yag5_2026-09-28_14-57-53,Yb_Yag5_2026-09-28_13-03-16,18.1,19.9,0.000493947,0.0985,0.00501469035533,0.00166202,0.09865,0.016847643183,0.297649368571,0.952560701521
YbYag5,Yb_Yag5_2026-09-28_14-57-53,Yb_Yag5_2026-09-28_13-03-16,18.2,19.9,0.000489417,0.09855,0.00496617960426,0.00166035,0.09885,0.0167966616085,0.295664681471,0.946209151222
YbYag5,Yb_Yag5_2026-09-28_14-57-53,Yb_Yag5_2026-09-28_13-03-16,18.3,19.9,0.000490312,0.0986,0.00497273833671,0.0016687,0.0986,0.0169239350913,0.29382872895,0.94033359291
YbYag5,Yb_Yag5_2026-09-28_14-57-53,Yb_Yag5_2026-09-28_13-03-16,18.4,19.9,0.000502054,0.0987,0.00508666666667,0.00166894,0.09855,0.0169349568747,0.300364902273,0.961251164064
YbYag5,Yb_Yag5_2026-09-28_14-57-53,Yb_Yag5_2026-09-28_13-03-16,18.5,19.9,0.000497822,0.0985,0.00505403045685,0.00168539,0.09875,0.0170672405063,0.296124640359,0.947681147494
YbYag5,Yb_Yag5_2026-09-28_14-57-53,Yb_Yag5_2026-09-28_13-03-16,18.6,19.9,0.000502769,0.0986,0.00509907707911,0.00170017,0.0987,0.017225633232,0.296016814618,0.947336075155
YbYag5,Yb_Yag5_2026-09-28_14-57-53,Yb_Yag5_2026-09-28_13-03-16,18.7,19.9,0.000513259,0.0986,0.00520546653144,0.00171734,0.0987,0.0173995947315,0.299171711282,0.957432621283
YbYag5,Yb_Yag5_2026-09-28_14-57-53,Yb_Yag5_2026-09-28_13-03-16,18.8,19.9,0.00052065,0.09855,0.00528310502283,0.00174714,0.09875,0.017692556962,0.298606076791,0.955622433713
YbYag5,Yb_Yag5_2026-09-28_14-57-53,Yb_Yag5_2026-09-28_13-03-16,18.9,19.9,0.000531081,0.09865,0.00538348707552,0.00180317,0.0987,0.0182691995947,0.294675584862,0.943043767183
YbYag5,Yb_Yag5_2026-09-28_14-57-53,Yb_Yag5_2026-09-28_13-03-16,19,19.9,0.000557426,0.0987,0.00564767983789,0.00187708,0.09875,0.0190084050633,0.297114872031,0.950850164046
YbYag5,Yb_Yag5_2026-09-28_14-57-53,Yb_Yag5_2026-09-28_13-03-16,19.1,19.9,0.000569526,0.0985,0.00578198984772,0.00194765,0.09875,0.0197230379747,0.293159190543,0.938190883932
YbYag5,Yb_Yag5_2026-09-28_14-57-53,Yb_Yag5_2026-09-28_13-03-16,19.2,19.9,0.00059301,0.09865,0.00601125190066,0.00198223,0.09875,0.0200732151899,0.299466320855,0.958375453795
YbYag5,Yb_Yag5_2026-09-28_14-57-53,Yb_Yag5_2026-09-28_13-03-16,19.3,19.9,0.000602607,0.09865,0.00610853522554,0.00200678,0.0987,0.0203321175279,0.300437729477,0.961484231356
YbYag5,Yb_Yag5_2026-09-28_14-57-53,Yb_Yag5_2026-09-28_13-03-16,19.4,19.9,0.000595693,0.09855,0.00604457635718,0.00201227,0.0987,0.0203877406282,0.296480932704,0.948821382018
YbYag5,Yb_Yag5_2026-09-28_14-57-53,Yb_Yag5_2026-09-28_13-03-16,19.5,19.9,0.000561003,0.0985,0.00569546192893,0.00194646,0.0987,0.0197209726444,0.288802283317,0.924247569944
YbYag5,Yb_Yag5_2026-09-28_14-57-53,Yb_Yag5_2026-09-28_13-03-16,19.6,19.9,0.000467213,0.09855,0.00474087265348,0.00170387,0.09875,0.0172543797468,0.274763435316,0.879319354695
YbYag5,Yb_Yag5_2026-09-28_14-57-53,Yb_Yag5_2026-09-28_13-03-16,19.7,19.9,0.000339242,0.09845,0.00344583037075,0.00133396,0.09865,0.0135221490117,0.254828605111,0.81552235779
YbYag5,Yb_Yag5_2026-09-28_14-57-53,Yb_Yag5_2026-09-28_13-03-16,14.5,20,0.000610534,0.09855,0.00619516996449,0.00188137,0.09875,0.0190518481013,0.325174226225,1.04064789566
YbYag5,Yb_Yag5_2026-09-28_14-57-53,Yb_Yag5_2026-09-28_13-03-16,14.6,20,0.000713769,0.09865,0.00723536746072,0.00221826,0.0987,0.0224747720365,0.321932852043,1.03027459745
YbYag5,Yb_Yag5_2026-09-28_14-57-53,Yb_Yag5_2026-09-28_13-03-16,14.7,20,0.000781182,0.09865,0.00791872275722,0.00248744,0.09875,0.0251892658228,0.314368938457,1.00606797182
YbYag5,Yb_Yag5_2026-09-28_14-57-53,Yb_Yag5_2026-09-28_13-03-16,14.8,20,0.000789408,0.09855,0.0080102283105,0.00259687,0.09875,0.0262974177215,0.304601326082,0.97480889763
YbYag5,Yb_Yag5_2026-09-28_14-57-53,Yb_Yag5_2026-09-28_13-03-16,14.9,20,0.000750069,0.0986,0.00760719066937,0.0025468,0.0988,0.0257773279352,0.29511168452,0.944439407289
YbYag5,Yb_Yag5_2026-09-28_14-57-53,Yb_Yag5_2026-09-28_13-03-16,15,20,0.000691179,0.0987,0.00700282674772,0.00237419,0.09855,0.0240912227296,0.290679590086,0.930255473344
YbYag5,Yb_Yag5_2026-09-28_14-57-53,Yb_Yag5_2026-09-28_13-03-16,15.1,20,0.000638846,0.0986,0.006479168357,0.00220753,0.09875,0.0223547341772,0.289834283228,0.927550256471
YbYag5,Yb_Yag5_2026-09-28_14-57-53,Yb_Yag5_2026-09-28_13-03-16,15.2,20,0.000592653,0.09865,0.00600763304612,0.00204326,0.0986,0.0207227180527,0.289905649966,0.927778649865
YbYag5,Yb_Yag5_2026-09-28_14-57-53,Yb_Yag5_2026-09-28_13-03-16,15.3,20,0.000556473,0.0987,0.00563802431611,0.00190116,0.09875,0.0192522531646,0.292850102682,0.937201716874
YbYag5,Yb_Yag5_2026-09-28_14-57-53,Yb_Yag5_2026-09-28_13-03-16,15.4,20,0.00053728,0.09875,0.00544081012658,0.00181223,0.0988,0.0183424089069,0.296624622981,0.949281230839
YbYag5,Yb_Yag5_2026-09-28_14-57-53,Yb_Yag5_2026-09-28_13-03-16,15.5,20,0.000516359,0.09875,0.00522895189873,0.00175024,0.09885,0.017706019221,0.295320581858,0.945107936827
YbYag5,Yb_Yag5_2026-09-28_14-57-53,Yb_Yag5_2026-09-28_13-03-16,15.6,20,0.000502769,0.09865,0.00509649265079,0.00171066,0.0988,0.0173143724696,0.294350410894,0.942003120114
YbYag5,Yb_Yag5_2026-09-28_14-57-53,Yb_Yag5_2026-09-28_13-03-16,15.7,20,0.00048906,0.0986,0.00496004056795,0.00167156,0.0988,0.0169186234818,0.293170456408,0.938226937829
YbYag5,Yb_Yag5_2026-09-28_14-57-53,Yb_Yag5_2026-09-28_13-03-16,15.8,20,0.000484588,0.0986,0.00491468559838,0.00164319,0.0987,0.0166483282675,0.295205952178,0.944741089994
YbYag5,Yb_Yag5_2026-09-28_14-57-53,Yb_Yag5_2026-09-28_13-03-16,15.9,20,0.00049055,0.09855,0.00497767630644,0.00164605,0.09875,0.0166688607595,0.29862126622,0.955671044104
YbYag5,Yb_Yag5_2026-09-28_14-57-53,Yb_Yag5_2026-09-28_13-03-16,16,20,0.000476601,0.0985,0.00483858883249,0.00163961,0.09865,0.0166204764318,0.291122149978,0.931671787994
YbYag5,Yb_Yag5_2026-09-28_14-57-53,Yb_Yag5_2026-09-28_13-03-16,16.1,20,0.000480952,0.0986,0.00487780933063,0.00163341,0.09865,0.0165576279777,0.294595900886,0.942788756317
YbYag5,Yb_Yag5_2026-09-28_14-57-53,Yb_Yag5_2026-09-28_13-03-16,16.2,20,0.000485064,0.09855,0.00492200913242,0.00163461,0.09865,0.0165697921946,0.29704712495,0.950633354559
YbYag5,Yb_Yag5_2026-09-28_14-57-53,Yb_Yag5_2026-09-28_13-03-16,16.3,20,0.000480773,0.09855,0.00487846778285,0.00165606,0.09875,0.0167702278481,0.29090050696,0.930962468737
YbYag5,Yb_Yag5_2026-09-28_14-57-53,Yb_Yag5_2026-09-28_13-03-16,16.4,20,0.000483217,0.09845,0.00490824784154,0.00165702,0.0987,0.016788449848,0.292358608804,0.93562879987
YbYag5,Yb_Yag5_2026-09-28_14-57-53,Yb_Yag5_2026-09-28_13-03-16,16.5,20,0.000479819,0.09855,0.00486878741755,0.00165225,0.09865,0.0167486061835,0.290698065511,0.930314599838
YbYag5,Yb_Yag5_2026-09-28_14-57-53,Yb_Yag5_2026-09-28_13-03-16,16.6,20,0.000479521,0.0986,0.00486329614604,0.00164629,0.09875,0.0166712911392,0.291716826575,0.933574918375
YbYag5,Yb_Yag5_2026-09-28_14-57-53,Yb_Yag5_2026-09-28_13-03-16,16.7,20,0.000479164,0.0986,0.00485967545639,0.0016377,0.09885,0.0165675265554,0.293325345829,0.938722627023
YbYag5,Yb_Yag5_2026-09-28_14-57-53,Yb_Yag5_2026-09-28_13-03-16,16.8,20,0.000480117,0.09855,0.00487181126332,0.00164843,0.0987,0.0167014184397,0.291700449331,0.933522506641
YbYag5,Yb_Yag5_2026-09-28_14-57-53,Yb_Yag5_2026-09-28_13-03-16,16.9,20,0.000480296,0.0986,0.00487115618661,0.001647,0.0986,0.0167038539554,0.291618700667,0.933260888199
YbYag5,Yb_Yag5_2026-09-28_14-57-53,Yb_Yag5_2026-09-28_13-03-16,17,20,0.000488285,0.09855,0.00495469304921,0.0016625,0.09865,0.0168525088697,0.294003289808,0.940892236169
YbYag5,Yb_Yag5_2026-09-28_14-57-53,Yb_Yag5_2026-09-28_13-03-16,17.1,20,0.00048125,0.0985,0.00488578680203,0.00164915,0.09865,0.0167171819564,0.292261388,0.935317666278
YbYag5,Yb_Yag5_2026-09-28_14-57-53,Yb_Yag5_2026-09-28_13-03-16,17.2,20,0.000489596,0.0986,0.00496547667343,0.00166083,0.09865,0.0168355803345,0.294939442227,0.943888184084
YbYag5,Yb_Yag5_2026-09-28_14-57-53,Yb_Yag5_2026-09-28_13-03-16,17.3,20,0.000481667,0.09855,0.00488753932014,0.0016749,0.0987,0.0169696048632,0.288017273209,0.921735319432
YbYag5,Yb_Yag5_2026-09-28_14-57-53,Yb_Yag5_2026-09-28_13-03-16,17.4,20,0.00048572,0.0985,0.00493116751269,0.00166488,0.09875,0.0168595443038,0.292485219282,0.936033988586
YbYag5,Yb_Yag5_2026-09-28_14-57-53,Yb_Yag5_2026-09-28_13-03-16,17.5,20,0.000484349,0.0986,0.00491226166329,0.00167037,0.0987,0.0169237082067,0.290259179802,0.928910043595
YbYag5,Yb_Yag5_2026-09-28_14-57-53,Yb_Yag5_2026-09-28_13-03-16,17.6,20,0.000492815,0.0985,0.00500319796954,0.00167943,0.09875,0.0170068860759,0.294186598723,0.941478875642
YbYag5,Yb_Yag5_2026-09-28_14-57-53,Yb_Yag5_2026-09-28_13-03-16,17.7,20,0.000492696,0.09855,0.00499945205479,0.00167943,0.0987,0.0170155015198,0.293817496297,0.940297645299
YbYag5,Yb_Yag5_2026-09-28_14-57-53,Yb_Yag5_2026-09-28_13-03-16,17.8,20,0.000493888,0.0986,0.00500900608519,0.00168443,0.09875,0.0170575189873,0.293653847838,0.939773924749
YbYag5,Yb_Yag5_2026-09-28_14-57-53,Yb_Yag5_2026-09-28_13-03-16,17.9,20,0.000497166,0.09855,0.00504480974125,0.00168515,0.0988,0.0170561740891,0.295776163804,0.94656592567
YbYag5,Yb_Yag5_2026-09-28_14-57-53,Yb_Yag5_2026-09-28_13-03-16,18,20,0.000494067,0.0986,0.00501082150101,0.00168682,0.09865,0.0170990369995,0.293047000317,0.937831844027
YbYag5,Yb_Yag5_2026-09-28_14-57-53,Yb_Yag5_2026-09-28_13-03-16,18.1,20,0.000494424,0.09865,0.0050119006589,0.00168205,0.0987,0.0170420466059,0.294090303518,0.941170704224
YbYag5,Yb_Yag5_2026-09-28_14-57-53,Yb_Yag5_2026-09-28_13-03-16,18.2,20,0.000493828,0.0986,0.00500839756592,0.00168706,0.0988,0.0170755060729,0.293308880249,0.93866993259
YbYag5,Yb_Yag5_2026-09-28_14-57-53,Yb_Yag5_2026-09-28_13-03-16,18.3,20,0.000498001,0.09855,0.00505328259767,0.00169421,0.0987,0.017165248227,0.294390301314,0.942130780544
YbYag5,Yb_Yag5_2026-09-28_14-57-53,Yb_Yag5_2026-09-28_13-03-16,18.4,20,0.00050718,0.09855,0.00514642313546,0.00170732,0.0987,0.0172980749747,0.297514211436,0.952128161127
YbYag5,Yb_Yag5_2026-09-28_14-57-53,Yb_Yag5_2026-09-28_13-03-16,18.5,20,0.000517551,0.09855,0.00525165905632,0.00173426,0.0987,0.0175710233029,0.298881799073,0.956504821641
YbYag5,Yb_Yag5_2026-09-28_14-57-53,Yb_Yag5_2026-09-28_13-03-16,18.6,20,0.000520054,0.0985,0.00527973604061,0.00176502,0.0987,0.017882674772,0.295243083483,0.94485992049
YbYag5,Yb_Yag5_2026-09-28_14-57-53,Yb_Yag5_2026-09-28_13-03-16,18.7,20,0.000539605,0.09865,0.0054698935631,0.00181366,0.0987,0.0183754812563,0.297673486033,0.952637884103
YbYag5,Yb_Yag5_2026-09-28_14-57-53,Yb_Yag5_2026-09-28_13-03-16,18.8,20,0.000551943,0.0986,0.00559779918864,0.00187422,0.09875,0.018979443038,0.294940119024,0.943890350022
YbYag5,Yb_Yag5_2026-09-28_14-57-53,Yb_Yag5_2026-09-28_13-03-16,18.9,20,0.000582699,0.0988,0.00589776315789,0.00194884,0.09875,0.0197350886076,0.298846550687,0.956392017012
YbYag5,Yb_Yag5_2026-09-28_14-57-53,Yb_Yag5_2026-09-28_13-03-16,19,20,0.000596706,0.09855,0.00605485540335,0.0020106,0.09885,0.020339908953,0.29768350573,0.952669949916
YbYag5,Yb_Yag5_2026-09-28_14-57-53,Yb_Yag5_2026-09-28_13-03-16,19.1,20,0.000610355,0.0986,0.00619021298174,0.00204732,0.0987,0.0207428571429,0.298426245676,0.955046924164
YbYag5,Yb_Yag5_2026-09-28_14-57-53,Yb_Yag5_2026-09-28_13-03-16,19.2,20,0.000596885,0.0986,0.00605360040568,0.00202824,0.09885,0.0205183611533,0.295033329439,0.944188649253
YbYag5,Yb_Yag5_2026-09-28_14-57-53,Yb_Yag5_2026-09-28_13-03-16,19.3,20,0.000561778,0.0986,0.00569754563895,0.00196053,0.0987,0.0198635258359,0.286834557269,0.917950299726
YbYag5,Yb_Yag5_2026-09-28_14-57-53,Yb_Yag5_2026-09-28_13-03-16,19.4,20,0.000502829,0.09845,0.0051074555612,0.00176597,0.09865,0.0179013684744,0.285310900589,0.913074174896
YbYag5,Yb_Yag5_2026-09-28_14-57-53,Yb_Yag5_2026-09-28_13-03-16,19.5,20,0.000395359,0.0985,0.00401379695431,0.00146032,0.09865,0.0148030410542,0.271146782584,0.86774506082
YbYag5,Yb_Yag5_2026-09-28_14-57-53,Yb_Yag5_2026-09-28_13-03-16,19.6,20,0.000275793,0.09855,0.00279850837139,0.00111914,0.0987,0.011338804458,0.246808063562,0.789854395783
YbYag5,Yb_Yag5_2026-09-28_14-57-53,Yb_Yag5_2026-09-28_13-03-16,14.6,20.1,0.000534657,0.09845,0.00543074657186,0.00166703,0.09865,0.0168984287886,0.321375829658,1.02849197101
YbYag5,Yb_Yag5_2026-09-28_14-57-53,Yb_Yag5_2026-09-28_13-03-16,14.7,20.1,0.000658814,0.0985,0.00668846700508,0.002023,0.09865,0.020506842372,0.326157820095,1.04379566941
YbYag5,Yb_Yag5_2026-09-28_14-57-53,Yb_Yag5_2026-09-28_13-03-16,14.8,20.1,0.000755552,0.09855,0.00766668696093,0.00236727,0.09865,0.0239966548403,0.319489821058,1.02245621933
YbYag5,Yb_Yag5_2026-09-28_14-57-53,Yb_Yag5_2026-09-28_13-03-16,14.9,20.1,0.000802044,0.0985,0.0081425786802,0.00259162,0.0987,0.0262575481256,0.31010430377,0.992419955608
YbYag5,Yb_Yag5_2026-09-28_14-57-53,Yb_Yag5_2026-09-28_13-03-16,15,20.1,0.000803594,0.0986,0.00815004056795,0.00262453,0.09865,0.0266044602129,0.306341136138,0.980376773333
YbYag5,Yb_Yag5_2026-09-28_14-57-53,Yb_Yag5_2026-09-28_13-03-16,15.1,20.1,0.000765029,0.09855,0.0077628513445,0.00256564,0.09865,0.0260075012671,0.298485089543,0.955235240893
YbYag5,Yb_Yag5_2026-09-28_14-57-53,Yb_Yag5_2026-09-28_13-03-16,15.2,20.1,0.000706438,0.0985,0.00717195939086,0.00241615,0.0987,0.0244797365755,0.29297534999,0.937602543067
YbYag5,Yb_Yag5_2026-09-28_14-57-53,Yb_Yag5_2026-09-28_13-03-16,15.3,20.1,0.000648323,0.09855,0.00657861998985,0.0022154,0.09865,0.0224571718196,0.292940715897,0.937491704345
YbYag5,Yb_Yag5_2026-09-28_14-57-53,Yb_Yag5_2026-09-28_13-03-16,15.4,20.1,0.000597123,0.0986,0.00605601419878,0.00205399,0.09885,0.0207788568538,0.291450787759,0.932723520227
YbYag5,Yb_Yag5_2026-09-28_14-57-53,Yb_Yag5_2026-09-28_13-03-16,15.5,20.1,0.000565473,0.0986,0.00573502028398,0.00192762,0.09885,0.0195004552352,0.294096738502,0.941191297961
YbYag5,Yb_Yag5_2026-09-28_14-57-53,Yb_Yag5_2026-09-28_13-03-16,15.6,20.1,0.000530247,0.0987,0.0053723100304,0.00183512,0.09885,0.0185646939808,0.289383171948,0.926106575002
YbYag5,Yb_Yag5_2026-09-28_14-57-53,Yb_Yag5_2026-09-28_13-03-16,15.7,20.1,0.000506762,0.0986,0.00513957403651,0.00174332,0.09875,0.0176538734177,0.291130105836,0.931697248949
YbYag5,Yb_Yag5_2026-09-28_14-57-53,Yb_Yag5_2026-09-28_13-03-16,15.8,20.1,0.000499908,0.0986,0.00507006085193,0.0016904,0.09875,0.0171179746835,0.296183453105,0.947869364627
YbYag5,Yb_Yag5_2026-09-28_14-57-53,Yb_Yag5_2026-09-28_13-03-16,15.9,20.1,0.000490967,0.0987,0.00497433637285,0.00166679,0.0988,0.0168703441296,0.294856840776,0.943623836482
YbYag5,Yb_Yag5_2026-09-28_14-57-53,Yb_Yag5_2026-09-28_13-03-16,16,20.1,0.000484409,0.0987,0.00490789260385,0.0016625,0.0987,0.0168439716312,0.291373834587,0.932477248688
YbYag5,Yb_Yag5_2026-09-28_14-57-53,Yb_Yag5_2026-09-28_13-03-16,16.1,20.1,0.000481309,0.0986,0.00488143002028,0.0016408,0.09885,0.0165988872028,0.294081763472,0.941143373704
YbYag5,Yb_Yag5_2026-09-28_14-57-53,Yb_Yag5_2026-09-28_13-03-16,16.2,20.1,0.000484945,0.0987,0.00491332320162,0.00164104,0.09885,0.0166013151239,0.295959878175,0.947153862715
YbYag5,Yb_Yag5_2026-09-28_14-57-53,Yb_Yag5_2026-09-28_13-03-16,16.3,20.1,0.00049049,0.09865,0.00497202230106,0.0016563,0.0988,0.0167641700405,0.296586248472,0.949158421744
YbYag5,Yb_Yag5_2026-09-28_14-57-53,Yb_Yag5_2026-09-28_13-03-16,16.4,20.1,0.000488285,0.09855,0.00495469304921,0.00166488,0.09875,0.0168595443038,0.293880603172,0.940499604838
YbYag5,Yb_Yag5_2026-09-28_14-57-53,Yb_Yag5_2026-09-28_13-03-16,16.5,20.1,0.000486257,0.09875,0.00492412151899,0.00166059,0.09865,0.0168331474911,0.292525299953,0.936162257874
YbYag5,Yb_Yag5_2026-09-28_14-57-53,Yb_Yag5_2026-09-28_13-03-16,16.6,20.1,0.000480594,0.0986,0.00487417849899,0.00166274,0.09865,0.0168549417131,0.289183942725,0.92546898612
YbYag5,Yb_Yag5_2026-09-28_14-57-53,Yb_Yag5_2026-09-28_13-03-16,16.7,20.1,0.000480833,0.0986,0.00487660243408,0.00165654,0.0987,0.0167835866261,0.290557825495,0.92986579281
YbYag5,Yb_Yag5_2026-09-28_14-57-53,Yb_Yag5_2026-09-28_13-03-16,16.8,20.1,0.000476899,0.09855,0.00483915778792,0.00165487,0.09875,0.0167581772152,0.288763970316,0.924124957694
YbYag5,Yb_Yag5_2026-09-28_14-57-53,Yb_Yag5_2026-09-28_13-03-16,16.9,20.1,0.00049049,0.09865,0.00497202230106,0.00165201,0.0987,0.0167376899696,0.297055466441,0.950660049648
YbYag5,Yb_Yag5_2026-09-28_14-57-53,Yb_Yag5_2026-09-28_13-03-16,17,20.1,0.000489835,0.09855,0.00497042110604,0.00166846,0.09875,0.0168957974684,0.294180911871,0.941460676135
YbYag5,Yb_Yag5_2026-09-28_14-57-53,Yb_Yag5_2026-09-28_13-03-16,17.1,20.1,0.000493173,0.09865,0.00499921946275,0.00167919,0.0987,0.0170130699088,0.2938458191,0.940388286138
YbYag5,Yb_Yag5_2026-09-28_14-57-53,Yb_Yag5_2026-09-28_13-03-16,17.2,20.1,0.000494782,0.0987,0.00501298885512,0.0016873,0.0986,0.0171125760649,0.292941801171,0.937495177522
YbYag5,Yb_Yag5_2026-09-28_14-57-53,Yb_Yag5_2026-09-28_13-03-16,17.3,20.1,0.00049359,0.09855,0.00500852359209,0.00168467,0.0986,0.0170859026369,0.293137781394,0.938122368703
YbYag5,Yb_Yag5_2026-09-28_14-57-53,Yb_Yag5_2026-09-28_13-03-16,17.4,20.1,0.000498716,0.0986,0.00505797160243,0.0016842,0.09875,0.0170551898734,0.296564954127,0.949090273922
YbYag5,Yb_Yag5_2026-09-28_14-57-53,Yb_Yag5_2026-09-28_13-03-16,17.5,20.1,0.000494961,0.0986,0.00501988843813,0.00167824,0.09885,0.0169776428933,0.2956764063,0.946246673931
YbYag5,Yb_Yag5_2026-09-28_14-57-53,Yb_Yag5_2026-09-28_13-03-16,17.6,20.1,0.000497285,0.0985,0.0050485786802,0.00170255,0.09855,0.0172760020294,0.292230729749,0.935219551355
YbYag5,Yb_Yag5_2026-09-28_14-57-53,Yb_Yag5_2026-09-28_13-03-16,17.7,20.1,0.000498895,0.0987,0.00505466058764,0.00171233,0.09865,0.0173576279777,0.291206874242,0.931942929183
YbYag5,Yb_Yag5_2026-09-28_14-57-53,Yb_Yag5_2026-09-28_13-03-16,17.8,20.1,0.000500087,0.0987,0.00506673758865,0.00170089,0.09865,0.017241662443,0.293865954365,0.940452724583
YbYag5,Yb_Yag5_2026-09-28_14-57-53,Yb_Yag5_2026-09-28_13-03-16,17.9,20.1,0.000502829,0.09855,0.00510227295789,0.00170875,0.0987,0.0173125633232,0.294715049565,0.943170065201
YbYag5,Yb_Yag5_2026-09-28_14-57-53,Yb_Yag5_2026-09-28_13-03-16,18,20.1,0.000511352,0.0986,0.00518612576065,0.00171614,0.0987,0.0173874366768,0.298268563507,0.9545422974
YbYag5,Yb_Yag5_2026-09-28_14-57-53,Yb_Yag5_2026-09-28_13-03-16,18.1,20.1,0.000508133,0.09865,0.00515086670046,0.00171972,0.09875,0.0174148860759,0.295773781006,0.946558300054
YbYag5,Yb_Yag5_2026-09-28_14-57-53,Yb_Yag5_2026-09-28_13-03-16,18.2,20.1,0.000511114,0.0986,0.00518371196755,0.00173307,0.0987,0.0175589665653,0.295217372177,0.944777637165
YbYag5,Yb_Yag5_2026-09-28_14-57-53,Yb_Yag5_2026-09-28_13-03-16,18.3,20.1,0.000515226,0.09865,0.00522276735935,0.00175143,0.09865,0.0177539787126,0.294174474572,0.941440074991
YbYag5,Yb_Yag5_2026-09-28_14-57-53,Yb_Yag5_2026-09-28_13-03-16,18.4,20.1,0.000521306,0.0987,0.00528172239108,0.00175453,0.0987,0.0177763931104,0.297120026446,0.950866659608
YbYag5,Yb_Yag5_2026-09-28_14-57-53,Yb_Yag5_2026-09-28_13-03-16,18.5,20.1,0.000538353,0.0986,0.00545996957404,0.00180293,0.0987,0.0182667679838,0.298901785958,0.956568785229
YbYag5,Yb_Yag5_2026-09-28_14-57-53,Yb_Yag5_2026-09-28_13-03-16,18.6,20.1,0.000552718,0.09875,0.0055971443038,0.00185967,0.09865,0.0188511910796,0.296911971247,0.950200825149
YbYag5,Yb_Yag5_2026-09-28_14-57-53,Yb_Yag5_2026-09-28_13-03-16,18.7,20.1,0.000576202,0.0987,0.00583791286727,0.0019424,0.0988,0.0196599190283,0.296944909024,0.950306235188
YbYag5,Yb_Yag5_2026-09-28_14-57-53,Yb_Yag5_2026-09-28_13-03-16,18.8,20.1,0.000595514,0.09855,0.00604276002029,0.00199439,0.09875,0.0201963544304,0.299200533498,0.957524860384
YbYag5,Yb_Yag5_2026-09-28_14-57-53,Yb_Yag5_2026-09-28_13-03-16,18.9,20.1,0.000614528,0.0986,0.00623253549696,0.00203396,0.0988,0.0205866396761,0.30274661601,0.968873309943
YbYag5,Yb_Yag5_2026-09-28_14-57-53,Yb_Yag5_2026-09-28_13-03-16,19,20.1,0.000598792,0.0987,0.00606678824721,0.00203229,0.09865,0.0206010136847,0.294489792593,0.942449180288
YbYag5,Yb_Yag5_2026-09-28_14-57-53,Yb_Yag5_2026-09-28_13-03-16,19.1,20.1,0.000567142,0.09865,0.00574903193107,0.00197794,0.09865,0.0200500760264,0.286733672406,0.917627440126
YbYag5,Yb_Yag5_2026-09-28_14-57-53,Yb_Yag5_2026-09-28_13-03-16,19.2,20.1,0.000499252,0.0986,0.00506340770791,0.00176502,0.09875,0.0178736202532,0.283289430803,0.906604909778
YbYag5,Yb_Yag5_2026-09-28_14-57-53,Yb_Yag5_2026-09-28_13-03-16,19.3,20.1,0.000410946,0.0986,0.00416780933063,0.00150514,0.09875,0.0152419240506,0.273443780247,0.875096091717
YbYag5,Yb_Yag5_2026-09-28_14-57-53,Yb_Yag5_2026-09-28_13-03-16,19.4,20.1,0.000302972,0.09855,0.00307429731101,0.00119663,0.0987,0.0121239108409,0.25357307154,0.811504301431
YbYag5,Yb_Yag5_2026-09-28_14-57-53,Yb_Yag5_2026-09-28_13-03-16,14.8,20.2,0.000575248,0.09845,0.0058430472321,0.00180174,0.09855,0.0182824961948,0.31959789133,1.02280207424
YbYag5,Yb_Yag5_2026-09-28_14-57-53,Yb_Yag5_2026-09-28_13-03-16,14.9,20.2,0.000691537,0.09855,0.0070171182141,0.00216557,0.0987,0.0219409321175,0.319818600984,1.02350840647
YbYag5,Yb_Yag5_2026-09-28_14-57-53,Yb_Yag5_2026-09-28_13-03-16,15,20.2,0.000774805,0.0985,0.00786604060914,0.00243713,0.09875,0.0246797974684,0.318723871993,1.02000496945
YbYag5,Yb_Yag5_2026-09-28_14-57-53,Yb_Yag5_2026-09-28_13-03-16,15.1,20.2,0.000808362,0.0986,0.00819839756592,0.00260784,0.0987,0.0264218844985,0.310288146418,0.993008303176
YbYag5,Yb_Yag5_2026-09-28_14-57-53,Yb_Yag5_2026-09-28_13-03-16,15.2,20.2,0.000804309,0.09855,0.00816143074581,0.00263645,0.09865,0.0267252914344,0.305382291746,0.977308204798
YbYag5,Yb_Yag5_2026-09-28_14-57-53,Yb_Yag5_2026-09-28_13-03-16,15.3,20.2,0.000770275,0.09855,0.00781608320649,0.00257351,0.0988,0.0260476720648,0.30006839717,0.960302265329
YbYag5,Yb_Yag5_2026-09-28_14-57-53,Yb_Yag5_2026-09-28_13-03-16,15.4,20.2,0.000718061,0.0986,0.00728256592292,0.00242092,0.0986,0.0245529411765,0.29660666193,0.949223750482
YbYag5,Yb_Yag5_2026-09-28_14-57-53,Yb_Yag5_2026-09-28_13-03-16,15.5,20.2,0.000664059,0.09855,0.00673829528158,0.00226451,0.0988,0.0229201417004,0.29399012317,0.940850099269
YbYag5,Yb_Yag5_2026-09-28_14-57-53,Yb_Yag5_2026-09-28_13-03-16,15.6,20.2,0.000608984,0.09845,0.0061857186389,0.00209285,0.09875,0.0211934177215,0.291869802228,0.934064482977
YbYag5,Yb_Yag5_2026-09-28_14-57-53,Yb_Yag5_2026-09-28_13-03-16,15.7,20.2,0.000560645,0.09865,0.00568317283325,0.0019312,0.0988,0.0195465587045,0.290750557127,0.930482587597
YbYag5,Yb_Yag5_2026-09-28_14-57-53,Yb_Yag5_2026-09-28_13-03-16,15.8,20.2,0.000530902,0.0986,0.00538440162272,0.00180484,0.0987,0.0182861195542,0.294452937747,0.942331234538
YbYag5,Yb_Yag5_2026-09-28_14-57-53,Yb_Yag5_2026-09-28_13-03-16,15.9,20.2,0.000516001,0.09855,0.00523593099949,0.00174404,0.09885,0.0176432979262,0.296766002671,0.949733685138
YbYag5,Yb_Yag5_2026-09-28_14-57-53,Yb_Yag5_2026-09-28_13-03-16,16,20.2,0.000493471,0.09855,0.00500731608321,0.0017047,0.09875,0.0172627848101,0.290064212599,0.92828609436
YbYag5,Yb_Yag5_2026-09-28_14-57-53,Yb_Yag5_2026-09-28_13-03-16,16.1,20.2,0.000484826,0.09865,0.00491460719716,0.0016482,0.09875,0.0166906329114,0.294453015847,0.942331484481
YbYag5,Yb_Yag5_2026-09-28_14-57-53,Yb_Yag5_2026-09-28_13-03-16,16.2,20.2,0.000494603,0.09865,0.00501371515459,0.00163651,0.09875,0.0165722531646,0.302536722363,0.968201591939
YbYag5,Yb_Yag5_2026-09-28_14-57-53,Yb_Yag5_2026-09-28_13-03-16,16.3,20.2,0.000493113,0.09865,0.0049986112519,0.0016625,0.0986,0.0168610547667,0.296458989136,0.948751156501
YbYag5,Yb_Yag5_2026-09-28_14-57-53,Yb_Yag5_2026-09-28_13-03-16,16.4,20.2,0.000499371,0.0986,0.00506461460446,0.00170112,0.0987,0.0172352583587,0.293851968973,0.940407967442
YbYag5,Yb_Yag5_2026-09-28_14-57-53,Yb_Yag5_2026-09-28_13-03-16,16.5,20.2,0.000498358,0.0987,0.00504921985816,0.00169802,0.0986,0.0172212981744,0.293196239158,0.938309449796
YbYag5,Yb_Yag5_2026-09-28_14-57-53,Yb_Yag5_2026-09-28_13-03-16,16.6,20.2,0.000496928,0.0985,0.00504495431472,0.00169898,0.0987,0.0172135764944,0.293079960249,0.93793732497
YbYag5,Yb_Yag5_2026-09-28_14-57-53,Yb_Yag5_2026-09-28_13-03-16,16.7,20.2,0.000493292,0.0986,0.00500296146045,0.00168968,0.09875,0.0171106835443,0.292388170671,0.93572340606
YbYag5,Yb_Yag5_2026-09-28_14-57-53,Yb_Yag5_2026-09-28_13-03-16,16.8,20.2,0.000498895,0.09855,0.00506235413496,0.00168944,0.09885,0.0170909458776,0.29620093418,0.947925308923
YbYag5,Yb_Yag5_2026-09-28_14-57-53,Yb_Yag5_2026-09-28_13-03-16,16.9,20.2,0.000502769,0.0986,0.00509907707911,0.0016923,0.0987,0.0171458966565,0.297393433616,0.951741638538
YbYag5,Yb_Yag5_2026-09-28_14-57-53,Yb_Yag5_2026-09-28_13-03-16,17,20.2,0.000498001,0.0987,0.00504560283688,0.00170589,0.0987,0.0172835866261,0.291930312037,0.934258131185
YbYag5,Yb_Yag5_2026-09-28_14-57-53,Yb_Yag5_2026-09-28_13-03-16,17.1,20.2,0.000494961,0.09875,0.00501226329114,0.00169755,0.0987,0.0171990881459,0.291426106351,0.93264453286
YbYag5,Yb_Yag5_2026-09-28_14-57-53,Yb_Yag5_2026-09-28_13-03-16,17.2,20.2,0.000506464,0.09865,0.00513394830208,0.00171138,0.09865,0.0173479979726,0.295938949854,0.947086886271
YbYag5,Yb_Yag5_2026-09-28_14-57-53,Yb_Yag5_2026-09-28_13-03-16,17.3,20.2,0.00051618,0.09855,0.00523774733638,0.00173689,0.0985,0.0176334010152,0.297035570839,0.950596378193
YbYag5,Yb_Yag5_2026-09-28_14-57-53,Yb_Yag5_2026-09-28_13-03-16,17.4,20.2,0.000507895,0.09865,0.00514845413077,0.00173021,0.09865,0.0175388748099,0.293545292191,0.939426516508
YbYag5,Yb_Yag5_2026-09-28_14-57-53,Yb_Yag5_2026-09-28_13-03-16,17.5,20.2,0.000512067,0.0986,0.00519337728195,0.00173045,0.09865,0.0175413076533,0.296065571883,0.947492111954
YbYag5,Yb_Yag5_2026-09-28_14-57-53,Yb_Yag5_2026-09-28_13-03-16,17.6,20.2,0.000520531,0.09875,0.0052712,0.00174857,0.09875,0.0177070379747,0.297689540596,0.952689263165
YbYag5,Yb_Yag5_2026-09-28_14-57-53,Yb_Yag5_2026-09-28_13-03-16,17.7,20.2,0.000521366,0.0986,0.00528768762677,0.00175238,0.0987,0.0177546099291,0.297820546207,0.953108517528
YbYag5,Yb_Yag5_2026-09-28_14-57-53,Yb_Yag5_2026-09-28_13-03-16,17.8,20.2,0.00052077,0.09855,0.00528432267884,0.00174833,0.09855,0.0177405377981,0.297867107468,0.953257526504
YbYag5,Yb_Yag5_2026-09-28_14-57-53,Yb_Yag5_2026-09-28_13-03-16,17.9,20.2,0.000521068,0.0987,0.00527931104357,0.00176192,0.09865,0.0178603142423,0.295588922566,0.94596670167
YbYag5,Yb_Yag5_2026-09-28_14-57-53,Yb_Yag5_2026-09-28_13-03-16,18,20.2,0.000525061,0.0987,0.00531976697062,0.00178219,0.09865,0.0180657881399,0.294466365343,0.942374206579
YbYag5,Yb_Yag5_2026-09-28_14-57-53,Yb_Yag5_2026-09-28_13-03-16,18.1,20.2,0.000534598,0.09855,0.00542463723998,0.00179625,0.09865,0.0182083122149,0.297920926221,0.953429761471
YbYag5,Yb_Yag5_2026-09-28_14-57-53,Yb_Yag5_2026-09-28_13-03-16,18.2,20.2,0.000537161,0.0985,0.00545341116751,0.00182582,0.0987,0.0184986828774,0.294799970552,0.943441835962
YbYag5,Yb_Yag5_2026-09-28_14-57-53,Yb_Yag5_2026-09-28_13-03-16,18.3,20.2,0.000552956,0.0986,0.00560807302231,0.00185705,0.0987,0.0188150962513,0.298062414744,0.953882564069
YbYag5,Yb_Yag5_2026-09-28_14-57-53,Yb_Yag5_2026-09-28_13-03-16,18.4,20.2,0.000561539,0.0986,0.00569512170385,0.00189782,0.09875,0.0192184303797,0.296336464078,0.948359042264
YbYag5,Yb_Yag5_2026-09-28_14-57-53,Yb_Yag5_2026-09-28_13-03-16,18.5,20.2,0.000586275,0.0985,0.00595203045685,0.00195552,0.09875,0.0198027341772,0.300566093732,0.961895032646
YbYag5,Yb_Yag5_2026-09-28_14-57-53,Yb_Yag5_2026-09-28_13-03-16,18.6,20.2,0.000598315,0.09865,0.00606502787633,0.00200249,0.09885,0.0202578654527,0.299391260668,0.958135240335
YbYag5,Yb_Yag5_2026-09-28_14-57-53,Yb_Yag5_2026-09-28_13-03-16,18.7,20.2,0.000611011,0.09865,0.00619372529143,0.0020311,0.0988,0.0205576923077,0.301285046917,0.964195882648
YbYag5,Yb_Yag5_2026-09-28_14-57-53,Yb_Yag5_2026-09-28_13-03-16,18.8,20.2,0.000593249,0.09865,0.0060136746072,0.00201418,0.0987,0.0204070921986,0.294685521517,0.943075567244
YbYag5,Yb_Yag5_2026-09-28_14-57-53,Yb_Yag5_2026-09-28_13-03-16,18.9,20.2,0.000571255,0.0987,0.00578779128673,0.00195457,0.09875,0.0197931139241,0.292414387596,0.935807307506
YbYag5,Yb_Yag5_2026-09-28_14-57-53,Yb_Yag5_2026-09-28_13-03-16,19,20.2,0.000507597,0.0987,0.00514282674772,0.00179101,0.0987,0.0181459979737,0.283413827951,0.907003015226
YbYag5,Yb_Yag5_2026-09-28_14-57-53,Yb_Yag5_2026-09-28_13-03-16,19.1,20.2,0.000413062,0.0986,0.00418926977688,0.00154401,0.0986,0.0156593306288,0.267525469395,0.856155852186
YbYag5,Yb_Yag5_2026-09-28_14-57-53,Yb_Yag5_2026-09-28_13-03-16,19.2,20.2,0.000309529,0.0986,0.00313923935091,0.00120092,0.0987,0.0121673758865,0.258004633061,0.825686529906
YbYag5,Yb_Yag5_2026-09-28_14-57-53,Yb_Yag5_2026-09-28_13-03-16,14.9,20.3,0.000455381,0.09865,0.00461612772428,0.00145841,0.0988,0.0147612348178,0.312719618735,1.00078969034
YbYag5,Yb_Yag5_2026-09-28_14-57-53,Yb_Yag5_2026-09-28_13-03-16,15,20.3,0.000556711,0.09855,0.00564902080162,0.00178099,0.09865,0.018053623923,0.312902319541,1.00137438369
YbYag5,Yb_Yag5_2026-09-28_14-57-53,Yb_Yag5_2026-09-28_13-03-16,15.1,20.3,0.000658933,0.09845,0.0066930726257,0.00206496,0.09875,0.0209109873418,0.320074442985,1.02432717198
YbYag5,Yb_Yag5_2026-09-28_14-57-53,Yb_Yag5_2026-09-28_13-03-16,15.2,20.3,0.000728253,0.09855,0.0073896803653,0.00231148,0.0987,0.0234192502533,0.315538724996,1.00981161386
YbYag5,Yb_Yag5_2026-09-28_14-57-53,Yb_Yag5_2026-09-28_13-03-16,15.3,20.3,0.000787083,0.0986,0.0079825862069,0.00249697,0.09885,0.0252601922104,0.316014468156,1.01133412418
YbYag5,Yb_Yag5_2026-09-28_14-57-53,Yb_Yag5_2026-09-28_13-03-16,15.4,20.3,0.000793342,0.09865,0.0080419868221,0.00258042,0.09885,0.026104400607,0.3080701581,0.985910124138
YbYag5,Yb_Yag5_2026-09-28_14-57-53,Yb_Yag5_2026-09-28_13-03-16,15.5,20.3,0.000772897,0.09865,0.00783473897618,0.00255181,0.09875,0.0258411139241,0.303188902738,0.970288750392
YbYag5,Yb_Yag5_2026-09-28_14-57-53,Yb_Yag5_2026-09-28_13-03-16,15.6,20.3,0.000719968,0.0987,0.00729450861196,0.00243308,0.0988,0.0246263157895,0.29620787268,0.947947514053
YbYag5,Yb_Yag5_2026-09-28_14-57-53,Yb_Yag5_2026-09-28_13-03-16,15.7,20.3,0.00065482,0.09865,0.00663781044095,0.002239,0.09875,0.0226734177215,0.292757383227,0.936904988849
YbYag5,Yb_Yag5_2026-09-28_14-57-53,Yb_Yag5_2026-09-28_13-03-16,15.8,20.3,0.000601593,0.09875,0.00609208101266,0.00203349,0.0988,0.0205818825911,0.295992409134,0.947257970825
YbYag5,Yb_Yag5_2026-09-28_14-57-53,Yb_Yag5_2026-09-28_13-03-16,15.9,20.3,0.00054938,0.0987,0.00556616008105,0.00189734,0.0987,0.0192233029382,0.28955274226,0.926649247128
YbYag5,Yb_Yag5_2026-09-28_14-57-53,Yb_Yag5_2026-09-28_13-03-16,16,20.3,0.000489298,0.09865,0.00495993917892,0.00176836,0.0988,0.0178983805668,0.277116645297,0.886850280632
YbYag5,Yb_Yag5_2026-09-28_14-57-53,Yb_Yag5_2026-09-28_13-03-16,16.1,20.3,0.000476422,0.09875,0.00482452658228,0.00158263,0.0987,0.016034751773,0.300879405592,0.962897717674
YbYag5,Yb_Yag5_2026-09-28_14-57-53,Yb_Yag5_2026-09-28_13-03-16,16.2,20.3,0.000484826,0.0987,0.00491211752786,0.00158907,0.09865,0.0161081601622,0.304945908061,0.975911655729
YbYag5,Yb_Yag5_2026-09-28_14-57-53,Yb_Yag5_2026-09-28_13-03-16,16.3,20.3,0.000503246,0.09875,0.00509616202532,0.00166488,0.0989,0.0168339737108,0.302730781981,0.968822636649
YbYag5,Yb_Yag5_2026-09-28_14-57-53,Yb_Yag5_2026-09-28_13-03-16,16.4,20.3,0.000512484,0.09865,0.00519497212367,0.00171519,0.09875,0.0173690126582,0.299094267815,0.957184780665
YbYag5,Yb_Yag5_2026-09-28_14-57-53,Yb_Yag5_2026-09-28_13-03-16,16.5,20.3,0.000517551,0.0987,0.00524367781155,0.00176168,0.0988,0.0178307692308,0.294080291415,0.941138662712
YbYag5,Yb_Yag5_2026-09-28_14-57-53,Yb_Yag5_2026-09-28_13-03-16,16.6,20.3,0.000516418,0.0987,0.00523219858156,0.00177265,0.09875,0.0179508860759,0.291472998015,0.932794599216
YbYag5,Yb_Yag5_2026-09-28_14-57-53,Yb_Yag5_2026-09-28_13-03-16,16.7,20.3,0.000516776,0.09865,0.00523847947288,0.00175739,0.09875,0.0177963544304,0.294356886033,0.942023842361
YbYag5,Yb_Yag5_2026-09-28_14-57-53,Yb_Yag5_2026-09-28_13-03-16,16.8,20.3,0.000525955,0.0987,0.00532882472138,0.00176311,0.0987,0.0178633232016,0.298310939193,0.954677911374
YbYag5,Yb_Yag5_2026-09-28_14-57-53,Yb_Yag5_2026-09-28_13-03-16,16.9,20.3,0.000521068,0.0986,0.0052846653144,0.00177384,0.0988,0.0179538461538,0.294347254016,0.941993017229
YbYag5,Yb_Yag5_2026-09-28_14-57-53,Yb_Yag5_2026-09-28_13-03-16,17,20.3,0.000525121,0.0987,0.00532037487335,0.00177646,0.09875,0.0179894683544,0.295749422303,0.946480345434
YbYag5,Yb_Yag5_2026-09-28_14-57-53,Yb_Yag5_2026-09-28_13-03-16,17.1,20.3,0.000521783,0.0987,0.00528655521783,0.00175882,0.09885,0.0177928174001,0.297117376015,0.950858177491
YbYag5,Yb_Yag5_2026-09-28_14-57-53,Yb_Yag5_2026-09-28_13-03-16,17.2,20.3,0.000530008,0.09865,0.00537261023822,0.00177408,0.0987,0.0179744680851,0.298902321492,0.956570499086
YbYag5,Yb_Yag5_2026-09-28_14-57-53,Yb_Yag5_2026-09-28_13-03-16,17.3,20.3,0.000529591,0.09865,0.00536838317283,0.00179482,0.09875,0.0181753924051,0.295365461894,0.945251565415
YbYag5,Yb_Yag5_2026-09-28_14-57-53,Yb_Yag5_2026-09-28_13-03-16,17.4,20.3,0.00052673,0.09875,0.00533397468354,0.00179935,0.0988,0.0182120445344,0.29288170658,0.93730285813
YbYag5,Yb_Yag5_2026-09-28_14-57-53,Yb_Yag5_2026-09-28_13-03-16,17.5,20.3,0.000537936,0.0985,0.00546127918782,0.00180913,0.0988,0.0183110323887,0.298250752437,0.954485297026
YbYag5,Yb_Yag5_2026-09-28_14-57-53,Yb_Yag5_2026-09-28_13-03-16,17.6,20.3,0.000538353,0.09865,0.00545720223011,0.00181771,0.0987,0.018416514691,0.296321118391,0.948309931802
YbYag5,Yb_Yag5_2026-09-28_14-57-53,Yb_Yag5_2026-09-28_13-03-16,17.7,20.3,0.000549082,0.09865,0.00556596046629,0.00183297,0.09865,0.0185805372529,0.299558639803,0.958670900085
YbYag5,Yb_Yag5_2026-09-28_14-57-53,Yb_Yag5_2026-09-28_13-03-16,17.8,20.3,0.000556711,0.09855,0.00564902080162,0.00184608,0.0987,0.0187039513678,0.302022855521,0.96655707523
YbYag5,Yb_Yag5_2026-09-28_14-57-53,Yb_Yag5_2026-09-28_13-03-16,17.9,20.3,0.000555698,0.0986,0.00563588235294,0.00188065,0.0987,0.0190542046606,0.295781558629,0.946583190608
YbYag5,Yb_Yag5_2026-09-28_14-57-53,Yb_Yag5_2026-09-28_13-03-16,18,20.3,0.00055683,0.0986,0.00564736308316,0.00187493,0.09875,0.0189866329114,0.297438893432,0.95188712258
YbYag5,Yb_Yag5_2026-09-28_14-57-53,Yb_Yag5_2026-09-28_13-03-16,18.1,20.3,0.00057048,0.0986,0.00578580121704,0.00191999,0.0988,0.019433097166,0.2977292383,0.952816306851
YbYag5,Yb_Yag5_2026-09-28_14-57-53,Yb_Yag5_2026-09-28_13-03-16,18.2,20.3,0.000587527,0.0986,0.00595869168357,0.00197817,0.0988,0.0200219635628,0.297607757845,0.952427535632
YbYag5,Yb_Yag5_2026-09-28_14-57-53,Yb_Yag5_2026-09-28_13-03-16,18.3,20.3,0.000607315,0.09875,0.00615002531646,0.00203015,0.09875,0.0205584810127,0.299147846218,0.957356246445
YbYag5,Yb_Yag5_2026-09-28_14-57-53,Yb_Yag5_2026-09-28_13-03-16,18.4,20.3,0.000611905,0.09865,0.00620278763305,0.00206114,0.0988,0.0208617408907,0.297328380481,0.951533450425
YbYag5,Yb_Yag5_2026-09-28_14-57-53,Yb_Yag5_2026-09-28_13-03-16,18.5,20.3,0.000601295,0.09865,0.0060952356817,0.0020683,0.09875,0.0209448101266,0.291014129269,0.931326091703
YbYag5,Yb_Yag5_2026-09-28_14-57-53,Yb_Yag5_2026-09-28_13-03-16,18.6,20.3,0.00058407,0.0987,0.00591762917933,0.00199939,0.0987,0.0202572441743,0.292124097849,0.93487829964
YbYag5,Yb_Yag5_2026-09-28_14-57-53,Yb_Yag5_2026-09-28_13-03-16,18.7,20.3,0.000544373,0.0987,0.00551543059777,0.0018834,0.09875,0.0190724050633,0.289183801386,0.925468533795
YbYag5,Yb_Yag5_2026-09-28_14-57-53,Yb_Yag5_2026-09-28_13-03-16,18.8,20.3,0.000483396,0.09865,0.00490011150532,0.00171197,0.09885,0.0173188669702,0.282934877539,0.905470240797
YbYag5,Yb_Yag5_2026-09-28_14-57-53,Yb_Yag5_2026-09-28_13-03-16,18.9,20.3,0.000414195,0.0988,0.00419225708502,0.00149442,0.09875,0.0151333670886,0.277020775382,0.88654347026
YbYag5,Yb_Yag5_2026-09-28_14-57-53,Yb_Yag5_2026-09-28_13-03-16,19,20.3,0.000318946,0.0986,0.0032347464503,0.0012343,0.0987,0.0125055724417,0.258664404639,0.827797982318
YbYag5,Yb_Yag5_2026-09-28_14-57-53,Yb_Yag5_2026-09-28_13-03-16,15.1,20.4,0.000391008,0.09865,0.00396358844399,0.00129724,0.09865,0.0131499239736,0.30141531251,0.96461276875
YbYag5,Yb_Yag5_2026-09-28_14-57-53,Yb_Yag5_2026-09-28_13-03-16,15.2,20.4,0.000489835,0.09855,0.00497042110604,0.00159217,0.0987,0.016131408308,0.308120717741,0.986071929042
YbYag5,Yb_Yag5_2026-09-28_14-57-53,Yb_Yag5_2026-09-28_13-03-16,15.3,20.4,0.000597361,0.09855,0.00606150177575,0.00186659,0.09875,0.0189021772152,0.320677438728,1.02625692594
YbYag5,Yb_Yag5_2026-09-28_14-57-53,Yb_Yag5_2026-09-28_13-03-16,15.4,20.4,0.000669185,0.0986,0.00678686612576,0.00213577,0.0987,0.0216390070922,0.313640366993,1.00373634066
YbYag5,Yb_Yag5_2026-09-28_14-57-53,Yb_Yag5_2026-09-28_13-03-16,15.5,20.4,0.000724975,0.09855,0.0073564180619,0.00232483,0.09875,0.0235425822785,0.312472861935,1
YbYag5,Yb_Yag5_2026-09-28_14-57-53,Yb_Yag5_2026-09-28_13-03-16,15.6,20.4,0.000735704,0.0985,0.00746907614213,0.00240399,0.0987,0.0243565349544,0.306655940844,0.981384235881
YbYag5,Yb_Yag5_2026-09-28_14-57-53,Yb_Yag5_2026-09-28_13-03-16,15.7,20.4,0.000713114,0.09855,0.00723606291223,0.00235964,0.09885,0.0238709155286,0.30313302829,0.970109936628
YbYag5,Yb_Yag5_2026-09-28_14-57-53,Yb_Yag5_2026-09-28_13-03-16,15.8,20.4,0.000679914,0.0986,0.00689567951318,0.00224759,0.0986,0.022795030426,0.3025080197,0.968109735442
YbYag5,Yb_Yag5_2026-09-28_14-57-53,Yb_Yag5_2026-09-28_13-03-16,15.9,20.4,0.000624482,0.0986,0.00633348884381,0.00213982,0.09875,0.0216690632911,0.292282539339,0.935385356439
YbYag5,Yb_Yag5_2026-09-28_14-57-53,Yb_Yag5_2026-09-28_13-03-16,16,20.4,0.000555042,0.09855,0.00563208523592,0.00191665,0.0988,0.019399291498,0.290324274807,0.9291183657
YbYag5,Yb_Yag5_2026-09-28_14-57-53,Yb_Yag5_2026-09-28_13-03-16,16.1,20.4,0.000535969,0.0985,0.00544130964467,0.00172854,0.0987,0.0175130699088,0.31069993285,0.994326134201
YbYag5,Yb_Yag5_2026-09-28_14-57-53,Yb_Yag5_2026-09-28_13-03-16,16.2,20.4,0.000534538,0.0985,0.00542678172589,0.00177289,0.0988,0.0179442307692,0.302424873804,0.967843645466
YbYag5,Yb_Yag5_2026-09-28_14-57-53,Yb_Yag5_2026-09-28_13-03-16,16.3,20.4,0.000542883,0.0986,0.0055059127789,0.00179148,0.0988,0.018132388664,0.303650714802,0.971766677344
YbYag5,Yb_Yag5_2026-09-28_14-57-53,Yb_Yag5_2026-09-28_13-03-16,16.4,20.4,0.000535194,0.09855,0.00543068493151,0.00179554,0.09875,0.0181826835443,0.298673455889,0.955838065551
YbYag5,Yb_Yag5_2026-09-28_14-57-53,Yb_Yag5_2026-09-28_13-03-16,16.5,20.4,0.00054789,0.0987,0.00555106382979,0.00183512,0.0988,0.0185740890688,0.298860622948,0.956437052156
YbYag5,Yb_Yag5_2026-09-28_14-57-53,Yb_Yag5_2026-09-28_13-03-16,16.6,20.4,0.000552122,0.0986,0.00559961460446,0.00183035,0.0988,0.0185258097166,0.302260181343,0.967316583818
YbYag5,Yb_Yag5_2026-09-28_14-57-53,Yb_Yag5_2026-09-28_13-03-16,16.7,20.4,0.000554446,0.0987,0.00561748733536,0.00185991,0.09865,0.018853623923,0.297952656651,0.953531307667
YbYag5,Yb_Yag5_2026-09-28_14-57-53,Yb_Yag5_2026-09-28_13-03-16,16.8,20.4,0.00054932,0.09875,0.00556273417722,0.00186897,0.0987,0.0189358662614,0.293767082025,0.940136305616
YbYag5,Yb_Yag5_2026-09-28_14-57-53,Yb_Yag5_2026-09-28_13-03-16,16.9,20.4,0.000555519,0.0985,0.00563978680203,0.00187135,0.09875,0.0189503797468,0.297608115372,0.95242867982
YbYag5,Yb_Yag5_2026-09-28_14-57-53,Yb_Yag5_2026-09-28_13-03-16,17,20.4,0.000554327,0.0987,0.0056162816616,0.00186516,0.0987,0.0188972644377,0.297200776341,0.951125081712
YbYag5,Yb_Yag5_2026-09-28_14-57-53,Yb_Yag5_2026-09-28_13-03-16,17.1,20.4,0.000562433,0.09865,0.00570129751647,0.0018735,0.09875,0.0189721518987,0.300508742862,0.961711493925
YbYag5,Yb_Yag5_2026-09-28_14-57-53,Yb_Yag5_2026-09-28_13-03-16,17.2,20.4,0.000557248,0.09855,0.00565446981228,0.00188232,0.09885,0.019042185129,0.296944377653,0.950304534653
YbYag5,Yb_Yag5_2026-09-28_14-57-53,Yb_Yag5_2026-09-28_13-03-16,17.3,20.4,0.000561837,0.09865,0.0056952559554,0.00189734,0.09885,0.019194132524,0.296718590865,0.949581954183
YbYag5,Yb_Yag5_2026-09-28_14-57-53,Yb_Yag5_2026-09-28_13-03-16,17.4,20.4,0.000567261,0.09875,0.00574441518987,0.0019033,0.09865,0.0192934617334,0.297738957853,0.95284741212
YbYag5,Yb_Yag5_2026-09-28_14-57-53,Yb_Yag5_2026-09-28_13-03-16,17.5,20.4,0.000571493,0.09855,0.00579901572806,0.0019064,0.0988,0.0192955465587,0.300536484438,0.961800274677
YbYag5,Yb_Yag5_2026-09-28_14-57-53,Yb_Yag5_2026-09-28_13-03-16,17.6,20.4,0.000579838,0.09865,0.00587772934617,0.00194026,0.09875,0.0196482025316,0.29914845069,0.957358180923
YbYag5,Yb_Yag5_2026-09-28_14-57-53,Yb_Yag5_2026-09-28_13-03-16,17.7,20.4,0.000589851,0.0987,0.0059762006079,0.00196721,0.0988,0.0199110323887,0.300145190427,0.960548025093
YbYag5,Yb_Yag5_2026-09-28_14-57-53,Yb_Yag5_2026-09-28_13-03-16,17.8,20.4,0.000595991,0.0986,0.00604453346856,0.00200583,0.09875,0.0203122025316,0.297581390258,0.952343152028
YbYag5,Yb_Yag5_2026-09-28_14-57-53,Yb_Yag5_2026-09-28_13-03-16,17.9,20.4,0.000601415,0.09855,0.00610263825469,0.00203134,0.09885,0.0205497218007,0.296969385468,0.950384566612
YbYag5,Yb_Yag5_2026-09-28_14-57-53,Yb_Yag5_2026-09-28_13-03-16,18,20.4,0.000615958,0.09865,0.00624387227572,0.00206186,0.09865,0.0209007602636,0.298739002647,0.956047833394
YbYag5,Yb_Yag5_2026-09-28_14-57-53,Yb_Yag5_2026-09-28_13-03-16,18.1,20.4,0.000619594,0.09855,0.0062871029934,0.00209071,0.09885,0.021150328781,0.297257931945,0.951307995531
YbYag5,Yb_Yag5_2026-09-28_14-57-53,Yb_Yag5_2026-09-28_13-03-16,18.2,20.4,0.000614528,0.09855,0.00623569761542,0.0021062,0.09875,0.0213286075949,0.292363089699,0.935643139979
YbYag5,Yb_Yag5_2026-09-28_14-57-53,Yb_Yag5_2026-09-28_13-03-16,18.3,20.4,0.00059909,0.09875,0.00606673417722,0.00205185,0.0987,0.0207887537994,0.291827698561,0.933929739541
YbYag5,Yb_Yag5_2026-09-28_14-57-53,Yb_Yag5_2026-09-28_13-03-16,18.4,20.4,0.000566188,0.0987,0.00573645390071,0.00195576,0.0989,0.0197751263903,0.290084310335,0.928350412699
YbYag5,Yb_Yag5_2026-09-28_14-57-53,Yb_Yag5_2026-09-28_13-03-16,18.5,20.4,0.000524107,0.09865,0.00531279270147,0.00184131,0.09875,0.0186461772152,0.284926644221,0.911844447727
YbYag5,Yb_Yag5_2026-09-28_14-57-53,Yb_Yag5_2026-09-28_13-03-16,18.6,20.4,0.000462236,0.0988,0.00467850202429,0.00162674,0.09885,0.0164566514922,0.28429246536,0.909814899124
YbYag5,Yb_Yag5_2026-09-28_14-57-53,Yb_Yag5_2026-09-28_13-03-16,18.7,20.4,0.000372471,0.0987,0.00377376899696,0.0013764,0.0989,0.0139170879676,0.271160820837,0.867789987131
YbYag5,Yb_Yag5_2026-09-28_14-57-53,Yb_Yag5_2026-09-28_13-03-16,18.8,20.4,0.000286045,0.09865,0.0028995945261,0.0011077,0.0989,0.0112002022245,0.258887693988,0.828512570291
YbYag5,Yb_Yag5_2026-09-28_14-57-53,Yb_Yag5_2026-09-28_13-03-16,15.3,20.5,0.000304999,0.09855,0.00309486555048,0.00101853,0.09865,0.0103246832235,0.299754044118,0.959296248198
YbYag5,Yb_Yag5_2026-09-28_14-57-53,Yb_Yag5_2026-09-28_13-03-16,15.4,20.5,0.00038326,0.09865,0.00388504815003,0.00129224,0.0987,0.0130926038501,0.296736095777,0.949637974765
YbYag5,Yb_Yag5_2026-09-28_14-57-53,Yb_Yag5_2026-09-28_13-03-16,15.5,20.5,0.000469031,0.0986,0.00475690669371,0.00152136,0.09875,0.0154061772152,0.308766193408,0.988137630565
YbYag5,Yb_Yag5_2026-09-28_14-57-53,Yb_Yag5_2026-09-28_13-03-16,15.6,20.5,0.000529353,0.09865,0.00536597060314,0.00172282,0.0988,0.0174374493927,0.307726805813,0.984811301396
YbYag5,Yb_Yag5_2026-09-28_14-57-53,Yb_Yag5_2026-09-28_13-03-16,15.7,20.5,0.000579778,0.09855,0.00588308472856,0.00187064,0.0985,0.0189912690355,0.309778389088,0.991376938049
YbYag5,Yb_Yag5_2026-09-28_14-57-53,Yb_Yag5_2026-09-28_13-03-16,15.8,20.5,0.000617806,0.0986,0.00626578093306,0.00197317,0.0986,0.0200118661258,0.313103280507,1.00201751464
YbYag5,Yb_Yag5_2026-09-28_14-57-53,Yb_Yag5_2026-09-28_13-03-16,15.9,20.5,0.000624541,0.09865,0.0063308768373,0.0020559,0.09875,0.0208192405063,0.304087790109,0.973165439794
YbYag5,Yb_Yag5_2026-09-28_14-57-53,Yb_Yag5_2026-09-28_13-03-16,16,20.5,0.000570182,0.09855,0.00578571283612,0.001925,0.0987,0.0195035460993,0.296649276325,0.949360128389
YbYag5,Yb_Yag5_2026-09-28_14-57-53,Yb_Yag5_2026-09-28_13-03-16,16.1,20.5,0.000566248,0.0986,0.00574288032454,0.00181342,0.0986,0.01839168357,0.312254193733,0.999300200982
YbYag5,Yb_Yag5_2026-09-28_14-57-53,Yb_Yag5_2026-09-28_13-03-16,16.2,20.5,0.00053132,0.0985,0.00539411167513,0.00182677,0.0987,0.0185083080041,0.291442722584,0.932697709423
YbYag5,Yb_Yag5_2026-09-28_14-57-53,Yb_Yag5_2026-09-28_13-03-16,16.3,20.5,0.000490431,0.09855,0.00497646879756,0.00170184,0.0986,0.017260040568,0.288323122878,0.922714123371
YbYag5,Yb_Yag5_2026-09-28_14-57-53,Yb_Yag5_2026-09-28_13-03-16,16.4,20.5,0.000444891,0.0985,0.00451665989848,0.00151921,0.0986,0.0154078093306,0.293140952199,0.938132516163
YbYag5,Yb_Yag5_2026-09-28_14-57-53,Yb_Yag5_2026-09-28_13-03-16,16.5,20.5,0.000462474,0.0986,0.00469040567951,0.00149084,0.09875,0.0150971139241,0.310682273651,0.994269619856
YbYag5,Yb_Yag5_2026-09-28_14-57-53,Yb_Yag5_2026-09-28_13-03-16,16.6,20.5,0.000517968,0.09865,0.00525056259503,0.00152684,0.0987,0.0154695035461,0.33941377494,1.08621840898
YbYag5,Yb_Yag5_2026-09-28_14-57-53,Yb_Yag5_2026-09-28_13-03-16,16.7,20.5,0.000571016,0.0987,0.0057853698075,0.00177384,0.0987,0.0179720364742,0.321909529608,1.03019995917
YbYag5,Yb_Yag5_2026-09-28_14-57-53,Yb_Yag5_2026-09-28_13-03-16,16.8,20.5,0.000593785,0.09875,0.00601301265823,0.0019467,0.09875,0.0197134177215,0.305021318129,0.976152988902
YbYag5,Yb_Yag5_2026-09-28_14-57-53,Yb_Yag5_2026-09-28_13-03-16,16.9,20.5,0.000596646,0.0987,0.00604504559271,0.00198652,0.09875,0.0201166582278,0.300499492722,0.961681890904
YbYag5,Yb_Yag5_2026-09-28_14-57-53,Yb_Yag5_2026-09-28_13-03-16,17,20.5,0.000594024,0.0986,0.0060245841785,0.001992,0.0987,0.0201823708207,0.298507258241,0.95530618689
YbYag5,Yb_Yag5_2026-09-28_14-57-53,Yb_Yag5_2026-09-28_13-03-16,17.1,20.5,0.000598554,0.09855,0.00607360730594,0.00200154,0.09875,0.0202687594937,0.299653627437,0.958974886913
YbYag5,Yb_Yag5_2026-09-28_14-57-53,Yb_Yag5_2026-09-28_13-03-16,17.2,20.5,0.000602189,0.09855,0.00611049213597,0.00202896,0.0987,0.0205568389058,0.297248626794,0.951278216461
YbYag5,Yb_Yag5_2026-09-28_14-57-53,Yb_Yag5_2026-09-28_13-03-16,17.3,20.5,0.000606958,0.0987,0.00614952380952,0.00203611,0.0987,0.0206292806484,0.298096861172,0.95399280221
YbYag5,Yb_Yag5_2026-09-28_14-57-53,Yb_Yag5_2026-09-28_13-03-16,17.4,20.5,0.000607852,0.09875,0.00615546329114,0.00205685,0.09875,0.0208288607595,0.295525682476,0.945764315805
YbYag5,Yb_Yag5_2026-09-28_14-57-53,Yb_Yag5_2026-09-28_13-03-16,17.5,20.5,0.000616495,0.09855,0.00625565702689,0.00207569,0.09895,0.0209771601819,0.298212769157,0.954363739975
YbYag5,Yb_Yag5_2026-09-28_14-57-53,Yb_Yag5_2026-09-28_13-03-16,17.6,20.5,0.00062919,0.0986,0.00638123732252,0.00210787,0.0988,0.0213347165992,0.299101105602,0.957206663483
YbYag5,Yb_Yag5_2026-09-28_14-57-53,Yb_Yag5_2026-09-28_13-03-16,17.7,20.5,0.000639025,0.09865,0.00647769893563,0.00214817,0.09875,0.0217536202532,0.297775674128,0.952964914407
YbYag5,Yb_Yag5_2026-09-28_14-57-53,Yb_Yag5_2026-09-28_13-03-16,17.8,20.5,0.000644151,0.0987,0.00652635258359,0.00216581,0.09875,0.0219322531646,0.29756872377,0.952302615745
YbYag5,Yb_Yag5_2026-09-28_14-57-53,Yb_Yag5_2026-09-28_13-03-16,17.9,20.5,0.000632171,0.09855,0.00641472349061,0.00215079,0.0988,0.0217691295547,0.294670647005,0.943027964669
YbYag5,Yb_Yag5_2026-09-28_14-57-53,Yb_Yag5_2026-09-28_13-03-16,18,20.5,0.000621442,0.0986,0.00630265720081,0.0021124,0.0987,0.0214022289767,0.294486018614,0.942437102507
YbYag5,Yb_Yag5_2026-09-28_14-57-53,Yb_Yag5_2026-09-28_13-03-16,18.1,20.5,0.000589076,0.0986,0.00597440162272,0.00201799,0.0988,0.020425,0.292504363413,0.936095255128
YbYag5,Yb_Yag5_2026-09-28_14-57-53,Yb_Yag5_2026-09-28_13-03-16,18.2,20.5,0.000538234,0.0987,0.00545323201621,0.00189186,0.0988,0.0191483805668,0.284788157264,0.911401250978
YbYag5,Yb_Yag5_2026-09-28_14-57-53,Yb_Yag5_2026-09-28_13-03-16,18.3,20.5,0.000476958,0.0987,0.00483240121581,0.00169159,0.09875,0.0171300253165,0.282101230239,0.902802337752
YbYag5,Yb_Yag5_2026-09-28_14-57-53,Yb_Yag5_2026-09-28_13-03-16,18.4,20.5,0.000406237,0.0986,0.00412005070994,0.00147105,0.09875,0.0148967088608,0.27657456076,0.885115459458
YbYag5,Yb_Yag5_2026-09-28_14-57-53,Yb_Yag5_2026-09-28_13-03-16,18.5,20.5,0.000333043,0.0987,0.003374295846,0.00124193,0.09885,0.0125637835104,0.268573224237,0.85950895887
YbYag5,Yb_Yag5_2026-09-28_14-57-53,Yb_Yag5_2026-09-28_13-03-16,15.7,20.6,0.000291707,0.0985,0.00296149238579,0.000998504,0.0986,0.0101268154158,0.292440640438,0.935891323895
YbYag5,Yb_Yag5_2026-09-28_14-57-53,Yb_Yag5_2026-09-28_13-03-16,15.8,20.6,0.000354948,0.09875,0.00359441012658,0.00114775,0.09865,0.0116345666498,0.308942329764,0.988701315854
YbYag5,Yb_Yag5_2026-09-28_14-57-53,Yb_Yag5_2026-09-28_13-03-16,15.9,20.6,0.000400605,0.0987,0.00405881458967,0.00130988,0.0985,0.0132982741117,0.305213635663,0.97676845846
YbYag5,Yb_Yag5_2026-09-28_14-57-53,Yb_Yag5_2026-09-28_13-03-16,16,20.6,0.0003863,0.09845,0.00392381919756,0.00133801,0.09865,0.0135632032438,0.289298857138,0.925836744178
YbYag5,Yb_Yag5_2026-09-28_14-57-53,Yb_Yag5_2026-09-28_13-03-16,16.1,20.6,0.00038767,0.09865,0.00392975164724,0.00129224,0.09855,0.0131125317098,0.299694348446,0.959105205456
YbYag5,Yb_Yag5_2026-09-28_14-57-53,Yb_Yag5_2026-09-28_13-03-16,16.2,20.6,0.000396909,0.09855,0.00402748858447,0.0013609,0.0986,0.0138022312373,0.291799819553,0.933840518968
YbYag5,Yb_Yag5_2026-09-28_14-57-53,Yb_Yag5_2026-09-28_13-03-16,16.3,20.6,0.00035006,0.09855,0.00355210553019,0.00127698,0.0987,0.012937993921,0.274548399998,0.878631181913
YbYag5,Yb_Yag5_2026-09-28_14-57-53,Yb_Yag5_2026-09-28_13-03-16,16.4,20.6,0.000305953,0.0986,0.00310297160243,0.00107218,0.0987,0.0108630192503,0.285645411366,0.914144702351
YbYag5,Yb_Yag5_2026-09-28_14-57-53,Yb_Yag5_2026-09-28_13-03-16,16.5,20.6,0.000328841,0.0986,0.00333510141988,0.00102735,0.0986,0.0104193711968,0.32008663065,1.02436617589
YbYag5,Yb_Yag5_2026-09-28_14-57-53,Yb_Yag5_2026-09-28_13-03-16,16.6,20.6,0.000418307,0.09855,0.00424461694571,0.00115538,0.09875,0.0117000506329,0.362786203145,1.16101667485
YbYag5,Yb_Yag5_2026-09-28_14-57-53,Yb_Yag5_2026-09-28_13-03-16,16.7,20.6,0.000520829,0.0985,0.00528760406091,0.00148631,0.09875,0.0150512405063,0.351306861298,1.12427959063
YbYag5,Yb_Yag5_2026-09-28_14-57-53,Yb_Yag5_2026-09-28_13-03-16,16.8,20.6,0.000607375,0.0985,0.00616624365482,0.00188518,0.09855,0.0191291730086,0.322347633745,1.03160201417
YbYag5,Yb_Yag5_2026-09-28_14-57-53,Yb_Yag5_2026-09-28_13-03-16,16.9,20.6,0.000652079,0.0986,0.00661337728195,0.00210001,0.0987,0.0212766970618,0.310827252122,0.994733591254
YbYag5,Yb_Yag5_2026-09-28_14-57-53,Yb_Yag5_2026-09-28_13-03-16,17,20.6,0.000674073,0.09865,0.00683297516472,0.0022092,0.09865,0.0223943233654,0.30512085823,0.976471544889
YbYag5,Yb_Yag5_2026-09-28_14-57-53,Yb_Yag5_2026-09-28_13-03-16,17.1,20.6,0.000684146,0.0987,0.0069315704154,0.00227334,0.0987,0.0230328267477,0.300943105739,0.963101575847
YbYag5,Yb_Yag5_2026-09-28_14-57-53,Yb_Yag5_2026-09-28_13-03-16,17.2,20.6,0.000693802,0.0986,0.00703653144016,0.00229765,0.0987,0.0232791286727,0.302267818486,0.9673410248
YbYag5,Yb_Yag5_2026-09-28_14-57-53,Yb_Yag5_2026-09-28_13-03-16,17.3,20.6,0.000692073,0.0985,0.00702612182741,0.0023184,0.0987,0.0234893617021,0.299119316928,0.957264944789
YbYag5,Yb_Yag5_2026-09-28_14-57-53,Yb_Yag5_2026-09-28_13-03-16,17.4,20.6,0.000693802,0.09865,0.00703296502788,0.00232531,0.0987,0.0235593718338,0.298520906139,0.955349863953
YbYag5,Yb_Yag5_2026-09-28_14-57-53,Yb_Yag5_2026-09-28_13-03-16,17.5,20.6,0.000680093,0.09865,0.00689399898632,0.00231411,0.09875,0.0234340253165,0.294187570987,0.941481987158
YbYag5,Yb_Yag5_2026-09-28_14-57-53,Yb_Yag5_2026-09-28_13-03-16,17.6,20.6,0.00065941,0.09855,0.00669112125824,0.00224115,0.09885,0.0226722306525,0.295124082001,0.944479082676
YbYag5,Yb_Yag5_2026-09-28_14-57-53,Yb_Yag5_2026-09-28_13-03-16,17.7,20.6,0.000625495,0.0986,0.00634376267748,0.00215198,0.09875,0.0217922025316,0.291102410061,0.931608614771
YbYag5,Yb_Yag5_2026-09-28_14-57-53,Yb_Yag5_2026-09-28_13-03-16,17.8,20.6,0.000585321,0.09875,0.00592730126582,0.0020199,0.09875,0.0204546835443,0.289777216694,0.927367627702
YbYag5,Yb_Yag5_2026-09-28_14-57-53,Yb_Yag5_2026-09-28_13-03-16,17.9,20.6,0.00052971,0.0987,0.00536686930091,0.00187565,0.09885,0.0189747091553,0.282843297201,0.905177158264
YbYag5,Yb_Yag5_2026-09-28_14-57-53,Yb_Yag5_2026-09-28_13-03-16,18,20.6,0.00045854,0.0988,0.00464109311741,0.00166703,0.0988,0.0168727732794,0.275064036039,0.880281360551
YbYag5,Yb_Yag5_2026-09-28_14-57-53,Yb_Yag5_2026-09-28_13-03-16,18.1,20.6,0.000392558,0.0988,0.00397325910931,0.0014267,0.09875,0.0144475949367,0.275011801391,0.88011419516
YbYag5,Yb_Yag5_2026-09-28_14-57-53,Yb_Yag5_2026-09-28_13-03-16,18.2,20.6,0.000320377,0.0987,0.00324596757852,0.00119186,0.0987,0.0120755825735,0.268804221971,0.860248215819
YbYag5,Yb_Yag5_2026-09-28_14-57-53,Yb_Yag5_2026-09-28_13-03-16,16.7,20.7,0.000337603,0.09845,0.00342918232605,0.000992544,0.0986,0.0100663691684,0.340657318312,1.09019809337
YbYag5,Yb_Yag5_2026-09-28_14-57-53,Yb_Yag5_2026-09-28_13-03-16,16.8,20.7,0.000430705,0.0985,0.00437263959391,0.00133992,0.0987,0.0135756838906,0.322093504029,1.03078872845
YbYag5,Yb_Yag5_2026-09-28_14-57-53,Yb_Yag5_2026-09-28_13-03-16,16.9,20.7,0.000507239,0.09855,0.00514702181634,0.00163818,0.09875,0.016589164557,0.310264076208,0.992931271813
YbYag5,Yb_Yag5_2026-09-28_14-57-53,Yb_Yag5_2026-09-28_13-03-16,17,20.7,0.000548664,0.0986,0.00556454361055,0.00184203,0.09875,0.0186534683544,0.29831147242,0.95467961785
YbYag5,Yb_Yag5_2026-09-28_14-57-53,Yb_Yag5_2026-09-28_13-03-16,17.1,20.7,0.000566307,0.09855,0.00574639269406,0.00193787,0.0987,0.0196339412361,0.29267647412,0.936646057221
YbYag5,Yb_Yag5_2026-09-28_14-57-53,Yb_Yag5_2026-09-28_13-03-16,17.2,20.7,0.000558559,0.0987,0.00565915906788,0.00192881,0.0987,0.019542147923,0.289587362156,0.926760040416
YbYag5,Yb_Yag5_2026-09-28_14-57-53,Yb_Yag5_2026-09-28_13-03-16,17.3,20.7,0.000540856,0.09875,0.00547702278481,0.00192667,0.09865,0.0195303598581,0.280436347543,0.897474250425
YbYag5,Yb_Yag5_2026-09-28_14-57-53,Yb_Yag5_2026-09-28_13-03-16,17.4,20.7,0.000520829,0.0987,0.00527688956434,0.00185085,0.0987,0.0187522796353,0.281399897344,0.900557877576
YbYag5,Yb_Yag5_2026-09-28_14-57-53,Yb_Yag5_2026-09-28_13-03-16,17.5,20.7,0.000472428,0.0986,0.00479135902637,0.00171877,0.09875,0.0174052658228,0.275282151686,0.880979391239
YbYag5,Yb_Yag5_2026-09-28_14-57-53,Yb_Yag5_2026-09-28_13-03-16,17.6,20.7,0.000415714,0.09875,0.00420976202532,0.0015297,0.09875,0.0154906329114,0.271761783356,0.86971323421
YbYag5,Yb_Yag5_2026-09-28_14-57-53,Yb_Yag5_2026-09-28_13-03-16,17.7,20.7,0.000354083,0.09875,0.00358565063291,0.00132252,0.0988,0.0133858299595,0.267869130548,0.857255663385
YbYag5,Yb_Yag5_2026-09-28_14-57-53,Yb_Yag5_2026-09-28_13-03-16,17.8,20.7,0.000306042,0.0988,0.00309759109312,0.001135,0.0987,0.0114994934144,0.269367613119,0.86205122407
